relative_path,size_bytes,modified
ProjectOutput\imports\imported-934b7fe02578\bounds.json,642,2026-08-13 22:58:26
ProjectOutput\imports\imported-934b7fe02578\meta.json,352,2026-08-13 22:58:26
ProjectOutput\imports\imported-e31bf2d1be09\meta.json,348,2026-08-13 22:58:26
ProjectOutput\imports\imported-e31bf2d1be09\bounds.json,638,2026-08-13 22:58:25
ProjectOutput\imports\imported-e3fb6ae5b5b0\bounds.json,635,2026-08-13 22:58:25
ProjectOutput\imports\imported-e3fb6ae5b5b0\meta.json,346,2026-08-13 22:58:25
ProjectOutput\job-native-station-prepared\COSMOS001_am6.csv,184,2026-08-13 22:25:35
ProjectOutput\job-native-station-prepared\COSMOS001_daily.csv,184,2026-08-13 22:25:35
ProjectOutput\job-native-ndvi\ndvi_20191231.cog.tif,2841,2026-08-13 22:25:34
ProjectOutput\job-native-ndvi\ndvi_20191231.preview.png,8469,2026-08-13 22:25:34
ProjectOutput\job-native-ndvi\ndvi_20200101.cog.tif,2842,2026-08-13 22:25:34
ProjectOutput\job-native-ndvi\ndvi_20200101.preview.png,8220,2026-08-13 22:25:34
ProjectOutput\job-native-ndvi\ndvi_20200601.cog.tif,2841,2026-08-13 22:25:34
ProjectOutput\job-native-ndvi\ndvi_20200601.preview.png,8371,2026-08-13 22:25:34
ProjectOutput\job-native-ndvi\ndvi_20201231.cog.tif,2842,2026-08-13 22:25:34
ProjectOutput\job-native-ndvi\ndvi_20201231.preview.png,8284,2026-08-13 22:25:34
ProjectOutput\job-native-ndvi\ndvi_20210101.cog.tif,2843,2026-08-13 22:25:34
ProjectOutput\job-native-ndvi\ndvi_20210101.preview.png,8254,2026-08-13 22:25:34
ProjectOutput\job-native-ndvi-prepared\ndvi_20200101.cog.tif,2841,2026-08-13 22:25:34
ProjectOutput\job-native-ndvi-prepared\ndvi_20200101.preview.png,8109,2026-08-13 22:25:34
ProjectOutput\job-native-ndvi-prepared\ndvi_20200102.cog.tif,2842,2026-08-13 22:25:34
ProjectOutput\job-native-ndvi-prepared\ndvi_20200102.preview.png,8236,2026-08-13 22:25:34
ProjectOutput\job-native-station\site_a_am6.csv,242,2026-08-13 22:25:34
ProjectOutput\job-native-station\site_a_daily.csv,242,2026-08-13 22:25:34
ProjectOutput\imports\imported-934b7fe02578\bounds_20251227_20251231.json,320,2026-08-12 13:33:53
ProjectOutput\imports\imported-934b7fe02578\preview_20251227_20251231.png,162275,2026-08-12 13:33:53
ProjectOutput\imports\imported-934b7fe02578\bounds_20251219_20251226.json,320,2026-08-12 13:33:52
ProjectOutput\imports\imported-934b7fe02578\preview_20251219_20251226.png,280167,2026-08-12 13:33:52
ProjectOutput\imports\imported-934b7fe02578\source_20251227_20251231.tif,640664,2026-08-12 13:33:52
ProjectOutput\imports\imported-934b7fe02578\bounds_20251211_20251218.json,320,2026-08-12 13:33:51
ProjectOutput\imports\imported-934b7fe02578\preview_20251211_20251218.png,282026,2026-08-12 13:33:51
ProjectOutput\imports\imported-934b7fe02578\source_20251219_20251226.tif,1118796,2026-08-12 13:33:51
ProjectOutput\imports\imported-934b7fe02578\source_20251211_20251218.tif,1133470,2026-08-12 13:33:50
ProjectOutput\imports\imported-934b7fe02578\bounds_20251203_20251210.json,320,2026-08-12 13:33:49
ProjectOutput\imports\imported-934b7fe02578\preview_20251203_20251210.png,279018,2026-08-12 13:33:49
ProjectOutput\imports\imported-934b7fe02578\source_20251203_20251210.tif,1147476,2026-08-12 13:33:49
ProjectOutput\imports\imported-934b7fe02578\bounds_20251125_20251202.json,320,2026-08-12 13:33:48
ProjectOutput\imports\imported-934b7fe02578\preview_20251125_20251202.png,240599,2026-08-12 13:33:48
ProjectOutput\imports\imported-934b7fe02578\source_20251125_20251202.tif,978787,2026-08-12 13:33:47
ProjectOutput\imports\imported-e31bf2d1be09\bounds_20251227_20251231.json,318,2026-08-12 13:33:47
ProjectOutput\imports\imported-e31bf2d1be09\preview_20251227_20251231.png,162615,2026-08-12 13:33:47
ProjectOutput\imports\_locks\imported-934b7fe02578.lock,1,2026-08-12 13:33:47
ProjectOutput\imports\imported-e31bf2d1be09\bounds_20251219_20251226.json,318,2026-08-12 13:33:46
ProjectOutput\imports\imported-e31bf2d1be09\preview_20251219_20251226.png,283749,2026-08-12 13:33:46
ProjectOutput\imports\imported-e31bf2d1be09\source_20251227_20251231.tif,907099,2026-08-12 13:33:46
ProjectOutput\imports\imported-e31bf2d1be09\bounds_20251211_20251218.json,318,2026-08-12 13:33:45
ProjectOutput\imports\imported-e31bf2d1be09\preview_20251211_20251218.png,282644,2026-08-12 13:33:45
ProjectOutput\imports\imported-e31bf2d1be09\source_20251219_20251226.tif,1751932,2026-08-12 13:33:45
ProjectOutput\imports\imported-e31bf2d1be09\source_20251211_20251218.tif,1751622,2026-08-12 13:33:44
ProjectOutput\imports\imported-e31bf2d1be09\bounds_20251203_20251210.json,318,2026-08-12 13:33:43
ProjectOutput\imports\imported-e31bf2d1be09\preview_20251203_20251210.png,280429,2026-08-12 13:33:43
ProjectOutput\imports\imported-e31bf2d1be09\source_20251203_20251210.tif,1743788,2026-08-12 13:33:43
ProjectOutput\imports\imported-e31bf2d1be09\bounds_20251125_20251202.json,318,2026-08-12 13:33:42
ProjectOutput\imports\imported-e31bf2d1be09\preview_20251125_20251202.png,239303,2026-08-12 13:33:42
ProjectOutput\imports\imported-e31bf2d1be09\source_20251125_20251202.tif,1420232,2026-08-12 13:33:42
ProjectOutput\imports\imported-e3fb6ae5b5b0\bounds_20251227_20251231.json,317,2026-08-12 13:33:41
ProjectOutput\imports\imported-e3fb6ae5b5b0\preview_20251227_20251231.png,199592,2026-08-12 13:33:41
ProjectOutput\imports\imported-e3fb6ae5b5b0\source_20251227_20251231.tif,850946,2026-08-12 13:33:41
ProjectOutput\imports\_locks\imported-e31bf2d1be09.lock,1,2026-08-12 13:33:41
ProjectOutput\imports\imported-e3fb6ae5b5b0\bounds_20251219_20251226.json,317,2026-08-12 13:33:40
ProjectOutput\imports\imported-e3fb6ae5b5b0\preview_20251219_20251226.png,363672,2026-08-12 13:33:40
ProjectOutput\imports\imported-e3fb6ae5b5b0\bounds_20251211_20251218.json,317,2026-08-12 13:33:39
ProjectOutput\imports\imported-e3fb6ae5b5b0\preview_20251211_20251218.png,362125,2026-08-12 13:33:39
ProjectOutput\imports\imported-e3fb6ae5b5b0\source_20251219_20251226.tif,1604674,2026-08-12 13:33:39
ProjectOutput\imports\imported-e3fb6ae5b5b0\source_20251211_20251218.tif,1608565,2026-08-12 13:33:38
ProjectOutput\imports\imported-e3fb6ae5b5b0\bounds_20251203_20251210.json,317,2026-08-12 13:33:37
ProjectOutput\imports\imported-e3fb6ae5b5b0\preview_20251203_20251210.png,351606,2026-08-12 13:33:37
ProjectOutput\imports\imported-e3fb6ae5b5b0\source_20251203_20251210.tif,1613482,2026-08-12 13:33:37
ProjectOutput\imports\imported-e3fb6ae5b5b0\bounds_20251125_20251202.json,317,2026-08-12 13:33:36
ProjectOutput\imports\imported-e3fb6ae5b5b0\preview_20251125_20251202.png,287509,2026-08-12 13:33:36
ProjectOutput\imports\imported-e3fb6ae5b5b0\source_20251125_20251202.tif,1273158,2026-08-12 13:33:36
ProjectOutput\imports\_locks\imported-e3fb6ae5b5b0.lock,1,2026-08-12 13:33:34
ProjectOutput\imports\_locks\imported-e16c116fc73b.lock,1,2026-08-11 06:47:17
ProjectOutput\imports\_locks\imported-e5f87cda040b.lock,1,2026-08-11 06:47:12
ProjectOutput\imports\_locks\imported-22b206a196fc.lock,1,2026-08-11 06:47:07
ProjectOutput\imports\_locks\imported-5c082dbaad9c.lock,1,2026-08-11 04:44:14
ProjectOutput\imports\_locks\imported-15c491efdaf8.lock,1,2026-08-11 04:44:05
ProjectOutput\imports\_locks\imported-7d6ce714375d.lock,1,2026-08-11 04:43:55
ProjectOutput\imports\imported-a0a2b270e91d\bounds.json,642,2026-08-11 02:13:08
ProjectOutput\imports\imported-a0a2b270e91d\bounds_20251227_20251231.json,320,2026-08-11 02:13:08
ProjectOutput\imports\imported-a0a2b270e91d\meta.json,352,2026-08-11 02:13:08
ProjectOutput\imports\imported-a0a2b270e91d\preview_20251227_20251231.png,21282,2026-08-11 02:13:08
ProjectOutput\imports\imported-a0a2b270e91d\bounds_20251219_20251226.json,320,2026-08-11 02:13:07
ProjectOutput\imports\imported-a0a2b270e91d\preview_20251219_20251226.png,21350,2026-08-11 02:13:07
ProjectOutput\imports\imported-a0a2b270e91d\source_20251219_20251226.tif,83366,2026-08-11 02:13:07
ProjectOutput\imports\imported-a0a2b270e91d\source_20251227_20251231.tif,83277,2026-08-11 02:13:07
ProjectOutput\imports\imported-a0a2b270e91d\bounds_20251203_20251210.json,320,2026-08-11 02:13:06
ProjectOutput\imports\imported-a0a2b270e91d\bounds_20251211_20251218.json,320,2026-08-11 02:13:06
ProjectOutput\imports\imported-a0a2b270e91d\preview_20251203_20251210.png,21354,2026-08-11 02:13:06
ProjectOutput\imports\imported-a0a2b270e91d\preview_20251211_20251218.png,21352,2026-08-11 02:13:06
ProjectOutput\imports\imported-a0a2b270e91d\source_20251211_20251218.tif,83366,2026-08-11 02:13:06
ProjectOutput\imports\imported-a0a2b270e91d\bounds_20251125_20251202.json,320,2026-08-11 02:13:05
ProjectOutput\imports\imported-a0a2b270e91d\preview_20251125_20251202.png,21348,2026-08-11 02:13:05
ProjectOutput\imports\imported-a0a2b270e91d\source_20251203_20251210.tif,83366,2026-08-11 02:13:05
ProjectOutput\imports\imported-263794438b91\bounds.json,638,2026-08-11 02:13:04
ProjectOutput\imports\imported-263794438b91\bounds_20251227_20251231.json,318,2026-08-11 02:13:04
ProjectOutput\imports\imported-263794438b91\meta.json,348,2026-08-11 02:13:04
ProjectOutput\imports\imported-263794438b91\preview_20251227_20251231.png,21282,2026-08-11 02:13:04
ProjectOutput\imports\imported-a0a2b270e91d\source_20251125_20251202.tif,83357,2026-08-11 02:13:04
ProjectOutput\imports\_locks\imported-a0a2b270e91d.lock,1,2026-08-11 02:13:04
ProjectOutput\imports\imported-263794438b91\bounds_20251219_20251226.json,318,2026-08-11 02:13:03
ProjectOutput\imports\imported-263794438b91\preview_20251219_20251226.png,21362,2026-08-11 02:13:03
ProjectOutput\imports\imported-263794438b91\source_20251219_20251226.tif,83365,2026-08-11 02:13:03
ProjectOutput\imports\imported-263794438b91\source_20251227_20251231.tif,83278,2026-08-11 02:13:03
ProjectOutput\imports\imported-263794438b91\bounds_20251203_20251210.json,318,2026-08-11 02:13:02
ProjectOutput\imports\imported-263794438b91\bounds_20251211_20251218.json,318,2026-08-11 02:13:02
ProjectOutput\imports\imported-263794438b91\preview_20251203_20251210.png,21361,2026-08-11 02:13:02
ProjectOutput\imports\imported-263794438b91\preview_20251211_20251218.png,21355,2026-08-11 02:13:02
ProjectOutput\imports\imported-263794438b91\source_20251211_20251218.tif,83368,2026-08-11 02:13:02
ProjectOutput\imports\imported-263794438b91\bounds_20251125_20251202.json,318,2026-08-11 02:13:01
ProjectOutput\imports\imported-263794438b91\preview_20251125_20251202.png,21360,2026-08-11 02:13:01
ProjectOutput\imports\imported-263794438b91\source_20251203_20251210.tif,83369,2026-08-11 02:13:01
ProjectOutput\imports\imported-263794438b91\source_20251125_20251202.tif,83368,2026-08-11 02:13:00
ProjectOutput\imports\imported-75c11f15f9e3\bounds.json,635,2026-08-11 02:13:00
ProjectOutput\imports\imported-75c11f15f9e3\bounds_20251227_20251231.json,317,2026-08-11 02:13:00
ProjectOutput\imports\imported-75c11f15f9e3\meta.json,346,2026-08-11 02:13:00
ProjectOutput\imports\imported-75c11f15f9e3\preview_20251227_20251231.png,21281,2026-08-11 02:13:00
ProjectOutput\imports\_locks\imported-263794438b91.lock,1,2026-08-11 02:13:00
ProjectOutput\imports\imported-75c11f15f9e3\bounds_20251219_20251226.json,317,2026-08-11 02:12:59
ProjectOutput\imports\imported-75c11f15f9e3\preview_20251219_20251226.png,21349,2026-08-11 02:12:59
ProjectOutput\imports\imported-75c11f15f9e3\source_20251219_20251226.tif,83367,2026-08-11 02:12:59
ProjectOutput\imports\imported-75c11f15f9e3\source_20251227_20251231.tif,83279,2026-08-11 02:12:59
ProjectOutput\imports\imported-75c11f15f9e3\bounds_20251211_20251218.json,317,2026-08-11 02:12:58
ProjectOutput\imports\imported-75c11f15f9e3\preview_20251211_20251218.png,21352,2026-08-11 02:12:58
ProjectOutput\imports\imported-75c11f15f9e3\source_20251211_20251218.tif,83367,2026-08-11 02:12:58
ProjectOutput\imports\imported-75c11f15f9e3\bounds_20251203_20251210.json,317,2026-08-11 02:12:57
ProjectOutput\imports\imported-75c11f15f9e3\preview_20251203_20251210.png,21344,2026-08-11 02:12:57
ProjectOutput\imports\imported-75c11f15f9e3\source_20251203_20251210.tif,83368,2026-08-11 02:12:57
ProjectOutput\imports\imported-75c11f15f9e3\bounds_20251125_20251202.json,317,2026-08-11 02:12:56
ProjectOutput\imports\imported-75c11f15f9e3\preview_20251125_20251202.png,21343,2026-08-11 02:12:56
ProjectOutput\imports\imported-75c11f15f9e3\source_20251125_20251202.tif,83366,2026-08-11 02:12:56
ProjectOutput\imports\_locks\imported-75c11f15f9e3.lock,1,2026-08-11 02:12:56
ProjectOutput\imports\imported-9520021823d1\bounds.json,642,2026-08-11 00:55:26
ProjectOutput\imports\imported-9520021823d1\bounds_20251227_20251231.json,320,2026-08-11 00:55:26
ProjectOutput\imports\imported-9520021823d1\meta.json,352,2026-08-11 00:55:26
ProjectOutput\imports\imported-9520021823d1\preview_20251227_20251231.png,21282,2026-08-11 00:55:26
ProjectOutput\imports\imported-9520021823d1\bounds_20251219_20251226.json,320,2026-08-11 00:55:25
ProjectOutput\imports\imported-9520021823d1\preview_20251219_20251226.png,21350,2026-08-11 00:55:25
ProjectOutput\imports\imported-9520021823d1\source_20251219_20251226.tif,83366,2026-08-11 00:55:25
ProjectOutput\imports\imported-9520021823d1\source_20251227_20251231.tif,83277,2026-08-11 00:55:25
ProjectOutput\imports\imported-9520021823d1\bounds_20251211_20251218.json,320,2026-08-11 00:55:24
ProjectOutput\imports\imported-9520021823d1\preview_20251211_20251218.png,21352,2026-08-11 00:55:24
ProjectOutput\imports\imported-9520021823d1\source_20251211_20251218.tif,83366,2026-08-11 00:55:24
ProjectOutput\imports\imported-9520021823d1\bounds_20251203_20251210.json,320,2026-08-11 00:55:23
ProjectOutput\imports\imported-9520021823d1\preview_20251203_20251210.png,21354,2026-08-11 00:55:23
ProjectOutput\imports\imported-9520021823d1\source_20251203_20251210.tif,83366,2026-08-11 00:55:23
ProjectOutput\imports\imported-27111a45f682\bounds.json,638,2026-08-11 00:55:22
ProjectOutput\imports\imported-27111a45f682\meta.json,348,2026-08-11 00:55:22
ProjectOutput\imports\imported-9520021823d1\bounds_20251125_20251202.json,320,2026-08-11 00:55:22
ProjectOutput\imports\imported-9520021823d1\preview_20251125_20251202.png,21348,2026-08-11 00:55:22
ProjectOutput\imports\imported-9520021823d1\source_20251125_20251202.tif,83357,2026-08-11 00:55:22
ProjectOutput\imports\_locks\imported-9520021823d1.lock,1,2026-08-11 00:55:22
ProjectOutput\imports\imported-27111a45f682\bounds_20251219_20251226.json,318,2026-08-11 00:55:21
ProjectOutput\imports\imported-27111a45f682\bounds_20251227_20251231.json,318,2026-08-11 00:55:21
ProjectOutput\imports\imported-27111a45f682\preview_20251219_20251226.png,21362,2026-08-11 00:55:21
ProjectOutput\imports\imported-27111a45f682\preview_20251227_20251231.png,21282,2026-08-11 00:55:21
ProjectOutput\imports\imported-27111a45f682\source_20251227_20251231.tif,83278,2026-08-11 00:55:21
ProjectOutput\imports\imported-27111a45f682\bounds_20251211_20251218.json,318,2026-08-11 00:55:20
ProjectOutput\imports\imported-27111a45f682\preview_20251211_20251218.png,21355,2026-08-11 00:55:20
ProjectOutput\imports\imported-27111a45f682\source_20251219_20251226.tif,83365,2026-08-11 00:55:20
ProjectOutput\imports\imported-27111a45f682\bounds_20251203_20251210.json,318,2026-08-11 00:55:19
ProjectOutput\imports\imported-27111a45f682\preview_20251203_20251210.png,21361,2026-08-11 00:55:19
ProjectOutput\imports\imported-27111a45f682\source_20251211_20251218.tif,83368,2026-08-11 00:55:19
ProjectOutput\imports\imported-27111a45f682\bounds_20251125_20251202.json,318,2026-08-11 00:55:18
ProjectOutput\imports\imported-27111a45f682\preview_20251125_20251202.png,21360,2026-08-11 00:55:18
ProjectOutput\imports\imported-27111a45f682\source_20251203_20251210.tif,83369,2026-08-11 00:55:18
ProjectOutput\imports\imported-15bb4944d1b5\bounds.json,635,2026-08-11 00:55:17
ProjectOutput\imports\imported-15bb4944d1b5\bounds_20251227_20251231.json,317,2026-08-11 00:55:17
ProjectOutput\imports\imported-15bb4944d1b5\meta.json,346,2026-08-11 00:55:17
ProjectOutput\imports\imported-15bb4944d1b5\preview_20251227_20251231.png,21281,2026-08-11 00:55:17
ProjectOutput\imports\imported-27111a45f682\source_20251125_20251202.tif,83368,2026-08-11 00:55:17
ProjectOutput\imports\_locks\imported-27111a45f682.lock,1,2026-08-11 00:55:17
ProjectOutput\imports\imported-15bb4944d1b5\bounds_20251219_20251226.json,317,2026-08-11 00:55:16
ProjectOutput\imports\imported-15bb4944d1b5\preview_20251219_20251226.png,21349,2026-08-11 00:55:16
ProjectOutput\imports\imported-15bb4944d1b5\source_20251227_20251231.tif,83279,2026-08-11 00:55:16
ProjectOutput\imports\imported-15bb4944d1b5\bounds_20251211_20251218.json,317,2026-08-11 00:55:15
ProjectOutput\imports\imported-15bb4944d1b5\preview_20251211_20251218.png,21352,2026-08-11 00:55:15
ProjectOutput\imports\imported-15bb4944d1b5\source_20251211_20251218.tif,83367,2026-08-11 00:55:15
ProjectOutput\imports\imported-15bb4944d1b5\source_20251219_20251226.tif,83367,2026-08-11 00:55:15
ProjectOutput\imports\imported-15bb4944d1b5\bounds_20251203_20251210.json,317,2026-08-11 00:55:14
ProjectOutput\imports\imported-15bb4944d1b5\preview_20251203_20251210.png,21344,2026-08-11 00:55:14
ProjectOutput\imports\imported-15bb4944d1b5\source_20251203_20251210.tif,83368,2026-08-11 00:55:14
ProjectOutput\imports\imported-15bb4944d1b5\bounds_20251125_20251202.json,317,2026-08-11 00:55:13
ProjectOutput\imports\imported-15bb4944d1b5\preview_20251125_20251202.png,21343,2026-08-11 00:55:13
ProjectOutput\imports\imported-15bb4944d1b5\source_20251125_20251202.tif,83366,2026-08-11 00:55:13
ProjectOutput\imports\_locks\imported-15bb4944d1b5.lock,1,2026-08-11 00:55:12
ProjectOutput\imports\imported-9314d7fc218d\bounds.json,1818,2026-08-10 19:32:30
ProjectOutput\imports\imported-9314d7fc218d\bounds_20251227_20251231.json,320,2026-08-10 19:32:30
ProjectOutput\imports\imported-9314d7fc218d\meta.json,1444,2026-08-10 19:32:30
ProjectOutput\imports\imported-9314d7fc218d\preview_20251227_20251231.png,162275,2026-08-10 19:32:30
ProjectOutput\imports\imported-9314d7fc218d\source_20251227_20251231.tif,640664,2026-08-10 19:32:29
ProjectOutput\imports\imported-9314d7fc218d\bounds_20251219_20251226.json,320,2026-08-10 19:32:28
ProjectOutput\imports\imported-9314d7fc218d\preview_20251219_20251226.png,280167,2026-08-10 19:32:28
ProjectOutput\imports\imported-9314d7fc218d\source_20251219_20251226.tif,1118796,2026-08-10 19:32:28
ProjectOutput\imports\imported-9314d7fc218d\bounds_20251219_20251220.json,320,2026-08-10 19:32:27
ProjectOutput\imports\imported-9314d7fc218d\preview_20251219_20251220.png,28113,2026-08-10 19:32:27
ProjectOutput\imports\imported-9314d7fc218d\bounds_20251211_20251218.json,320,2026-08-10 19:32:26
ProjectOutput\imports\imported-9314d7fc218d\preview_20251211_20251218.png,282026,2026-08-10 19:32:26
ProjectOutput\imports\imported-9314d7fc218d\source_20251219_20251220.tif,95093,2026-08-10 19:32:26
ProjectOutput\imports\imported-9314d7fc218d\source_20251211_20251218.tif,1133470,2026-08-10 19:32:25
ProjectOutput\imports\imported-9314d7fc218d\bounds_20251203_20251210.json,320,2026-08-10 19:32:24
ProjectOutput\imports\imported-9314d7fc218d\preview_20251203_20251210.png,279018,2026-08-10 19:32:24
ProjectOutput\imports\imported-9314d7fc218d\source_20251203_20251210.tif,1147476,2026-08-10 19:32:24
ProjectOutput\imports\imported-9314d7fc218d\bounds_20251125_20251202.json,320,2026-08-10 19:32:23
ProjectOutput\imports\imported-9314d7fc218d\preview_20251125_20251202.png,240599,2026-08-10 19:32:23
ProjectOutput\imports\imported-9314d7fc218d\source_20251125_20251202.tif,978787,2026-08-10 19:32:23
ProjectOutput\imports\imported-9314d7fc218d\bounds_20251117_20251124.json,320,2026-08-10 19:32:21
ProjectOutput\imports\imported-9314d7fc218d\preview_20251117_20251124.png,21350,2026-08-10 19:32:21
ProjectOutput\imports\imported-9314d7fc218d\source_20251117_20251124.tif,83366,2026-08-10 19:32:21
ProjectOutput\imports\imported-9314d7fc218d\bounds_20251109_20251116.json,320,2026-08-10 19:32:20
ProjectOutput\imports\imported-9314d7fc218d\preview_20251109_20251116.png,21423,2026-08-10 19:32:20
ProjectOutput\imports\imported-9314d7fc218d\source_20251109_20251116.tif,83447,2026-08-10 19:32:19
ProjectOutput\imports\imported-9314d7fc218d\bounds_20251101_20251108.json,320,2026-08-10 19:32:18
ProjectOutput\imports\imported-9314d7fc218d\preview_20251101_20251108.png,21405,2026-08-10 19:32:18
ProjectOutput\imports\imported-9314d7fc218d\source_20251101_20251108.tif,83436,2026-08-10 19:32:17
ProjectOutput\imports\imported-9314d7fc218d\bounds_20251024_20251031.json,320,2026-08-10 19:32:16
ProjectOutput\imports\imported-9314d7fc218d\preview_20251024_20251031.png,21205,2026-08-10 19:32:16
ProjectOutput\imports\imported-9314d7fc218d\source_20251024_20251031.tif,83228,2026-08-10 19:32:16
ProjectOutput\imports\imported-9314d7fc218d\bounds_20251016_20251023.json,320,2026-08-10 19:32:15
ProjectOutput\imports\imported-9314d7fc218d\preview_20251016_20251023.png,21205,2026-08-10 19:32:15
ProjectOutput\imports\imported-9314d7fc218d\source_20251016_20251023.tif,83228,2026-08-10 19:32:14
ProjectOutput\imports\imported-9314d7fc218d\bounds_20251008_20251015.json,320,2026-08-10 19:32:13
ProjectOutput\imports\imported-9314d7fc218d\preview_20251008_20251015.png,21205,2026-08-10 19:32:13
ProjectOutput\imports\imported-9314d7fc218d\source_20251008_20251015.tif,83228,2026-08-10 19:32:13
ProjectOutput\imports\imported-9314d7fc218d\bounds_20250930_20251007.json,320,2026-08-10 19:32:12
ProjectOutput\imports\imported-9314d7fc218d\preview_20250930_20251007.png,21205,2026-08-10 19:32:12
ProjectOutput\imports\imported-9314d7fc218d\source_20250930_20251007.tif,83228,2026-08-10 19:32:11
ProjectOutput\imports\imported-9314d7fc218d\bounds_20250922_20250929.json,320,2026-08-10 19:32:10
ProjectOutput\imports\imported-9314d7fc218d\preview_20250922_20250929.png,21205,2026-08-10 19:32:10
ProjectOutput\imports\imported-9314d7fc218d\source_20250922_20250929.tif,83228,2026-08-10 19:32:10
ProjectOutput\imports\imported-9314d7fc218d\bounds_20250914_20250921.json,320,2026-08-10 19:32:09
ProjectOutput\imports\imported-9314d7fc218d\preview_20250914_20250921.png,21205,2026-08-10 19:32:09
ProjectOutput\imports\imported-9314d7fc218d\source_20250914_20250921.tif,83228,2026-08-10 19:32:08
ProjectOutput\imports\imported-9314d7fc218d\bounds_20250906_20250913.json,320,2026-08-10 19:32:07
ProjectOutput\imports\imported-9314d7fc218d\preview_20250906_20250913.png,21205,2026-08-10 19:32:07
ProjectOutput\imports\imported-9314d7fc218d\source_20250906_20250913.tif,83228,2026-08-10 19:32:07
ProjectOutput\imports\imported-9314d7fc218d\bounds_20250829_20250905.json,320,2026-08-10 19:32:06
ProjectOutput\imports\imported-9314d7fc218d\preview_20250829_20250905.png,21205,2026-08-10 19:32:06
ProjectOutput\imports\imported-9314d7fc218d\bounds_20250821_20250828.json,320,2026-08-10 19:32:05
ProjectOutput\imports\imported-9314d7fc218d\preview_20250821_20250828.png,21205,2026-08-10 19:32:05
ProjectOutput\imports\imported-9314d7fc218d\source_20250829_20250905.tif,83228,2026-08-10 19:32:05
ProjectOutput\imports\imported-9314d7fc218d\source_20250821_20250828.tif,83228,2026-08-10 19:32:04
ProjectOutput\imports\imported-9314d7fc218d\bounds_20250813_20250820.json,320,2026-08-10 19:32:03
ProjectOutput\imports\imported-9314d7fc218d\preview_20250813_20250820.png,21205,2026-08-10 19:32:03
ProjectOutput\imports\imported-9314d7fc218d\source_20250813_20250820.tif,83228,2026-08-10 19:32:03
ProjectOutput\imports\imported-9314d7fc218d\bounds_20250805_20250812.json,320,2026-08-10 19:32:02
ProjectOutput\imports\imported-9314d7fc218d\preview_20250805_20250812.png,21205,2026-08-10 19:32:02
ProjectOutput\imports\imported-9314d7fc218d\bounds_20250728_20250804.json,320,2026-08-10 19:32:01
ProjectOutput\imports\imported-9314d7fc218d\preview_20250728_20250804.png,21205,2026-08-10 19:32:01
ProjectOutput\imports\imported-9314d7fc218d\source_20250805_20250812.tif,83228,2026-08-10 19:32:01
ProjectOutput\imports\imported-9314d7fc218d\source_20250728_20250804.tif,83228,2026-08-10 19:32:00
ProjectOutput\imports\imported-9314d7fc218d\bounds_20250720_20250727.json,320,2026-08-10 19:31:59
ProjectOutput\imports\imported-9314d7fc218d\preview_20250720_20250727.png,21205,2026-08-10 19:31:59
ProjectOutput\imports\imported-9314d7fc218d\source_20250720_20250727.tif,83228,2026-08-10 19:31:58
ProjectOutput\imports\imported-9314d7fc218d\bounds_20250712_20250719.json,320,2026-08-10 19:31:57
ProjectOutput\imports\imported-9314d7fc218d\preview_20250712_20250719.png,21205,2026-08-10 19:31:57
ProjectOutput\imports\imported-9314d7fc218d\source_20250712_20250719.tif,83228,2026-08-10 19:31:57
ProjectOutput\imports\imported-9314d7fc218d\bounds_20250704_20250711.json,320,2026-08-10 19:31:56
ProjectOutput\imports\imported-9314d7fc218d\preview_20250704_20250711.png,21205,2026-08-10 19:31:56
ProjectOutput\imports\imported-9314d7fc218d\bounds_20250626_20250703.json,320,2026-08-10 19:31:55
ProjectOutput\imports\imported-9314d7fc218d\preview_20250626_20250703.png,21205,2026-08-10 19:31:55
ProjectOutput\imports\imported-9314d7fc218d\source_20250704_20250711.tif,83228,2026-08-10 19:31:55
ProjectOutput\imports\imported-9314d7fc218d\source_20250626_20250703.tif,83228,2026-08-10 19:31:54
ProjectOutput\imports\imported-9314d7fc218d\bounds_20250618_20250625.json,320,2026-08-10 19:31:53
ProjectOutput\imports\imported-9314d7fc218d\preview_20250618_20250625.png,21205,2026-08-10 19:31:53
ProjectOutput\imports\imported-9314d7fc218d\bounds_20250610_20250617.json,320,2026-08-10 19:31:52
ProjectOutput\imports\imported-9314d7fc218d\preview_20250610_20250617.png,21205,2026-08-10 19:31:52
ProjectOutput\imports\imported-9314d7fc218d\source_20250618_20250625.tif,83228,2026-08-10 19:31:52
ProjectOutput\imports\imported-9314d7fc218d\source_20250610_20250617.tif,83228,2026-08-10 19:31:51
ProjectOutput\imports\imported-9314d7fc218d\bounds_20250602_20250609.json,320,2026-08-10 19:31:50
ProjectOutput\imports\imported-9314d7fc218d\preview_20250602_20250609.png,21205,2026-08-10 19:31:50
ProjectOutput\imports\imported-9314d7fc218d\source_20250602_20250609.tif,83228,2026-08-10 19:31:50
ProjectOutput\imports\imported-9314d7fc218d\bounds_20250525_20250601.json,320,2026-08-10 19:31:49
ProjectOutput\imports\imported-9314d7fc218d\preview_20250525_20250601.png,21205,2026-08-10 19:31:49
ProjectOutput\imports\imported-9314d7fc218d\source_20250525_20250601.tif,83228,2026-08-10 19:31:49
ProjectOutput\imports\imported-9314d7fc218d\bounds_20250517_20250524.json,320,2026-08-10 19:31:48
ProjectOutput\imports\imported-9314d7fc218d\preview_20250517_20250524.png,21205,2026-08-10 19:31:48
ProjectOutput\imports\imported-9314d7fc218d\source_20250517_20250524.tif,83228,2026-08-10 19:31:48
ProjectOutput\imports\imported-9314d7fc218d\bounds_20250509_20250516.json,320,2026-08-10 19:31:47
ProjectOutput\imports\imported-9314d7fc218d\preview_20250509_20250516.png,21205,2026-08-10 19:31:47
ProjectOutput\imports\imported-9314d7fc218d\bounds_20250501_20250508.json,320,2026-08-10 19:31:46
ProjectOutput\imports\imported-9314d7fc218d\preview_20250501_20250508.png,21205,2026-08-10 19:31:46
ProjectOutput\imports\imported-9314d7fc218d\source_20250509_20250516.tif,83228,2026-08-10 19:31:46
ProjectOutput\imports\imported-9314d7fc218d\source_20250501_20250508.tif,83228,2026-08-10 19:31:45
ProjectOutput\imports\imported-9314d7fc218d\bounds_20250423_20250430.json,320,2026-08-10 19:31:44
ProjectOutput\imports\imported-9314d7fc218d\preview_20250423_20250430.png,21205,2026-08-10 19:31:44
ProjectOutput\imports\imported-9314d7fc218d\source_20250423_20250430.tif,83228,2026-08-10 19:31:44
ProjectOutput\imports\imported-9314d7fc218d\bounds_20250415_20250422.json,320,2026-08-10 19:31:43
ProjectOutput\imports\imported-9314d7fc218d\preview_20250415_20250422.png,21205,2026-08-10 19:31:43
ProjectOutput\imports\imported-9314d7fc218d\bounds_20250407_20250414.json,320,2026-08-10 19:31:42
ProjectOutput\imports\imported-9314d7fc218d\preview_20250407_20250414.png,21205,2026-08-10 19:31:42
ProjectOutput\imports\imported-9314d7fc218d\source_20250415_20250422.tif,83228,2026-08-10 19:31:42
ProjectOutput\imports\imported-9314d7fc218d\bounds_20250330_20250406.json,320,2026-08-10 19:31:41
ProjectOutput\imports\imported-9314d7fc218d\preview_20250330_20250406.png,21205,2026-08-10 19:31:41
ProjectOutput\imports\imported-9314d7fc218d\source_20250407_20250414.tif,83228,2026-08-10 19:31:41
ProjectOutput\imports\imported-9314d7fc218d\source_20250330_20250406.tif,83228,2026-08-10 19:31:40
ProjectOutput\imports\imported-9314d7fc218d\bounds_20250322_20250329.json,320,2026-08-10 19:31:38
ProjectOutput\imports\imported-9314d7fc218d\preview_20250322_20250329.png,21205,2026-08-10 19:31:38
ProjectOutput\imports\imported-9314d7fc218d\source_20250322_20250329.tif,83228,2026-08-10 19:31:38
ProjectOutput\imports\imported-9314d7fc218d\bounds_20250314_20250321.json,320,2026-08-10 19:31:37
ProjectOutput\imports\imported-9314d7fc218d\preview_20250314_20250321.png,21205,2026-08-10 19:31:37
ProjectOutput\imports\imported-9314d7fc218d\source_20250314_20250321.tif,83228,2026-08-10 19:31:37
ProjectOutput\imports\imported-9314d7fc218d\bounds_20250306_20250313.json,320,2026-08-10 19:31:36
ProjectOutput\imports\imported-9314d7fc218d\preview_20250306_20250313.png,21205,2026-08-10 19:31:36
ProjectOutput\imports\imported-9314d7fc218d\source_20250306_20250313.tif,83228,2026-08-10 19:31:35
ProjectOutput\imports\imported-9314d7fc218d\bounds_20250226_20250305.json,320,2026-08-10 19:31:34
ProjectOutput\imports\imported-9314d7fc218d\preview_20250226_20250305.png,21205,2026-08-10 19:31:34
ProjectOutput\imports\imported-9314d7fc218d\source_20250226_20250305.tif,83228,2026-08-10 19:31:34
ProjectOutput\imports\imported-9314d7fc218d\bounds_20250218_20250225.json,320,2026-08-10 19:31:33
ProjectOutput\imports\imported-9314d7fc218d\preview_20250218_20250225.png,21205,2026-08-10 19:31:33
ProjectOutput\imports\imported-9314d7fc218d\source_20250218_20250225.tif,83228,2026-08-10 19:31:33
ProjectOutput\imports\imported-9314d7fc218d\bounds_20250210_20250217.json,320,2026-08-10 19:31:32
ProjectOutput\imports\imported-9314d7fc218d\preview_20250210_20250217.png,21205,2026-08-10 19:31:32
ProjectOutput\imports\imported-9314d7fc218d\source_20250210_20250217.tif,83228,2026-08-10 19:31:31
ProjectOutput\imports\imported-9314d7fc218d\bounds_20250202_20250209.json,320,2026-08-10 19:31:30
ProjectOutput\imports\imported-9314d7fc218d\preview_20250202_20250209.png,21205,2026-08-10 19:31:30
ProjectOutput\imports\imported-9314d7fc218d\source_20250202_20250209.tif,83228,2026-08-10 19:31:30
ProjectOutput\imports\imported-9314d7fc218d\bounds_20250125_20250201.json,320,2026-08-10 19:31:29
ProjectOutput\imports\imported-9314d7fc218d\preview_20250125_20250201.png,21205,2026-08-10 19:31:29
ProjectOutput\imports\imported-9314d7fc218d\source_20250125_20250201.tif,83228,2026-08-10 19:31:29
ProjectOutput\imports\imported-9314d7fc218d\bounds_20250117_20250124.json,320,2026-08-10 19:31:27
ProjectOutput\imports\imported-9314d7fc218d\preview_20250117_20250124.png,21205,2026-08-10 19:31:27
ProjectOutput\imports\imported-9314d7fc218d\source_20250117_20250124.tif,83228,2026-08-10 19:31:27
ProjectOutput\imports\imported-9314d7fc218d\bounds_20250109_20250116.json,320,2026-08-10 19:31:26
ProjectOutput\imports\imported-9314d7fc218d\preview_20250109_20250116.png,21205,2026-08-10 19:31:26
ProjectOutput\imports\imported-9314d7fc218d\source_20250109_20250116.tif,83228,2026-08-10 19:31:26
ProjectOutput\imports\imported-9314d7fc218d\bounds_20250101_20250108.json,320,2026-08-10 19:31:25
ProjectOutput\imports\imported-9314d7fc218d\preview_20250101_20250108.png,21205,2026-08-10 19:31:25
ProjectOutput\imports\imported-9314d7fc218d\source_20250101_20250108.tif,83228,2026-08-10 19:31:25
ProjectOutput\imports\imported-767abfffa50f\bounds.json,1814,2026-08-10 19:31:24
ProjectOutput\imports\imported-767abfffa50f\bounds_20251227_20251231.json,318,2026-08-10 19:31:24
ProjectOutput\imports\imported-767abfffa50f\meta.json,1440,2026-08-10 19:31:24
ProjectOutput\imports\imported-767abfffa50f\preview_20251227_20251231.png,162615,2026-08-10 19:31:24
ProjectOutput\imports\imported-767abfffa50f\source_20251227_20251231.tif,907099,2026-08-10 19:31:24
ProjectOutput\imports\_locks\imported-9314d7fc218d.lock,1,2026-08-10 19:31:24
ProjectOutput\imports\imported-767abfffa50f\bounds_20251219_20251226.json,318,2026-08-10 19:31:23
ProjectOutput\imports\imported-767abfffa50f\preview_20251219_20251226.png,283749,2026-08-10 19:31:23
ProjectOutput\imports\imported-767abfffa50f\source_20251219_20251226.tif,1751932,2026-08-10 19:31:22
ProjectOutput\imports\imported-767abfffa50f\bounds_20251219_20251220.json,318,2026-08-10 19:31:21
ProjectOutput\imports\imported-767abfffa50f\preview_20251219_20251220.png,28356,2026-08-10 19:31:21
ProjectOutput\imports\imported-767abfffa50f\source_20251219_20251220.tif,95206,2026-08-10 19:31:21
ProjectOutput\imports\imported-767abfffa50f\bounds_20251211_20251218.json,318,2026-08-10 19:31:20
ProjectOutput\imports\imported-767abfffa50f\preview_20251211_20251218.png,282644,2026-08-10 19:31:20
ProjectOutput\imports\imported-767abfffa50f\source_20251211_20251218.tif,1751622,2026-08-10 19:31:20
ProjectOutput\imports\imported-767abfffa50f\bounds_20251203_20251210.json,318,2026-08-10 19:31:19
ProjectOutput\imports\imported-767abfffa50f\preview_20251203_20251210.png,280429,2026-08-10 19:31:19
ProjectOutput\imports\imported-767abfffa50f\source_20251203_20251210.tif,1743788,2026-08-10 19:31:18
ProjectOutput\imports\imported-767abfffa50f\bounds_20251125_20251202.json,318,2026-08-10 19:31:17
ProjectOutput\imports\imported-767abfffa50f\preview_20251125_20251202.png,239303,2026-08-10 19:31:17
ProjectOutput\imports\imported-767abfffa50f\source_20251125_20251202.tif,1420232,2026-08-10 19:31:17
ProjectOutput\imports\imported-767abfffa50f\bounds_20251117_20251124.json,318,2026-08-10 19:31:16
ProjectOutput\imports\imported-767abfffa50f\preview_20251117_20251124.png,21352,2026-08-10 19:31:16
ProjectOutput\imports\imported-767abfffa50f\bounds_20251109_20251116.json,318,2026-08-10 19:31:15
ProjectOutput\imports\imported-767abfffa50f\preview_20251109_20251116.png,21419,2026-08-10 19:31:15
ProjectOutput\imports\imported-767abfffa50f\source_20251117_20251124.tif,83362,2026-08-10 19:31:15
ProjectOutput\imports\imported-767abfffa50f\source_20251109_20251116.tif,83440,2026-08-10 19:31:14
ProjectOutput\imports\imported-767abfffa50f\bounds_20251101_20251108.json,318,2026-08-10 19:31:13
ProjectOutput\imports\imported-767abfffa50f\preview_20251101_20251108.png,21408,2026-08-10 19:31:13
ProjectOutput\imports\imported-767abfffa50f\source_20251101_20251108.tif,83434,2026-08-10 19:31:13
ProjectOutput\imports\imported-767abfffa50f\bounds_20251024_20251031.json,318,2026-08-10 19:31:12
ProjectOutput\imports\imported-767abfffa50f\preview_20251024_20251031.png,21205,2026-08-10 19:31:12
ProjectOutput\imports\imported-767abfffa50f\source_20251024_20251031.tif,83228,2026-08-10 19:31:12
ProjectOutput\imports\imported-767abfffa50f\bounds_20251016_20251023.json,318,2026-08-10 19:31:10
ProjectOutput\imports\imported-767abfffa50f\preview_20251016_20251023.png,21205,2026-08-10 19:31:10
ProjectOutput\imports\imported-767abfffa50f\source_20251016_20251023.tif,83228,2026-08-10 19:31:10
ProjectOutput\imports\imported-767abfffa50f\bounds_20251008_20251015.json,318,2026-08-10 19:31:09
ProjectOutput\imports\imported-767abfffa50f\preview_20251008_20251015.png,21205,2026-08-10 19:31:09
ProjectOutput\imports\imported-767abfffa50f\source_20251008_20251015.tif,83228,2026-08-10 19:31:08
ProjectOutput\imports\imported-767abfffa50f\bounds_20250930_20251007.json,318,2026-08-10 19:31:07
ProjectOutput\imports\imported-767abfffa50f\preview_20250930_20251007.png,21205,2026-08-10 19:31:07
ProjectOutput\imports\imported-767abfffa50f\source_20250930_20251007.tif,83228,2026-08-10 19:31:07
ProjectOutput\imports\imported-767abfffa50f\bounds_20250922_20250929.json,318,2026-08-10 19:31:06
ProjectOutput\imports\imported-767abfffa50f\preview_20250922_20250929.png,21205,2026-08-10 19:31:06
ProjectOutput\imports\imported-767abfffa50f\source_20250922_20250929.tif,83228,2026-08-10 19:31:05
ProjectOutput\imports\imported-767abfffa50f\bounds_20250914_20250921.json,318,2026-08-10 19:31:04
ProjectOutput\imports\imported-767abfffa50f\preview_20250914_20250921.png,21205,2026-08-10 19:31:04
ProjectOutput\imports\imported-767abfffa50f\source_20250914_20250921.tif,83228,2026-08-10 19:31:04
ProjectOutput\imports\imported-767abfffa50f\bounds_20250906_20250913.json,318,2026-08-10 19:31:03
ProjectOutput\imports\imported-767abfffa50f\preview_20250906_20250913.png,21205,2026-08-10 19:31:03
ProjectOutput\imports\imported-767abfffa50f\source_20250906_20250913.tif,83228,2026-08-10 19:31:02
ProjectOutput\imports\imported-767abfffa50f\bounds_20250829_20250905.json,318,2026-08-10 19:31:01
ProjectOutput\imports\imported-767abfffa50f\preview_20250829_20250905.png,21205,2026-08-10 19:31:01
ProjectOutput\imports\imported-767abfffa50f\bounds_20250821_20250828.json,318,2026-08-10 19:31:00
ProjectOutput\imports\imported-767abfffa50f\preview_20250821_20250828.png,21205,2026-08-10 19:31:00
ProjectOutput\imports\imported-767abfffa50f\source_20250829_20250905.tif,83228,2026-08-10 19:31:00
ProjectOutput\imports\imported-767abfffa50f\source_20250821_20250828.tif,83228,2026-08-10 19:30:59
ProjectOutput\imports\imported-767abfffa50f\bounds_20250813_20250820.json,318,2026-08-10 19:30:58
ProjectOutput\imports\imported-767abfffa50f\preview_20250813_20250820.png,21205,2026-08-10 19:30:58
ProjectOutput\imports\imported-767abfffa50f\source_20250813_20250820.tif,83228,2026-08-10 19:30:58
ProjectOutput\imports\imported-767abfffa50f\bounds_20250805_20250812.json,318,2026-08-10 19:30:57
ProjectOutput\imports\imported-767abfffa50f\preview_20250805_20250812.png,21205,2026-08-10 19:30:57
ProjectOutput\imports\imported-767abfffa50f\source_20250805_20250812.tif,83228,2026-08-10 19:30:56
ProjectOutput\imports\imported-767abfffa50f\bounds_20250728_20250804.json,318,2026-08-10 19:30:55
ProjectOutput\imports\imported-767abfffa50f\preview_20250728_20250804.png,21205,2026-08-10 19:30:55
ProjectOutput\imports\imported-767abfffa50f\source_20250728_20250804.tif,83228,2026-08-10 19:30:55
ProjectOutput\imports\imported-767abfffa50f\bounds_20250720_20250727.json,318,2026-08-10 19:30:54
ProjectOutput\imports\imported-767abfffa50f\preview_20250720_20250727.png,21205,2026-08-10 19:30:54
ProjectOutput\imports\imported-767abfffa50f\source_20250720_20250727.tif,83228,2026-08-10 19:30:53
ProjectOutput\imports\imported-767abfffa50f\bounds_20250712_20250719.json,318,2026-08-10 19:30:52
ProjectOutput\imports\imported-767abfffa50f\preview_20250712_20250719.png,21205,2026-08-10 19:30:52
ProjectOutput\imports\imported-767abfffa50f\source_20250712_20250719.tif,83228,2026-08-10 19:30:52
ProjectOutput\imports\imported-767abfffa50f\bounds_20250704_20250711.json,318,2026-08-10 19:30:51
ProjectOutput\imports\imported-767abfffa50f\preview_20250704_20250711.png,21205,2026-08-10 19:30:51
ProjectOutput\imports\imported-767abfffa50f\source_20250704_20250711.tif,83228,2026-08-10 19:30:50
ProjectOutput\imports\imported-767abfffa50f\bounds_20250626_20250703.json,318,2026-08-10 19:30:49
ProjectOutput\imports\imported-767abfffa50f\preview_20250626_20250703.png,21205,2026-08-10 19:30:49
ProjectOutput\imports\imported-767abfffa50f\source_20250626_20250703.tif,83228,2026-08-10 19:30:49
ProjectOutput\imports\imported-767abfffa50f\bounds_20250618_20250625.json,318,2026-08-10 19:30:48
ProjectOutput\imports\imported-767abfffa50f\preview_20250618_20250625.png,21205,2026-08-10 19:30:48
ProjectOutput\imports\imported-767abfffa50f\bounds_20250610_20250617.json,318,2026-08-10 19:30:47
ProjectOutput\imports\imported-767abfffa50f\preview_20250610_20250617.png,21205,2026-08-10 19:30:47
ProjectOutput\imports\imported-767abfffa50f\source_20250618_20250625.tif,83228,2026-08-10 19:30:47
ProjectOutput\imports\imported-767abfffa50f\source_20250610_20250617.tif,83228,2026-08-10 19:30:46
ProjectOutput\imports\imported-767abfffa50f\bounds_20250602_20250609.json,318,2026-08-10 19:30:45
ProjectOutput\imports\imported-767abfffa50f\preview_20250602_20250609.png,21205,2026-08-10 19:30:45
ProjectOutput\imports\imported-767abfffa50f\source_20250602_20250609.tif,83228,2026-08-10 19:30:45
ProjectOutput\imports\imported-767abfffa50f\bounds_20250525_20250601.json,318,2026-08-10 19:30:44
ProjectOutput\imports\imported-767abfffa50f\preview_20250525_20250601.png,21205,2026-08-10 19:30:44
ProjectOutput\imports\imported-767abfffa50f\source_20250525_20250601.tif,83228,2026-08-10 19:30:44
ProjectOutput\imports\imported-767abfffa50f\bounds_20250517_20250524.json,318,2026-08-10 19:30:43
ProjectOutput\imports\imported-767abfffa50f\preview_20250517_20250524.png,21205,2026-08-10 19:30:43
ProjectOutput\imports\imported-767abfffa50f\source_20250517_20250524.tif,83228,2026-08-10 19:30:43
ProjectOutput\imports\imported-767abfffa50f\bounds_20250509_20250516.json,318,2026-08-10 19:30:42
ProjectOutput\imports\imported-767abfffa50f\preview_20250509_20250516.png,21205,2026-08-10 19:30:42
ProjectOutput\imports\imported-767abfffa50f\source_20250509_20250516.tif,83228,2026-08-10 19:30:42
ProjectOutput\imports\imported-767abfffa50f\bounds_20250501_20250508.json,318,2026-08-10 19:30:41
ProjectOutput\imports\imported-767abfffa50f\preview_20250501_20250508.png,21205,2026-08-10 19:30:41
ProjectOutput\imports\imported-767abfffa50f\source_20250501_20250508.tif,83228,2026-08-10 19:30:40
ProjectOutput\imports\imported-767abfffa50f\bounds_20250423_20250430.json,318,2026-08-10 19:30:38
ProjectOutput\imports\imported-767abfffa50f\preview_20250423_20250430.png,21205,2026-08-10 19:30:38
ProjectOutput\imports\imported-767abfffa50f\source_20250423_20250430.tif,83228,2026-08-10 19:30:37
ProjectOutput\imports\imported-767abfffa50f\bounds_20250415_20250422.json,318,2026-08-10 19:30:36
ProjectOutput\imports\imported-767abfffa50f\preview_20250415_20250422.png,21205,2026-08-10 19:30:36
ProjectOutput\imports\imported-767abfffa50f\source_20250415_20250422.tif,83228,2026-08-10 19:30:36
ProjectOutput\imports\imported-767abfffa50f\bounds_20250407_20250414.json,318,2026-08-10 19:30:35
ProjectOutput\imports\imported-767abfffa50f\preview_20250407_20250414.png,21205,2026-08-10 19:30:35
ProjectOutput\imports\imported-767abfffa50f\bounds_20250330_20250406.json,318,2026-08-10 19:30:34
ProjectOutput\imports\imported-767abfffa50f\preview_20250330_20250406.png,21205,2026-08-10 19:30:34
ProjectOutput\imports\imported-767abfffa50f\source_20250407_20250414.tif,83228,2026-08-10 19:30:34
ProjectOutput\imports\imported-767abfffa50f\source_20250330_20250406.tif,83228,2026-08-10 19:30:33
ProjectOutput\imports\imported-767abfffa50f\bounds_20250322_20250329.json,318,2026-08-10 19:30:32
ProjectOutput\imports\imported-767abfffa50f\preview_20250322_20250329.png,21205,2026-08-10 19:30:32
ProjectOutput\imports\imported-767abfffa50f\bounds_20250314_20250321.json,318,2026-08-10 19:30:31
ProjectOutput\imports\imported-767abfffa50f\preview_20250314_20250321.png,21205,2026-08-10 19:30:31
ProjectOutput\imports\imported-767abfffa50f\source_20250322_20250329.tif,83228,2026-08-10 19:30:31
ProjectOutput\imports\imported-767abfffa50f\source_20250314_20250321.tif,83228,2026-08-10 19:30:30
ProjectOutput\imports\imported-767abfffa50f\bounds_20250306_20250313.json,318,2026-08-10 19:30:29
ProjectOutput\imports\imported-767abfffa50f\preview_20250306_20250313.png,21205,2026-08-10 19:30:29
ProjectOutput\imports\imported-767abfffa50f\bounds_20250226_20250305.json,318,2026-08-10 19:30:28
ProjectOutput\imports\imported-767abfffa50f\preview_20250226_20250305.png,21205,2026-08-10 19:30:28
ProjectOutput\imports\imported-767abfffa50f\source_20250306_20250313.tif,83228,2026-08-10 19:30:28
ProjectOutput\imports\imported-767abfffa50f\source_20250226_20250305.tif,83228,2026-08-10 19:30:27
ProjectOutput\imports\imported-767abfffa50f\bounds_20250218_20250225.json,318,2026-08-10 19:30:26
ProjectOutput\imports\imported-767abfffa50f\preview_20250218_20250225.png,21205,2026-08-10 19:30:26
ProjectOutput\imports\imported-767abfffa50f\source_20250218_20250225.tif,83228,2026-08-10 19:30:26
ProjectOutput\imports\imported-767abfffa50f\bounds_20250210_20250217.json,318,2026-08-10 19:30:25
ProjectOutput\imports\imported-767abfffa50f\preview_20250210_20250217.png,21205,2026-08-10 19:30:25
ProjectOutput\imports\imported-767abfffa50f\source_20250210_20250217.tif,83228,2026-08-10 19:30:25
ProjectOutput\imports\imported-767abfffa50f\bounds_20250202_20250209.json,318,2026-08-10 19:30:24
ProjectOutput\imports\imported-767abfffa50f\preview_20250202_20250209.png,21205,2026-08-10 19:30:24
ProjectOutput\imports\imported-767abfffa50f\bounds_20250125_20250201.json,318,2026-08-10 19:30:23
ProjectOutput\imports\imported-767abfffa50f\preview_20250125_20250201.png,21205,2026-08-10 19:30:23
ProjectOutput\imports\imported-767abfffa50f\source_20250202_20250209.tif,83228,2026-08-10 19:30:23
ProjectOutput\imports\imported-767abfffa50f\source_20250125_20250201.tif,83228,2026-08-10 19:30:22
ProjectOutput\imports\imported-767abfffa50f\bounds_20250117_20250124.json,318,2026-08-10 19:30:21
ProjectOutput\imports\imported-767abfffa50f\preview_20250117_20250124.png,21205,2026-08-10 19:30:21
ProjectOutput\imports\imported-767abfffa50f\source_20250117_20250124.tif,83228,2026-08-10 19:30:21
ProjectOutput\imports\imported-767abfffa50f\bounds_20250109_20250116.json,318,2026-08-10 19:30:20
ProjectOutput\imports\imported-767abfffa50f\preview_20250109_20250116.png,21205,2026-08-10 19:30:20
ProjectOutput\imports\imported-767abfffa50f\bounds_20250101_20250108.json,318,2026-08-10 19:30:19
ProjectOutput\imports\imported-767abfffa50f\preview_20250101_20250108.png,21205,2026-08-10 19:30:19
ProjectOutput\imports\imported-767abfffa50f\source_20250109_20250116.tif,83228,2026-08-10 19:30:19
ProjectOutput\imports\imported-767abfffa50f\source_20250101_20250108.tif,83228,2026-08-10 19:30:18
ProjectOutput\imports\imported-ff4161ab1e56\bounds.json,1811,2026-08-10 19:30:18
ProjectOutput\imports\imported-ff4161ab1e56\bounds_20251227_20251231.json,317,2026-08-10 19:30:18
ProjectOutput\imports\imported-ff4161ab1e56\meta.json,1438,2026-08-10 19:30:18
ProjectOutput\imports\imported-ff4161ab1e56\preview_20251227_20251231.png,199592,2026-08-10 19:30:18
ProjectOutput\imports\_locks\imported-767abfffa50f.lock,1,2026-08-10 19:30:18
ProjectOutput\imports\imported-ff4161ab1e56\source_20251227_20251231.tif,850946,2026-08-10 19:30:17
ProjectOutput\imports\imported-ff4161ab1e56\bounds_20251219_20251226.json,317,2026-08-10 19:30:16
ProjectOutput\imports\imported-ff4161ab1e56\preview_20251219_20251226.png,363672,2026-08-10 19:30:16
ProjectOutput\imports\imported-ff4161ab1e56\source_20251219_20251226.tif,1604674,2026-08-10 19:30:15
ProjectOutput\imports\imported-ff4161ab1e56\bounds_20251219_20251220.json,317,2026-08-10 19:30:14
ProjectOutput\imports\imported-ff4161ab1e56\preview_20251219_20251220.png,28167,2026-08-10 19:30:14
ProjectOutput\imports\imported-ff4161ab1e56\source_20251219_20251220.tif,94869,2026-08-10 19:30:14
ProjectOutput\imports\imported-ff4161ab1e56\bounds_20251211_20251218.json,317,2026-08-10 19:30:13
ProjectOutput\imports\imported-ff4161ab1e56\preview_20251211_20251218.png,362125,2026-08-10 19:30:13
ProjectOutput\imports\imported-ff4161ab1e56\source_20251211_20251218.tif,1608565,2026-08-10 19:30:12
ProjectOutput\imports\imported-ff4161ab1e56\bounds_20251203_20251210.json,317,2026-08-10 19:30:07
ProjectOutput\imports\imported-ff4161ab1e56\preview_20251203_20251210.png,351606,2026-08-10 19:30:07
ProjectOutput\imports\imported-ff4161ab1e56\source_20251203_20251210.tif,1613482,2026-08-10 19:30:06
ProjectOutput\imports\imported-ff4161ab1e56\bounds_20251125_20251202.json,317,2026-08-10 19:30:03
ProjectOutput\imports\imported-ff4161ab1e56\preview_20251125_20251202.png,287509,2026-08-10 19:30:03
ProjectOutput\imports\imported-ff4161ab1e56\source_20251125_20251202.tif,1273158,2026-08-10 19:30:02
ProjectOutput\imports\imported-ff4161ab1e56\bounds_20251117_20251124.json,317,2026-08-10 19:29:57
ProjectOutput\imports\imported-ff4161ab1e56\preview_20251117_20251124.png,21345,2026-08-10 19:29:57
ProjectOutput\imports\imported-ff4161ab1e56\source_20251117_20251124.tif,83363,2026-08-10 19:29:57
ProjectOutput\imports\imported-ff4161ab1e56\bounds_20251109_20251116.json,317,2026-08-10 19:29:51
ProjectOutput\imports\imported-ff4161ab1e56\preview_20251109_20251116.png,21418,2026-08-10 19:29:51
ProjectOutput\imports\imported-ff4161ab1e56\source_20251109_20251116.tif,83448,2026-08-10 19:29:50
ProjectOutput\imports\imported-ff4161ab1e56\bounds_20251101_20251108.json,317,2026-08-10 19:29:46
ProjectOutput\imports\imported-ff4161ab1e56\preview_20251101_20251108.png,21403,2026-08-10 19:29:46
ProjectOutput\imports\imported-ff4161ab1e56\source_20251101_20251108.tif,83433,2026-08-10 19:29:45
ProjectOutput\imports\imported-ff4161ab1e56\bounds_20251024_20251031.json,317,2026-08-10 19:29:42
ProjectOutput\imports\imported-ff4161ab1e56\preview_20251024_20251031.png,21204,2026-08-10 19:29:42
ProjectOutput\imports\imported-ff4161ab1e56\source_20251024_20251031.tif,83228,2026-08-10 19:29:42
ProjectOutput\imports\imported-ff4161ab1e56\bounds_20251016_20251023.json,317,2026-08-10 19:29:41
ProjectOutput\imports\imported-ff4161ab1e56\preview_20251016_20251023.png,21204,2026-08-10 19:29:41
ProjectOutput\imports\imported-ff4161ab1e56\source_20251016_20251023.tif,83228,2026-08-10 19:29:40
ProjectOutput\imports\imported-ff4161ab1e56\bounds_20251008_20251015.json,317,2026-08-10 19:29:38
ProjectOutput\imports\imported-ff4161ab1e56\preview_20251008_20251015.png,21204,2026-08-10 19:29:38
ProjectOutput\imports\imported-ff4161ab1e56\source_20251008_20251015.tif,83228,2026-08-10 19:29:37
ProjectOutput\imports\imported-ff4161ab1e56\bounds_20250930_20251007.json,317,2026-08-10 19:29:36
ProjectOutput\imports\imported-ff4161ab1e56\preview_20250930_20251007.png,21204,2026-08-10 19:29:36
ProjectOutput\imports\imported-ff4161ab1e56\source_20250930_20251007.tif,83228,2026-08-10 19:29:36
ProjectOutput\imports\imported-ff4161ab1e56\bounds_20250922_20250929.json,317,2026-08-10 19:29:35
ProjectOutput\imports\imported-ff4161ab1e56\preview_20250922_20250929.png,21204,2026-08-10 19:29:35
ProjectOutput\imports\imported-ff4161ab1e56\source_20250922_20250929.tif,83228,2026-08-10 19:29:34
ProjectOutput\imports\imported-ff4161ab1e56\bounds_20250914_20250921.json,317,2026-08-10 19:29:33
ProjectOutput\imports\imported-ff4161ab1e56\preview_20250914_20250921.png,21204,2026-08-10 19:29:33
ProjectOutput\imports\imported-ff4161ab1e56\source_20250914_20250921.tif,83228,2026-08-10 19:29:33
ProjectOutput\imports\imported-ff4161ab1e56\bounds_20250906_20250913.json,317,2026-08-10 19:29:32
ProjectOutput\imports\imported-ff4161ab1e56\preview_20250906_20250913.png,21204,2026-08-10 19:29:32
ProjectOutput\imports\imported-ff4161ab1e56\source_20250906_20250913.tif,83228,2026-08-10 19:29:31
ProjectOutput\imports\imported-ff4161ab1e56\bounds_20250829_20250905.json,317,2026-08-10 19:29:30
ProjectOutput\imports\imported-ff4161ab1e56\preview_20250829_20250905.png,21204,2026-08-10 19:29:30
ProjectOutput\imports\imported-ff4161ab1e56\source_20250829_20250905.tif,83228,2026-08-10 19:29:30
ProjectOutput\imports\imported-ff4161ab1e56\bounds_20250821_20250828.json,317,2026-08-10 19:29:29
ProjectOutput\imports\imported-ff4161ab1e56\preview_20250821_20250828.png,21204,2026-08-10 19:29:29
ProjectOutput\imports\imported-ff4161ab1e56\bounds_20250813_20250820.json,317,2026-08-10 19:29:28
ProjectOutput\imports\imported-ff4161ab1e56\source_20250821_20250828.tif,83228,2026-08-10 19:29:28
ProjectOutput\imports\imported-ff4161ab1e56\preview_20250813_20250820.png,21204,2026-08-10 19:29:27
ProjectOutput\imports\imported-ff4161ab1e56\source_20250813_20250820.tif,83228,2026-08-10 19:29:27
ProjectOutput\imports\imported-ff4161ab1e56\bounds_20250805_20250812.json,317,2026-08-10 19:29:26
ProjectOutput\imports\imported-ff4161ab1e56\preview_20250805_20250812.png,21204,2026-08-10 19:29:26
ProjectOutput\imports\imported-ff4161ab1e56\bounds_20250728_20250804.json,317,2026-08-10 19:29:25
ProjectOutput\imports\imported-ff4161ab1e56\preview_20250728_20250804.png,21204,2026-08-10 19:29:25
ProjectOutput\imports\imported-ff4161ab1e56\source_20250805_20250812.tif,83228,2026-08-10 19:29:25
ProjectOutput\imports\imported-ff4161ab1e56\source_20250728_20250804.tif,83228,2026-08-10 19:29:24
ProjectOutput\imports\imported-ff4161ab1e56\bounds_20250720_20250727.json,317,2026-08-10 19:29:23
ProjectOutput\imports\imported-ff4161ab1e56\preview_20250720_20250727.png,21204,2026-08-10 19:29:23
ProjectOutput\imports\imported-ff4161ab1e56\source_20250720_20250727.tif,83228,2026-08-10 19:29:23
ProjectOutput\imports\imported-ff4161ab1e56\bounds_20250712_20250719.json,317,2026-08-10 19:29:22
ProjectOutput\imports\imported-ff4161ab1e56\preview_20250712_20250719.png,21204,2026-08-10 19:29:22
ProjectOutput\imports\imported-ff4161ab1e56\source_20250712_20250719.tif,83228,2026-08-10 19:29:21
ProjectOutput\imports\imported-ff4161ab1e56\bounds_20250704_20250711.json,317,2026-08-10 19:29:20
ProjectOutput\imports\imported-ff4161ab1e56\preview_20250704_20250711.png,21204,2026-08-10 19:29:20
ProjectOutput\imports\imported-ff4161ab1e56\source_20250704_20250711.tif,83228,2026-08-10 19:29:20
ProjectOutput\imports\imported-ff4161ab1e56\bounds_20250626_20250703.json,317,2026-08-10 19:29:19
ProjectOutput\imports\imported-ff4161ab1e56\preview_20250626_20250703.png,21204,2026-08-10 19:29:19
ProjectOutput\imports\imported-ff4161ab1e56\source_20250626_20250703.tif,83228,2026-08-10 19:29:18
ProjectOutput\imports\imported-ff4161ab1e56\bounds_20250618_20250625.json,317,2026-08-10 19:29:17
ProjectOutput\imports\imported-ff4161ab1e56\preview_20250618_20250625.png,21204,2026-08-10 19:29:17
ProjectOutput\imports\imported-ff4161ab1e56\source_20250618_20250625.tif,83228,2026-08-10 19:29:17
ProjectOutput\imports\imported-ff4161ab1e56\bounds_20250610_20250617.json,317,2026-08-10 19:29:16
ProjectOutput\imports\imported-ff4161ab1e56\preview_20250610_20250617.png,21204,2026-08-10 19:29:16
ProjectOutput\imports\imported-ff4161ab1e56\bounds_20250602_20250609.json,317,2026-08-10 19:29:15
ProjectOutput\imports\imported-ff4161ab1e56\preview_20250602_20250609.png,21204,2026-08-10 19:29:15
ProjectOutput\imports\imported-ff4161ab1e56\source_20250610_20250617.tif,83228,2026-08-10 19:29:15
ProjectOutput\imports\imported-ff4161ab1e56\source_20250602_20250609.tif,83228,2026-08-10 19:29:14
ProjectOutput\imports\imported-ff4161ab1e56\bounds_20250525_20250601.json,317,2026-08-10 19:29:13
ProjectOutput\imports\imported-ff4161ab1e56\preview_20250525_20250601.png,21204,2026-08-10 19:29:13
ProjectOutput\imports\imported-ff4161ab1e56\source_20250525_20250601.tif,83228,2026-08-10 19:29:13
ProjectOutput\imports\imported-ff4161ab1e56\bounds_20250517_20250524.json,317,2026-08-10 19:29:12
ProjectOutput\imports\imported-ff4161ab1e56\preview_20250517_20250524.png,21204,2026-08-10 19:29:12
ProjectOutput\imports\imported-ff4161ab1e56\source_20250517_20250524.tif,83228,2026-08-10 19:29:12
ProjectOutput\imports\imported-ff4161ab1e56\bounds_20250509_20250516.json,317,2026-08-10 19:29:11
ProjectOutput\imports\imported-ff4161ab1e56\preview_20250509_20250516.png,21204,2026-08-10 19:29:11
ProjectOutput\imports\imported-ff4161ab1e56\bounds_20250501_20250508.json,317,2026-08-10 19:29:10
ProjectOutput\imports\imported-ff4161ab1e56\preview_20250501_20250508.png,21204,2026-08-10 19:29:10
ProjectOutput\imports\imported-ff4161ab1e56\source_20250509_20250516.tif,83228,2026-08-10 19:29:10
ProjectOutput\imports\imported-ff4161ab1e56\source_20250501_20250508.tif,83228,2026-08-10 19:29:09
ProjectOutput\imports\imported-ff4161ab1e56\bounds_20250423_20250430.json,317,2026-08-10 19:29:08
ProjectOutput\imports\imported-ff4161ab1e56\preview_20250423_20250430.png,21204,2026-08-10 19:29:08
ProjectOutput\imports\imported-ff4161ab1e56\source_20250423_20250430.tif,83228,2026-08-10 19:29:08
ProjectOutput\imports\imported-ff4161ab1e56\bounds_20250415_20250422.json,317,2026-08-10 19:29:07
ProjectOutput\imports\imported-ff4161ab1e56\preview_20250415_20250422.png,21204,2026-08-10 19:29:07
ProjectOutput\imports\imported-ff4161ab1e56\bounds_20250407_20250414.json,317,2026-08-10 19:29:06
ProjectOutput\imports\imported-ff4161ab1e56\preview_20250407_20250414.png,21204,2026-08-10 19:29:06
ProjectOutput\imports\imported-ff4161ab1e56\source_20250415_20250422.tif,83228,2026-08-10 19:29:06
ProjectOutput\imports\imported-ff4161ab1e56\source_20250407_20250414.tif,83228,2026-08-10 19:29:05
ProjectOutput\imports\imported-ff4161ab1e56\bounds_20250330_20250406.json,317,2026-08-10 19:29:04
ProjectOutput\imports\imported-ff4161ab1e56\preview_20250330_20250406.png,21204,2026-08-10 19:29:04
ProjectOutput\imports\imported-ff4161ab1e56\source_20250330_20250406.tif,83228,2026-08-10 19:29:04
ProjectOutput\imports\imported-ff4161ab1e56\bounds_20250322_20250329.json,317,2026-08-10 19:29:03
ProjectOutput\imports\imported-ff4161ab1e56\preview_20250322_20250329.png,21204,2026-08-10 19:29:03
ProjectOutput\imports\imported-ff4161ab1e56\source_20250322_20250329.tif,83228,2026-08-10 19:29:02
ProjectOutput\imports\imported-ff4161ab1e56\bounds_20250314_20250321.json,317,2026-08-10 19:29:01
ProjectOutput\imports\imported-ff4161ab1e56\preview_20250314_20250321.png,21204,2026-08-10 19:29:01
ProjectOutput\imports\imported-ff4161ab1e56\source_20250314_20250321.tif,83228,2026-08-10 19:29:00
ProjectOutput\imports\imported-ff4161ab1e56\bounds_20250306_20250313.json,317,2026-08-10 19:28:59
ProjectOutput\imports\imported-ff4161ab1e56\preview_20250306_20250313.png,21204,2026-08-10 19:28:59
ProjectOutput\imports\imported-ff4161ab1e56\source_20250306_20250313.tif,83228,2026-08-10 19:28:58
ProjectOutput\imports\imported-ff4161ab1e56\bounds_20250226_20250305.json,317,2026-08-10 19:28:57
ProjectOutput\imports\imported-ff4161ab1e56\preview_20250226_20250305.png,21204,2026-08-10 19:28:57
ProjectOutput\imports\imported-ff4161ab1e56\source_20250226_20250305.tif,83228,2026-08-10 19:28:57
ProjectOutput\imports\imported-ff4161ab1e56\bounds_20250218_20250225.json,317,2026-08-10 19:28:56
ProjectOutput\imports\imported-ff4161ab1e56\preview_20250218_20250225.png,21204,2026-08-10 19:28:56
ProjectOutput\imports\imported-ff4161ab1e56\source_20250218_20250225.tif,83228,2026-08-10 19:28:55
ProjectOutput\imports\imported-ff4161ab1e56\bounds_20250210_20250217.json,317,2026-08-10 19:28:54
ProjectOutput\imports\imported-ff4161ab1e56\preview_20250210_20250217.png,21204,2026-08-10 19:28:54
ProjectOutput\imports\imported-ff4161ab1e56\source_20250210_20250217.tif,83228,2026-08-10 19:28:53
ProjectOutput\imports\imported-ff4161ab1e56\bounds_20250202_20250209.json,317,2026-08-10 19:28:52
ProjectOutput\imports\imported-ff4161ab1e56\preview_20250202_20250209.png,21204,2026-08-10 19:28:52
ProjectOutput\imports\imported-ff4161ab1e56\bounds_20250125_20250201.json,317,2026-08-10 19:28:51
ProjectOutput\imports\imported-ff4161ab1e56\preview_20250125_20250201.png,21204,2026-08-10 19:28:51
ProjectOutput\imports\imported-ff4161ab1e56\source_20250202_20250209.tif,83228,2026-08-10 19:28:51
ProjectOutput\imports\imported-ff4161ab1e56\source_20250125_20250201.tif,83228,2026-08-10 19:28:50
ProjectOutput\imports\imported-ff4161ab1e56\bounds_20250117_20250124.json,317,2026-08-10 19:28:49
ProjectOutput\imports\imported-ff4161ab1e56\preview_20250117_20250124.png,21204,2026-08-10 19:28:49
ProjectOutput\imports\imported-ff4161ab1e56\source_20250117_20250124.tif,83228,2026-08-10 19:28:48
ProjectOutput\imports\imported-ff4161ab1e56\bounds_20250109_20250116.json,317,2026-08-10 19:28:47
ProjectOutput\imports\imported-ff4161ab1e56\preview_20250109_20250116.png,21204,2026-08-10 19:28:47
ProjectOutput\imports\imported-ff4161ab1e56\source_20250109_20250116.tif,83228,2026-08-10 19:28:46
ProjectOutput\imports\imported-ff4161ab1e56\bounds_20250101_20250108.json,317,2026-08-10 19:28:45
ProjectOutput\imports\imported-ff4161ab1e56\preview_20250101_20250108.png,21204,2026-08-10 19:28:45
ProjectOutput\imports\imported-ff4161ab1e56\source_20250101_20250108.tif,83228,2026-08-10 19:28:44
ProjectOutput\imports\_locks\imported-ff4161ab1e56.lock,1,2026-08-10 19:28:43
ProjectOutput\imports\imported-07ff03ee0514\bounds.json,642,2026-08-08 17:00:21
ProjectOutput\imports\imported-07ff03ee0514\meta.json,352,2026-08-08 17:00:21
ProjectOutput\imports\imported-45200398d00c\bounds.json,635,2026-08-08 17:00:21
ProjectOutput\imports\imported-45200398d00c\meta.json,346,2026-08-08 17:00:21
ProjectOutput\imports\imported-56b42778ba07\bounds.json,638,2026-08-08 17:00:21
ProjectOutput\imports\imported-56b42778ba07\meta.json,348,2026-08-08 17:00:21
ProjectOutput\imports\imported-07ff03ee0514\bounds_20251219_20251226.json,320,2026-08-08 05:39:20
ProjectOutput\imports\imported-07ff03ee0514\bounds_20251227_20251231.json,320,2026-08-08 05:39:20
ProjectOutput\imports\imported-07ff03ee0514\preview_20251219_20251226.png,279101,2026-08-08 05:39:20
ProjectOutput\imports\imported-07ff03ee0514\preview_20251227_20251231.png,161514,2026-08-08 05:39:20
ProjectOutput\imports\imported-07ff03ee0514\source_20251227_20251231.tif,636179,2026-08-08 05:39:20
ProjectOutput\imports\imported-07ff03ee0514\bounds_20251211_20251218.json,320,2026-08-08 05:39:19
ProjectOutput\imports\imported-07ff03ee0514\preview_20251211_20251218.png,281116,2026-08-08 05:39:19
ProjectOutput\imports\imported-07ff03ee0514\source_20251219_20251226.tif,1111442,2026-08-08 05:39:19
ProjectOutput\imports\imported-07ff03ee0514\bounds_20251203_20251210.json,320,2026-08-08 05:39:18
ProjectOutput\imports\imported-07ff03ee0514\preview_20251203_20251210.png,276354,2026-08-08 05:39:18
ProjectOutput\imports\imported-07ff03ee0514\source_20251211_20251218.tif,1127857,2026-08-08 05:39:18
ProjectOutput\imports\imported-07ff03ee0514\bounds_20251125_20251202.json,320,2026-08-08 05:39:17
ProjectOutput\imports\imported-07ff03ee0514\preview_20251125_20251202.png,238848,2026-08-08 05:39:17
ProjectOutput\imports\imported-07ff03ee0514\source_20251203_20251210.tif,1146101,2026-08-08 05:39:17
ProjectOutput\imports\imported-07ff03ee0514\source_20251125_20251202.tif,979438,2026-08-08 05:39:16
ProjectOutput\imports\imported-56b42778ba07\bounds_20251227_20251231.json,318,2026-08-08 05:39:16
ProjectOutput\imports\imported-56b42778ba07\preview_20251227_20251231.png,161949,2026-08-08 05:39:16
ProjectOutput\imports\imported-56b42778ba07\bounds_20251219_20251226.json,318,2026-08-08 05:39:15
ProjectOutput\imports\imported-56b42778ba07\preview_20251219_20251226.png,282047,2026-08-08 05:39:15
ProjectOutput\imports\imported-56b42778ba07\source_20251227_20251231.tif,907409,2026-08-08 05:39:15
ProjectOutput\imports\imported-56b42778ba07\bounds_20251211_20251218.json,318,2026-08-08 05:39:14
ProjectOutput\imports\imported-56b42778ba07\preview_20251211_20251218.png,280716,2026-08-08 05:39:14
ProjectOutput\imports\imported-56b42778ba07\source_20251211_20251218.tif,1753082,2026-08-08 05:39:14
ProjectOutput\imports\imported-56b42778ba07\source_20251219_20251226.tif,1754693,2026-08-08 05:39:14
ProjectOutput\imports\imported-56b42778ba07\bounds_20251203_20251210.json,318,2026-08-08 05:39:13
ProjectOutput\imports\imported-56b42778ba07\preview_20251203_20251210.png,279646,2026-08-08 05:39:13
ProjectOutput\imports\imported-56b42778ba07\source_20251203_20251210.tif,1744547,2026-08-08 05:39:13
ProjectOutput\imports\imported-56b42778ba07\bounds_20251125_20251202.json,318,2026-08-08 05:39:12
ProjectOutput\imports\imported-56b42778ba07\preview_20251125_20251202.png,238071,2026-08-08 05:39:12
ProjectOutput\imports\imported-56b42778ba07\source_20251125_20251202.tif,1420425,2026-08-08 05:39:12
ProjectOutput\imports\imported-45200398d00c\bounds_20251227_20251231.json,317,2026-08-08 05:39:11
ProjectOutput\imports\imported-45200398d00c\preview_20251227_20251231.png,199348,2026-08-08 05:39:11
ProjectOutput\imports\imported-45200398d00c\source_20251227_20251231.tif,850971,2026-08-08 05:39:11
ProjectOutput\imports\imported-45200398d00c\bounds_20251219_20251226.json,317,2026-08-08 05:39:10
ProjectOutput\imports\imported-45200398d00c\preview_20251219_20251226.png,362841,2026-08-08 05:39:10
ProjectOutput\imports\imported-45200398d00c\source_20251219_20251226.tif,1604108,2026-08-08 05:39:10
ProjectOutput\imports\imported-45200398d00c\bounds_20251211_20251218.json,317,2026-08-08 05:39:09
ProjectOutput\imports\imported-45200398d00c\preview_20251211_20251218.png,361709,2026-08-08 05:39:09
ProjectOutput\imports\imported-45200398d00c\source_20251211_20251218.tif,1607964,2026-08-08 05:39:09
ProjectOutput\imports\imported-45200398d00c\bounds_20251203_20251210.json,317,2026-08-08 05:39:08
ProjectOutput\imports\imported-45200398d00c\preview_20251203_20251210.png,350965,2026-08-08 05:39:08
ProjectOutput\imports\imported-45200398d00c\source_20251203_20251210.tif,1613931,2026-08-08 05:39:08
ProjectOutput\imports\imported-45200398d00c\bounds_20251125_20251202.json,317,2026-08-08 05:39:07
ProjectOutput\imports\imported-45200398d00c\preview_20251125_20251202.png,287039,2026-08-08 05:39:07
ProjectOutput\imports\imported-45200398d00c\source_20251125_20251202.tif,1274593,2026-08-08 05:39:07
ProjectOutput\imports\imported-07ff03ee0514\bounds_20251219_20251220.json,320,2026-08-08 03:53:46
ProjectOutput\imports\imported-07ff03ee0514\preview_20251219_20251220.png,28113,2026-08-08 03:53:46
ProjectOutput\imports\imported-07ff03ee0514\source_20251219_20251220.tif,95093,2026-08-08 03:53:45
ProjectOutput\imports\_locks\imported-07ff03ee0514.lock,1,2026-08-08 03:53:31
ProjectOutput\imports\imported-56b42778ba07\bounds_20251219_20251220.json,318,2026-08-08 03:53:26
ProjectOutput\imports\imported-56b42778ba07\preview_20251219_20251220.png,28356,2026-08-08 03:53:26
ProjectOutput\imports\imported-56b42778ba07\source_20251219_20251220.tif,95206,2026-08-08 03:53:25
ProjectOutput\imports\_locks\imported-56b42778ba07.lock,1,2026-08-08 03:53:15
ProjectOutput\imports\imported-45200398d00c\bounds_20251219_20251220.json,317,2026-08-08 03:53:08
ProjectOutput\imports\imported-45200398d00c\preview_20251219_20251220.png,28167,2026-08-08 03:53:08
ProjectOutput\imports\imported-45200398d00c\source_20251219_20251220.tif,94869,2026-08-08 03:53:07
ProjectOutput\imports\_locks\imported-45200398d00c.lock,1,2026-08-08 03:52:53
ProjectOutput\imports\imported-b70249ca167a\bounds.json,642,2026-08-08 03:52:46
ProjectOutput\imports\imported-b70249ca167a\bounds_20251227_20251231.json,320,2026-08-08 03:52:46
ProjectOutput\imports\imported-b70249ca167a\meta.json,352,2026-08-08 03:52:46
ProjectOutput\imports\imported-b70249ca167a\preview_20251227_20251231.png,161514,2026-08-08 03:52:46
ProjectOutput\imports\imported-b70249ca167a\source_20251227_20251231.tif,636172,2026-08-08 03:52:45
ProjectOutput\imports\imported-b70249ca167a\bounds_20251219_20251226.json,320,2026-08-08 03:52:44
ProjectOutput\imports\imported-b70249ca167a\preview_20251219_20251226.png,279097,2026-08-08 03:52:44
ProjectOutput\imports\imported-b70249ca167a\source_20251219_20251226.tif,1111437,2026-08-08 03:52:43
ProjectOutput\imports\imported-b70249ca167a\bounds_20251211_20251218.json,320,2026-08-08 03:52:40
ProjectOutput\imports\imported-b70249ca167a\preview_20251211_20251218.png,281116,2026-08-08 03:52:40
ProjectOutput\imports\imported-b70249ca167a\source_20251211_20251218.tif,1127850,2026-08-08 03:52:39
ProjectOutput\imports\imported-b70249ca167a\bounds_20251203_20251210.json,320,2026-08-08 03:52:38
ProjectOutput\imports\imported-b70249ca167a\preview_20251203_20251210.png,276356,2026-08-08 03:52:38
ProjectOutput\imports\imported-b70249ca167a\bounds_20251125_20251202.json,320,2026-08-08 03:52:37
ProjectOutput\imports\imported-b70249ca167a\preview_20251125_20251202.png,238848,2026-08-08 03:52:37
ProjectOutput\imports\imported-b70249ca167a\source_20251203_20251210.tif,1146093,2026-08-08 03:52:37
ProjectOutput\imports\imported-b70249ca167a\source_20251125_20251202.tif,979438,2026-08-08 03:52:36
ProjectOutput\imports\imported-84f79a760311\bounds.json,638,2026-08-08 03:52:35
ProjectOutput\imports\imported-84f79a760311\bounds_20251227_20251231.json,318,2026-08-08 03:52:35
ProjectOutput\imports\imported-84f79a760311\meta.json,348,2026-08-08 03:52:35
ProjectOutput\imports\imported-84f79a760311\preview_20251227_20251231.png,161941,2026-08-08 03:52:35
ProjectOutput\imports\imported-84f79a760311\source_20251227_20251231.tif,907404,2026-08-08 03:52:34
ProjectOutput\imports\imported-84f79a760311\bounds_20251219_20251226.json,318,2026-08-08 03:52:33
ProjectOutput\imports\imported-84f79a760311\preview_20251219_20251226.png,282045,2026-08-08 03:52:33
ProjectOutput\imports\imported-84f79a760311\source_20251219_20251226.tif,1754688,2026-08-08 03:52:32
ProjectOutput\imports\imported-84f79a760311\bounds_20251211_20251218.json,318,2026-08-08 03:52:31
ProjectOutput\imports\imported-84f79a760311\preview_20251211_20251218.png,280719,2026-08-08 03:52:31
ProjectOutput\imports\imported-84f79a760311\source_20251211_20251218.tif,1753072,2026-08-08 03:52:30
ProjectOutput\imports\imported-84f79a760311\bounds_20251203_20251210.json,318,2026-08-08 03:52:29
ProjectOutput\imports\imported-84f79a760311\preview_20251203_20251210.png,279644,2026-08-08 03:52:29
ProjectOutput\imports\imported-84f79a760311\bounds_20251125_20251202.json,318,2026-08-08 03:52:28
ProjectOutput\imports\imported-84f79a760311\preview_20251125_20251202.png,238071,2026-08-08 03:52:28
ProjectOutput\imports\imported-84f79a760311\source_20251203_20251210.tif,1744544,2026-08-08 03:52:28
ProjectOutput\imports\imported-84f79a760311\source_20251125_20251202.tif,1420421,2026-08-08 03:52:27
ProjectOutput\imports\imported-145c8cc2e094\bounds.json,635,2026-08-08 03:52:26
ProjectOutput\imports\imported-145c8cc2e094\bounds_20251227_20251231.json,317,2026-08-08 03:52:26
ProjectOutput\imports\imported-145c8cc2e094\meta.json,346,2026-08-08 03:52:26
ProjectOutput\imports\imported-145c8cc2e094\preview_20251227_20251231.png,199348,2026-08-08 03:52:26
ProjectOutput\imports\imported-145c8cc2e094\source_20251227_20251231.tif,850963,2026-08-08 03:52:25
ProjectOutput\imports\imported-145c8cc2e094\bounds_20251219_20251226.json,317,2026-08-08 03:52:24
ProjectOutput\imports\imported-145c8cc2e094\preview_20251219_20251226.png,362843,2026-08-08 03:52:24
ProjectOutput\imports\imported-145c8cc2e094\source_20251219_20251226.tif,1604102,2026-08-08 03:52:23
ProjectOutput\imports\imported-145c8cc2e094\bounds_20251211_20251218.json,317,2026-08-08 03:52:22
ProjectOutput\imports\imported-145c8cc2e094\preview_20251211_20251218.png,361709,2026-08-08 03:52:22
ProjectOutput\imports\imported-145c8cc2e094\source_20251211_20251218.tif,1607958,2026-08-08 03:52:21
ProjectOutput\imports\imported-145c8cc2e094\bounds_20251203_20251210.json,317,2026-08-08 03:52:20
ProjectOutput\imports\imported-145c8cc2e094\preview_20251203_20251210.png,350971,2026-08-08 03:52:20
ProjectOutput\imports\imported-145c8cc2e094\source_20251203_20251210.tif,1613923,2026-08-08 03:52:19
ProjectOutput\imports\imported-145c8cc2e094\bounds_20251125_20251202.json,317,2026-08-08 03:52:18
ProjectOutput\imports\imported-145c8cc2e094\preview_20251125_20251202.png,287039,2026-08-08 03:52:18
ProjectOutput\imports\imported-145c8cc2e094\source_20251125_20251202.tif,1274589,2026-08-08 03:52:17
ProjectOutput\imports\imported-10a8301d0498\bounds.json,635,2026-08-08 03:52:16
ProjectOutput\imports\imported-10a8301d0498\meta.json,346,2026-08-08 03:52:16
ProjectOutput\imports\imported-128ea60fe0ef\bounds.json,638,2026-08-08 03:52:16
ProjectOutput\imports\imported-128ea60fe0ef\meta.json,348,2026-08-08 03:52:16
ProjectOutput\imports\imported-421ecea99ae5\bounds.json,638,2026-08-08 03:52:16
ProjectOutput\imports\imported-421ecea99ae5\meta.json,348,2026-08-08 03:52:16
ProjectOutput\imports\imported-a17e4427f11a\bounds.json,642,2026-08-08 03:52:16
ProjectOutput\imports\imported-a17e4427f11a\meta.json,352,2026-08-08 03:52:16
ProjectOutput\imports\imported-f61e9b889805\bounds.json,642,2026-08-08 03:52:16
ProjectOutput\imports\imported-f61e9b889805\meta.json,352,2026-08-08 03:52:16
ProjectOutput\imports\imported-629a34e665ef\bounds.json,635,2026-08-08 03:52:15
ProjectOutput\imports\imported-629a34e665ef\meta.json,346,2026-08-08 03:52:15
ProjectOutput\imports\imported-b70249ca167a\bounds_20251219_20251220.json,320,2026-08-07 21:18:16
ProjectOutput\imports\imported-b70249ca167a\preview_20251219_20251220.png,28113,2026-08-07 21:18:15
ProjectOutput\imports\imported-b70249ca167a\source_20251219_20251220.tif,95093,2026-08-07 21:18:14
ProjectOutput\imports\_locks\imported-b70249ca167a.lock,1,2026-08-07 21:18:02
ProjectOutput\imports\imported-84f79a760311\bounds_20251219_20251220.json,318,2026-08-07 21:17:55
ProjectOutput\imports\imported-84f79a760311\preview_20251219_20251220.png,28356,2026-08-07 21:17:55
ProjectOutput\imports\imported-84f79a760311\source_20251219_20251220.tif,95206,2026-08-07 21:17:54
ProjectOutput\imports\_locks\imported-84f79a760311.lock,1,2026-08-07 21:17:41
ProjectOutput\imports\imported-145c8cc2e094\bounds_20251219_20251220.json,317,2026-08-07 21:17:30
ProjectOutput\imports\imported-145c8cc2e094\preview_20251219_20251220.png,28167,2026-08-07 21:17:30
ProjectOutput\imports\imported-145c8cc2e094\source_20251219_20251220.tif,94869,2026-08-07 21:17:29
ProjectOutput\imports\_locks\imported-145c8cc2e094.lock,1,2026-08-07 21:17:18
ProjectOutput\imports\imported-f61e9b889805\bounds_20251227_20251231.json,320,2026-08-07 18:48:24
ProjectOutput\imports\imported-f61e9b889805\preview_20251227_20251231.png,162275,2026-08-07 18:48:24
ProjectOutput\imports\imported-f61e9b889805\source_20251227_20251231.tif,640664,2026-08-07 18:48:23
ProjectOutput\imports\imported-f61e9b889805\bounds_20251219_20251226.json,320,2026-08-07 18:48:22
ProjectOutput\imports\imported-f61e9b889805\preview_20251219_20251226.png,280167,2026-08-07 18:48:22
ProjectOutput\imports\imported-f61e9b889805\bounds_20251211_20251218.json,320,2026-08-07 18:48:21
ProjectOutput\imports\imported-f61e9b889805\preview_20251211_20251218.png,282026,2026-08-07 18:48:21
ProjectOutput\imports\imported-f61e9b889805\source_20251219_20251226.tif,1118796,2026-08-07 18:48:21
ProjectOutput\imports\imported-f61e9b889805\bounds_20251203_20251210.json,320,2026-08-07 18:48:20
ProjectOutput\imports\imported-f61e9b889805\preview_20251203_20251210.png,279018,2026-08-07 18:48:20
ProjectOutput\imports\imported-f61e9b889805\source_20251211_20251218.tif,1133470,2026-08-07 18:48:20
ProjectOutput\imports\imported-f61e9b889805\bounds_20251125_20251202.json,320,2026-08-07 18:48:19
ProjectOutput\imports\imported-f61e9b889805\preview_20251125_20251202.png,240599,2026-08-07 18:48:19
ProjectOutput\imports\imported-f61e9b889805\source_20251203_20251210.tif,1147476,2026-08-07 18:48:19
ProjectOutput\imports\imported-421ecea99ae5\bounds_20251227_20251231.json,318,2026-08-07 18:48:18
ProjectOutput\imports\imported-421ecea99ae5\preview_20251227_20251231.png,162615,2026-08-07 18:48:18
ProjectOutput\imports\imported-f61e9b889805\source_20251125_20251202.tif,978787,2026-08-07 18:48:18
ProjectOutput\imports\imported-421ecea99ae5\source_20251227_20251231.tif,907099,2026-08-07 18:48:17
ProjectOutput\imports\imported-421ecea99ae5\bounds_20251219_20251226.json,318,2026-08-07 18:48:16
ProjectOutput\imports\imported-421ecea99ae5\preview_20251219_20251226.png,283749,2026-08-07 18:48:16
ProjectOutput\imports\imported-421ecea99ae5\bounds_20251211_20251218.json,318,2026-08-07 18:48:15
ProjectOutput\imports\imported-421ecea99ae5\preview_20251211_20251218.png,282644,2026-08-07 18:48:15
ProjectOutput\imports\imported-421ecea99ae5\source_20251219_20251226.tif,1751932,2026-08-07 18:48:15
ProjectOutput\imports\imported-421ecea99ae5\bounds_20251203_20251210.json,318,2026-08-07 18:48:14
ProjectOutput\imports\imported-421ecea99ae5\preview_20251203_20251210.png,280429,2026-08-07 18:48:14
ProjectOutput\imports\imported-421ecea99ae5\source_20251211_20251218.tif,1751622,2026-08-07 18:48:14
ProjectOutput\imports\imported-421ecea99ae5\bounds_20251125_20251202.json,318,2026-08-07 18:48:13
ProjectOutput\imports\imported-421ecea99ae5\preview_20251125_20251202.png,239303,2026-08-07 18:48:13
ProjectOutput\imports\imported-421ecea99ae5\source_20251203_20251210.tif,1743788,2026-08-07 18:48:13
ProjectOutput\imports\imported-421ecea99ae5\source_20251125_20251202.tif,1420232,2026-08-07 18:48:12
ProjectOutput\imports\imported-629a34e665ef\bounds_20251227_20251231.json,317,2026-08-07 18:48:12
ProjectOutput\imports\imported-629a34e665ef\preview_20251227_20251231.png,199592,2026-08-07 18:48:12
ProjectOutput\imports\imported-629a34e665ef\source_20251227_20251231.tif,850946,2026-08-07 18:48:11
ProjectOutput\imports\imported-629a34e665ef\bounds_20251219_20251226.json,317,2026-08-07 18:48:10
ProjectOutput\imports\imported-629a34e665ef\preview_20251219_20251226.png,363672,2026-08-07 18:48:10
ProjectOutput\imports\imported-629a34e665ef\source_20251219_20251226.tif,1604674,2026-08-07 18:48:10
ProjectOutput\imports\imported-629a34e665ef\bounds_20251211_20251218.json,317,2026-08-07 18:48:09
ProjectOutput\imports\imported-629a34e665ef\preview_20251211_20251218.png,362125,2026-08-07 18:48:09
ProjectOutput\imports\imported-629a34e665ef\source_20251211_20251218.tif,1608565,2026-08-07 18:48:08
ProjectOutput\imports\imported-629a34e665ef\bounds_20251203_20251210.json,317,2026-08-07 18:48:07
ProjectOutput\imports\imported-629a34e665ef\preview_20251203_20251210.png,351606,2026-08-07 18:48:07
ProjectOutput\imports\imported-629a34e665ef\bounds_20251125_20251202.json,317,2026-08-07 18:48:06
ProjectOutput\imports\imported-629a34e665ef\preview_20251125_20251202.png,287509,2026-08-07 18:48:06
ProjectOutput\imports\imported-629a34e665ef\source_20251203_20251210.tif,1613482,2026-08-07 18:48:06
ProjectOutput\imports\imported-629a34e665ef\source_20251125_20251202.tif,1273158,2026-08-07 18:48:05
ProjectOutput\imports\imported-a17e4427f11a\bounds_20251227_20251231.json,320,2026-08-07 18:48:04
ProjectOutput\imports\imported-a17e4427f11a\preview_20251227_20251231.png,162275,2026-08-07 18:48:04
ProjectOutput\imports\imported-a17e4427f11a\source_20251227_20251231.tif,640664,2026-08-07 18:48:03
ProjectOutput\imports\imported-a17e4427f11a\bounds_20251219_20251226.json,320,2026-08-07 18:48:02
ProjectOutput\imports\imported-a17e4427f11a\preview_20251219_20251226.png,280167,2026-08-07 18:48:02
ProjectOutput\imports\imported-a17e4427f11a\bounds_20251219_20251220.json,320,2026-08-07 18:48:01
ProjectOutput\imports\imported-a17e4427f11a\preview_20251219_20251220.png,28113,2026-08-07 18:48:01
ProjectOutput\imports\imported-a17e4427f11a\source_20251219_20251226.tif,1118796,2026-08-07 18:48:01
ProjectOutput\imports\imported-a17e4427f11a\source_20251219_20251220.tif,95093,2026-08-07 18:48:00
ProjectOutput\imports\imported-a17e4427f11a\bounds_20251211_20251218.json,320,2026-08-07 18:47:59
ProjectOutput\imports\imported-a17e4427f11a\preview_20251211_20251218.png,282026,2026-08-07 18:47:59
ProjectOutput\imports\imported-a17e4427f11a\source_20251211_20251218.tif,1133470,2026-08-07 18:47:59
ProjectOutput\imports\imported-a17e4427f11a\bounds_20251203_20251210.json,320,2026-08-07 18:47:58
ProjectOutput\imports\imported-a17e4427f11a\preview_20251203_20251210.png,279018,2026-08-07 18:47:58
ProjectOutput\imports\imported-a17e4427f11a\bounds_20251125_20251202.json,320,2026-08-07 18:47:57
ProjectOutput\imports\imported-a17e4427f11a\preview_20251125_20251202.png,240599,2026-08-07 18:47:57
ProjectOutput\imports\imported-a17e4427f11a\source_20251203_20251210.tif,1147476,2026-08-07 18:47:57
ProjectOutput\imports\imported-a17e4427f11a\source_20251125_20251202.tif,978787,2026-08-07 18:47:56
ProjectOutput\imports\imported-128ea60fe0ef\bounds_20251227_20251231.json,318,2026-08-07 18:47:55
ProjectOutput\imports\imported-128ea60fe0ef\preview_20251227_20251231.png,162615,2026-08-07 18:47:55
ProjectOutput\imports\imported-128ea60fe0ef\source_20251227_20251231.tif,907099,2026-08-07 18:47:54
ProjectOutput\imports\imported-128ea60fe0ef\bounds_20251219_20251226.json,318,2026-08-07 18:47:53
ProjectOutput\imports\imported-128ea60fe0ef\preview_20251219_20251226.png,283749,2026-08-07 18:47:53
ProjectOutput\imports\imported-128ea60fe0ef\bounds_20251219_20251220.json,318,2026-08-07 18:47:52
ProjectOutput\imports\imported-128ea60fe0ef\preview_20251219_20251220.png,28356,2026-08-07 18:47:52
ProjectOutput\imports\imported-128ea60fe0ef\source_20251219_20251226.tif,1751932,2026-08-07 18:47:52
ProjectOutput\imports\imported-128ea60fe0ef\source_20251219_20251220.tif,95206,2026-08-07 18:47:51
ProjectOutput\imports\imported-128ea60fe0ef\bounds_20251211_20251218.json,318,2026-08-07 18:47:50
ProjectOutput\imports\imported-128ea60fe0ef\preview_20251211_20251218.png,282644,2026-08-07 18:47:50
ProjectOutput\imports\imported-128ea60fe0ef\source_20251211_20251218.tif,1751622,2026-08-07 18:47:50
ProjectOutput\imports\imported-128ea60fe0ef\bounds_20251203_20251210.json,318,2026-08-07 18:47:49
ProjectOutput\imports\imported-128ea60fe0ef\preview_20251203_20251210.png,280429,2026-08-07 18:47:49
ProjectOutput\imports\imported-128ea60fe0ef\source_20251203_20251210.tif,1743788,2026-08-07 18:47:48
ProjectOutput\imports\imported-128ea60fe0ef\bounds_20251125_20251202.json,318,2026-08-07 18:47:47
ProjectOutput\imports\imported-128ea60fe0ef\preview_20251125_20251202.png,239303,2026-08-07 18:47:47
ProjectOutput\imports\imported-10a8301d0498\bounds_20251227_20251231.json,317,2026-08-07 18:47:46
ProjectOutput\imports\imported-128ea60fe0ef\source_20251125_20251202.tif,1420232,2026-08-07 18:47:46
ProjectOutput\imports\imported-10a8301d0498\preview_20251227_20251231.png,199592,2026-08-07 18:47:45
ProjectOutput\imports\imported-10a8301d0498\source_20251227_20251231.tif,850946,2026-08-07 18:47:45
ProjectOutput\imports\imported-10a8301d0498\bounds_20251219_20251226.json,317,2026-08-07 18:47:44
ProjectOutput\imports\imported-10a8301d0498\preview_20251219_20251226.png,363672,2026-08-07 18:47:44
ProjectOutput\imports\imported-10a8301d0498\source_20251219_20251226.tif,1604674,2026-08-07 18:47:43
ProjectOutput\imports\imported-10a8301d0498\bounds_20251219_20251220.json,317,2026-08-07 18:47:42
ProjectOutput\imports\imported-10a8301d0498\preview_20251219_20251220.png,28167,2026-08-07 18:47:42
ProjectOutput\imports\imported-10a8301d0498\bounds_20251211_20251218.json,317,2026-08-07 18:47:41
ProjectOutput\imports\imported-10a8301d0498\preview_20251211_20251218.png,362125,2026-08-07 18:47:41
ProjectOutput\imports\imported-10a8301d0498\source_20251219_20251220.tif,94869,2026-08-07 18:47:41
ProjectOutput\imports\imported-10a8301d0498\source_20251211_20251218.tif,1608565,2026-08-07 18:47:40
ProjectOutput\imports\imported-10a8301d0498\bounds_20251203_20251210.json,317,2026-08-07 18:47:39
ProjectOutput\imports\imported-10a8301d0498\preview_20251203_20251210.png,351606,2026-08-07 18:47:39
ProjectOutput\imports\imported-10a8301d0498\source_20251203_20251210.tif,1613482,2026-08-07 18:47:38
ProjectOutput\imports\imported-10a8301d0498\bounds_20251125_20251202.json,317,2026-08-07 18:47:37
ProjectOutput\imports\imported-10a8301d0498\preview_20251125_20251202.png,287509,2026-08-07 18:47:37
ProjectOutput\imports\imported-10a8301d0498\source_20251125_20251202.tif,1273158,2026-08-07 18:47:36
ProjectOutput\imports\_tmp\wf-df93c4ca-0_omega_pix_map.tif,1141980,2026-08-07 18:39:45
ProjectOutput\imports\imported-2572c25a7fac\bounds.json,1434,2026-08-07 14:18:55
ProjectOutput\imports\imported-2572c25a7fac\preview.png,273479,2026-08-07 14:18:55
ProjectOutput\imports\imported-2572c25a7fac\meta.json,663,2026-08-07 14:18:54
ProjectOutput\imports\imported-2572c25a7fac\run-b30f015be110_OMEGA_omega_pix_map.tif,1110026,2026-08-07 14:18:53
ProjectOutput\imports\_locks\imported-a17e4427f11a.lock,1,2026-08-07 14:18:31
ProjectOutput\imports\_locks\imported-128ea60fe0ef.lock,1,2026-08-07 14:18:24
ProjectOutput\imports\_locks\imported-10a8301d0498.lock,1,2026-08-07 14:18:17
ProjectOutput\imports\imported-edd710eb63ad\bounds.json,754,2026-08-07 14:15:17
ProjectOutput\imports\imported-edd710eb63ad\bounds_20251227_20251231.json,320,2026-08-07 14:15:17
ProjectOutput\imports\imported-edd710eb63ad\meta.json,456,2026-08-07 14:15:17
ProjectOutput\imports\imported-edd710eb63ad\preview_20251227_20251231.png,161514,2026-08-07 14:15:17
ProjectOutput\imports\imported-edd710eb63ad\source_20251227_20251231.tif,636172,2026-08-07 14:15:17
ProjectOutput\imports\imported-edd710eb63ad\bounds_20251219_20251226.json,320,2026-08-07 14:15:16
ProjectOutput\imports\imported-edd710eb63ad\preview_20251219_20251226.png,279097,2026-08-07 14:15:16
ProjectOutput\imports\imported-edd710eb63ad\source_20251219_20251226.tif,1111437,2026-08-07 14:15:16
ProjectOutput\imports\imported-edd710eb63ad\bounds_20251219_20251220.json,320,2026-08-07 14:15:15
ProjectOutput\imports\imported-edd710eb63ad\preview_20251219_20251220.png,28113,2026-08-07 14:15:15
ProjectOutput\imports\imported-edd710eb63ad\source_20251219_20251220.tif,95093,2026-08-07 14:15:15
ProjectOutput\imports\imported-edd710eb63ad\bounds_20251211_20251218.json,320,2026-08-07 14:15:14
ProjectOutput\imports\imported-edd710eb63ad\preview_20251211_20251218.png,281116,2026-08-07 14:15:14
ProjectOutput\imports\imported-edd710eb63ad\bounds_20251203_20251210.json,320,2026-08-07 14:15:13
ProjectOutput\imports\imported-edd710eb63ad\preview_20251203_20251210.png,276356,2026-08-07 14:15:13
ProjectOutput\imports\imported-edd710eb63ad\source_20251203_20251210.tif,1146093,2026-08-07 14:15:13
ProjectOutput\imports\imported-edd710eb63ad\source_20251211_20251218.tif,1127850,2026-08-07 14:15:13
ProjectOutput\imports\imported-edd710eb63ad\bounds_20251125_20251202.json,320,2026-08-07 14:15:12
ProjectOutput\imports\imported-edd710eb63ad\preview_20251125_20251202.png,238848,2026-08-07 14:15:12
ProjectOutput\imports\imported-edd710eb63ad\source_20251125_20251202.tif,979438,2026-08-07 14:15:12
ProjectOutput\imports\imported-edd710eb63ad\bounds_20251117_20251124.json,320,2026-08-07 14:15:11
ProjectOutput\imports\imported-edd710eb63ad\preview_20251117_20251124.png,21350,2026-08-07 14:15:11
ProjectOutput\imports\imported-edd710eb63ad\source_20251117_20251124.tif,83366,2026-08-07 14:15:11
ProjectOutput\imports\imported-edd710eb63ad\bounds_20251109_20251116.json,320,2026-08-07 14:15:10
ProjectOutput\imports\imported-edd710eb63ad\preview_20251109_20251116.png,21423,2026-08-07 14:15:10
ProjectOutput\imports\imported-edd710eb63ad\source_20251109_20251116.tif,83447,2026-08-07 14:15:10
ProjectOutput\imports\imported-edd710eb63ad\bounds_20251101_20251108.json,320,2026-08-07 14:15:09
ProjectOutput\imports\imported-edd710eb63ad\preview_20251101_20251108.png,21405,2026-08-07 14:15:09
ProjectOutput\imports\imported-edd710eb63ad\source_20251101_20251108.tif,83436,2026-08-07 14:15:09
ProjectOutput\imports\imported-0606a9e4f882\bounds.json,750,2026-08-07 14:15:08
ProjectOutput\imports\imported-0606a9e4f882\bounds_20251227_20251231.json,318,2026-08-07 14:15:08
ProjectOutput\imports\imported-0606a9e4f882\meta.json,452,2026-08-07 14:15:08
ProjectOutput\imports\imported-0606a9e4f882\preview_20251227_20251231.png,161941,2026-08-07 14:15:08
ProjectOutput\imports\_locks\imported-edd710eb63ad.lock,1,2026-08-07 14:15:08
ProjectOutput\imports\imported-0606a9e4f882\bounds_20251219_20251226.json,318,2026-08-07 14:15:07
ProjectOutput\imports\imported-0606a9e4f882\preview_20251219_20251226.png,282045,2026-08-07 14:15:07
ProjectOutput\imports\imported-0606a9e4f882\source_20251219_20251226.tif,1754688,2026-08-07 14:15:07
ProjectOutput\imports\imported-0606a9e4f882\source_20251227_20251231.tif,907404,2026-08-07 14:15:07
ProjectOutput\imports\imported-0606a9e4f882\bounds_20251219_20251220.json,318,2026-08-07 14:15:06
ProjectOutput\imports\imported-0606a9e4f882\preview_20251219_20251220.png,28356,2026-08-07 14:15:06
ProjectOutput\imports\imported-0606a9e4f882\source_20251219_20251220.tif,95206,2026-08-07 14:15:06
ProjectOutput\imports\imported-0606a9e4f882\bounds_20251211_20251218.json,318,2026-08-07 14:15:05
ProjectOutput\imports\imported-0606a9e4f882\preview_20251211_20251218.png,280719,2026-08-07 14:15:05
ProjectOutput\imports\imported-0606a9e4f882\bounds_20251203_20251210.json,318,2026-08-07 14:15:04
ProjectOutput\imports\imported-0606a9e4f882\preview_20251203_20251210.png,279644,2026-08-07 14:15:04
ProjectOutput\imports\imported-0606a9e4f882\source_20251203_20251210.tif,1744544,2026-08-07 14:15:04
ProjectOutput\imports\imported-0606a9e4f882\source_20251211_20251218.tif,1753072,2026-08-07 14:15:04
ProjectOutput\imports\imported-0606a9e4f882\bounds_20251125_20251202.json,318,2026-08-07 14:15:03
ProjectOutput\imports\imported-0606a9e4f882\preview_20251125_20251202.png,238071,2026-08-07 14:15:03
ProjectOutput\imports\imported-0606a9e4f882\source_20251125_20251202.tif,1420421,2026-08-07 14:15:03
ProjectOutput\imports\imported-0606a9e4f882\bounds_20251117_20251124.json,318,2026-08-07 14:15:02
ProjectOutput\imports\imported-0606a9e4f882\preview_20251117_20251124.png,21352,2026-08-07 14:15:02
ProjectOutput\imports\imported-0606a9e4f882\bounds_20251109_20251116.json,318,2026-08-07 14:15:01
ProjectOutput\imports\imported-0606a9e4f882\preview_20251109_20251116.png,21419,2026-08-07 14:15:01
ProjectOutput\imports\imported-0606a9e4f882\source_20251117_20251124.tif,83362,2026-08-07 14:15:01
ProjectOutput\imports\imported-0606a9e4f882\source_20251109_20251116.tif,83440,2026-08-07 14:15:00
ProjectOutput\imports\imported-0606a9e4f882\bounds_20251101_20251108.json,318,2026-08-07 14:14:59
ProjectOutput\imports\imported-0606a9e4f882\preview_20251101_20251108.png,21408,2026-08-07 14:14:59
ProjectOutput\imports\imported-0606a9e4f882\source_20251101_20251108.tif,83434,2026-08-07 14:14:59
ProjectOutput\imports\imported-42f3fad06548\bounds.json,747,2026-08-07 14:14:58
ProjectOutput\imports\imported-42f3fad06548\bounds_20251227_20251231.json,317,2026-08-07 14:14:58
ProjectOutput\imports\imported-42f3fad06548\meta.json,450,2026-08-07 14:14:58
ProjectOutput\imports\imported-42f3fad06548\preview_20251227_20251231.png,199348,2026-08-07 14:14:58
ProjectOutput\imports\_locks\imported-0606a9e4f882.lock,1,2026-08-07 14:14:58
ProjectOutput\imports\imported-42f3fad06548\bounds_20251219_20251226.json,317,2026-08-07 14:14:57
ProjectOutput\imports\imported-42f3fad06548\preview_20251219_20251226.png,362843,2026-08-07 14:14:57
ProjectOutput\imports\imported-42f3fad06548\source_20251227_20251231.tif,850963,2026-08-07 14:14:57
ProjectOutput\imports\imported-42f3fad06548\bounds_20251219_20251220.json,317,2026-08-07 14:14:56
ProjectOutput\imports\imported-42f3fad06548\preview_20251219_20251220.png,28167,2026-08-07 14:14:56
ProjectOutput\imports\imported-42f3fad06548\source_20251219_20251226.tif,1604102,2026-08-07 14:14:56
ProjectOutput\imports\imported-42f3fad06548\bounds_20251211_20251218.json,317,2026-08-07 14:14:55
ProjectOutput\imports\imported-42f3fad06548\preview_20251211_20251218.png,361709,2026-08-07 14:14:55
ProjectOutput\imports\imported-42f3fad06548\source_20251219_20251220.tif,94869,2026-08-07 14:14:55
ProjectOutput\imports\imported-42f3fad06548\bounds_20251203_20251210.json,317,2026-08-07 14:14:54
ProjectOutput\imports\imported-42f3fad06548\preview_20251203_20251210.png,350971,2026-08-07 14:14:54
ProjectOutput\imports\imported-42f3fad06548\source_20251211_20251218.tif,1607958,2026-08-07 14:14:54
ProjectOutput\imports\imported-42f3fad06548\bounds_20251125_20251202.json,317,2026-08-07 14:14:53
ProjectOutput\imports\imported-42f3fad06548\preview_20251125_20251202.png,287039,2026-08-07 14:14:53
ProjectOutput\imports\imported-42f3fad06548\source_20251203_20251210.tif,1613923,2026-08-07 14:14:53
ProjectOutput\imports\imported-42f3fad06548\bounds_20251117_20251124.json,317,2026-08-07 14:14:52
ProjectOutput\imports\imported-42f3fad06548\preview_20251117_20251124.png,21345,2026-08-07 14:14:52
ProjectOutput\imports\imported-42f3fad06548\source_20251125_20251202.tif,1274589,2026-08-07 14:14:52
ProjectOutput\imports\imported-42f3fad06548\bounds_20251109_20251116.json,317,2026-08-07 14:14:51
ProjectOutput\imports\imported-42f3fad06548\preview_20251109_20251116.png,21418,2026-08-07 14:14:51
ProjectOutput\imports\imported-42f3fad06548\source_20251117_20251124.tif,83363,2026-08-07 14:14:51
ProjectOutput\imports\imported-42f3fad06548\source_20251109_20251116.tif,83448,2026-08-07 14:14:50
ProjectOutput\imports\imported-42f3fad06548\bounds_20251101_20251108.json,317,2026-08-07 14:14:49
ProjectOutput\imports\imported-42f3fad06548\preview_20251101_20251108.png,21403,2026-08-07 14:14:49
ProjectOutput\imports\imported-42f3fad06548\source_20251101_20251108.tif,83433,2026-08-07 14:14:48
ProjectOutput\imports\_locks\imported-42f3fad06548.lock,1,2026-08-07 14:14:48
ProjectOutput\imports\imported-2572c25a7fac\omega_pixel.mat,75146000,2026-08-07 07:39:30
ProjectOutput\imports\imported-f61e9b889805\bounds_20251219_20251220.json,320,2026-08-07 05:44:53
ProjectOutput\imports\imported-f61e9b889805\preview_20251219_20251220.png,28113,2026-08-07 05:44:53
ProjectOutput\imports\imported-f61e9b889805\source_20251219_20251220.tif,95093,2026-08-07 05:44:52
ProjectOutput\imports\_locks\imported-f61e9b889805.lock,1,2026-08-07 05:44:41
ProjectOutput\imports\imported-421ecea99ae5\bounds_20251219_20251220.json,318,2026-08-07 05:44:33
ProjectOutput\imports\imported-421ecea99ae5\preview_20251219_20251220.png,28356,2026-08-07 05:44:33
ProjectOutput\imports\imported-421ecea99ae5\source_20251219_20251220.tif,95206,2026-08-07 05:44:32
ProjectOutput\imports\_locks\imported-421ecea99ae5.lock,1,2026-08-07 05:44:17
ProjectOutput\imports\imported-629a34e665ef\bounds_20251219_20251220.json,317,2026-08-07 05:44:08
ProjectOutput\imports\imported-629a34e665ef\preview_20251219_20251220.png,28167,2026-08-07 05:44:08
ProjectOutput\imports\imported-629a34e665ef\source_20251219_20251220.tif,94869,2026-08-07 05:44:07
ProjectOutput\imports\_locks\imported-629a34e665ef.lock,1,2026-08-07 05:43:49
Inversion_Results\omega_block\d1_8d_stderr.log,2774,2026-08-03 18:08:52
Inversion_Results\omega_block\d1_8d_run.log,321,2026-08-03 17:26:47
Inversion_Results\omega_block\d1_8d_run_state.json,330,2026-08-03 17:26:47
Inversion_Results\omega_block\d1_8d_stdout.log,268,2026-08-03 17:26:47
Inversion_Results\omega_block\d1_8d_run.pid,7,2026-08-03 17:26:39
Inversion_Results\omega_block\omega_block_20251203_20251231.mat,13907778,2026-08-03 03:11:00
Inversion_Results\omega_block\omega_block_20251203_20251231.mat.bootstrap.bak,13907778,2026-08-03 03:11:00
Inversion_Results\omega_block\daily_omega\20251231.mat,310678,2026-08-03 03:10:28
Inversion_Results\omega_block\daily_omega\20251230.mat,310678,2026-08-03 03:10:27
Inversion_Results\omega_block\daily_omega\20251229.mat,310678,2026-08-03 03:10:26
Inversion_Results\omega_block\daily_omega\20251227.mat,310678,2026-08-03 03:10:25
Inversion_Results\omega_block\daily_omega\20251228.mat,310678,2026-08-03 03:10:25
Inversion_Results\omega_block\daily_omega\20251226.mat,344794,2026-08-03 03:10:22
Inversion_Results\omega_block\daily_omega\20251225.mat,344794,2026-08-03 03:10:21
Inversion_Results\omega_block\daily_omega\20251224.mat,344794,2026-08-03 03:10:20
Inversion_Results\omega_block\daily_omega\20251223.mat,344794,2026-08-03 03:10:19
Inversion_Results\omega_block\daily_omega\20251222.mat,344794,2026-08-03 03:10:18
Inversion_Results\omega_block\daily_omega\20251221.mat,344794,2026-08-03 03:10:17
Inversion_Results\omega_block\daily_omega\20251220.mat,344794,2026-08-03 03:10:16
Inversion_Results\omega_block\daily_omega\20251219.mat,344794,2026-08-03 03:10:15
Inversion_Results\omega_block\daily_omega\20251218.mat,344692,2026-08-03 03:10:13
Inversion_Results\omega_block\daily_omega\20251216.mat,344692,2026-08-03 03:10:12
Inversion_Results\omega_block\daily_omega\20251217.mat,344692,2026-08-03 03:10:12
Inversion_Results\omega_block\daily_omega\20251215.mat,344692,2026-08-03 03:10:11
Inversion_Results\omega_block\daily_omega\20251214.mat,344692,2026-08-03 03:10:10
Inversion_Results\omega_block\daily_omega\20251213.mat,344692,2026-08-03 03:10:09
Inversion_Results\omega_block\daily_omega\20251212.mat,344692,2026-08-03 03:10:08
Inversion_Results\omega_block\daily_omega\20251211.mat,344692,2026-08-03 03:10:07
Inversion_Results\omega_block\daily_omega\20251210.mat,344657,2026-08-03 03:10:06
Inversion_Results\omega_block\daily_omega\20251208.mat,344657,2026-08-03 03:10:05
Inversion_Results\omega_block\daily_omega\20251209.mat,344657,2026-08-03 03:10:05
Inversion_Results\omega_block\daily_omega\20251207.mat,344657,2026-08-03 03:10:04
Inversion_Results\omega_block\daily_omega\20251206.mat,344657,2026-08-03 03:10:03
Inversion_Results\omega_block\daily_omega\20251205.mat,344657,2026-08-03 03:10:02
Inversion_Results\omega_block\daily_omega\20251204.mat,344657,2026-08-03 03:10:01
Inversion_Results\omega_block\daily_omega\20251203.mat,344657,2026-08-03 03:10:00
Soil_Moisture\FY3D\20251130.mat,52487837,2026-08-02 01:09:17
Soil_Moisture\FY3D\20251129.mat,52232982,2026-08-02 01:08:24
Soil_Moisture\FY3D\20251128.mat,51937176,2026-08-02 01:07:30
Soil_Moisture\FY3D\20251127.mat,52836823,2026-08-02 01:06:38
Soil_Moisture\FY3D\20251126.mat,48629209,2026-08-02 01:05:44
Soil_Moisture\FY3D\20251125.mat,48617494,2026-08-02 01:04:51
Soil_Moisture\FY3D\20251124.mat,53523965,2026-08-02 01:03:58
Soil_Moisture\FY3D\20251123.mat,52595323,2026-08-02 01:03:02
Soil_Moisture\FY3D\20251122.mat,51033371,2026-08-02 01:02:08
Soil_Moisture\FY3D\20251121.mat,48994620,2026-08-02 01:01:13
Soil_Moisture\FY3D\20251120.mat,53398810,2026-08-02 01:00:18
Soil_Moisture\FY3D\20251119.mat,53563581,2026-08-02 00:59:23
Soil_Moisture\FY3D\20251118.mat,47675026,2026-08-02 00:58:28
Soil_Moisture\FY3D\20251117.mat,49618791,2026-08-02 00:57:36
Soil_Moisture\FY3D\20251116.mat,53284956,2026-08-02 00:56:43
Soil_Moisture\FY3D\20251115.mat,53847022,2026-08-02 00:55:47
Soil_Moisture\FY3D\20251114.mat,45434017,2026-08-02 00:54:51
Soil_Moisture\FY3D\20251113.mat,50447406,2026-08-02 00:54:00
Soil_Moisture\FY3D\20251112.mat,48280905,2026-08-02 00:53:06
Soil_Moisture\FY3D\20251111.mat,45477233,2026-08-02 00:52:16
Soil_Moisture\FY3D\20251110.mat,53429831,2026-08-02 00:51:23
Soil_Moisture\FY3D\20251109.mat,51513346,2026-08-02 00:50:28
Soil_Moisture\FY3D\20251108.mat,54259427,2026-08-02 00:49:34
Soil_Moisture\FY3D\20251107.mat,51550874,2026-08-02 00:48:22
Soil_Moisture\FY3D\20251106.mat,52585167,2026-08-02 00:47:26
Soil_Moisture\FY3D\20251105.mat,53620189,2026-08-02 00:46:33
Soil_Moisture\FY3D\20251104.mat,53569541,2026-08-02 00:45:37
Soil_Moisture\FY3D\20251103.mat,52429431,2026-08-02 00:44:42
Soil_Moisture\FY3D\20251102.mat,49047758,2026-08-02 00:43:43
Soil_Moisture\FY3D\20251101.mat,53251391,2026-08-02 00:42:47
Soil_Moisture\SMAP_Origin_Data\20251130.mat,50128245,2026-08-02 00:41:44
Soil_Moisture\SMAP_Origin_Data\20251129.mat,48794399,2026-08-02 00:40:27
Soil_Moisture\SMAP_Origin_Data\20251128.mat,51449544,2026-08-02 00:39:34
Soil_Moisture\SMAP_Origin_Data\20251127.mat,49240018,2026-08-02 00:38:39
Soil_Moisture\SMAP_Origin_Data\20251126.mat,49463515,2026-08-02 00:37:46
Soil_Moisture\SMAP_Origin_Data\20251125.mat,52017084,2026-08-02 00:36:50
Soil_Moisture\SMAP_Origin_Data\20251124.mat,48628657,2026-08-02 00:35:53
Soil_Moisture\SMAP_Origin_Data\20251123.mat,51409348,2026-08-02 00:35:01
Soil_Moisture\SMAP_Origin_Data\20251122.mat,50899307,2026-08-02 00:34:07
Soil_Moisture\SMAP_Origin_Data\20251121.mat,46181275,2026-08-02 00:33:13
Soil_Moisture\SMAP_Origin_Data\20251120.mat,49503906,2026-08-02 00:32:22
Soil_Moisture\SMAP_Origin_Data\20251119.mat,46324181,2026-08-02 00:31:28
Soil_Moisture\SMAP_Origin_Data\20251118.mat,50248704,2026-08-02 00:30:39
Soil_Moisture\SMAP_Origin_Data\20251117.mat,52501592,2026-08-02 00:29:42
Soil_Moisture\SMAP_Origin_Data\20251116.mat,48822761,2026-08-02 00:28:34
Soil_Moisture\SMAP_Origin_Data\20251115.mat,51730852,2026-08-02 00:27:41
Soil_Moisture\SMAP_Origin_Data\20251114.mat,50646423,2026-08-02 00:26:44
Soil_Moisture\SMAP_Origin_Data\20251113.mat,49057600,2026-08-02 00:25:49
Soil_Moisture\SMAP_Origin_Data\20251112.mat,52417924,2026-08-02 00:24:56
Soil_Moisture\SMAP_Origin_Data\20251111.mat,49926940,2026-08-02 00:24:00
Soil_Moisture\SMAP_Origin_Data\20251110.mat,50298763,2026-08-02 00:23:04
Soil_Moisture\SMAP_Origin_Data\20251109.mat,52903532,2026-08-02 00:22:07
Soil_Moisture\SMAP_Origin_Data\20251108.mat,47948736,2026-08-02 00:21:08
Soil_Moisture\SMAP_Origin_Data\20251107.mat,52219076,2026-08-02 00:20:16
Soil_Moisture\SMAP_Origin_Data\20251106.mat,51297705,2026-08-02 00:19:21
Soil_Moisture\SMAP_Origin_Data\20251105.mat,50788163,2026-08-02 00:18:28
Soil_Moisture\SMAP_Origin_Data\20251104.mat,53266261,2026-08-02 00:17:29
Soil_Moisture\SMAP_Origin_Data\20251103.mat,50852277,2026-08-02 00:16:30
Soil_Moisture\SMAP_Origin_Data\20251102.mat,51835170,2026-08-02 00:15:32
Soil_Moisture\SMAP_Origin_Data\20251101.mat,53839217,2026-08-02 00:14:23
Soil_Moisture\SMAP_Auxiliary_Data\VI_v_qa.mat,88128722,2026-08-02 00:13:02
ProjectOutput\omega_sf_fast_test\_overlay_png\VOD_20251203_20251210_bounds.json,282,2026-07-31 23:27:21
ProjectOutput\omega_sf_fast_test\_overlay_png\VOD_20251211_20251218_bounds.json,282,2026-07-31 23:27:21
ProjectOutput\omega_sf_fast_test\_overlay_png\VOD_20251219_20251226_bounds.json,282,2026-07-31 23:27:21
ProjectOutput\omega_sf_fast_test\_overlay_png\VOD_20251227_20251231_bounds.json,282,2026-07-31 23:27:21
ProjectOutput\omega_sf_fast_test\_overlay_png\VOD_bounds.json,282,2026-07-31 23:27:21
ProjectOutput\omega_sf_fast_test\_overlay_png\OMEGA_20251125_20251202_bounds.json,282,2026-07-31 23:27:20
ProjectOutput\omega_sf_fast_test\_overlay_png\OMEGA_20251203_20251210_bounds.json,282,2026-07-31 23:27:20
ProjectOutput\omega_sf_fast_test\_overlay_png\OMEGA_20251211_20251218_bounds.json,282,2026-07-31 23:27:20
ProjectOutput\omega_sf_fast_test\_overlay_png\OMEGA_20251219_20251226_bounds.json,282,2026-07-31 23:27:20
ProjectOutput\omega_sf_fast_test\_overlay_png\OMEGA_20251227_20251231_bounds.json,282,2026-07-31 23:27:20
ProjectOutput\omega_sf_fast_test\_overlay_png\OMEGA_bounds.json,282,2026-07-31 23:27:20
ProjectOutput\omega_sf_fast_test\_overlay_png\SM_20251125_20251202_bounds.json,282,2026-07-31 23:27:20
ProjectOutput\omega_sf_fast_test\_overlay_png\SM_20251203_20251210_bounds.json,282,2026-07-31 23:27:20
ProjectOutput\omega_sf_fast_test\_overlay_png\SM_20251211_20251218_bounds.json,282,2026-07-31 23:27:20
ProjectOutput\omega_sf_fast_test\_overlay_png\SM_20251219_20251226_bounds.json,282,2026-07-31 23:27:20
ProjectOutput\omega_sf_fast_test\_overlay_png\SM_20251227_20251231_bounds.json,282,2026-07-31 23:27:20
ProjectOutput\omega_sf_fast_test\_overlay_png\SM_bounds.json,282,2026-07-31 23:27:20
ProjectOutput\omega_sf_fast_test\_overlay_png\VOD_20251125_20251202_bounds.json,282,2026-07-31 23:27:20
ProjectOutput\omega_sf_fast_test\_overlay_png\OMEGA_20251227_20251231.png,28751,2026-07-31 23:24:31
ProjectOutput\omega_sf_fast_test\_overlay_png\VOD_20251227_20251231.png,28830,2026-07-31 23:24:29
ProjectOutput\omega_sf_fast_test\_overlay_png\SM_20251227_20251231.png,28856,2026-07-31 23:24:26
ProjectOutput\omega_sf_fast_test\_overlay_png\OMEGA_20251219_20251226.png,44281,2026-07-31 23:24:24
ProjectOutput\omega_sf_fast_test\_overlay_png\VOD_20251219_20251226.png,52097,2026-07-31 23:24:22
ProjectOutput\omega_sf_fast_test\_overlay_png\SM_20251219_20251226.png,54094,2026-07-31 23:24:20
ProjectOutput\omega_sf_fast_test\_overlay_png\OMEGA_20251211_20251218.png,44485,2026-07-31 23:24:18
ProjectOutput\omega_sf_fast_test\_overlay_png\VOD_20251211_20251218.png,51211,2026-07-31 23:24:15
ProjectOutput\omega_sf_fast_test\_overlay_png\SM_20251211_20251218.png,53617,2026-07-31 23:24:13
ProjectOutput\omega_sf_fast_test\_overlay_png\OMEGA_20251203_20251210.png,43358,2026-07-31 23:24:11
ProjectOutput\omega_sf_fast_test\_overlay_png\VOD_20251203_20251210.png,50553,2026-07-31 23:24:09
ProjectOutput\omega_sf_fast_test\_overlay_png\SM_20251203_20251210.png,52189,2026-07-31 23:24:07
ProjectOutput\omega_sf_fast_test\_overlay_png\OMEGA_20251125_20251202.png,40374,2026-07-31 23:24:04
ProjectOutput\omega_sf_fast_test\_overlay_png\VOD_20251125_20251202.png,48567,2026-07-31 23:24:02
ProjectOutput\omega_sf_fast_test\_overlay_png\SM_20251125_20251202.png,50409,2026-07-31 23:24:00
ProjectOutput\omega_sf_fast_test\20251227_20251231.mat,75146456,2026-07-31 23:21:49
ProjectOutput\omega_sf_fast_test\20251211_20251218.mat,75146456,2026-07-31 23:21:48
ProjectOutput\omega_sf_fast_test\20251219_20251226.mat,75146456,2026-07-31 23:21:48
ProjectOutput\omega_sf_fast_test\20251125_20251202.mat,75146456,2026-07-31 23:21:47
ProjectOutput\omega_sf_fast_test\20251203_20251210.mat,75146456,2026-07-31 23:21:47
ProjectOutput\omega_sf_fast_test\omega_pixel.mat,75146000,2026-07-31 23:21:46
ProjectOutput\omega_sf_fast_test\omega_pft.mat,336,2026-07-31 23:21:45
ProjectOutput\2023-01_Omega_Inversion\_overlays\biomass\biomass_overlay.png,4234426,2026-07-30 00:28:38
ProjectOutput\2023-01_Omega_Inversion\_overlays\biomass\biomass_overlay_bounds.json,172,2026-07-30 00:28:38
ProjectOutput\2023-01_Omega_Inversion\_overlays\aux_coupling_h\aux_coupling_h_overlay.png,354208,2026-07-29 13:55:01
ProjectOutput\2023-01_Omega_Inversion\_overlays\aux_coupling_h\aux_coupling_h_overlay_bounds.json,179,2026-07-29 13:55:01
ProjectOutput\2023-01_Omega_Inversion\_overlays\aux_clay_fraction\aux_clay_fraction_overlay.png,288740,2026-07-29 13:55:00
ProjectOutput\2023-01_Omega_Inversion\_overlays\aux_clay_fraction\aux_clay_fraction_overlay_bounds.json,182,2026-07-29 13:55:00
ProjectOutput\2023-01_Omega_Inversion\_overlays\aux_soil_porosity\aux_soil_porosity_overlay.png,338843,2026-07-29 13:55:00
ProjectOutput\2023-01_Omega_Inversion\_overlays\aux_soil_porosity\aux_soil_porosity_overlay_bounds.json,182,2026-07-29 13:55:00
ProjectOutput\2023-01_Omega_Inversion\_overlays\aux_albedo\aux_albedo_overlay.png,248655,2026-07-29 13:54:59
ProjectOutput\2023-01_Omega_Inversion\_overlays\aux_albedo\aux_albedo_overlay_bounds.json,175,2026-07-29 13:54:59
ProjectOutput\2023-01_Omega_Inversion\_overlays\aux_bulk_density\aux_bulk_density_overlay.png,306157,2026-07-29 13:54:59
ProjectOutput\2023-01_Omega_Inversion\_overlays\aux_bulk_density\aux_bulk_density_overlay_bounds.json,181,2026-07-29 13:54:59
ProjectOutput\2023-01_Omega_Inversion\_overlays\aux_roughness_b\aux_roughness_b_overlay.png,274061,2026-07-29 13:54:59
ProjectOutput\2023-01_Omega_Inversion\_overlays\aux_roughness_b\aux_roughness_b_overlay_bounds.json,180,2026-07-29 13:54:59
ProjectOutput\2023-01_Omega_Inversion\_overlays\aux_igbp\aux_igbp_overlay.png,71307,2026-07-29 13:54:58
ProjectOutput\2023-01_Omega_Inversion\_overlays\aux_igbp\aux_igbp_overlay_bounds.json,173,2026-07-29 13:54:58
ProjectOutput\2023-01_Omega_Inversion\_overlays\ndvi_daily_ts\ndvi_daily_ts_20230828.png,267956,2026-07-29 13:54:58
ProjectOutput\2023-01_Omega_Inversion\_overlays\ndvi_daily_ts\ndvi_daily_ts_20230828_bounds.json,175,2026-07-29 13:54:58
ProjectOutput\2023-01_Omega_Inversion\_overlays\ndvi_daily_ts\ndvi_daily_ts_overlay_bounds.json,175,2026-07-29 13:54:58
ProjectOutput\2023-01_Omega_Inversion\_overlays\ndvi_daily_ts\ndvi_daily_ts_20230122.png,132144,2026-07-29 13:54:57
ProjectOutput\2023-01_Omega_Inversion\_overlays\ndvi_daily_ts\ndvi_daily_ts_20230122_bounds.json,175,2026-07-29 13:54:57
ProjectOutput\2023-01_Omega_Inversion\_overlays\ndvi_daily_ts\ndvi_daily_ts_20230511.png,205785,2026-07-29 13:54:57
ProjectOutput\2023-01_Omega_Inversion\_overlays\ndvi_daily_ts\ndvi_daily_ts_20230511_bounds.json,175,2026-07-29 13:54:57
ProjectOutput\2023-01_Omega_Inversion\_overlays\ndvi_daily_ts\ndvi_daily_ts_20220301.png,142002,2026-07-29 13:54:56
ProjectOutput\2023-01_Omega_Inversion\_overlays\ndvi_daily_ts\ndvi_daily_ts_20220301_bounds.json,175,2026-07-29 13:54:56
ProjectOutput\2023-01_Omega_Inversion\_overlays\ndvi_daily_ts\ndvi_daily_ts_20220618.png,265546,2026-07-29 13:54:56
ProjectOutput\2023-01_Omega_Inversion\_overlays\ndvi_daily_ts\ndvi_daily_ts_20220618_bounds.json,175,2026-07-29 13:54:56
ProjectOutput\2023-01_Omega_Inversion\_overlays\ndvi_daily_ts\ndvi_daily_ts_20221005.png,166963,2026-07-29 13:54:56
ProjectOutput\2023-01_Omega_Inversion\_overlays\ndvi_daily_ts\ndvi_daily_ts_20221005_bounds.json,175,2026-07-29 13:54:56
ProjectOutput\2023-01_Omega_Inversion\_overlays\ndvi_daily_ts\ndvi_daily_ts_20210726.png,286929,2026-07-29 13:54:55
ProjectOutput\2023-01_Omega_Inversion\_overlays\ndvi_daily_ts\ndvi_daily_ts_20210726_bounds.json,175,2026-07-29 13:54:55
ProjectOutput\2023-01_Omega_Inversion\_overlays\ndvi_daily_ts\ndvi_daily_ts_20211112.png,137625,2026-07-29 13:54:55
ProjectOutput\2023-01_Omega_Inversion\_overlays\ndvi_daily_ts\ndvi_daily_ts_20211112_bounds.json,175,2026-07-29 13:54:55
ProjectOutput\2023-01_Omega_Inversion\_overlays\ndvi_daily_ts\ndvi_daily_ts_20200902.png,227366,2026-07-29 13:54:54
ProjectOutput\2023-01_Omega_Inversion\_overlays\ndvi_daily_ts\ndvi_daily_ts_20200902_bounds.json,175,2026-07-29 13:54:54
ProjectOutput\2023-01_Omega_Inversion\_overlays\ndvi_daily_ts\ndvi_daily_ts_20201220.png,130667,2026-07-29 13:54:54
ProjectOutput\2023-01_Omega_Inversion\_overlays\ndvi_daily_ts\ndvi_daily_ts_20201220_bounds.json,175,2026-07-29 13:54:54
ProjectOutput\2023-01_Omega_Inversion\_overlays\ndvi_daily_ts\ndvi_daily_ts_20210408.png,169871,2026-07-29 13:54:54
ProjectOutput\2023-01_Omega_Inversion\_overlays\ndvi_daily_ts\ndvi_daily_ts_20210408_bounds.json,175,2026-07-29 13:54:54
ProjectOutput\2023-01_Omega_Inversion\_overlays\ndvi_daily_ts\ndvi_daily_ts_20200128.png,126631,2026-07-29 13:54:53
ProjectOutput\2023-01_Omega_Inversion\_overlays\ndvi_daily_ts\ndvi_daily_ts_20200128_bounds.json,175,2026-07-29 13:54:53
ProjectOutput\2023-01_Omega_Inversion\_overlays\ndvi_daily_ts\ndvi_daily_ts_20200516.png,218643,2026-07-29 13:54:53
ProjectOutput\2023-01_Omega_Inversion\_overlays\ndvi_daily_ts\ndvi_daily_ts_20200516_bounds.json,175,2026-07-29 13:54:53
ProjectOutput\2023-01_Omega_Inversion\_overlays\ndvi_daily_ts\ndvi_daily_ts_20190624.png,251926,2026-07-29 13:54:52
ProjectOutput\2023-01_Omega_Inversion\_overlays\ndvi_daily_ts\ndvi_daily_ts_20190624_bounds.json,175,2026-07-29 13:54:52
ProjectOutput\2023-01_Omega_Inversion\_overlays\ndvi_daily_ts\ndvi_daily_ts_20191011.png,166977,2026-07-29 13:54:52
ProjectOutput\2023-01_Omega_Inversion\_overlays\ndvi_daily_ts\ndvi_daily_ts_20191011_bounds.json,175,2026-07-29 13:54:52
ProjectOutput\2023-01_Omega_Inversion\_overlays\ndvi_daily_ts\ndvi_daily_ts_20180801.png,295901,2026-07-29 13:54:51
ProjectOutput\2023-01_Omega_Inversion\_overlays\ndvi_daily_ts\ndvi_daily_ts_20180801_bounds.json,175,2026-07-29 13:54:51
ProjectOutput\2023-01_Omega_Inversion\_overlays\ndvi_daily_ts\ndvi_daily_ts_20181118.png,132235,2026-07-29 13:54:51
ProjectOutput\2023-01_Omega_Inversion\_overlays\ndvi_daily_ts\ndvi_daily_ts_20181118_bounds.json,175,2026-07-29 13:54:51
ProjectOutput\2023-01_Omega_Inversion\_overlays\ndvi_daily_ts\ndvi_daily_ts_20190307.png,155937,2026-07-29 13:54:51
ProjectOutput\2023-01_Omega_Inversion\_overlays\ndvi_daily_ts\ndvi_daily_ts_20190307_bounds.json,175,2026-07-29 13:54:51
ProjectOutput\2023-01_Omega_Inversion\_overlays\ndvi_daily_ts\ndvi_daily_ts_20171226.png,126254,2026-07-29 13:54:50
ProjectOutput\2023-01_Omega_Inversion\_overlays\ndvi_daily_ts\ndvi_daily_ts_20171226_bounds.json,175,2026-07-29 13:54:50
ProjectOutput\2023-01_Omega_Inversion\_overlays\ndvi_daily_ts\ndvi_daily_ts_20180414.png,167449,2026-07-29 13:54:50
ProjectOutput\2023-01_Omega_Inversion\_overlays\ndvi_daily_ts\ndvi_daily_ts_20180414_bounds.json,175,2026-07-29 13:54:50
ProjectOutput\2023-01_Omega_Inversion\_overlays\ndvi_daily_ts\ndvi_daily_ts_20170202.png,123487,2026-07-29 13:54:49
ProjectOutput\2023-01_Omega_Inversion\_overlays\ndvi_daily_ts\ndvi_daily_ts_20170202_bounds.json,175,2026-07-29 13:54:49
ProjectOutput\2023-01_Omega_Inversion\_overlays\ndvi_daily_ts\ndvi_daily_ts_20170522.png,212829,2026-07-29 13:54:49
ProjectOutput\2023-01_Omega_Inversion\_overlays\ndvi_daily_ts\ndvi_daily_ts_20170522_bounds.json,175,2026-07-29 13:54:49
ProjectOutput\2023-01_Omega_Inversion\_overlays\ndvi_daily_ts\ndvi_daily_ts_20170908.png,209418,2026-07-29 13:54:49
ProjectOutput\2023-01_Omega_Inversion\_overlays\ndvi_daily_ts\ndvi_daily_ts_20170908_bounds.json,175,2026-07-29 13:54:49
ProjectOutput\2023-01_Omega_Inversion\_overlays\ndvi_daily_ts\ndvi_daily_ts_20160629.png,270590,2026-07-29 13:54:48
ProjectOutput\2023-01_Omega_Inversion\_overlays\ndvi_daily_ts\ndvi_daily_ts_20160629_bounds.json,175,2026-07-29 13:54:48
ProjectOutput\2023-01_Omega_Inversion\_overlays\ndvi_daily_ts\ndvi_daily_ts_20161016.png,161870,2026-07-29 13:54:48
ProjectOutput\2023-01_Omega_Inversion\_overlays\ndvi_daily_ts\ndvi_daily_ts_20161016_bounds.json,175,2026-07-29 13:54:48
ProjectOutput\2023-01_Omega_Inversion\_overlays\ndvi_daily_ts\ndvi_daily_ts_20151124.png,123466,2026-07-29 13:54:47
ProjectOutput\2023-01_Omega_Inversion\_overlays\ndvi_daily_ts\ndvi_daily_ts_20151124_bounds.json,175,2026-07-29 13:54:47
ProjectOutput\2023-01_Omega_Inversion\_overlays\ndvi_daily_ts\ndvi_daily_ts_20160312.png,151500,2026-07-29 13:54:47
ProjectOutput\2023-01_Omega_Inversion\_overlays\ndvi_daily_ts\ndvi_daily_ts_20160312_bounds.json,175,2026-07-29 13:54:47
ProjectOutput\2023-01_Omega_Inversion\_overlays\ndvi_daily_ts\ndvi_daily_ts_20150101.png,144133,2026-07-29 13:54:46
ProjectOutput\2023-01_Omega_Inversion\_overlays\ndvi_daily_ts\ndvi_daily_ts_20150101_bounds.json,175,2026-07-29 13:54:46
ProjectOutput\2023-01_Omega_Inversion\_overlays\ndvi_daily_ts\ndvi_daily_ts_20150420.png,180124,2026-07-29 13:54:46
ProjectOutput\2023-01_Omega_Inversion\_overlays\ndvi_daily_ts\ndvi_daily_ts_20150420_bounds.json,175,2026-07-29 13:54:46
ProjectOutput\2023-01_Omega_Inversion\_overlays\ndvi_daily_ts\ndvi_daily_ts_20150807.png,283914,2026-07-29 13:54:46
ProjectOutput\2023-01_Omega_Inversion\_overlays\ndvi_daily_ts\ndvi_daily_ts_20150807_bounds.json,175,2026-07-29 13:54:46
ProjectOutput\2023-01_Omega_Inversion\_overlays\smap_sm_dca_ts\smap_sm_dca_ts_20251209.png,104196,2026-07-29 13:54:45
ProjectOutput\2023-01_Omega_Inversion\_overlays\smap_sm_dca_ts\smap_sm_dca_ts_20251209_bounds.json,176,2026-07-29 13:54:45
ProjectOutput\2023-01_Omega_Inversion\_overlays\smap_sm_dca_ts\smap_sm_dca_ts_overlay_bounds.json,176,2026-07-29 13:54:45
ProjectOutput\2023-01_Omega_Inversion\_overlays\smap_sm_dca_ts\smap_sm_dca_ts_20251208.png,109127,2026-07-29 13:54:44
ProjectOutput\2023-01_Omega_Inversion\_overlays\smap_sm_dca_ts\smap_sm_dca_ts_20251208_bounds.json,176,2026-07-29 13:54:44
ProjectOutput\2023-01_Omega_Inversion\_overlays\smap_sm_dca_ts\smap_sm_dca_ts_20251207.png,101038,2026-07-29 13:54:43
ProjectOutput\2023-01_Omega_Inversion\_overlays\smap_sm_dca_ts\smap_sm_dca_ts_20251207_bounds.json,176,2026-07-29 13:54:43
ProjectOutput\2023-01_Omega_Inversion\_overlays\smap_sm_dca_ts\smap_sm_dca_ts_20251206.png,109256,2026-07-29 13:54:42
ProjectOutput\2023-01_Omega_Inversion\_overlays\smap_sm_dca_ts\smap_sm_dca_ts_20251206_bounds.json,176,2026-07-29 13:54:42
ProjectOutput\2023-01_Omega_Inversion\_overlays\smap_sm_dca_ts\smap_sm_dca_ts_20251205.png,107385,2026-07-29 13:54:40
ProjectOutput\2023-01_Omega_Inversion\_overlays\smap_sm_dca_ts\smap_sm_dca_ts_20251205_bounds.json,176,2026-07-29 13:54:40
ProjectOutput\2023-01_Omega_Inversion\_overlays\smap_sm_dca_ts\smap_sm_dca_ts_20251204.png,103089,2026-07-29 13:54:39
ProjectOutput\2023-01_Omega_Inversion\_overlays\smap_sm_dca_ts\smap_sm_dca_ts_20251204_bounds.json,176,2026-07-29 13:54:39
ProjectOutput\2023-01_Omega_Inversion\_overlays\smap_sm_dca_ts\smap_sm_dca_ts_20251203.png,115520,2026-07-29 13:54:38
ProjectOutput\2023-01_Omega_Inversion\_overlays\smap_sm_dca_ts\smap_sm_dca_ts_20251203_bounds.json,176,2026-07-29 13:54:38
ProjectOutput\2023-01_Omega_Inversion\_overlays\smap_sm_dca_ts\smap_sm_dca_ts_20251202.png,101431,2026-07-29 13:54:37
ProjectOutput\2023-01_Omega_Inversion\_overlays\smap_sm_dca_ts\smap_sm_dca_ts_20251202_bounds.json,176,2026-07-29 13:54:37
ProjectOutput\2023-01_Omega_Inversion\_overlays\smap_sm_dca_ts\smap_sm_dca_ts_20251201.png,104808,2026-07-29 13:54:36
ProjectOutput\2023-01_Omega_Inversion\_overlays\smap_sm_dca_ts\smap_sm_dca_ts_20251201_bounds.json,176,2026-07-29 13:54:36
ProjectOutput\2023-01_Omega_Inversion\_overlays\fy3d_tbv_ts\fy3d_tbv_ts_overlay_bounds.json,179,2026-07-29 13:54:35
ProjectOutput\2023-01_Omega_Inversion\_overlays\fy3d_tbv_ts\fy3d_tbv_ts_20251208.png,571099,2026-07-29 13:54:34
ProjectOutput\2023-01_Omega_Inversion\_overlays\fy3d_tbv_ts\fy3d_tbv_ts_20251208_bounds.json,179,2026-07-29 13:54:34
ProjectOutput\2023-01_Omega_Inversion\_overlays\fy3d_tbv_ts\fy3d_tbv_ts_20251209.png,590671,2026-07-29 13:54:34
ProjectOutput\2023-01_Omega_Inversion\_overlays\fy3d_tbv_ts\fy3d_tbv_ts_20251209_bounds.json,179,2026-07-29 13:54:34
ProjectOutput\2023-01_Omega_Inversion\_overlays\fy3d_tbv_ts\fy3d_tbv_ts_20251207.png,581117,2026-07-29 13:54:33
ProjectOutput\2023-01_Omega_Inversion\_overlays\fy3d_tbv_ts\fy3d_tbv_ts_20251207_bounds.json,179,2026-07-29 13:54:33
ProjectOutput\2023-01_Omega_Inversion\_overlays\fy3d_tbv_ts\fy3d_tbv_ts_20251205.png,576327,2026-07-29 13:54:32
ProjectOutput\2023-01_Omega_Inversion\_overlays\fy3d_tbv_ts\fy3d_tbv_ts_20251205_bounds.json,179,2026-07-29 13:54:32
ProjectOutput\2023-01_Omega_Inversion\_overlays\fy3d_tbv_ts\fy3d_tbv_ts_20251206.png,594815,2026-07-29 13:54:32
ProjectOutput\2023-01_Omega_Inversion\_overlays\fy3d_tbv_ts\fy3d_tbv_ts_20251206_bounds.json,179,2026-07-29 13:54:32
ProjectOutput\2023-01_Omega_Inversion\_overlays\fy3d_tbv_ts\fy3d_tbv_ts_20251204.png,580612,2026-07-29 13:54:31
ProjectOutput\2023-01_Omega_Inversion\_overlays\fy3d_tbv_ts\fy3d_tbv_ts_20251204_bounds.json,179,2026-07-29 13:54:31
ProjectOutput\2023-01_Omega_Inversion\_overlays\fy3d_tbv_ts\fy3d_tbv_ts_20251202.png,570085,2026-07-29 13:54:30
ProjectOutput\2023-01_Omega_Inversion\_overlays\fy3d_tbv_ts\fy3d_tbv_ts_20251202_bounds.json,179,2026-07-29 13:54:30
ProjectOutput\2023-01_Omega_Inversion\_overlays\fy3d_tbv_ts\fy3d_tbv_ts_20251203.png,595368,2026-07-29 13:54:30
ProjectOutput\2023-01_Omega_Inversion\_overlays\fy3d_tbv_ts\fy3d_tbv_ts_20251203_bounds.json,179,2026-07-29 13:54:30
ProjectOutput\2023-01_Omega_Inversion\_overlays\fy3d_tbv_ts\fy3d_tbv_ts_20251201.png,592708,2026-07-29 13:54:29
ProjectOutput\2023-01_Omega_Inversion\_overlays\fy3d_tbv_ts\fy3d_tbv_ts_20251201_bounds.json,179,2026-07-29 13:54:29
ProjectOutput\2023-01_Omega_Inversion\_overlays\fy3b_tbv_ts\fy3b_tbv_ts_20251208.png,568230,2026-07-29 13:54:28
ProjectOutput\2023-01_Omega_Inversion\_overlays\fy3b_tbv_ts\fy3b_tbv_ts_20251208_bounds.json,179,2026-07-29 13:54:28
ProjectOutput\2023-01_Omega_Inversion\_overlays\fy3b_tbv_ts\fy3b_tbv_ts_20251209.png,588443,2026-07-29 13:54:28
ProjectOutput\2023-01_Omega_Inversion\_overlays\fy3b_tbv_ts\fy3b_tbv_ts_20251209_bounds.json,179,2026-07-29 13:54:28
ProjectOutput\2023-01_Omega_Inversion\_overlays\fy3b_tbv_ts\fy3b_tbv_ts_overlay_bounds.json,179,2026-07-29 13:54:28
ProjectOutput\2023-01_Omega_Inversion\_overlays\fy3b_tbv_ts\fy3b_tbv_ts_20251207.png,578524,2026-07-29 13:54:27
ProjectOutput\2023-01_Omega_Inversion\_overlays\fy3b_tbv_ts\fy3b_tbv_ts_20251207_bounds.json,179,2026-07-29 13:54:27
ProjectOutput\2023-01_Omega_Inversion\_overlays\fy3b_tbv_ts\fy3b_tbv_ts_20251206.png,593759,2026-07-29 13:54:26
ProjectOutput\2023-01_Omega_Inversion\_overlays\fy3b_tbv_ts\fy3b_tbv_ts_20251206_bounds.json,179,2026-07-29 13:54:26
ProjectOutput\2023-01_Omega_Inversion\_overlays\fy3b_tbv_ts\fy3b_tbv_ts_20251204.png,577740,2026-07-29 13:54:25
ProjectOutput\2023-01_Omega_Inversion\_overlays\fy3b_tbv_ts\fy3b_tbv_ts_20251204_bounds.json,179,2026-07-29 13:54:25
ProjectOutput\2023-01_Omega_Inversion\_overlays\fy3b_tbv_ts\fy3b_tbv_ts_20251205.png,572909,2026-07-29 13:54:25
ProjectOutput\2023-01_Omega_Inversion\_overlays\fy3b_tbv_ts\fy3b_tbv_ts_20251205_bounds.json,179,2026-07-29 13:54:25
ProjectOutput\2023-01_Omega_Inversion\_overlays\fy3b_tbv_ts\fy3b_tbv_ts_20251203.png,593514,2026-07-29 13:54:24
ProjectOutput\2023-01_Omega_Inversion\_overlays\fy3b_tbv_ts\fy3b_tbv_ts_20251203_bounds.json,179,2026-07-29 13:54:24
ProjectOutput\2023-01_Omega_Inversion\_overlays\fy3b_tbv_ts\fy3b_tbv_ts_20251201.png,589851,2026-07-29 13:54:23
ProjectOutput\2023-01_Omega_Inversion\_overlays\fy3b_tbv_ts\fy3b_tbv_ts_20251201_bounds.json,179,2026-07-29 13:54:23
ProjectOutput\2023-01_Omega_Inversion\_overlays\fy3b_tbv_ts\fy3b_tbv_ts_20251202.png,569029,2026-07-29 13:54:23
ProjectOutput\2023-01_Omega_Inversion\_overlays\fy3b_tbv_ts\fy3b_tbv_ts_20251202_bounds.json,179,2026-07-29 13:54:23
Soil_Moisture\FY3B\20190101.mat.part,28311552,2026-07-29 08:45:37
Soil_Moisture\SMAP_Auxiliary_Data\NDVI_clim\280.mat,8883414,2026-07-27 21:24:12
Soil_Moisture\SMAP_Auxiliary_Data\NDVI_clim\366.mat,73182,2026-07-27 21:22:10
Soil_Moisture\SMAP_Auxiliary_Data\NDVI_clim\365.mat,73182,2026-07-27 21:22:09
Soil_Moisture\SMAP_Auxiliary_Data\NDVI_clim\364.mat,73182,2026-07-27 21:22:07
Soil_Moisture\SMAP_Auxiliary_Data\NDVI_clim\363.mat,73182,2026-07-27 21:22:06
Soil_Moisture\SMAP_Auxiliary_Data\NDVI_clim\362.mat,73182,2026-07-27 21:22:04
Soil_Moisture\SMAP_Auxiliary_Data\NDVI_clim\361.mat,8063971,2026-07-27 21:22:02
Soil_Moisture\SMAP_Auxiliary_Data\NDVI_clim\360.mat,7624778,2026-07-27 21:21:59
Soil_Moisture\SMAP_Auxiliary_Data\NDVI_clim\359.mat,7624350,2026-07-27 21:21:56
Soil_Moisture\SMAP_Auxiliary_Data\NDVI_clim\358.mat,7624482,2026-07-27 21:21:54
Soil_Moisture\SMAP_Auxiliary_Data\NDVI_clim\357.mat,7624453,2026-07-27 21:21:52
Soil_Moisture\SMAP_Auxiliary_Data\NDVI_clim\356.mat,7624658,2026-07-27 21:21:50
Soil_Moisture\SMAP_Auxiliary_Data\NDVI_clim\355.mat,7624883,2026-07-27 21:21:46
Soil_Moisture\SMAP_Auxiliary_Data\NDVI_clim\354.mat,7624989,2026-07-27 21:21:44
Soil_Moisture\SMAP_Auxiliary_Data\NDVI_clim\353.mat,7625051,2026-07-27 21:21:42
Soil_Moisture\SMAP_Auxiliary_Data\NDVI_clim\352.mat,7465427,2026-07-27 21:21:39
Soil_Moisture\SMAP_Auxiliary_Data\NDVI_clim\351.mat,7465566,2026-07-27 21:21:37
Soil_Moisture\SMAP_Auxiliary_Data\NDVI_clim\350.mat,7464967,2026-07-27 21:21:35
Soil_Moisture\SMAP_Auxiliary_Data\NDVI_clim\349.mat,7464721,2026-07-27 21:21:33
Soil_Moisture\SMAP_Auxiliary_Data\NDVI_clim\348.mat,7464434,2026-07-27 21:21:30
Soil_Moisture\SMAP_Auxiliary_Data\NDVI_clim\347.mat,7464870,2026-07-27 21:21:28
Soil_Moisture\SMAP_Auxiliary_Data\NDVI_clim\346.mat,7465450,2026-07-27 21:21:26
Soil_Moisture\SMAP_Auxiliary_Data\NDVI_clim\345.mat,7465539,2026-07-27 21:21:24
Soil_Moisture\SMAP_Auxiliary_Data\NDVI_clim\344.mat,7359433,2026-07-27 21:21:22
Soil_Moisture\SMAP_Auxiliary_Data\NDVI_clim\343.mat,7359502,2026-07-27 21:21:20
Soil_Moisture\SMAP_Auxiliary_Data\NDVI_clim\342.mat,7359711,2026-07-27 21:21:18
Soil_Moisture\SMAP_Auxiliary_Data\NDVI_clim\341.mat,7359533,2026-07-27 21:21:16
Soil_Moisture\SMAP_Auxiliary_Data\NDVI_clim\340.mat,7359274,2026-07-27 21:21:14
Soil_Moisture\SMAP_Auxiliary_Data\NDVI_clim\339.mat,7359734,2026-07-27 21:21:12
Soil_Moisture\SMAP_Auxiliary_Data\NDVI_clim\338.mat,7359303,2026-07-27 21:21:10
Soil_Moisture\SMAP_Auxiliary_Data\NDVI_clim\337.mat,7359429,2026-07-27 21:21:07
Soil_Moisture\SMAP_Auxiliary_Data\NDVI_clim\336.mat,7214194,2026-07-27 21:21:05
Soil_Moisture\SMAP_Auxiliary_Data\NDVI_clim\335.mat,7214158,2026-07-27 21:21:03
Soil_Moisture\SMAP_Auxiliary_Data\NDVI_clim\334.mat,7214034,2026-07-27 21:21:01
Soil_Moisture\SMAP_Auxiliary_Data\NDVI_clim\333.mat,7214256,2026-07-27 21:20:59
Soil_Moisture\SMAP_Auxiliary_Data\NDVI_clim\332.mat,7213762,2026-07-27 21:20:57
Soil_Moisture\SMAP_Auxiliary_Data\NDVI_clim\331.mat,7214045,2026-07-27 21:20:55
Soil_Moisture\SMAP_Auxiliary_Data\NDVI_clim\330.mat,7214494,2026-07-27 21:20:52
Soil_Moisture\SMAP_Auxiliary_Data\NDVI_clim\329.mat,7371775,2026-07-27 21:20:50
Soil_Moisture\SMAP_Auxiliary_Data\NDVI_clim\328.mat,7263138,2026-07-27 21:20:48
Soil_Moisture\SMAP_Auxiliary_Data\NDVI_clim\327.mat,7263113,2026-07-27 21:20:45
Soil_Moisture\SMAP_Auxiliary_Data\NDVI_clim\326.mat,7263197,2026-07-27 21:20:43
Soil_Moisture\SMAP_Auxiliary_Data\NDVI_clim\325.mat,7262498,2026-07-27 21:20:40
Soil_Moisture\SMAP_Auxiliary_Data\NDVI_clim\324.mat,7262619,2026-07-27 21:20:38
Soil_Moisture\SMAP_Auxiliary_Data\NDVI_clim\323.mat,7263125,2026-07-27 21:20:36
Soil_Moisture\SMAP_Auxiliary_Data\NDVI_clim\322.mat,7263064,2026-07-27 21:20:34
Soil_Moisture\SMAP_Auxiliary_Data\NDVI_clim\321.mat,7911568,2026-07-27 21:20:32
Soil_Moisture\SMAP_Auxiliary_Data\NDVI_clim\320.mat,7697681,2026-07-27 21:20:30
Soil_Moisture\SMAP_Auxiliary_Data\NDVI_clim\319.mat,7697218,2026-07-27 21:20:28
Soil_Moisture\SMAP_Auxiliary_Data\NDVI_clim\318.mat,7697159,2026-07-27 21:20:27
Soil_Moisture\SMAP_Auxiliary_Data\NDVI_clim\317.mat,7697301,2026-07-27 21:20:25
Soil_Moisture\SMAP_Auxiliary_Data\NDVI_clim\316.mat,7697374,2026-07-27 21:20:23
Soil_Moisture\SMAP_Auxiliary_Data\NDVI_clim\315.mat,7697398,2026-07-27 21:20:21
Soil_Moisture\SMAP_Auxiliary_Data\NDVI_clim\314.mat,7697509,2026-07-27 21:20:19
Soil_Moisture\SMAP_Auxiliary_Data\NDVI_clim\313.mat,8079651,2026-07-27 21:20:17
Soil_Moisture\SMAP_Auxiliary_Data\NDVI_clim\312.mat,7967945,2026-07-27 21:20:15
Soil_Moisture\SMAP_Auxiliary_Data\NDVI_clim\311.mat,7967621,2026-07-27 21:20:13
Soil_Moisture\SMAP_Auxiliary_Data\NDVI_clim\310.mat,7967811,2026-07-27 21:20:11
Soil_Moisture\SMAP_Auxiliary_Data\NDVI_clim\309.mat,7967643,2026-07-27 21:20:09
Soil_Moisture\SMAP_Auxiliary_Data\NDVI_clim\308.mat,7967719,2026-07-27 21:20:07
Soil_Moisture\SMAP_Auxiliary_Data\NDVI_clim\307.mat,7967418,2026-07-27 21:20:05
Soil_Moisture\SMAP_Auxiliary_Data\NDVI_clim\306.mat,7967687,2026-07-27 21:20:02
Soil_Moisture\SMAP_Auxiliary_Data\NDVI_clim\305.mat,8380740,2026-07-27 21:20:00
Soil_Moisture\SMAP_Auxiliary_Data\NDVI_clim\304.mat,8157369,2026-07-27 21:19:58
Soil_Moisture\SMAP_Auxiliary_Data\NDVI_clim\303.mat,8157185,2026-07-27 21:19:56
Soil_Moisture\SMAP_Auxiliary_Data\NDVI_clim\302.mat,8157130,2026-07-27 21:19:54
Soil_Moisture\SMAP_Auxiliary_Data\NDVI_clim\301.mat,8156943,2026-07-27 21:19:51
Soil_Moisture\SMAP_Auxiliary_Data\NDVI_clim\300.mat,8156700,2026-07-27 21:19:49
Soil_Moisture\SMAP_Auxiliary_Data\NDVI_clim\299.mat,8157405,2026-07-27 21:19:47
Soil_Moisture\SMAP_Auxiliary_Data\NDVI_clim\298.mat,8157328,2026-07-27 21:19:44
Soil_Moisture\SMAP_Auxiliary_Data\NDVI_clim\297.mat,8483391,2026-07-27 21:19:41
Soil_Moisture\SMAP_Auxiliary_Data\NDVI_clim\296.mat,8367149,2026-07-27 21:19:39
Soil_Moisture\SMAP_Auxiliary_Data\NDVI_clim\295.mat,8366954,2026-07-27 21:19:36
Soil_Moisture\SMAP_Auxiliary_Data\NDVI_clim\294.mat,8366909,2026-07-27 21:19:34
Soil_Moisture\SMAP_Auxiliary_Data\NDVI_clim\293.mat,8366874,2026-07-27 21:19:32
Soil_Moisture\SMAP_Auxiliary_Data\NDVI_clim\292.mat,8366716,2026-07-27 21:19:30
Soil_Moisture\SMAP_Auxiliary_Data\NDVI_clim\291.mat,8366849,2026-07-27 21:19:28
Soil_Moisture\SMAP_Auxiliary_Data\NDVI_clim\290.mat,8367147,2026-07-27 21:19:25
Soil_Moisture\SMAP_Auxiliary_Data\NDVI_clim\289.mat,8831078,2026-07-27 21:19:24
Soil_Moisture\SMAP_Auxiliary_Data\NDVI_clim\288.mat,8563532,2026-07-27 21:19:21
Soil_Moisture\SMAP_Auxiliary_Data\NDVI_clim\287.mat,8563579,2026-07-27 21:19:19
Soil_Moisture\SMAP_Auxiliary_Data\NDVI_clim\286.mat,8562819,2026-07-27 21:19:17
Soil_Moisture\SMAP_Auxiliary_Data\NDVI_clim\285.mat,8562971,2026-07-27 21:19:15
Soil_Moisture\SMAP_Auxiliary_Data\NDVI_clim\284.mat,8562872,2026-07-27 21:19:13
Soil_Moisture\SMAP_Auxiliary_Data\NDVI_clim\283.mat,8563437,2026-07-27 21:19:10
Soil_Moisture\SMAP_Auxiliary_Data\NDVI_clim\282.mat,8563202,2026-07-27 21:19:08
Soil_Moisture\SMAP_Auxiliary_Data\NDVI_clim\281.mat,9045031,2026-07-27 21:19:06
Soil_Moisture\FY3B\20260101.mat,30370368,2026-07-27 15:01:09
Soil_Moisture\FY3D\20260101.mat,30365489,2026-07-27 15:01:05
Soil_Moisture\FY3B\20251231.mat,31731184,2026-07-27 15:01:00
Soil_Moisture\FY3D\20251231.mat,31723874,2026-07-27 15:00:55
Soil_Moisture\FY3B\20251230.mat,33076006,2026-07-27 15:00:50
Soil_Moisture\FY3D\20251230.mat,33069794,2026-07-27 15:00:45
Soil_Moisture\FY3B\20251229.mat,31831908,2026-07-27 15:00:39
Soil_Moisture\FY3D\20251229.mat,31825900,2026-07-27 15:00:34
Soil_Moisture\FY3B\20251228.mat,32410762,2026-07-27 15:00:28
Soil_Moisture\FY3D\20251228.mat,32402551,2026-07-27 15:00:22
Soil_Moisture\FY3B\20251227.mat,32921150,2026-07-27 15:00:16
Soil_Moisture\FY3D\20251227.mat,32912804,2026-07-27 15:00:11
Soil_Moisture\FY3B\20251226.mat,31300764,2026-07-27 15:00:05
Soil_Moisture\FY3D\20251226.mat,31294681,2026-07-27 15:00:01
Soil_Moisture\FY3B\20251225.mat,32935779,2026-07-27 14:59:55
Soil_Moisture\FY3D\20251225.mat,32928319,2026-07-27 14:59:51
Soil_Moisture\FY3B\20251224.mat,32352484,2026-07-27 14:59:44
Soil_Moisture\FY3D\20251224.mat,32346014,2026-07-27 14:59:39
Soil_Moisture\FY3B\20251223.mat,31758209,2026-07-27 14:59:33
Soil_Moisture\FY3D\20251223.mat,31749336,2026-07-27 14:59:29
Soil_Moisture\FY3B\20251222.mat,33136174,2026-07-27 14:59:22
Soil_Moisture\FY3D\20251222.mat,33127162,2026-07-27 14:59:16
Soil_Moisture\FY3B\20251221.mat,31875829,2026-07-27 14:59:09
Soil_Moisture\FY3D\20251221.mat,31867984,2026-07-27 14:59:05
Soil_Moisture\FY3B\20251220.mat,32454896,2026-07-27 14:58:59
Soil_Moisture\FY3D\20251220.mat,32444910,2026-07-27 14:58:54
Soil_Moisture\FY3B\20251219.mat,32962231,2026-07-27 14:58:48
Soil_Moisture\FY3D\20251219.mat,32953065,2026-07-27 14:58:43
Soil_Moisture\FY3B\20251218.mat,31320672,2026-07-27 14:58:37
Soil_Moisture\FY3D\20251218.mat,31314728,2026-07-27 14:58:32
Soil_Moisture\FY3B\20251217.mat,32984961,2026-07-27 14:58:26
Soil_Moisture\FY3D\20251217.mat,32978895,2026-07-27 14:58:21
Soil_Moisture\FY3B\20251216.mat,32364326,2026-07-27 14:58:14
Soil_Moisture\FY3D\20251216.mat,32356943,2026-07-27 14:58:09
Soil_Moisture\FY3B\20251215.mat,31833722,2026-07-27 14:58:02
Soil_Moisture\FY3D\20251215.mat,31825066,2026-07-27 14:57:57
Soil_Moisture\FY3B\20251214.mat,30881037,2026-07-27 14:57:51
Soil_Moisture\FY3D\20251214.mat,30873753,2026-07-27 14:57:47
Soil_Moisture\FY3B\20251213.mat,31788668,2026-07-27 14:57:41
Soil_Moisture\FY3D\20251213.mat,31781981,2026-07-27 14:57:36
Soil_Moisture\FY3B\20251212.mat,32436669,2026-07-27 14:57:30
Soil_Moisture\FY3D\20251212.mat,32429678,2026-07-27 14:57:25
Soil_Moisture\FY3B\20251211.mat,32902651,2026-07-27 14:57:19
Soil_Moisture\FY3D\20251211.mat,32894202,2026-07-27 14:57:14
Soil_Moisture\FY3B\20251210.mat,31267731,2026-07-27 14:57:09
Soil_Moisture\FY3D\20251210.mat,31261693,2026-07-27 14:57:04
Soil_Moisture\FY3B\20251209.mat,32954448,2026-07-27 14:56:57
Soil_Moisture\FY3D\20251209.mat,32946634,2026-07-27 14:56:52
Soil_Moisture\FY3B\20251208.mat,31202143,2026-07-27 14:56:45
Soil_Moisture\FY3D\20251208.mat,31194035,2026-07-27 14:56:41
Soil_Moisture\FY3B\20251207.mat,31846923,2026-07-27 14:56:35
Soil_Moisture\FY3D\20251207.mat,31840218,2026-07-27 14:56:31
Soil_Moisture\FY3B\20251206.mat,32947797,2026-07-27 14:56:25
Soil_Moisture\FY3D\20251206.mat,32939242,2026-07-27 14:56:21
Soil_Moisture\FY3B\20251205.mat,31702887,2026-07-27 14:56:15
Soil_Moisture\FY3D\20251205.mat,31697464,2026-07-27 14:56:10
Soil_Moisture\FY3B\20251204.mat,32411009,2026-07-27 14:56:05
Soil_Moisture\FY3D\20251204.mat,32403958,2026-07-27 14:56:00
Soil_Moisture\FY3B\20251203.mat,32971850,2026-07-27 14:55:53
Soil_Moisture\FY3D\20251203.mat,32963623,2026-07-27 14:55:48
Soil_Moisture\FY3B\20251202.mat,31262725,2026-07-27 14:55:41
Soil_Moisture\FY3D\20251202.mat,31257766,2026-07-27 14:55:36
Soil_Moisture\FY3B\20251201.mat,32964428,2026-07-27 14:55:31
Soil_Moisture\FY3D\20251201.mat,32957433,2026-07-27 14:55:26
Soil_Moisture\SMAP_Auxiliary_Data\NDVI_clim\278.mat,8883133,2026-07-26 19:22:39
Soil_Moisture\SMAP_Auxiliary_Data\NDVI_clim\279.mat,8884012,2026-07-26 19:22:39
Soil_Moisture\SMAP_Auxiliary_Data\NDVI_clim\277.mat,8883131,2026-07-26 19:22:38
Soil_Moisture\SMAP_Auxiliary_Data\NDVI_clim\275.mat,8882951,2026-07-26 19:22:37
Soil_Moisture\SMAP_Auxiliary_Data\NDVI_clim\276.mat,8883421,2026-07-26 19:22:37
Soil_Moisture\SMAP_Auxiliary_Data\NDVI_clim\273.mat,9449651,2026-07-26 19:22:36
Soil_Moisture\SMAP_Auxiliary_Data\NDVI_clim\274.mat,8883182,2026-07-26 19:22:36
Soil_Moisture\SMAP_Auxiliary_Data\NDVI_clim\272.mat,9150515,2026-07-26 19:22:35
Soil_Moisture\SMAP_Auxiliary_Data\NDVI_clim\270.mat,9148835,2026-07-26 19:22:34
Soil_Moisture\SMAP_Auxiliary_Data\NDVI_clim\271.mat,9149731,2026-07-26 19:22:34
Soil_Moisture\SMAP_Auxiliary_Data\NDVI_clim\268.mat,9148268,2026-07-26 19:22:33
Soil_Moisture\SMAP_Auxiliary_Data\NDVI_clim\269.mat,9148516,2026-07-26 19:22:33
Soil_Moisture\SMAP_Auxiliary_Data\NDVI_clim\267.mat,9148545,2026-07-26 19:22:32
Soil_Moisture\SMAP_Auxiliary_Data\NDVI_clim\265.mat,9668337,2026-07-26 19:22:31
Soil_Moisture\SMAP_Auxiliary_Data\NDVI_clim\266.mat,9148301,2026-07-26 19:22:31
Soil_Moisture\SMAP_Auxiliary_Data\NDVI_clim\264.mat,9477218,2026-07-26 19:22:30
Soil_Moisture\SMAP_Auxiliary_Data\NDVI_clim\262.mat,9475878,2026-07-26 19:22:29
Soil_Moisture\SMAP_Auxiliary_Data\NDVI_clim\263.mat,9476817,2026-07-26 19:22:29
Soil_Moisture\SMAP_Auxiliary_Data\NDVI_clim\261.mat,9475009,2026-07-26 19:22:28
Soil_Moisture\SMAP_Auxiliary_Data\NDVI_clim\259.mat,9474598,2026-07-26 19:22:27
Soil_Moisture\SMAP_Auxiliary_Data\NDVI_clim\260.mat,9474689,2026-07-26 19:22:27
Soil_Moisture\SMAP_Auxiliary_Data\NDVI_clim\257.mat,10069294,2026-07-26 19:22:26
Soil_Moisture\SMAP_Auxiliary_Data\NDVI_clim\258.mat,9474902,2026-07-26 19:22:26
Soil_Moisture\SMAP_Auxiliary_Data\NDVI_clim\256.mat,9771606,2026-07-26 19:22:25
Soil_Moisture\SMAP_Auxiliary_Data\NDVI_clim\254.mat,9771310,2026-07-26 19:22:24
Soil_Moisture\SMAP_Auxiliary_Data\NDVI_clim\255.mat,9770705,2026-07-26 19:22:24
Soil_Moisture\SMAP_Auxiliary_Data\NDVI_clim\252.mat,9770942,2026-07-26 19:22:23
Soil_Moisture\SMAP_Auxiliary_Data\NDVI_clim\253.mat,9771109,2026-07-26 19:22:23
Soil_Moisture\SMAP_Auxiliary_Data\NDVI_clim\251.mat,9770668,2026-07-26 19:22:22
Soil_Moisture\SMAP_Auxiliary_Data\NDVI_clim\249.mat,10413069,2026-07-26 19:22:21
Soil_Moisture\SMAP_Auxiliary_Data\NDVI_clim\250.mat,9771083,2026-07-26 19:22:21
Soil_Moisture\SMAP_Auxiliary_Data\NDVI_clim\247.mat,10210663,2026-07-26 19:22:20
Soil_Moisture\SMAP_Auxiliary_Data\NDVI_clim\248.mat,10211599,2026-07-26 19:22:20
Soil_Moisture\SMAP_Auxiliary_Data\NDVI_clim\246.mat,10210268,2026-07-26 19:22:19
Soil_Moisture\SMAP_Auxiliary_Data\NDVI_clim\244.mat,10209722,2026-07-26 19:22:18
Soil_Moisture\SMAP_Auxiliary_Data\NDVI_clim\245.mat,10209804,2026-07-26 19:22:18
Soil_Moisture\SMAP_Auxiliary_Data\NDVI_clim\242.mat,10209728,2026-07-26 19:22:17
Soil_Moisture\SMAP_Auxiliary_Data\NDVI_clim\243.mat,10209734,2026-07-26 19:22:17
Soil_Moisture\SMAP_Auxiliary_Data\NDVI_clim\241.mat,10797332,2026-07-26 19:22:16
Soil_Moisture\SMAP_Auxiliary_Data\NDVI_clim\240.mat,10408849,2026-07-26 19:22:15
Soil_Moisture\SMAP_Auxiliary_Data\NDVI_clim\239.mat,10408262,2026-07-26 19:22:14
Soil_Moisture\SMAP_Auxiliary_Data\NDVI_clim\237.mat,10407664,2026-07-26 19:22:13
Soil_Moisture\SMAP_Auxiliary_Data\NDVI_clim\238.mat,10408281,2026-07-26 19:22:13
Soil_Moisture\SMAP_Auxiliary_Data\NDVI_clim\236.mat,10407418,2026-07-26 19:22:12
Soil_Moisture\SMAP_Auxiliary_Data\NDVI_clim\234.mat,10407330,2026-07-26 19:22:11
Soil_Moisture\SMAP_Auxiliary_Data\NDVI_clim\235.mat,10406982,2026-07-26 19:22:11
Soil_Moisture\SMAP_Auxiliary_Data\NDVI_clim\233.mat,10823603,2026-07-26 19:22:10
Soil_Moisture\SMAP_Auxiliary_Data\NDVI_clim\232.mat,10573024,2026-07-26 19:22:09
Soil_Moisture\SMAP_Auxiliary_Data\NDVI_clim\230.mat,10572242,2026-07-26 19:22:08
Soil_Moisture\SMAP_Auxiliary_Data\NDVI_clim\231.mat,10572524,2026-07-26 19:22:08
Soil_Moisture\SMAP_Auxiliary_Data\NDVI_clim\229.mat,10572086,2026-07-26 19:22:07
Soil_Moisture\SMAP_Auxiliary_Data\NDVI_clim\227.mat,10571765,2026-07-26 19:22:06
Soil_Moisture\SMAP_Auxiliary_Data\NDVI_clim\228.mat,10571779,2026-07-26 19:22:06
Soil_Moisture\SMAP_Auxiliary_Data\NDVI_clim\226.mat,10571582,2026-07-26 19:22:05
Soil_Moisture\SMAP_Auxiliary_Data\NDVI_clim\224.mat,10582770,2026-07-26 19:22:04
Soil_Moisture\SMAP_Auxiliary_Data\NDVI_clim\225.mat,10956828,2026-07-26 19:22:04
Soil_Moisture\SMAP_Auxiliary_Data\NDVI_clim\223.mat,10582285,2026-07-26 19:22:03
Soil_Moisture\SMAP_Auxiliary_Data\NDVI_clim\221.mat,10582036,2026-07-26 19:22:02
Soil_Moisture\SMAP_Auxiliary_Data\NDVI_clim\222.mat,10582208,2026-07-26 19:22:02
Soil_Moisture\SMAP_Auxiliary_Data\NDVI_clim\220.mat,10582075,2026-07-26 19:22:01
Soil_Moisture\SMAP_Auxiliary_Data\NDVI_clim\218.mat,10582169,2026-07-26 19:22:00
Soil_Moisture\SMAP_Auxiliary_Data\NDVI_clim\219.mat,10582098,2026-07-26 19:22:00
Soil_Moisture\SMAP_Auxiliary_Data\NDVI_clim\217.mat,10786463,2026-07-26 19:21:59
Soil_Moisture\SMAP_Auxiliary_Data\NDVI_clim\215.mat,10579356,2026-07-26 19:21:58
Soil_Moisture\SMAP_Auxiliary_Data\NDVI_clim\216.mat,10579047,2026-07-26 19:21:58
Soil_Moisture\SMAP_Auxiliary_Data\NDVI_clim\213.mat,10578808,2026-07-26 19:21:57
Soil_Moisture\SMAP_Auxiliary_Data\NDVI_clim\214.mat,10578577,2026-07-26 19:21:57
Soil_Moisture\SMAP_Auxiliary_Data\NDVI_clim\212.mat,10578549,2026-07-26 19:21:56
Soil_Moisture\SMAP_Auxiliary_Data\NDVI_clim\210.mat,10578939,2026-07-26 19:21:55
Soil_Moisture\SMAP_Auxiliary_Data\NDVI_clim\211.mat,10578619,2026-07-26 19:21:55
Soil_Moisture\SMAP_Auxiliary_Data\NDVI_clim\209.mat,10890077,2026-07-26 19:21:54
Soil_Moisture\SMAP_Auxiliary_Data\NDVI_clim\207.mat,10521253,2026-07-26 19:21:53
Soil_Moisture\SMAP_Auxiliary_Data\NDVI_clim\208.mat,10521626,2026-07-26 19:21:53
Soil_Moisture\SMAP_Auxiliary_Data\NDVI_clim\206.mat,10521141,2026-07-26 19:21:52
Soil_Moisture\SMAP_Auxiliary_Data\NDVI_clim\204.mat,10521379,2026-07-26 19:21:51
Soil_Moisture\SMAP_Auxiliary_Data\NDVI_clim\205.mat,10521332,2026-07-26 19:21:51
Soil_Moisture\SMAP_Auxiliary_Data\NDVI_clim\203.mat,10521300,2026-07-26 19:21:50
Soil_Moisture\SMAP_Auxiliary_Data\NDVI_clim\201.mat,10747018,2026-07-26 19:21:49
Soil_Moisture\SMAP_Auxiliary_Data\NDVI_clim\202.mat,10521248,2026-07-26 19:21:49
Soil_Moisture\SMAP_Auxiliary_Data\NDVI_clim\200.mat,10468284,2026-07-26 19:21:48
Soil_Moisture\SMAP_Auxiliary_Data\NDVI_clim\198.mat,10467986,2026-07-26 19:21:47
Soil_Moisture\SMAP_Auxiliary_Data\NDVI_clim\199.mat,10467442,2026-07-26 19:21:47
Soil_Moisture\SMAP_Auxiliary_Data\NDVI_clim\196.mat,10467789,2026-07-26 19:21:46
Soil_Moisture\SMAP_Auxiliary_Data\NDVI_clim\197.mat,10467665,2026-07-26 19:21:46
Soil_Moisture\SMAP_Auxiliary_Data\NDVI_clim\195.mat,10468045,2026-07-26 19:21:45
Soil_Moisture\SMAP_Auxiliary_Data\NDVI_clim\193.mat,10805978,2026-07-26 19:21:44
Soil_Moisture\SMAP_Auxiliary_Data\NDVI_clim\194.mat,10468318,2026-07-26 19:21:44
Soil_Moisture\SMAP_Auxiliary_Data\NDVI_clim\191.mat,10341004,2026-07-26 19:21:43
Soil_Moisture\SMAP_Auxiliary_Data\NDVI_clim\192.mat,10340838,2026-07-26 19:21:43
Soil_Moisture\SMAP_Auxiliary_Data\NDVI_clim\190.mat,10340643,2026-07-26 19:21:42
Soil_Moisture\SMAP_Auxiliary_Data\NDVI_clim\188.mat,10340882,2026-07-26 19:21:41
Soil_Moisture\SMAP_Auxiliary_Data\NDVI_clim\189.mat,10340698,2026-07-26 19:21:41
Soil_Moisture\SMAP_Auxiliary_Data\NDVI_clim\186.mat,10340887,2026-07-26 19:21:40
Soil_Moisture\SMAP_Auxiliary_Data\NDVI_clim\187.mat,10341050,2026-07-26 19:21:40
Soil_Moisture\SMAP_Auxiliary_Data\NDVI_clim\185.mat,10585361,2026-07-26 19:21:39
Soil_Moisture\SMAP_Auxiliary_Data\NDVI_clim\183.mat,10208902,2026-07-26 19:21:38
Soil_Moisture\SMAP_Auxiliary_Data\NDVI_clim\184.mat,10208082,2026-07-26 19:21:38
Soil_Moisture\SMAP_Auxiliary_Data\NDVI_clim\182.mat,10208430,2026-07-26 19:21:37
Soil_Moisture\SMAP_Auxiliary_Data\NDVI_clim\180.mat,10208530,2026-07-26 19:21:36
Soil_Moisture\SMAP_Auxiliary_Data\NDVI_clim\181.mat,10207931,2026-07-26 19:21:36
Soil_Moisture\SMAP_Auxiliary_Data\NDVI_clim\179.mat,10208340,2026-07-26 19:21:35
Soil_Moisture\SMAP_Auxiliary_Data\NDVI_clim\178.mat,10208606,2026-07-26 19:21:34
Soil_Moisture\SMAP_Auxiliary_Data\NDVI_clim\176.mat,10046989,2026-07-26 19:21:33
Soil_Moisture\SMAP_Auxiliary_Data\NDVI_clim\177.mat,10532594,2026-07-26 19:21:33
Soil_Moisture\SMAP_Auxiliary_Data\NDVI_clim\174.mat,10047496,2026-07-26 19:21:32
Soil_Moisture\SMAP_Auxiliary_Data\NDVI_clim\175.mat,10047607,2026-07-26 19:21:32
Soil_Moisture\SMAP_Auxiliary_Data\NDVI_clim\173.mat,10047214,2026-07-26 19:21:31
Soil_Moisture\SMAP_Auxiliary_Data\NDVI_clim\171.mat,10047797,2026-07-26 19:21:30
Soil_Moisture\SMAP_Auxiliary_Data\NDVI_clim\172.mat,10047705,2026-07-26 19:21:30
Soil_Moisture\SMAP_Auxiliary_Data\NDVI_clim\169.mat,10258293,2026-07-26 19:21:29
Soil_Moisture\SMAP_Auxiliary_Data\NDVI_clim\170.mat,10048209,2026-07-26 19:21:29
Soil_Moisture\SMAP_Auxiliary_Data\NDVI_clim\168.mat,9847930,2026-07-26 19:21:28
Soil_Moisture\SMAP_Auxiliary_Data\NDVI_clim\166.mat,9847756,2026-07-26 19:21:27
Soil_Moisture\SMAP_Auxiliary_Data\NDVI_clim\167.mat,9848067,2026-07-26 19:21:27
Soil_Moisture\SMAP_Auxiliary_Data\NDVI_clim\164.mat,9848211,2026-07-26 19:21:26
Soil_Moisture\SMAP_Auxiliary_Data\NDVI_clim\165.mat,9847714,2026-07-26 19:21:26
Soil_Moisture\SMAP_Auxiliary_Data\NDVI_clim\163.mat,9848583,2026-07-26 19:21:25
Soil_Moisture\SMAP_Auxiliary_Data\NDVI_clim\161.mat,10223182,2026-07-26 19:21:24
Soil_Moisture\SMAP_Auxiliary_Data\NDVI_clim\162.mat,9848868,2026-07-26 19:21:24
Soil_Moisture\SMAP_Auxiliary_Data\NDVI_clim\160.mat,9760201,2026-07-26 19:21:23
Soil_Moisture\SMAP_Auxiliary_Data\NDVI_clim\158.mat,9761056,2026-07-26 19:21:22
Soil_Moisture\SMAP_Auxiliary_Data\NDVI_clim\159.mat,9760710,2026-07-26 19:21:22
Soil_Moisture\SMAP_Auxiliary_Data\NDVI_clim\157.mat,9760854,2026-07-26 19:21:21
Soil_Moisture\SMAP_Auxiliary_Data\NDVI_clim\155.mat,9761138,2026-07-26 19:21:20
Soil_Moisture\SMAP_Auxiliary_Data\NDVI_clim\156.mat,9761223,2026-07-26 19:21:20
Soil_Moisture\SMAP_Auxiliary_Data\NDVI_clim\153.mat,10033115,2026-07-26 19:21:19
Soil_Moisture\SMAP_Auxiliary_Data\NDVI_clim\154.mat,9761207,2026-07-26 19:21:19
Soil_Moisture\SMAP_Auxiliary_Data\NDVI_clim\152.mat,9573287,2026-07-26 19:21:18
Soil_Moisture\SMAP_Auxiliary_Data\NDVI_clim\150.mat,9573575,2026-07-26 19:21:17
Soil_Moisture\SMAP_Auxiliary_Data\NDVI_clim\151.mat,9573342,2026-07-26 19:21:17
Soil_Moisture\SMAP_Auxiliary_Data\NDVI_clim\148.mat,9574075,2026-07-26 19:21:16
Soil_Moisture\SMAP_Auxiliary_Data\NDVI_clim\149.mat,9573588,2026-07-26 19:21:16
Soil_Moisture\SMAP_Auxiliary_Data\NDVI_clim\147.mat,9573923,2026-07-26 19:21:15
Soil_Moisture\SMAP_Auxiliary_Data\NDVI_clim\145.mat,9900722,2026-07-26 19:21:14
Soil_Moisture\SMAP_Auxiliary_Data\NDVI_clim\146.mat,9574382,2026-07-26 19:21:14
Soil_Moisture\SMAP_Auxiliary_Data\NDVI_clim\144.mat,9443981,2026-07-26 19:21:13
Soil_Moisture\SMAP_Auxiliary_Data\NDVI_clim\142.mat,9443436,2026-07-26 19:21:12
Soil_Moisture\SMAP_Auxiliary_Data\NDVI_clim\143.mat,9443955,2026-07-26 19:21:12
Soil_Moisture\SMAP_Auxiliary_Data\NDVI_clim\140.mat,9443817,2026-07-26 19:21:11
Soil_Moisture\SMAP_Auxiliary_Data\NDVI_clim\141.mat,9443918,2026-07-26 19:21:11
Soil_Moisture\SMAP_Auxiliary_Data\NDVI_clim\138.mat,9443625,2026-07-26 19:21:10
Soil_Moisture\SMAP_Auxiliary_Data\NDVI_clim\139.mat,9443814,2026-07-26 19:21:10
Soil_Moisture\SMAP_Auxiliary_Data\NDVI_clim\136.mat,9237204,2026-07-26 19:21:09
Soil_Moisture\SMAP_Auxiliary_Data\NDVI_clim\137.mat,9624745,2026-07-26 19:21:09
Soil_Moisture\SMAP_Auxiliary_Data\NDVI_clim\135.mat,9237175,2026-07-26 19:21:08
Soil_Moisture\SMAP_Auxiliary_Data\NDVI_clim\133.mat,9236542,2026-07-26 19:21:07
Soil_Moisture\SMAP_Auxiliary_Data\NDVI_clim\134.mat,9237187,2026-07-26 19:21:07
Soil_Moisture\SMAP_Auxiliary_Data\NDVI_clim\131.mat,9237132,2026-07-26 19:21:06
Soil_Moisture\SMAP_Auxiliary_Data\NDVI_clim\132.mat,9236702,2026-07-26 19:21:06
Soil_Moisture\SMAP_Auxiliary_Data\NDVI_clim\129.mat,9469553,2026-07-26 19:21:05
Soil_Moisture\SMAP_Auxiliary_Data\NDVI_clim\130.mat,9237048,2026-07-26 19:21:05
Soil_Moisture\SMAP_Auxiliary_Data\NDVI_clim\128.mat,9017994,2026-07-26 19:21:04
Soil_Moisture\SMAP_Auxiliary_Data\NDVI_clim\126.mat,9017067,2026-07-26 19:21:03
Soil_Moisture\SMAP_Auxiliary_Data\NDVI_clim\127.mat,9017321,2026-07-26 19:21:03
Soil_Moisture\SMAP_Auxiliary_Data\NDVI_clim\124.mat,9017014,2026-07-26 19:21:02
Soil_Moisture\SMAP_Auxiliary_Data\NDVI_clim\125.mat,9016938,2026-07-26 19:21:02
Soil_Moisture\SMAP_Auxiliary_Data\NDVI_clim\122.mat,9017682,2026-07-26 19:21:01
Soil_Moisture\SMAP_Auxiliary_Data\NDVI_clim\123.mat,9017634,2026-07-26 19:21:01
Soil_Moisture\SMAP_Auxiliary_Data\NDVI_clim\120.mat,8793821,2026-07-26 19:21:00
Soil_Moisture\SMAP_Auxiliary_Data\NDVI_clim\121.mat,9172057,2026-07-26 19:21:00
Soil_Moisture\SMAP_Auxiliary_Data\NDVI_clim\119.mat,8793508,2026-07-26 19:20:59
Soil_Moisture\SMAP_Auxiliary_Data\NDVI_clim\117.mat,8793715,2026-07-26 19:20:58
Soil_Moisture\SMAP_Auxiliary_Data\NDVI_clim\118.mat,8794074,2026-07-26 19:20:58
Soil_Moisture\SMAP_Auxiliary_Data\NDVI_clim\115.mat,8794138,2026-07-26 19:20:57
Soil_Moisture\SMAP_Auxiliary_Data\NDVI_clim\116.mat,8793555,2026-07-26 19:20:57
Soil_Moisture\SMAP_Auxiliary_Data\NDVI_clim\113.mat,9035684,2026-07-26 19:20:56
Soil_Moisture\SMAP_Auxiliary_Data\NDVI_clim\114.mat,8794259,2026-07-26 19:20:56
Soil_Moisture\SMAP_Auxiliary_Data\NDVI_clim\111.mat,8586188,2026-07-26 19:20:55
Soil_Moisture\SMAP_Auxiliary_Data\NDVI_clim\112.mat,8586387,2026-07-26 19:20:55
Soil_Moisture\SMAP_Auxiliary_Data\NDVI_clim\110.mat,8585843,2026-07-26 19:20:54
Soil_Moisture\SMAP_Auxiliary_Data\NDVI_clim\108.mat,8586068,2026-07-26 19:20:53
Soil_Moisture\SMAP_Auxiliary_Data\NDVI_clim\109.mat,8585858,2026-07-26 19:20:53
Soil_Moisture\SMAP_Auxiliary_Data\NDVI_clim\106.mat,8586560,2026-07-26 19:20:52
Soil_Moisture\SMAP_Auxiliary_Data\NDVI_clim\107.mat,8586720,2026-07-26 19:20:52
Soil_Moisture\SMAP_Auxiliary_Data\NDVI_clim\104.mat,8413106,2026-07-26 19:20:51
Soil_Moisture\SMAP_Auxiliary_Data\NDVI_clim\105.mat,8731001,2026-07-26 19:20:51
Soil_Moisture\SMAP_Auxiliary_Data\NDVI_clim\102.mat,8412865,2026-07-26 19:20:50
Soil_Moisture\SMAP_Auxiliary_Data\NDVI_clim\103.mat,8412622,2026-07-26 19:20:50
Soil_Moisture\SMAP_Auxiliary_Data\NDVI_clim\100.mat,8413380,2026-07-26 19:20:49
Soil_Moisture\SMAP_Auxiliary_Data\NDVI_clim\101.mat,8412923,2026-07-26 19:20:49
Soil_Moisture\SMAP_Auxiliary_Data\NDVI_clim\98.mat,8413570,2026-07-26 19:20:48
Soil_Moisture\SMAP_Auxiliary_Data\NDVI_clim\99.mat,8413524,2026-07-26 19:20:48
Soil_Moisture\SMAP_Auxiliary_Data\NDVI_clim\97.mat,8641582,2026-07-26 19:20:47
Soil_Moisture\SMAP_Auxiliary_Data\NDVI_clim\95.mat,8251361,2026-07-26 19:20:46
Soil_Moisture\SMAP_Auxiliary_Data\NDVI_clim\96.mat,8251351,2026-07-26 19:20:46
Soil_Moisture\SMAP_Auxiliary_Data\NDVI_clim\93.mat,8251513,2026-07-26 19:20:45
Soil_Moisture\SMAP_Auxiliary_Data\NDVI_clim\94.mat,8251777,2026-07-26 19:20:45
Soil_Moisture\SMAP_Auxiliary_Data\NDVI_clim\91.mat,8251509,2026-07-26 19:20:44
Soil_Moisture\SMAP_Auxiliary_Data\NDVI_clim\92.mat,8251748,2026-07-26 19:20:44
Soil_Moisture\SMAP_Auxiliary_Data\NDVI_clim\89.mat,8373306,2026-07-26 19:20:43
Soil_Moisture\SMAP_Auxiliary_Data\NDVI_clim\90.mat,8251831,2026-07-26 19:20:43
Soil_Moisture\SMAP_Auxiliary_Data\NDVI_clim\88.mat,8076628,2026-07-26 19:20:42
Soil_Moisture\SMAP_Auxiliary_Data\NDVI_clim\86.mat,8076813,2026-07-26 19:20:41
Soil_Moisture\SMAP_Auxiliary_Data\NDVI_clim\87.mat,8077016,2026-07-26 19:20:41
Soil_Moisture\SMAP_Auxiliary_Data\NDVI_clim\84.mat,8076886,2026-07-26 19:20:40
Soil_Moisture\SMAP_Auxiliary_Data\NDVI_clim\85.mat,8076974,2026-07-26 19:20:40
Soil_Moisture\SMAP_Auxiliary_Data\NDVI_clim\82.mat,8077368,2026-07-26 19:20:39
Soil_Moisture\SMAP_Auxiliary_Data\NDVI_clim\83.mat,8077062,2026-07-26 19:20:39
Soil_Moisture\SMAP_Auxiliary_Data\NDVI_clim\80.mat,7987657,2026-07-26 19:20:38
Soil_Moisture\SMAP_Auxiliary_Data\NDVI_clim\81.mat,8324990,2026-07-26 19:20:38
Soil_Moisture\SMAP_Auxiliary_Data\NDVI_clim\79.mat,7987829,2026-07-26 19:20:37
Soil_Moisture\SMAP_Auxiliary_Data\NDVI_clim\77.mat,7987447,2026-07-26 19:20:36
Soil_Moisture\SMAP_Auxiliary_Data\NDVI_clim\78.mat,7987278,2026-07-26 19:20:36
Soil_Moisture\SMAP_Auxiliary_Data\NDVI_clim\75.mat,7987900,2026-07-26 19:20:35
Soil_Moisture\SMAP_Auxiliary_Data\NDVI_clim\76.mat,7987834,2026-07-26 19:20:35
Soil_Moisture\SMAP_Auxiliary_Data\NDVI_clim\73.mat,8130320,2026-07-26 19:20:34
Soil_Moisture\SMAP_Auxiliary_Data\NDVI_clim\74.mat,7988098,2026-07-26 19:20:34
Soil_Moisture\SMAP_Auxiliary_Data\NDVI_clim\71.mat,7880372,2026-07-26 19:20:33
Soil_Moisture\SMAP_Auxiliary_Data\NDVI_clim\72.mat,7880385,2026-07-26 19:20:33
Soil_Moisture\SMAP_Auxiliary_Data\NDVI_clim\69.mat,7879876,2026-07-26 19:20:32
Soil_Moisture\SMAP_Auxiliary_Data\NDVI_clim\70.mat,7880242,2026-07-26 19:20:32
Soil_Moisture\SMAP_Auxiliary_Data\NDVI_clim\68.mat,7879610,2026-07-26 19:20:31
Soil_Moisture\SMAP_Auxiliary_Data\NDVI_clim\66.mat,7880189,2026-07-26 19:20:30
Soil_Moisture\SMAP_Auxiliary_Data\NDVI_clim\67.mat,7880285,2026-07-26 19:20:30
Soil_Moisture\SMAP_Auxiliary_Data\NDVI_clim\64.mat,7744044,2026-07-26 19:20:29
Soil_Moisture\SMAP_Auxiliary_Data\NDVI_clim\65.mat,8129189,2026-07-26 19:20:29
Soil_Moisture\SMAP_Auxiliary_Data\NDVI_clim\62.mat,7743714,2026-07-26 19:20:28
Soil_Moisture\SMAP_Auxiliary_Data\NDVI_clim\63.mat,7743464,2026-07-26 19:20:28
Soil_Moisture\SMAP_Auxiliary_Data\NDVI_clim\60.mat,7744081,2026-07-26 19:20:27
Soil_Moisture\SMAP_Auxiliary_Data\NDVI_clim\61.mat,7743876,2026-07-26 19:20:27
Soil_Moisture\SMAP_Auxiliary_Data\NDVI_clim\59.mat,7743840,2026-07-26 19:20:26
Soil_Moisture\SMAP_Auxiliary_Data\NDVI_clim\57.mat,7880589,2026-07-26 19:20:25
Soil_Moisture\SMAP_Auxiliary_Data\NDVI_clim\58.mat,7743867,2026-07-26 19:20:25
Soil_Moisture\SMAP_Auxiliary_Data\NDVI_clim\55.mat,7535691,2026-07-26 19:20:24
Soil_Moisture\SMAP_Auxiliary_Data\NDVI_clim\56.mat,7535568,2026-07-26 19:20:24
Soil_Moisture\SMAP_Auxiliary_Data\NDVI_clim\53.mat,7535520,2026-07-26 19:20:23
Soil_Moisture\SMAP_Auxiliary_Data\NDVI_clim\54.mat,7535628,2026-07-26 19:20:23
Soil_Moisture\SMAP_Auxiliary_Data\NDVI_clim\52.mat,7535565,2026-07-26 19:20:22
Soil_Moisture\SMAP_Auxiliary_Data\NDVI_clim\50.mat,7535786,2026-07-26 19:20:21
Soil_Moisture\SMAP_Auxiliary_Data\NDVI_clim\51.mat,7535205,2026-07-26 19:20:21
Soil_Moisture\SMAP_Auxiliary_Data\NDVI_clim\48.mat,7314081,2026-07-26 19:20:20
Soil_Moisture\SMAP_Auxiliary_Data\NDVI_clim\49.mat,7762746,2026-07-26 19:20:20
Soil_Moisture\SMAP_Auxiliary_Data\NDVI_clim\46.mat,7313628,2026-07-26 19:20:19
Soil_Moisture\SMAP_Auxiliary_Data\NDVI_clim\47.mat,7313953,2026-07-26 19:20:19
Soil_Moisture\SMAP_Auxiliary_Data\NDVI_clim\45.mat,7313762,2026-07-26 19:20:18
Soil_Moisture\SMAP_Auxiliary_Data\NDVI_clim\43.mat,7314134,2026-07-26 19:20:17
Soil_Moisture\SMAP_Auxiliary_Data\NDVI_clim\44.mat,7313841,2026-07-26 19:20:17
Soil_Moisture\SMAP_Auxiliary_Data\NDVI_clim\42.mat,7313831,2026-07-26 19:20:16
Soil_Moisture\SMAP_Auxiliary_Data\NDVI_clim\40.mat,7052435,2026-07-26 19:20:15
Soil_Moisture\SMAP_Auxiliary_Data\NDVI_clim\41.mat,7472195,2026-07-26 19:20:15
Soil_Moisture\SMAP_Auxiliary_Data\NDVI_clim\38.mat,7052109,2026-07-26 19:20:14
Soil_Moisture\SMAP_Auxiliary_Data\NDVI_clim\39.mat,7052456,2026-07-26 19:20:14
Soil_Moisture\SMAP_Auxiliary_Data\NDVI_clim\36.mat,7052256,2026-07-26 19:20:13
Soil_Moisture\SMAP_Auxiliary_Data\NDVI_clim\37.mat,7052155,2026-07-26 19:20:13
Soil_Moisture\SMAP_Auxiliary_Data\NDVI_clim\34.mat,7052529,2026-07-26 19:20:12
Soil_Moisture\SMAP_Auxiliary_Data\NDVI_clim\35.mat,7052444,2026-07-26 19:20:12
Soil_Moisture\SMAP_Auxiliary_Data\NDVI_clim\32.mat,7065896,2026-07-26 19:20:11
Soil_Moisture\SMAP_Auxiliary_Data\NDVI_clim\33.mat,7275470,2026-07-26 19:20:11
Soil_Moisture\SMAP_Auxiliary_Data\NDVI_clim\30.mat,7065676,2026-07-26 19:20:10
Soil_Moisture\SMAP_Auxiliary_Data\NDVI_clim\31.mat,7065649,2026-07-26 19:20:10
Soil_Moisture\SMAP_Auxiliary_Data\NDVI_clim\28.mat,7065535,2026-07-26 19:20:09
Soil_Moisture\SMAP_Auxiliary_Data\NDVI_clim\29.mat,7065553,2026-07-26 19:20:09
Soil_Moisture\SMAP_Auxiliary_Data\NDVI_clim\27.mat,7065832,2026-07-26 19:20:08
Soil_Moisture\SMAP_Auxiliary_Data\NDVI_clim\25.mat,7224738,2026-07-26 19:20:07
Soil_Moisture\SMAP_Auxiliary_Data\NDVI_clim\26.mat,7065786,2026-07-26 19:20:07
Soil_Moisture\SMAP_Auxiliary_Data\NDVI_clim\24.mat,7225413,2026-07-26 19:20:06
Soil_Moisture\SMAP_Auxiliary_Data\NDVI_clim\22.mat,7225545,2026-07-26 19:20:05
Soil_Moisture\SMAP_Auxiliary_Data\NDVI_clim\23.mat,7224717,2026-07-26 19:20:05
Soil_Moisture\SMAP_Auxiliary_Data\NDVI_clim\20.mat,7224847,2026-07-26 19:20:04
Soil_Moisture\SMAP_Auxiliary_Data\NDVI_clim\21.mat,7225162,2026-07-26 19:20:04
Soil_Moisture\SMAP_Auxiliary_Data\NDVI_clim\18.mat,7225179,2026-07-26 19:20:03
Soil_Moisture\SMAP_Auxiliary_Data\NDVI_clim\19.mat,7225022,2026-07-26 19:20:03
Soil_Moisture\SMAP_Auxiliary_Data\NDVI_clim\16.mat,7454535,2026-07-26 19:20:02
Soil_Moisture\SMAP_Auxiliary_Data\NDVI_clim\17.mat,7455027,2026-07-26 19:20:02
Soil_Moisture\SMAP_Auxiliary_Data\NDVI_clim\14.mat,7454221,2026-07-26 19:20:01
Soil_Moisture\SMAP_Auxiliary_Data\NDVI_clim\15.mat,7454094,2026-07-26 19:20:01
Soil_Moisture\SMAP_Auxiliary_Data\NDVI_clim\12.mat,7453864,2026-07-26 19:20:00
Soil_Moisture\SMAP_Auxiliary_Data\NDVI_clim\13.mat,7453846,2026-07-26 19:20:00
Soil_Moisture\SMAP_Auxiliary_Data\NDVI_clim\10.mat,7453756,2026-07-26 19:19:59
Soil_Moisture\SMAP_Auxiliary_Data\NDVI_clim\11.mat,7454066,2026-07-26 19:19:59
Soil_Moisture\SMAP_Auxiliary_Data\NDVI_clim\8.mat,7617540,2026-07-26 19:19:58
Soil_Moisture\SMAP_Auxiliary_Data\NDVI_clim\9.mat,7617878,2026-07-26 19:19:58
Soil_Moisture\SMAP_Auxiliary_Data\NDVI_clim\6.mat,7617878,2026-07-26 19:19:57
Soil_Moisture\SMAP_Auxiliary_Data\NDVI_clim\7.mat,7617896,2026-07-26 19:19:57
Soil_Moisture\SMAP_Auxiliary_Data\NDVI_clim\4.mat,7618173,2026-07-26 19:19:56
Soil_Moisture\SMAP_Auxiliary_Data\NDVI_clim\5.mat,7617936,2026-07-26 19:19:56
Soil_Moisture\SMAP_Auxiliary_Data\NDVI_clim\3.mat,7618043,2026-07-26 19:19:55
Soil_Moisture\SMAP_Auxiliary_Data\NDVI_clim\1.mat,8113013,2026-07-26 19:19:54
Soil_Moisture\SMAP_Auxiliary_Data\NDVI_clim\2.mat,7618462,2026-07-26 19:19:54
ProjectOutput\2023-01_Omega_Inversion\_overlays\era5_wdaa\era5_wdaa_overlay.png,27266,2026-07-25 23:58:15
ProjectOutput\2023-01_Omega_Inversion\_overlays\era5_wdaa\era5_wdaa_overlay_bounds.json,122,2026-07-25 23:58:15
ProjectOutput\2023-01_Omega_Inversion\_overlays\era5_dwaa\era5_dwaa_overlay.png,11357,2026-07-25 23:57:52
ProjectOutput\2023-01_Omega_Inversion\_overlays\era5_dwaa\era5_dwaa_overlay_bounds.json,122,2026-07-25 23:57:52
ProjectOutput\2023-01_Omega_Inversion\_overlays\omega_2025_ts\omega_2025_ts_overlay_bounds.json,177,2026-07-25 23:57:15
ProjectOutput\2023-01_Omega_Inversion\_overlays\omega_2025_ts\omega_2025_ts_20251230.png,2217,2026-07-25 23:57:14
ProjectOutput\2023-01_Omega_Inversion\_overlays\omega_2025_ts\omega_2025_ts_20251230_bounds.json,177,2026-07-25 23:57:14
ProjectOutput\2023-01_Omega_Inversion\_overlays\omega_2025_ts\omega_2025_ts_20251231.png,2217,2026-07-25 23:57:14
ProjectOutput\2023-01_Omega_Inversion\_overlays\omega_2025_ts\omega_2025_ts_20251231_bounds.json,177,2026-07-25 23:57:14
ProjectOutput\2023-01_Omega_Inversion\_overlays\omega_2025_ts\omega_2025_ts_20251227.png,34485,2026-07-25 23:57:13
ProjectOutput\2023-01_Omega_Inversion\_overlays\omega_2025_ts\omega_2025_ts_20251227_bounds.json,177,2026-07-25 23:57:13
ProjectOutput\2023-01_Omega_Inversion\_overlays\omega_2025_ts\omega_2025_ts_20251228.png,2217,2026-07-25 23:57:13
ProjectOutput\2023-01_Omega_Inversion\_overlays\omega_2025_ts\omega_2025_ts_20251228_bounds.json,177,2026-07-25 23:57:13
ProjectOutput\2023-01_Omega_Inversion\_overlays\omega_2025_ts\omega_2025_ts_20251229.png,2217,2026-07-25 23:57:13
ProjectOutput\2023-01_Omega_Inversion\_overlays\omega_2025_ts\omega_2025_ts_20251229_bounds.json,177,2026-07-25 23:57:13
ProjectOutput\2023-01_Omega_Inversion\_overlays\omega_2025_ts\omega_2025_ts_20251226.png,44074,2026-07-25 23:57:12
ProjectOutput\2023-01_Omega_Inversion\_overlays\omega_2025_ts\omega_2025_ts_20251226_bounds.json,177,2026-07-25 23:57:12
ProjectOutput\2023-01_Omega_Inversion\_overlays\omega_2025_ts\omega_2025_ts_20251224.png,36495,2026-07-25 23:57:11
ProjectOutput\2023-01_Omega_Inversion\_overlays\omega_2025_ts\omega_2025_ts_20251224_bounds.json,177,2026-07-25 23:57:11
ProjectOutput\2023-01_Omega_Inversion\_overlays\omega_2025_ts\omega_2025_ts_20251225.png,30849,2026-07-25 23:57:11
ProjectOutput\2023-01_Omega_Inversion\_overlays\omega_2025_ts\omega_2025_ts_20251225_bounds.json,177,2026-07-25 23:57:11
ProjectOutput\2023-01_Omega_Inversion\_overlays\omega_2025_ts\omega_2025_ts_20251221.png,43797,2026-07-25 23:57:10
ProjectOutput\2023-01_Omega_Inversion\_overlays\omega_2025_ts\omega_2025_ts_20251221_bounds.json,177,2026-07-25 23:57:10
ProjectOutput\2023-01_Omega_Inversion\_overlays\omega_2025_ts\omega_2025_ts_20251222.png,34714,2026-07-25 23:57:10
ProjectOutput\2023-01_Omega_Inversion\_overlays\omega_2025_ts\omega_2025_ts_20251222_bounds.json,177,2026-07-25 23:57:10
ProjectOutput\2023-01_Omega_Inversion\_overlays\omega_2025_ts\omega_2025_ts_20251223.png,41087,2026-07-25 23:57:10
ProjectOutput\2023-01_Omega_Inversion\_overlays\omega_2025_ts\omega_2025_ts_20251223_bounds.json,177,2026-07-25 23:57:10
ProjectOutput\2023-01_Omega_Inversion\_overlays\omega_2025_ts\omega_2025_ts_20251219.png,38639,2026-07-25 23:57:09
ProjectOutput\2023-01_Omega_Inversion\_overlays\omega_2025_ts\omega_2025_ts_20251219_bounds.json,177,2026-07-25 23:57:09
ProjectOutput\2023-01_Omega_Inversion\_overlays\omega_2025_ts\omega_2025_ts_20251220.png,35520,2026-07-25 23:57:09
ProjectOutput\2023-01_Omega_Inversion\_overlays\omega_2025_ts\omega_2025_ts_20251220_bounds.json,177,2026-07-25 23:57:09
ProjectOutput\2023-01_Omega_Inversion\_overlays\omega_2025_ts\omega_2025_ts_20251218.png,46937,2026-07-25 23:57:08
ProjectOutput\2023-01_Omega_Inversion\_overlays\omega_2025_ts\omega_2025_ts_20251218_bounds.json,177,2026-07-25 23:57:08
ProjectOutput\2023-01_Omega_Inversion\_overlays\omega_2025_ts\omega_2025_ts_20251216.png,38170,2026-07-25 23:57:07
ProjectOutput\2023-01_Omega_Inversion\_overlays\omega_2025_ts\omega_2025_ts_20251216_bounds.json,177,2026-07-25 23:57:07
ProjectOutput\2023-01_Omega_Inversion\_overlays\omega_2025_ts\omega_2025_ts_20251217.png,35582,2026-07-25 23:57:07
ProjectOutput\2023-01_Omega_Inversion\_overlays\omega_2025_ts\omega_2025_ts_20251217_bounds.json,177,2026-07-25 23:57:07
ProjectOutput\2023-01_Omega_Inversion\_overlays\omega_2025_ts\omega_2025_ts_20251214.png,31266,2026-07-25 23:57:06
ProjectOutput\2023-01_Omega_Inversion\_overlays\omega_2025_ts\omega_2025_ts_20251214_bounds.json,177,2026-07-25 23:57:06
ProjectOutput\2023-01_Omega_Inversion\_overlays\omega_2025_ts\omega_2025_ts_20251215.png,40129,2026-07-25 23:57:06
ProjectOutput\2023-01_Omega_Inversion\_overlays\omega_2025_ts\omega_2025_ts_20251215_bounds.json,177,2026-07-25 23:57:06
ProjectOutput\2023-01_Omega_Inversion\_overlays\omega_2025_ts\omega_2025_ts_20251212.png,34642,2026-07-25 23:57:05
ProjectOutput\2023-01_Omega_Inversion\_overlays\omega_2025_ts\omega_2025_ts_20251212_bounds.json,177,2026-07-25 23:57:05
ProjectOutput\2023-01_Omega_Inversion\_overlays\omega_2025_ts\omega_2025_ts_20251213.png,36459,2026-07-25 23:57:05
ProjectOutput\2023-01_Omega_Inversion\_overlays\omega_2025_ts\omega_2025_ts_20251213_bounds.json,177,2026-07-25 23:57:05
ProjectOutput\2023-01_Omega_Inversion\_overlays\omega_2025_ts\omega_2025_ts_20251210.png,41577,2026-07-25 23:57:04
ProjectOutput\2023-01_Omega_Inversion\_overlays\omega_2025_ts\omega_2025_ts_20251210_bounds.json,177,2026-07-25 23:57:04
ProjectOutput\2023-01_Omega_Inversion\_overlays\omega_2025_ts\omega_2025_ts_20251211.png,38944,2026-07-25 23:57:04
ProjectOutput\2023-01_Omega_Inversion\_overlays\omega_2025_ts\omega_2025_ts_20251211_bounds.json,177,2026-07-25 23:57:04
ProjectOutput\2023-01_Omega_Inversion\_overlays\omega_2025_ts\omega_2025_ts_20251208.png,36073,2026-07-25 23:57:03
ProjectOutput\2023-01_Omega_Inversion\_overlays\omega_2025_ts\omega_2025_ts_20251208_bounds.json,177,2026-07-25 23:57:03
ProjectOutput\2023-01_Omega_Inversion\_overlays\omega_2025_ts\omega_2025_ts_20251209.png,36892,2026-07-25 23:57:03
ProjectOutput\2023-01_Omega_Inversion\_overlays\omega_2025_ts\omega_2025_ts_20251209_bounds.json,177,2026-07-25 23:57:03
ProjectOutput\2023-01_Omega_Inversion\_overlays\omega_2025_ts\omega_2025_ts_20251207.png,40500,2026-07-25 23:57:02
ProjectOutput\2023-01_Omega_Inversion\_overlays\omega_2025_ts\omega_2025_ts_20251207_bounds.json,177,2026-07-25 23:57:02
ProjectOutput\2023-01_Omega_Inversion\_overlays\omega_2025_ts\omega_2025_ts_20251205.png,41140,2026-07-25 23:57:01
ProjectOutput\2023-01_Omega_Inversion\_overlays\omega_2025_ts\omega_2025_ts_20251205_bounds.json,177,2026-07-25 23:57:01
ProjectOutput\2023-01_Omega_Inversion\_overlays\omega_2025_ts\omega_2025_ts_20251206.png,37099,2026-07-25 23:57:01
ProjectOutput\2023-01_Omega_Inversion\_overlays\omega_2025_ts\omega_2025_ts_20251206_bounds.json,177,2026-07-25 23:57:01
ProjectOutput\2023-01_Omega_Inversion\_overlays\omega_2025_ts\omega_2025_ts_20251203.png,39022,2026-07-25 23:57:00
ProjectOutput\2023-01_Omega_Inversion\_overlays\omega_2025_ts\omega_2025_ts_20251203_bounds.json,177,2026-07-25 23:57:00
ProjectOutput\2023-01_Omega_Inversion\_overlays\omega_2025_ts\omega_2025_ts_20251204.png,38724,2026-07-25 23:57:00
ProjectOutput\2023-01_Omega_Inversion\_overlays\omega_2025_ts\omega_2025_ts_20251204_bounds.json,177,2026-07-25 23:57:00
ProjectOutput\2023-01_Omega_Inversion\_overlays\omega_2025_ts\omega_2025_ts_20251201.png,37684,2026-07-25 23:56:59
ProjectOutput\2023-01_Omega_Inversion\_overlays\omega_2025_ts\omega_2025_ts_20251201_bounds.json,177,2026-07-25 23:56:59
ProjectOutput\2023-01_Omega_Inversion\_overlays\omega_2025_ts\omega_2025_ts_20251202.png,41573,2026-07-25 23:56:59
ProjectOutput\2023-01_Omega_Inversion\_overlays\omega_2025_ts\omega_2025_ts_20251202_bounds.json,177,2026-07-25 23:56:59
ProjectOutput\2023-01_Omega_Inversion\_overlays\sm_ts\sm_ts_20251230.png,2217,2026-07-25 23:56:58
ProjectOutput\2023-01_Omega_Inversion\_overlays\sm_ts\sm_ts_20251230_bounds.json,174,2026-07-25 23:56:58
ProjectOutput\2023-01_Omega_Inversion\_overlays\sm_ts\sm_ts_20251231.png,2217,2026-07-25 23:56:58
ProjectOutput\2023-01_Omega_Inversion\_overlays\sm_ts\sm_ts_20251231_bounds.json,174,2026-07-25 23:56:58
ProjectOutput\2023-01_Omega_Inversion\_overlays\sm_ts\sm_ts_overlay_bounds.json,174,2026-07-25 23:56:58
ProjectOutput\2023-01_Omega_Inversion\_overlays\sm_ts\sm_ts_20251228.png,2217,2026-07-25 23:56:57
ProjectOutput\2023-01_Omega_Inversion\_overlays\sm_ts\sm_ts_20251228_bounds.json,174,2026-07-25 23:56:57
ProjectOutput\2023-01_Omega_Inversion\_overlays\sm_ts\sm_ts_20251229.png,2217,2026-07-25 23:56:57
ProjectOutput\2023-01_Omega_Inversion\_overlays\sm_ts\sm_ts_20251229_bounds.json,174,2026-07-25 23:56:57
ProjectOutput\2023-01_Omega_Inversion\_overlays\sm_ts\sm_ts_20251226.png,39134,2026-07-25 23:56:56
ProjectOutput\2023-01_Omega_Inversion\_overlays\sm_ts\sm_ts_20251226_bounds.json,174,2026-07-25 23:56:56
ProjectOutput\2023-01_Omega_Inversion\_overlays\sm_ts\sm_ts_20251227.png,36168,2026-07-25 23:56:56
ProjectOutput\2023-01_Omega_Inversion\_overlays\sm_ts\sm_ts_20251227_bounds.json,174,2026-07-25 23:56:56
ProjectOutput\2023-01_Omega_Inversion\_overlays\sm_ts\sm_ts_20251224.png,34102,2026-07-25 23:56:55
ProjectOutput\2023-01_Omega_Inversion\_overlays\sm_ts\sm_ts_20251224_bounds.json,174,2026-07-25 23:56:55
ProjectOutput\2023-01_Omega_Inversion\_overlays\sm_ts\sm_ts_20251225.png,32306,2026-07-25 23:56:55
ProjectOutput\2023-01_Omega_Inversion\_overlays\sm_ts\sm_ts_20251225_bounds.json,174,2026-07-25 23:56:55
ProjectOutput\2023-01_Omega_Inversion\_overlays\sm_ts\sm_ts_20251223.png,41598,2026-07-25 23:56:54
ProjectOutput\2023-01_Omega_Inversion\_overlays\sm_ts\sm_ts_20251223_bounds.json,174,2026-07-25 23:56:54
ProjectOutput\2023-01_Omega_Inversion\_overlays\sm_ts\sm_ts_20251221.png,39072,2026-07-25 23:56:53
ProjectOutput\2023-01_Omega_Inversion\_overlays\sm_ts\sm_ts_20251221_bounds.json,174,2026-07-25 23:56:53
ProjectOutput\2023-01_Omega_Inversion\_overlays\sm_ts\sm_ts_20251222.png,37531,2026-07-25 23:56:53
ProjectOutput\2023-01_Omega_Inversion\_overlays\sm_ts\sm_ts_20251222_bounds.json,174,2026-07-25 23:56:53
ProjectOutput\2023-01_Omega_Inversion\_overlays\sm_ts\sm_ts_20251219.png,40814,2026-07-25 23:56:52
ProjectOutput\2023-01_Omega_Inversion\_overlays\sm_ts\sm_ts_20251219_bounds.json,174,2026-07-25 23:56:52
ProjectOutput\2023-01_Omega_Inversion\_overlays\sm_ts\sm_ts_20251220.png,39983,2026-07-25 23:56:52
ProjectOutput\2023-01_Omega_Inversion\_overlays\sm_ts\sm_ts_20251220_bounds.json,174,2026-07-25 23:56:52
ProjectOutput\2023-01_Omega_Inversion\_overlays\sm_ts\sm_ts_20251217.png,37188,2026-07-25 23:56:51
ProjectOutput\2023-01_Omega_Inversion\_overlays\sm_ts\sm_ts_20251217_bounds.json,174,2026-07-25 23:56:51
ProjectOutput\2023-01_Omega_Inversion\_overlays\sm_ts\sm_ts_20251218.png,42447,2026-07-25 23:56:51
ProjectOutput\2023-01_Omega_Inversion\_overlays\sm_ts\sm_ts_20251218_bounds.json,174,2026-07-25 23:56:51
ProjectOutput\2023-01_Omega_Inversion\_overlays\sm_ts\sm_ts_20251215.png,40911,2026-07-25 23:56:50
ProjectOutput\2023-01_Omega_Inversion\_overlays\sm_ts\sm_ts_20251215_bounds.json,174,2026-07-25 23:56:50
ProjectOutput\2023-01_Omega_Inversion\_overlays\sm_ts\sm_ts_20251216.png,35990,2026-07-25 23:56:50
ProjectOutput\2023-01_Omega_Inversion\_overlays\sm_ts\sm_ts_20251216_bounds.json,174,2026-07-25 23:56:50
ProjectOutput\2023-01_Omega_Inversion\_overlays\sm_ts\sm_ts_20251213.png,36498,2026-07-25 23:56:49
ProjectOutput\2023-01_Omega_Inversion\_overlays\sm_ts\sm_ts_20251213_bounds.json,174,2026-07-25 23:56:49
ProjectOutput\2023-01_Omega_Inversion\_overlays\sm_ts\sm_ts_20251214.png,35409,2026-07-25 23:56:49
ProjectOutput\2023-01_Omega_Inversion\_overlays\sm_ts\sm_ts_20251214_bounds.json,174,2026-07-25 23:56:49
ProjectOutput\2023-01_Omega_Inversion\_overlays\sm_ts\sm_ts_20251211.png,41584,2026-07-25 23:56:48
ProjectOutput\2023-01_Omega_Inversion\_overlays\sm_ts\sm_ts_20251211_bounds.json,174,2026-07-25 23:56:48
ProjectOutput\2023-01_Omega_Inversion\_overlays\sm_ts\sm_ts_20251212.png,38461,2026-07-25 23:56:48
ProjectOutput\2023-01_Omega_Inversion\_overlays\sm_ts\sm_ts_20251212_bounds.json,174,2026-07-25 23:56:48
ProjectOutput\2023-01_Omega_Inversion\_overlays\sm_ts\sm_ts_20251209.png,39205,2026-07-25 23:56:47
ProjectOutput\2023-01_Omega_Inversion\_overlays\sm_ts\sm_ts_20251209_bounds.json,174,2026-07-25 23:56:47
ProjectOutput\2023-01_Omega_Inversion\_overlays\sm_ts\sm_ts_20251210.png,41441,2026-07-25 23:56:47
ProjectOutput\2023-01_Omega_Inversion\_overlays\sm_ts\sm_ts_20251210_bounds.json,174,2026-07-25 23:56:47
ProjectOutput\2023-01_Omega_Inversion\_overlays\sm_ts\sm_ts_20251207.png,43704,2026-07-25 23:56:46
ProjectOutput\2023-01_Omega_Inversion\_overlays\sm_ts\sm_ts_20251207_bounds.json,174,2026-07-25 23:56:46
ProjectOutput\2023-01_Omega_Inversion\_overlays\sm_ts\sm_ts_20251208.png,36497,2026-07-25 23:56:46
ProjectOutput\2023-01_Omega_Inversion\_overlays\sm_ts\sm_ts_20251208_bounds.json,174,2026-07-25 23:56:46
ProjectOutput\2023-01_Omega_Inversion\_overlays\sm_ts\sm_ts_20251205.png,40964,2026-07-25 23:56:45
ProjectOutput\2023-01_Omega_Inversion\_overlays\sm_ts\sm_ts_20251205_bounds.json,174,2026-07-25 23:56:45
ProjectOutput\2023-01_Omega_Inversion\_overlays\sm_ts\sm_ts_20251206.png,41782,2026-07-25 23:56:45
ProjectOutput\2023-01_Omega_Inversion\_overlays\sm_ts\sm_ts_20251206_bounds.json,174,2026-07-25 23:56:45
ProjectOutput\2023-01_Omega_Inversion\_overlays\sm_ts\sm_ts_20251203.png,41198,2026-07-25 23:56:44
ProjectOutput\2023-01_Omega_Inversion\_overlays\sm_ts\sm_ts_20251203_bounds.json,174,2026-07-25 23:56:44
ProjectOutput\2023-01_Omega_Inversion\_overlays\sm_ts\sm_ts_20251204.png,42200,2026-07-25 23:56:44
ProjectOutput\2023-01_Omega_Inversion\_overlays\sm_ts\sm_ts_20251204_bounds.json,174,2026-07-25 23:56:44
ProjectOutput\2023-01_Omega_Inversion\_overlays\sm_ts\sm_ts_20251201.png,40566,2026-07-25 23:56:43
ProjectOutput\2023-01_Omega_Inversion\_overlays\sm_ts\sm_ts_20251201_bounds.json,174,2026-07-25 23:56:43
ProjectOutput\2023-01_Omega_Inversion\_overlays\sm_ts\sm_ts_20251202.png,39577,2026-07-25 23:56:43
ProjectOutput\2023-01_Omega_Inversion\_overlays\sm_ts\sm_ts_20251202_bounds.json,174,2026-07-25 23:56:43
ProjectOutput\2023-01_Omega_Inversion\_overlays\vod_ts\vod_ts_20251230.png,2217,2026-07-25 23:56:42
ProjectOutput\2023-01_Omega_Inversion\_overlays\vod_ts\vod_ts_20251230_bounds.json,175,2026-07-25 23:56:42
ProjectOutput\2023-01_Omega_Inversion\_overlays\vod_ts\vod_ts_20251231.png,2217,2026-07-25 23:56:42
ProjectOutput\2023-01_Omega_Inversion\_overlays\vod_ts\vod_ts_20251231_bounds.json,175,2026-07-25 23:56:42
ProjectOutput\2023-01_Omega_Inversion\_overlays\vod_ts\vod_ts_overlay_bounds.json,175,2026-07-25 23:56:42
ProjectOutput\2023-01_Omega_Inversion\_overlays\vod_ts\vod_ts_20251228.png,2217,2026-07-25 23:56:41
ProjectOutput\2023-01_Omega_Inversion\_overlays\vod_ts\vod_ts_20251228_bounds.json,175,2026-07-25 23:56:41
ProjectOutput\2023-01_Omega_Inversion\_overlays\vod_ts\vod_ts_20251229.png,2217,2026-07-25 23:56:41
ProjectOutput\2023-01_Omega_Inversion\_overlays\vod_ts\vod_ts_20251229_bounds.json,175,2026-07-25 23:56:41
ProjectOutput\2023-01_Omega_Inversion\_overlays\vod_ts\vod_ts_20251227.png,38367,2026-07-25 23:56:40
ProjectOutput\2023-01_Omega_Inversion\_overlays\vod_ts\vod_ts_20251227_bounds.json,175,2026-07-25 23:56:40
ProjectOutput\2023-01_Omega_Inversion\_overlays\vod_ts\vod_ts_20251225.png,34506,2026-07-25 23:56:39
ProjectOutput\2023-01_Omega_Inversion\_overlays\vod_ts\vod_ts_20251225_bounds.json,175,2026-07-25 23:56:39
ProjectOutput\2023-01_Omega_Inversion\_overlays\vod_ts\vod_ts_20251226.png,44009,2026-07-25 23:56:39
ProjectOutput\2023-01_Omega_Inversion\_overlays\vod_ts\vod_ts_20251226_bounds.json,175,2026-07-25 23:56:39
ProjectOutput\2023-01_Omega_Inversion\_overlays\vod_ts\vod_ts_20251223.png,43956,2026-07-25 23:56:38
ProjectOutput\2023-01_Omega_Inversion\_overlays\vod_ts\vod_ts_20251223_bounds.json,175,2026-07-25 23:56:38
ProjectOutput\2023-01_Omega_Inversion\_overlays\vod_ts\vod_ts_20251224.png,37105,2026-07-25 23:56:38
ProjectOutput\2023-01_Omega_Inversion\_overlays\vod_ts\vod_ts_20251224_bounds.json,175,2026-07-25 23:56:38
ProjectOutput\2023-01_Omega_Inversion\_overlays\vod_ts\vod_ts_20251222.png,38970,2026-07-25 23:56:37
ProjectOutput\2023-01_Omega_Inversion\_overlays\vod_ts\vod_ts_20251222_bounds.json,175,2026-07-25 23:56:37
ProjectOutput\2023-01_Omega_Inversion\_overlays\vod_ts\vod_ts_20251221.png,43724,2026-07-25 23:56:36
ProjectOutput\2023-01_Omega_Inversion\_overlays\vod_ts\vod_ts_20251221_bounds.json,175,2026-07-25 23:56:36
ProjectOutput\2023-01_Omega_Inversion\_overlays\vod_ts\vod_ts_20251219.png,43459,2026-07-25 23:56:35
ProjectOutput\2023-01_Omega_Inversion\_overlays\vod_ts\vod_ts_20251219_bounds.json,175,2026-07-25 23:56:35
ProjectOutput\2023-01_Omega_Inversion\_overlays\vod_ts\vod_ts_20251220.png,41291,2026-07-25 23:56:35
ProjectOutput\2023-01_Omega_Inversion\_overlays\vod_ts\vod_ts_20251220_bounds.json,175,2026-07-25 23:56:35
ProjectOutput\2023-01_Omega_Inversion\_overlays\vod_ts\vod_ts_20251218.png,48029,2026-07-25 23:56:34
ProjectOutput\2023-01_Omega_Inversion\_overlays\vod_ts\vod_ts_20251218_bounds.json,175,2026-07-25 23:56:34
ProjectOutput\2023-01_Omega_Inversion\_overlays\vod_ts\vod_ts_20251217.png,39332,2026-07-25 23:56:33
ProjectOutput\2023-01_Omega_Inversion\_overlays\vod_ts\vod_ts_20251217_bounds.json,175,2026-07-25 23:56:33
ProjectOutput\2023-01_Omega_Inversion\_overlays\vod_ts\vod_ts_20251215.png,44104,2026-07-25 23:56:32
ProjectOutput\2023-01_Omega_Inversion\_overlays\vod_ts\vod_ts_20251215_bounds.json,175,2026-07-25 23:56:32
ProjectOutput\2023-01_Omega_Inversion\_overlays\vod_ts\vod_ts_20251216.png,39322,2026-07-25 23:56:32
ProjectOutput\2023-01_Omega_Inversion\_overlays\vod_ts\vod_ts_20251216_bounds.json,175,2026-07-25 23:56:32
ProjectOutput\2023-01_Omega_Inversion\_overlays\vod_ts\vod_ts_20251214.png,36460,2026-07-25 23:56:31
ProjectOutput\2023-01_Omega_Inversion\_overlays\vod_ts\vod_ts_20251214_bounds.json,175,2026-07-25 23:56:31
ProjectOutput\2023-01_Omega_Inversion\_overlays\vod_ts\vod_ts_20251213.png,38532,2026-07-25 23:56:30
ProjectOutput\2023-01_Omega_Inversion\_overlays\vod_ts\vod_ts_20251213_bounds.json,175,2026-07-25 23:56:30
ProjectOutput\2023-01_Omega_Inversion\_overlays\vod_ts\vod_ts_20251211.png,45060,2026-07-25 23:56:29
ProjectOutput\2023-01_Omega_Inversion\_overlays\vod_ts\vod_ts_20251211_bounds.json,175,2026-07-25 23:56:29
ProjectOutput\2023-01_Omega_Inversion\_overlays\vod_ts\vod_ts_20251212.png,40078,2026-07-25 23:56:29
ProjectOutput\2023-01_Omega_Inversion\_overlays\vod_ts\vod_ts_20251212_bounds.json,175,2026-07-25 23:56:29
ProjectOutput\2023-01_Omega_Inversion\_overlays\vod_ts\vod_ts_20251209.png,40875,2026-07-25 23:56:28
ProjectOutput\2023-01_Omega_Inversion\_overlays\vod_ts\vod_ts_20251209_bounds.json,175,2026-07-25 23:56:28
ProjectOutput\2023-01_Omega_Inversion\_overlays\vod_ts\vod_ts_20251210.png,47393,2026-07-25 23:56:28
ProjectOutput\2023-01_Omega_Inversion\_overlays\vod_ts\vod_ts_20251210_bounds.json,175,2026-07-25 23:56:28
ProjectOutput\2023-01_Omega_Inversion\_overlays\vod_ts\vod_ts_20251208.png,41192,2026-07-25 23:56:27
ProjectOutput\2023-01_Omega_Inversion\_overlays\vod_ts\vod_ts_20251208_bounds.json,175,2026-07-25 23:56:27
ProjectOutput\2023-01_Omega_Inversion\_overlays\vod_ts\vod_ts_20251206.png,42449,2026-07-25 23:56:26
ProjectOutput\2023-01_Omega_Inversion\_overlays\vod_ts\vod_ts_20251206_bounds.json,175,2026-07-25 23:56:26
ProjectOutput\2023-01_Omega_Inversion\_overlays\vod_ts\vod_ts_20251207.png,47825,2026-07-25 23:56:26
ProjectOutput\2023-01_Omega_Inversion\_overlays\vod_ts\vod_ts_20251207_bounds.json,175,2026-07-25 23:56:26
ProjectOutput\2023-01_Omega_Inversion\_overlays\vod_ts\vod_ts_20251205.png,46692,2026-07-25 23:56:25
ProjectOutput\2023-01_Omega_Inversion\_overlays\vod_ts\vod_ts_20251205_bounds.json,175,2026-07-25 23:56:25
ProjectOutput\2023-01_Omega_Inversion\_overlays\vod_ts\vod_ts_20251203.png,44807,2026-07-25 23:56:24
ProjectOutput\2023-01_Omega_Inversion\_overlays\vod_ts\vod_ts_20251203_bounds.json,175,2026-07-25 23:56:24
ProjectOutput\2023-01_Omega_Inversion\_overlays\vod_ts\vod_ts_20251204.png,44130,2026-07-25 23:56:24
ProjectOutput\2023-01_Omega_Inversion\_overlays\vod_ts\vod_ts_20251204_bounds.json,175,2026-07-25 23:56:24
ProjectOutput\2023-01_Omega_Inversion\_overlays\vod_ts\vod_ts_20251202.png,44695,2026-07-25 23:56:23
ProjectOutput\2023-01_Omega_Inversion\_overlays\vod_ts\vod_ts_20251202_bounds.json,175,2026-07-25 23:56:23
ProjectOutput\2023-01_Omega_Inversion\_overlays\landscape_metrics\landscape_metrics_overlay.png,457274,2026-07-25 23:56:22
ProjectOutput\2023-01_Omega_Inversion\_overlays\landscape_metrics\landscape_metrics_overlay_bounds.json,183,2026-07-25 23:56:22
ProjectOutput\2023-01_Omega_Inversion\_overlays\vod_ts\vod_ts_20251201.png,42234,2026-07-25 23:56:22
ProjectOutput\2023-01_Omega_Inversion\_overlays\vod_ts\vod_ts_20251201_bounds.json,175,2026-07-25 23:56:22
ProjectOutput\2023-01_Omega_Inversion\_overlays\forest_ratio\forest_ratio_overlay.png,260064,2026-07-25 23:56:19
ProjectOutput\2023-01_Omega_Inversion\_overlays\forest_ratio\forest_ratio_overlay_bounds.json,174,2026-07-25 23:56:19
ProjectOutput\2023-01_Omega_Inversion\_overlays\soil_ddca_ts\soil_ddca_20220930.png,63989,2026-07-25 23:56:18
ProjectOutput\2023-01_Omega_Inversion\_overlays\soil_ddca_ts\soil_ddca_20220930_bounds.json,173,2026-07-25 23:56:18
ProjectOutput\2023-01_Omega_Inversion\_overlays\soil_ddca_ts\soil_ddca_overlay_bounds.json,173,2026-07-25 23:56:18
ProjectOutput\2023-01_Omega_Inversion\_overlays\soil_ddca_ts\soil_ddca_20220516.png,111624,2026-07-25 23:56:17
ProjectOutput\2023-01_Omega_Inversion\_overlays\soil_ddca_ts\soil_ddca_20220516_bounds.json,173,2026-07-25 23:56:17
ProjectOutput\2023-01_Omega_Inversion\_overlays\soil_ddca_ts\soil_ddca_20220630.png,151233,2026-07-25 23:56:17
ProjectOutput\2023-01_Omega_Inversion\_overlays\soil_ddca_ts\soil_ddca_20220630_bounds.json,173,2026-07-25 23:56:17
ProjectOutput\2023-01_Omega_Inversion\_overlays\soil_ddca_ts\soil_ddca_20220401.png,66564,2026-07-25 23:56:16
ProjectOutput\2023-01_Omega_Inversion\_overlays\soil_ddca_ts\soil_ddca_20220401_bounds.json,173,2026-07-25 23:56:16
ProjectOutput\2023-01_Omega_Inversion\_overlays\soil_ddca_ts\soil_ddca_20220101.png,78291,2026-07-25 23:56:15
ProjectOutput\2023-01_Omega_Inversion\_overlays\soil_ddca_ts\soil_ddca_20220101_bounds.json,173,2026-07-25 23:56:15
ProjectOutput\2023-01_Omega_Inversion\_overlays\soil_ddca_ts\soil_ddca_20220215.png,37477,2026-07-25 23:56:15
ProjectOutput\2023-01_Omega_Inversion\_overlays\soil_ddca_ts\soil_ddca_20220215_bounds.json,173,2026-07-25 23:56:15
ProjectOutput\2023-01_Omega_Inversion\_overlays\soil_ddca_ts\soil_ddca_20211117.png,88814,2026-07-25 23:56:14
ProjectOutput\2023-01_Omega_Inversion\_overlays\soil_ddca_ts\soil_ddca_20211117_bounds.json,173,2026-07-25 23:56:14
ProjectOutput\2023-01_Omega_Inversion\_overlays\soil_ddca_ts\soil_ddca_20210819.png,201895,2026-07-25 23:56:13
ProjectOutput\2023-01_Omega_Inversion\_overlays\soil_ddca_ts\soil_ddca_20210819_bounds.json,173,2026-07-25 23:56:13
ProjectOutput\2023-01_Omega_Inversion\_overlays\soil_ddca_ts\soil_ddca_20211003.png,127071,2026-07-25 23:56:13
ProjectOutput\2023-01_Omega_Inversion\_overlays\soil_ddca_ts\soil_ddca_20211003_bounds.json,173,2026-07-25 23:56:13
ProjectOutput\2023-01_Omega_Inversion\_overlays\soil_ddca_ts\soil_ddca_20210705.png,124720,2026-07-25 23:56:12
ProjectOutput\2023-01_Omega_Inversion\_overlays\soil_ddca_ts\soil_ddca_20210705_bounds.json,173,2026-07-25 23:56:12
ProjectOutput\2023-01_Omega_Inversion\_overlays\soil_ddca_ts\soil_ddca_20210521.png,122505,2026-07-25 23:56:11
ProjectOutput\2023-01_Omega_Inversion\_overlays\soil_ddca_ts\soil_ddca_20210521_bounds.json,173,2026-07-25 23:56:11
ProjectOutput\2023-01_Omega_Inversion\_overlays\soil_ddca_ts\soil_ddca_20210406.png,64814,2026-07-25 23:56:10
ProjectOutput\2023-01_Omega_Inversion\_overlays\soil_ddca_ts\soil_ddca_20210406_bounds.json,173,2026-07-25 23:56:10
ProjectOutput\2023-01_Omega_Inversion\_overlays\soil_ddca_ts\soil_ddca_20210106.png,76256,2026-07-25 23:56:09
ProjectOutput\2023-01_Omega_Inversion\_overlays\soil_ddca_ts\soil_ddca_20210106_bounds.json,173,2026-07-25 23:56:09
ProjectOutput\2023-01_Omega_Inversion\_overlays\soil_ddca_ts\soil_ddca_20210220.png,72025,2026-07-25 23:56:09
ProjectOutput\2023-01_Omega_Inversion\_overlays\soil_ddca_ts\soil_ddca_20210220_bounds.json,173,2026-07-25 23:56:09
ProjectOutput\2023-01_Omega_Inversion\_overlays\soil_ddca_ts\soil_ddca_20201008.png,111044,2026-07-25 23:56:08
ProjectOutput\2023-01_Omega_Inversion\_overlays\soil_ddca_ts\soil_ddca_20201008_bounds.json,173,2026-07-25 23:56:08
ProjectOutput\2023-01_Omega_Inversion\_overlays\soil_ddca_ts\soil_ddca_20201122.png,80374,2026-07-25 23:56:08
ProjectOutput\2023-01_Omega_Inversion\_overlays\soil_ddca_ts\soil_ddca_20201122_bounds.json,173,2026-07-25 23:56:08
ProjectOutput\2023-01_Omega_Inversion\_overlays\soil_ddca_ts\soil_ddca_20200824.png,190259,2026-07-25 23:56:07
ProjectOutput\2023-01_Omega_Inversion\_overlays\soil_ddca_ts\soil_ddca_20200824_bounds.json,173,2026-07-25 23:56:07
ProjectOutput\2023-01_Omega_Inversion\_overlays\soil_ddca_ts\soil_ddca_20200526.png,139622,2026-07-25 23:56:06
ProjectOutput\2023-01_Omega_Inversion\_overlays\soil_ddca_ts\soil_ddca_20200526_bounds.json,173,2026-07-25 23:56:06
ProjectOutput\2023-01_Omega_Inversion\_overlays\soil_ddca_ts\soil_ddca_20200710.png,135656,2026-07-25 23:56:06
ProjectOutput\2023-01_Omega_Inversion\_overlays\soil_ddca_ts\soil_ddca_20200710_bounds.json,173,2026-07-25 23:56:06
ProjectOutput\2023-01_Omega_Inversion\_overlays\soil_ddca_ts\soil_ddca_20200226.png,63388,2026-07-25 23:56:05
ProjectOutput\2023-01_Omega_Inversion\_overlays\soil_ddca_ts\soil_ddca_20200226_bounds.json,173,2026-07-25 23:56:05
ProjectOutput\2023-01_Omega_Inversion\_overlays\soil_ddca_ts\soil_ddca_20200411.png,75249,2026-07-25 23:56:05
ProjectOutput\2023-01_Omega_Inversion\_overlays\soil_ddca_ts\soil_ddca_20200411_bounds.json,173,2026-07-25 23:56:05
ProjectOutput\2023-01_Omega_Inversion\_overlays\soil_ddca_ts\soil_ddca_20200112.png,48937,2026-07-25 23:56:04
ProjectOutput\2023-01_Omega_Inversion\_overlays\soil_ddca_ts\soil_ddca_20200112_bounds.json,173,2026-07-25 23:56:04
ProjectOutput\2023-01_Omega_Inversion\_overlays\soil_ddca_ts\soil_ddca_20191014.png,104487,2026-07-25 23:56:03
ProjectOutput\2023-01_Omega_Inversion\_overlays\soil_ddca_ts\soil_ddca_20191014_bounds.json,173,2026-07-25 23:56:03
ProjectOutput\2023-01_Omega_Inversion\_overlays\soil_ddca_ts\soil_ddca_20191128.png,69072,2026-07-25 23:56:03
ProjectOutput\2023-01_Omega_Inversion\_overlays\soil_ddca_ts\soil_ddca_20191128_bounds.json,173,2026-07-25 23:56:03
ProjectOutput\2023-01_Omega_Inversion\_overlays\soil_ddca_ts\soil_ddca_20190830.png,205490,2026-07-25 23:56:02
ProjectOutput\2023-01_Omega_Inversion\_overlays\soil_ddca_ts\soil_ddca_20190830_bounds.json,173,2026-07-25 23:56:02
ProjectOutput\2023-01_Omega_Inversion\_overlays\soil_ddca_ts\soil_ddca_20190429.png,129317,2026-07-25 23:56:01
ProjectOutput\2023-01_Omega_Inversion\_overlays\soil_ddca_ts\soil_ddca_20190429_bounds.json,173,2026-07-25 23:56:01
ProjectOutput\2023-01_Omega_Inversion\_overlays\soil_ddca_ts\soil_ddca_20190613.png,191779,2026-07-25 23:56:01
ProjectOutput\2023-01_Omega_Inversion\_overlays\soil_ddca_ts\soil_ddca_20190613_bounds.json,173,2026-07-25 23:56:01
ProjectOutput\2023-01_Omega_Inversion\_overlays\soil_ddca_ts\soil_ddca_20190315.png,102584,2026-07-25 23:56:00
ProjectOutput\2023-01_Omega_Inversion\_overlays\soil_ddca_ts\soil_ddca_20190315_bounds.json,173,2026-07-25 23:56:00
ProjectOutput\2023-01_Omega_Inversion\_overlays\soil_ddca_ts\soil_ddca_20181215.png,19541,2026-07-25 23:55:59
ProjectOutput\2023-01_Omega_Inversion\_overlays\soil_ddca_ts\soil_ddca_20181215_bounds.json,173,2026-07-25 23:55:59
ProjectOutput\2023-01_Omega_Inversion\_overlays\soil_ddca_ts\soil_ddca_20190129.png,38745,2026-07-25 23:55:59
ProjectOutput\2023-01_Omega_Inversion\_overlays\soil_ddca_ts\soil_ddca_20190129_bounds.json,173,2026-07-25 23:55:59
ProjectOutput\2023-01_Omega_Inversion\_overlays\soil_ddca_ts\soil_ddca_20181031.png,83677,2026-07-25 23:55:58
ProjectOutput\2023-01_Omega_Inversion\_overlays\soil_ddca_ts\soil_ddca_20181031_bounds.json,173,2026-07-25 23:55:58
ProjectOutput\2023-01_Omega_Inversion\_overlays\soil_ddca_ts\soil_ddca_20180802.png,205729,2026-07-25 23:55:57
ProjectOutput\2023-01_Omega_Inversion\_overlays\soil_ddca_ts\soil_ddca_20180802_bounds.json,173,2026-07-25 23:55:57
ProjectOutput\2023-01_Omega_Inversion\_overlays\soil_ddca_ts\soil_ddca_20180916.png,167458,2026-07-25 23:55:57
ProjectOutput\2023-01_Omega_Inversion\_overlays\soil_ddca_ts\soil_ddca_20180916_bounds.json,173,2026-07-25 23:55:57
ProjectOutput\2023-01_Omega_Inversion\_overlays\soil_ddca_ts\soil_ddca_20180618.png,190282,2026-07-25 23:55:56
ProjectOutput\2023-01_Omega_Inversion\_overlays\soil_ddca_ts\soil_ddca_20180618_bounds.json,173,2026-07-25 23:55:56
ProjectOutput\2023-01_Omega_Inversion\_overlays\soil_ddca_ts\soil_ddca_20180320.png,97175,2026-07-25 23:55:55
ProjectOutput\2023-01_Omega_Inversion\_overlays\soil_ddca_ts\soil_ddca_20180320_bounds.json,173,2026-07-25 23:55:55
ProjectOutput\2023-01_Omega_Inversion\_overlays\soil_ddca_ts\soil_ddca_20180504.png,138805,2026-07-25 23:55:55
ProjectOutput\2023-01_Omega_Inversion\_overlays\soil_ddca_ts\soil_ddca_20180504_bounds.json,173,2026-07-25 23:55:55
ProjectOutput\2023-01_Omega_Inversion\_overlays\soil_ddca_ts\soil_ddca_20171220.png,37593,2026-07-25 23:55:54
ProjectOutput\2023-01_Omega_Inversion\_overlays\soil_ddca_ts\soil_ddca_20171220_bounds.json,173,2026-07-25 23:55:54
ProjectOutput\2023-01_Omega_Inversion\_overlays\soil_ddca_ts\soil_ddca_20180203.png,50932,2026-07-25 23:55:54
ProjectOutput\2023-01_Omega_Inversion\_overlays\soil_ddca_ts\soil_ddca_20180203_bounds.json,173,2026-07-25 23:55:54
ProjectOutput\2023-01_Omega_Inversion\_overlays\soil_ddca_ts\soil_ddca_20171105.png,72604,2026-07-25 23:55:53
ProjectOutput\2023-01_Omega_Inversion\_overlays\soil_ddca_ts\soil_ddca_20171105_bounds.json,173,2026-07-25 23:55:53
ProjectOutput\2023-01_Omega_Inversion\_overlays\soil_ddca_ts\soil_ddca_20170807.png,208409,2026-07-25 23:55:52
ProjectOutput\2023-01_Omega_Inversion\_overlays\soil_ddca_ts\soil_ddca_20170807_bounds.json,173,2026-07-25 23:55:52
ProjectOutput\2023-01_Omega_Inversion\_overlays\soil_ddca_ts\soil_ddca_20170921.png,137136,2026-07-25 23:55:52
ProjectOutput\2023-01_Omega_Inversion\_overlays\soil_ddca_ts\soil_ddca_20170921_bounds.json,173,2026-07-25 23:55:52
ProjectOutput\2023-01_Omega_Inversion\_overlays\soil_ddca_ts\soil_ddca_20170509.png,167304,2026-07-25 23:55:51
ProjectOutput\2023-01_Omega_Inversion\_overlays\soil_ddca_ts\soil_ddca_20170509_bounds.json,173,2026-07-25 23:55:51
ProjectOutput\2023-01_Omega_Inversion\_overlays\soil_ddca_ts\soil_ddca_20170623.png,201195,2026-07-25 23:55:51
ProjectOutput\2023-01_Omega_Inversion\_overlays\soil_ddca_ts\soil_ddca_20170623_bounds.json,173,2026-07-25 23:55:51
ProjectOutput\2023-01_Omega_Inversion\_overlays\soil_ddca_ts\soil_ddca_20170325.png,92768,2026-07-25 23:55:50
ProjectOutput\2023-01_Omega_Inversion\_overlays\soil_ddca_ts\soil_ddca_20170325_bounds.json,173,2026-07-25 23:55:50
ProjectOutput\2023-01_Omega_Inversion\_overlays\soil_ddca_ts\soil_ddca_20161225.png,48149,2026-07-25 23:55:49
ProjectOutput\2023-01_Omega_Inversion\_overlays\soil_ddca_ts\soil_ddca_20161225_bounds.json,173,2026-07-25 23:55:49
ProjectOutput\2023-01_Omega_Inversion\_overlays\soil_ddca_ts\soil_ddca_20170208.png,36085,2026-07-25 23:55:49
ProjectOutput\2023-01_Omega_Inversion\_overlays\soil_ddca_ts\soil_ddca_20170208_bounds.json,173,2026-07-25 23:55:49
ProjectOutput\2023-01_Omega_Inversion\_overlays\soil_ddca_ts\soil_ddca_20161110.png,63307,2026-07-25 23:55:48
ProjectOutput\2023-01_Omega_Inversion\_overlays\soil_ddca_ts\soil_ddca_20161110_bounds.json,173,2026-07-25 23:55:48
ProjectOutput\2023-01_Omega_Inversion\_overlays\soil_ddca_ts\soil_ddca_20160811.png,156794,2026-07-25 23:55:47
ProjectOutput\2023-01_Omega_Inversion\_overlays\soil_ddca_ts\soil_ddca_20160811_bounds.json,173,2026-07-25 23:55:47
ProjectOutput\2023-01_Omega_Inversion\_overlays\soil_ddca_ts\soil_ddca_20160925.png,78931,2026-07-25 23:55:47
ProjectOutput\2023-01_Omega_Inversion\_overlays\soil_ddca_ts\soil_ddca_20160925_bounds.json,173,2026-07-25 23:55:47
ProjectOutput\2023-01_Omega_Inversion\_overlays\soil_ddca_ts\soil_ddca_20160627.png,136783,2026-07-25 23:55:46
ProjectOutput\2023-01_Omega_Inversion\_overlays\soil_ddca_ts\soil_ddca_20160627_bounds.json,173,2026-07-25 23:55:46
ProjectOutput\2023-01_Omega_Inversion\_overlays\soil_ddca_ts\soil_ddca_20160328.png,55536,2026-07-25 23:55:45
ProjectOutput\2023-01_Omega_Inversion\_overlays\soil_ddca_ts\soil_ddca_20160328_bounds.json,173,2026-07-25 23:55:45
ProjectOutput\2023-01_Omega_Inversion\_overlays\soil_ddca_ts\soil_ddca_20160513.png,137272,2026-07-25 23:55:45
ProjectOutput\2023-01_Omega_Inversion\_overlays\soil_ddca_ts\soil_ddca_20160513_bounds.json,173,2026-07-25 23:55:45
ProjectOutput\2023-01_Omega_Inversion\_overlays\soil_ddca_ts\soil_ddca_20160212.png,45446,2026-07-25 23:55:44
ProjectOutput\2023-01_Omega_Inversion\_overlays\soil_ddca_ts\soil_ddca_20160212_bounds.json,173,2026-07-25 23:55:44
ProjectOutput\2023-01_Omega_Inversion\_overlays\soil_ddca_ts\soil_ddca_20151113.png,31736,2026-07-25 23:55:43
ProjectOutput\2023-01_Omega_Inversion\_overlays\soil_ddca_ts\soil_ddca_20151113_bounds.json,173,2026-07-25 23:55:43
ProjectOutput\2023-01_Omega_Inversion\_overlays\soil_ddca_ts\soil_ddca_20151229.png,2217,2026-07-25 23:55:43
ProjectOutput\2023-01_Omega_Inversion\_overlays\soil_ddca_ts\soil_ddca_20151229_bounds.json,173,2026-07-25 23:55:43
ProjectOutput\2023-01_Omega_Inversion\_overlays\soil_ddca_ts\soil_ddca_20150815.png,207109,2026-07-25 23:55:42
ProjectOutput\2023-01_Omega_Inversion\_overlays\soil_ddca_ts\soil_ddca_20150815_bounds.json,173,2026-07-25 23:55:42
ProjectOutput\2023-01_Omega_Inversion\_overlays\soil_ddca_ts\soil_ddca_20150929.png,100936,2026-07-25 23:55:42
ProjectOutput\2023-01_Omega_Inversion\_overlays\soil_ddca_ts\soil_ddca_20150929_bounds.json,173,2026-07-25 23:55:42
ProjectOutput\2023-01_Omega_Inversion\_overlays\soil_ddca_ts\soil_ddca_20150701.png,205471,2026-07-25 23:55:41
ProjectOutput\2023-01_Omega_Inversion\_overlays\soil_ddca_ts\soil_ddca_20150701_bounds.json,173,2026-07-25 23:55:41
ProjectOutput\2023-01_Omega_Inversion\_overlays\soil_ddca_ts\soil_ddca_20150401.png,87329,2026-07-25 23:55:40
ProjectOutput\2023-01_Omega_Inversion\_overlays\soil_ddca_ts\soil_ddca_20150401_bounds.json,173,2026-07-25 23:55:40
ProjectOutput\2023-01_Omega_Inversion\_overlays\soil_ddca_ts\soil_ddca_20150517.png,166351,2026-07-25 23:55:40
ProjectOutput\2023-01_Omega_Inversion\_overlays\soil_ddca_ts\soil_ddca_20150517_bounds.json,173,2026-07-25 23:55:40
ProjectOutput\2023-01_Omega_Inversion\_overlays\smap_ts\smap_sm_20230124.png,7843,2026-07-25 23:55:39
ProjectOutput\2023-01_Omega_Inversion\_overlays\smap_ts\smap_sm_20230124_bounds.json,171,2026-07-25 23:55:39
ProjectOutput\2023-01_Omega_Inversion\_overlays\smap_ts\smap_sm_20230127.png,6194,2026-07-25 23:55:39
ProjectOutput\2023-01_Omega_Inversion\_overlays\smap_ts\smap_sm_20230127_bounds.json,171,2026-07-25 23:55:39
ProjectOutput\2023-01_Omega_Inversion\_overlays\smap_ts\smap_sm_20230130.png,6535,2026-07-25 23:55:39
ProjectOutput\2023-01_Omega_Inversion\_overlays\smap_ts\smap_sm_20230130_bounds.json,171,2026-07-25 23:55:39
ProjectOutput\2023-01_Omega_Inversion\_overlays\smap_ts\smap_sm_ts_bounds.json,171,2026-07-25 23:55:39
ProjectOutput\2023-01_Omega_Inversion\_overlays\smap_ts\smap_sm_20230109.png,6676,2026-07-25 23:55:38
ProjectOutput\2023-01_Omega_Inversion\_overlays\smap_ts\smap_sm_20230109_bounds.json,171,2026-07-25 23:55:38
ProjectOutput\2023-01_Omega_Inversion\_overlays\smap_ts\smap_sm_20230112.png,7974,2026-07-25 23:55:38
ProjectOutput\2023-01_Omega_Inversion\_overlays\smap_ts\smap_sm_20230112_bounds.json,171,2026-07-25 23:55:38
ProjectOutput\2023-01_Omega_Inversion\_overlays\smap_ts\smap_sm_20230114.png,4978,2026-07-25 23:55:38
ProjectOutput\2023-01_Omega_Inversion\_overlays\smap_ts\smap_sm_20230114_bounds.json,171,2026-07-25 23:55:38
ProjectOutput\2023-01_Omega_Inversion\_overlays\smap_ts\smap_sm_20230115.png,6158,2026-07-25 23:55:38
ProjectOutput\2023-01_Omega_Inversion\_overlays\smap_ts\smap_sm_20230115_bounds.json,171,2026-07-25 23:55:38
ProjectOutput\2023-01_Omega_Inversion\_overlays\smap_ts\smap_sm_20230120.png,6856,2026-07-25 23:55:38
ProjectOutput\2023-01_Omega_Inversion\_overlays\smap_ts\smap_sm_20230120_bounds.json,171,2026-07-25 23:55:38
ProjectOutput\2023-01_Omega_Inversion\_overlays\smap_ts\smap_sm_20230122.png,6423,2026-07-25 23:55:38
ProjectOutput\2023-01_Omega_Inversion\_overlays\smap_ts\smap_sm_20230122_bounds.json,171,2026-07-25 23:55:38
ProjectOutput\2023-01_Omega_Inversion\_overlays\omega_fy_ts\omega_fy_030.png,104820,2026-07-25 23:55:37
ProjectOutput\2023-01_Omega_Inversion\_overlays\omega_fy_ts\omega_fy_030_bounds.json,179,2026-07-25 23:55:37
ProjectOutput\2023-01_Omega_Inversion\_overlays\omega_fy_ts\omega_fy_overlay_bounds.json,179,2026-07-25 23:55:37
ProjectOutput\2023-01_Omega_Inversion\_overlays\smap_ts\smap_sm_20230101.png,5839,2026-07-25 23:55:37
ProjectOutput\2023-01_Omega_Inversion\_overlays\smap_ts\smap_sm_20230101_bounds.json,171,2026-07-25 23:55:37
ProjectOutput\2023-01_Omega_Inversion\_overlays\smap_ts\smap_sm_20230103.png,6422,2026-07-25 23:55:37
ProjectOutput\2023-01_Omega_Inversion\_overlays\smap_ts\smap_sm_20230103_bounds.json,171,2026-07-25 23:55:37
ProjectOutput\2023-01_Omega_Inversion\_overlays\smap_ts\smap_sm_20230105.png,6022,2026-07-25 23:55:37
ProjectOutput\2023-01_Omega_Inversion\_overlays\smap_ts\smap_sm_20230105_bounds.json,171,2026-07-25 23:55:37
ProjectOutput\2023-01_Omega_Inversion\_overlays\smap_ts\smap_sm_20230107.png,7327,2026-07-25 23:55:37
ProjectOutput\2023-01_Omega_Inversion\_overlays\smap_ts\smap_sm_20230107_bounds.json,171,2026-07-25 23:55:37
ProjectOutput\2023-01_Omega_Inversion\_overlays\omega_fy_ts\omega_fy_029.png,104820,2026-07-25 23:55:36
ProjectOutput\2023-01_Omega_Inversion\_overlays\omega_fy_ts\omega_fy_029_bounds.json,179,2026-07-25 23:55:36
ProjectOutput\2023-01_Omega_Inversion\_overlays\omega_fy_ts\omega_fy_027.png,104820,2026-07-25 23:55:35
ProjectOutput\2023-01_Omega_Inversion\_overlays\omega_fy_ts\omega_fy_027_bounds.json,179,2026-07-25 23:55:35
ProjectOutput\2023-01_Omega_Inversion\_overlays\omega_fy_ts\omega_fy_028.png,104820,2026-07-25 23:55:35
ProjectOutput\2023-01_Omega_Inversion\_overlays\omega_fy_ts\omega_fy_028_bounds.json,179,2026-07-25 23:55:35
ProjectOutput\2023-01_Omega_Inversion\_overlays\omega_fy_ts\omega_fy_025.png,104820,2026-07-25 23:55:34
ProjectOutput\2023-01_Omega_Inversion\_overlays\omega_fy_ts\omega_fy_025_bounds.json,179,2026-07-25 23:55:34
ProjectOutput\2023-01_Omega_Inversion\_overlays\omega_fy_ts\omega_fy_026.png,104820,2026-07-25 23:55:34
ProjectOutput\2023-01_Omega_Inversion\_overlays\omega_fy_ts\omega_fy_026_bounds.json,179,2026-07-25 23:55:34
ProjectOutput\2023-01_Omega_Inversion\_overlays\omega_ts\omega_avg_030.png,99065,2026-07-25 23:55:33
ProjectOutput\2023-01_Omega_Inversion\_overlays\omega_ts\omega_avg_030_bounds.json,176,2026-07-25 23:55:33
ProjectOutput\2023-01_Omega_Inversion\_overlays\omega_ts\omega_avg_overlay_bounds.json,176,2026-07-25 23:55:33
ProjectOutput\2023-01_Omega_Inversion\_overlays\omega_ts\omega_avg_028.png,99065,2026-07-25 23:55:32
ProjectOutput\2023-01_Omega_Inversion\_overlays\omega_ts\omega_avg_028_bounds.json,176,2026-07-25 23:55:32
ProjectOutput\2023-01_Omega_Inversion\_overlays\omega_ts\omega_avg_029.png,99065,2026-07-25 23:55:32
ProjectOutput\2023-01_Omega_Inversion\_overlays\omega_ts\omega_avg_029_bounds.json,176,2026-07-25 23:55:32
ProjectOutput\2023-01_Omega_Inversion\_overlays\omega_ts\omega_avg_026.png,99065,2026-07-25 23:55:31
ProjectOutput\2023-01_Omega_Inversion\_overlays\omega_ts\omega_avg_026_bounds.json,176,2026-07-25 23:55:31
ProjectOutput\2023-01_Omega_Inversion\_overlays\omega_ts\omega_avg_027.png,99065,2026-07-25 23:55:31
ProjectOutput\2023-01_Omega_Inversion\_overlays\omega_ts\omega_avg_027_bounds.json,176,2026-07-25 23:55:31
ProjectOutput\2023-01_Omega_Inversion\_overlays\omega_ts\omega_avg_025.png,99065,2026-07-25 23:55:30
ProjectOutput\2023-01_Omega_Inversion\_overlays\omega_ts\omega_avg_025_bounds.json,176,2026-07-25 23:55:30
ProjectOutput\2023-01_Omega_Inversion\_overlays\omega_ts\omega_avg_023.png,128020,2026-07-25 23:55:29
ProjectOutput\2023-01_Omega_Inversion\_overlays\omega_ts\omega_avg_023_bounds.json,176,2026-07-25 23:55:29
ProjectOutput\2023-01_Omega_Inversion\_overlays\omega_ts\omega_avg_024.png,128020,2026-07-25 23:55:29
ProjectOutput\2023-01_Omega_Inversion\_overlays\omega_ts\omega_avg_024_bounds.json,176,2026-07-25 23:55:29
ProjectOutput\2023-01_Omega_Inversion\_overlays\omega_ts\omega_avg_022.png,128020,2026-07-25 23:55:28
ProjectOutput\2023-01_Omega_Inversion\_overlays\omega_ts\omega_avg_022_bounds.json,176,2026-07-25 23:55:28
ProjectOutput\2023-01_Omega_Inversion\_overlays\omega_ts\omega_avg_020.png,128020,2026-07-25 23:55:27
ProjectOutput\2023-01_Omega_Inversion\_overlays\omega_ts\omega_avg_020_bounds.json,176,2026-07-25 23:55:27
ProjectOutput\2023-01_Omega_Inversion\_overlays\omega_ts\omega_avg_021.png,128020,2026-07-25 23:55:27
ProjectOutput\2023-01_Omega_Inversion\_overlays\omega_ts\omega_avg_021_bounds.json,176,2026-07-25 23:55:27
ProjectOutput\2023-01_Omega_Inversion\_overlays\omega_ts\omega_avg_019.png,128020,2026-07-25 23:55:26
ProjectOutput\2023-01_Omega_Inversion\_overlays\omega_ts\omega_avg_019_bounds.json,176,2026-07-25 23:55:26
ProjectOutput\2023-01_Omega_Inversion\_overlays\omega_ts\omega_avg_017.png,128020,2026-07-25 23:55:25
ProjectOutput\2023-01_Omega_Inversion\_overlays\omega_ts\omega_avg_017_bounds.json,176,2026-07-25 23:55:25
ProjectOutput\2023-01_Omega_Inversion\_overlays\omega_ts\omega_avg_018.png,128020,2026-07-25 23:55:25
ProjectOutput\2023-01_Omega_Inversion\_overlays\omega_ts\omega_avg_018_bounds.json,176,2026-07-25 23:55:25
ProjectOutput\2023-01_Omega_Inversion\_overlays\clcd\clcd_overlay.png,162933,2026-07-25 23:55:24
ProjectOutput\2023-01_Omega_Inversion\_overlays\clcd\clcd_overlay_bounds.json,170,2026-07-25 23:55:24
ProjectOutput\2023-01_Omega_Inversion\_overlays\cmfd_precip\cmfd_precip_overlay.png,2861066,2026-07-25 23:53:38
ProjectOutput\2023-01_Omega_Inversion\_overlays\cmfd_precip\cmfd_precip_overlay_bounds.json,174,2026-07-25 23:53:38
ProjectOutput\2023-01_Omega_Inversion\_overlays\gebco_dem\gebco_dem_overlay.png,5280984,2026-07-25 23:53:36
ProjectOutput\2023-01_Omega_Inversion\_overlays\gebco_dem\gebco_dem_overlay_bounds.json,175,2026-07-25 23:53:36
ProjectOutput\2023-01_Omega_Inversion\_overlays\thematic\aridity_overlay.png,46249,2026-07-25 23:53:11
ProjectOutput\2023-01_Omega_Inversion\_overlays\thematic\aridity_overlay_bounds.json,173,2026-07-25 23:53:11
ProjectOutput\2023-01_Omega_Inversion\_overlays\thematic\hfp_overlay.png,38227,2026-07-25 23:53:11
ProjectOutput\2023-01_Omega_Inversion\_overlays\thematic\hfp_overlay_bounds.json,169,2026-07-25 23:53:11
ProjectOutput\2023-01_Omega_Inversion\_overlays\thematic\landcover_overlay.png,20749,2026-07-25 23:53:11
ProjectOutput\2023-01_Omega_Inversion\_overlays\thematic\landcover_overlay_bounds.json,175,2026-07-25 23:53:11
ProjectOutput\imports\imported-3c5a6e8ec1bd\bounds.json,1216,2026-07-25 22:13:36
ProjectOutput\imports\imported-3c5a6e8ec1bd\preview.png,6502,2026-07-25 22:13:36
ProjectOutput\imports\imported-3c5a6e8ec1bd\20130101_NDVI.tif,2841865,2026-07-25 22:13:35
ProjectOutput\imports\imported-3c5a6e8ec1bd\meta.json,389,2026-07-25 22:13:35
ProjectOutput\imports\imported-3c5a6e8ec1bd\20130101.mat,5987178,2026-07-25 22:13:25
ProjectOutput\imports\imported-vec-75ad1deee0a1\data.geojson,624329,2026-07-25 22:12:03
ProjectOutput\imports\imported-vec-75ad1deee0a1\meta.json,579,2026-07-25 22:12:03
ProjectOutput\imports\imported-vec-75ad1deee0a1\preview.geojson,624329,2026-07-25 22:12:03
ProjectOutput\imports\imported-vec-75ad1deee0a1\_extract\中华人民共和国.dbf,1929,2026-07-25 22:12:02
ProjectOutput\imports\imported-vec-75ad1deee0a1\_extract\中华人民共和国.prj,132,2026-07-25 22:12:02
ProjectOutput\imports\imported-vec-75ad1deee0a1\_extract\中华人民共和国.shp,401868,2026-07-25 22:12:02
ProjectOutput\imports\imported-vec-75ad1deee0a1\_extract\中华人民共和国.shx,380,2026-07-25 22:12:02
ProjectOutput\imports\_documents\doc-cac829baddbb\FY-3D与SMAP亮温反演数据输入配置.xlsx,12432,2026-07-25 18:09:23
ProjectOutput\imports\_documents\doc-cac829baddbb\table.json,971,2026-07-25 18:09:23
ProjectOutput\imports\_documents\doc-d7086933991e\table.json,7768,2026-07-25 18:08:41
ProjectOutput\imports\_documents\doc-d7086933991e\海路通机时使用清单20260101-0623-邱建秀.xlsx,12010,2026-07-25 18:08:40
ProjectOutput\imports\imported-eb1b502fbc9b\bounds.json,1216,2026-07-25 17:52:40
ProjectOutput\imports\imported-eb1b502fbc9b\preview.png,6502,2026-07-25 17:52:40
ProjectOutput\imports\imported-eb1b502fbc9b\20130101_NDVI.tif,2841865,2026-07-25 17:52:39
ProjectOutput\imports\imported-eb1b502fbc9b\meta.json,389,2026-07-25 17:52:39
ProjectOutput\imports\imported-eb1b502fbc9b\20130101.mat,5987178,2026-07-25 17:52:37
ProjectOutput\imports\imported-87e07ff887f1\bounds.json,1230,2026-07-25 17:48:34
ProjectOutput\imports\imported-87e07ff887f1\preview.png,6502,2026-07-25 17:48:34
ProjectOutput\imports\imported-87e07ff887f1\20130101_NDVI.tif,2841865,2026-07-25 17:48:31
ProjectOutput\imports\imported-87e07ff887f1\meta.json,391,2026-07-25 17:48:31
ProjectOutput\imports\imported-87e07ff887f1\20130101.mat,5987178,2026-07-25 17:48:29
ProjectOutput\imports\imported-2278051a891d\bounds.json,1230,2026-07-25 17:46:06
ProjectOutput\imports\imported-2278051a891d\preview.png,6502,2026-07-25 17:46:06
ProjectOutput\imports\imported-2278051a891d\20130101_NDVI.tif,2841865,2026-07-25 17:46:03
ProjectOutput\imports\imported-2278051a891d\meta.json,391,2026-07-25 17:46:03
ProjectOutput\imports\imported-2278051a891d\20130101.mat,5987178,2026-07-25 17:46:00
ProjectOutput\imports\imported-312c7b69f967\bounds.json,1230,2026-07-25 15:41:44
ProjectOutput\imports\imported-312c7b69f967\preview.png,6502,2026-07-25 15:41:44
ProjectOutput\imports\imported-312c7b69f967\20130101_NDVI.tif,2841865,2026-07-25 15:41:35
ProjectOutput\imports\imported-312c7b69f967\meta.json,391,2026-07-25 15:41:35
ProjectOutput\imports\imported-312c7b69f967\20130101.mat,5987178,2026-07-25 15:41:33
ProjectOutput\imports\imported-ad2a1eea0c66\20130101_NDVI.tif,2841865,2026-07-25 14:53:12
ProjectOutput\imports\imported-ad2a1eea0c66\bounds.json,1230,2026-07-25 14:53:12
ProjectOutput\imports\imported-ad2a1eea0c66\meta.json,391,2026-07-25 14:53:12
ProjectOutput\imports\imported-ad2a1eea0c66\preview.png,6502,2026-07-25 14:53:12
ProjectOutput\imports\imported-1851b70b15b7\bounds.json,1230,2026-07-25 14:52:42
ProjectOutput\imports\imported-1851b70b15b7\meta.json,391,2026-07-25 14:52:42
ProjectOutput\imports\imported-1851b70b15b7\preview.png,6502,2026-07-25 14:52:42
ProjectOutput\imports\imported-1851b70b15b7\20130101_NDVI.tif,2841865,2026-07-25 14:52:41
ProjectOutput\imports\imported-1851b70b15b7\20130101.mat,5987178,2026-07-25 14:52:24
ProjectOutput\imports\imported-ad2a1eea0c66\20130101.mat,5987178,2026-07-25 14:52:24
ProjectOutput\imports\imported-vec-0e34191d6ef5\data.geojson,122798,2026-07-25 13:51:52
ProjectOutput\imports\imported-vec-0e34191d6ef5\meta.json,257,2026-07-25 13:51:52
ProjectOutput\imports\imported-vec-0e34191d6ef5\preview.geojson,122798,2026-07-25 13:51:52
ProjectOutput\imports\imported-vec-0e34191d6ef5\_extract\╩└╜τ╡╪═╝\CITIES.DBF,39552,2026-07-25 13:51:52
ProjectOutput\imports\imported-vec-0e34191d6ef5\_extract\╩└╜τ╡╪═╝\CITIES.SBN,13452,2026-07-25 13:51:52
ProjectOutput\imports\imported-vec-0e34191d6ef5\_extract\╩└╜τ╡╪═╝\CITIES.SBX,1268,2026-07-25 13:51:52
ProjectOutput\imports\imported-vec-0e34191d6ef5\_extract\╩└╜τ╡╪═╝\CITIES.SHP,17068,2026-07-25 13:51:52
ProjectOutput\imports\imported-vec-0e34191d6ef5\_extract\╩└╜τ╡╪═╝\CITIES.SHX,4948,2026-07-25 13:51:52
ProjectOutput\imports\imported-vec-0e34191d6ef5\_extract\╩└╜τ╡╪═╝\country.avl,98294,2026-07-25 13:51:52
ProjectOutput\imports\imported-vec-0e34191d6ef5\_extract\╩└╜τ╡╪═╝\country.dbf,35886,2026-07-25 13:51:52
ProjectOutput\imports\imported-vec-0e34191d6ef5\_extract\╩└╜τ╡╪═╝\country.prj,142,2026-07-25 13:51:52
ProjectOutput\imports\imported-vec-0e34191d6ef5\_extract\╩└╜τ╡╪═╝\country.sbn,2868,2026-07-25 13:51:52
ProjectOutput\imports\imported-vec-0e34191d6ef5\_extract\╩└╜τ╡╪═╝\country.sbx,380,2026-07-25 13:51:52
ProjectOutput\imports\imported-vec-0e34191d6ef5\_extract\╩└╜τ╡╪═╝\country.shp,3506340,2026-07-25 13:51:52
ProjectOutput\imports\imported-vec-0e34191d6ef5\_extract\╩└╜τ╡╪═╝\country.shx,2100,2026-07-25 13:51:52
ProjectOutput\imports\imported-vec-9e3740950f16\data.geojson,130566,2026-07-25 12:43:34
ProjectOutput\imports\imported-vec-9e3740950f16\meta.json,257,2026-07-25 12:43:34
ProjectOutput\imports\imported-vec-9e3740950f16\preview.geojson,130566,2026-07-25 12:43:34
ProjectOutput\imports\imported-vec-9e3740950f16\_extract\╩└╜τ╡╪═╝\CITIES.DBF,39552,2026-07-25 12:43:33
ProjectOutput\imports\imported-vec-9e3740950f16\_extract\╩└╜τ╡╪═╝\CITIES.SBN,13452,2026-07-25 12:43:33
ProjectOutput\imports\imported-vec-9e3740950f16\_extract\╩└╜τ╡╪═╝\CITIES.SBX,1268,2026-07-25 12:43:33
ProjectOutput\imports\imported-vec-9e3740950f16\_extract\╩└╜τ╡╪═╝\CITIES.SHP,17068,2026-07-25 12:43:33
ProjectOutput\imports\imported-vec-9e3740950f16\_extract\╩└╜τ╡╪═╝\CITIES.SHX,4948,2026-07-25 12:43:33
ProjectOutput\imports\imported-vec-9e3740950f16\_extract\╩└╜τ╡╪═╝\country.avl,98294,2026-07-25 12:43:33
ProjectOutput\imports\imported-vec-9e3740950f16\_extract\╩└╜τ╡╪═╝\country.dbf,35886,2026-07-25 12:43:33
ProjectOutput\imports\imported-vec-9e3740950f16\_extract\╩└╜τ╡╪═╝\country.prj,142,2026-07-25 12:43:33
ProjectOutput\imports\imported-vec-9e3740950f16\_extract\╩└╜τ╡╪═╝\country.sbn,2868,2026-07-25 12:43:33
ProjectOutput\imports\imported-vec-9e3740950f16\_extract\╩└╜τ╡╪═╝\country.sbx,380,2026-07-25 12:43:33
ProjectOutput\imports\imported-vec-9e3740950f16\_extract\╩└╜τ╡╪═╝\country.shp,3506340,2026-07-25 12:43:33
ProjectOutput\imports\imported-vec-9e3740950f16\_extract\╩└╜τ╡╪═╝\country.shx,2100,2026-07-25 12:43:33
ProjectOutput\imports\imported-vec-9e1fb1fbbb5b\data.geojson,3776132,2026-07-25 12:27:49
ProjectOutput\imports\imported-vec-9e1fb1fbbb5b\meta.json,308,2026-07-25 12:27:49
ProjectOutput\imports\imported-vec-9e1fb1fbbb5b\preview.geojson,3776132,2026-07-25 12:27:49
ProjectOutput\imports\imported-vec-9e1fb1fbbb5b\气候区划.sbn,47524,2026-07-25 12:27:47
ProjectOutput\imports\imported-vec-9e1fb1fbbb5b\气候区划.sbx,3428,2026-07-25 12:27:47
ProjectOutput\imports\imported-vec-9e1fb1fbbb5b\气候区划.shp,1345220,2026-07-25 12:27:47
ProjectOutput\imports\imported-vec-9e1fb1fbbb5b\气候区划.shx,36060,2026-07-25 12:27:47
ProjectOutput\imports\imported-vec-9e1fb1fbbb5b\气候区划.dbf,858803,2026-07-25 12:27:46
ProjectOutput\imports\imported-vec-9e1fb1fbbb5b\气候区划.prj,145,2026-07-25 12:27:46
ProjectOutput\2023-01_Omega_Inversion\_overlays\gebco_dem\_test.png,6,2026-07-19 13:55:31
ProjectOutput\2023-01_Omega_Inversion\_overlays\gebco_dem\_test.tmp_2836.png,6,2026-07-19 13:55:31
ProjectOutput\2023-01_Omega_Inversion\_overlays\gebco_dem\_test.txt,6,2026-07-19 13:55:31
ProjectOutput\2023-01_Omega_Inversion\_overlays\gebco_dem\_test_write.txt,6,2026-07-19 13:52:29
ProjectOutput\2023-01_Omega_Inversion\_overlays\omega_fy\omega_fy_overlay.png,121955,2026-07-19 07:17:01
ProjectOutput\2023-01_Omega_Inversion\_overlays\omega_fy\omega_fy_overlay_bounds.json,179,2026-07-19 07:17:01
ProjectOutput\2023-01_Omega_Inversion\_overlays\omega\omega_avg_overlay.png,148009,2026-07-19 07:17:00
ProjectOutput\2023-01_Omega_Inversion\_overlays\omega\omega_avg_overlay_bounds.json,176,2026-07-19 07:17:00
ProjectOutput\2023-01_Omega_Inversion\_overlays\soil_ddca\soil_ddca_overlay.png,94645,2026-07-19 07:17:00
ProjectOutput\2023-01_Omega_Inversion\_overlays\soil_ddca\soil_ddca_overlay_bounds.json,173,2026-07-19 07:17:00
ProjectOutput\2023-01_Omega_Inversion\_overlays\co2\co2_overlay.png,24296,2026-07-18 19:18:17
ProjectOutput\2023-01_Omega_Inversion\_overlays\co2\co2_overlay_bounds.json,119,2026-07-18 19:18:17
ProjectOutput\2023-01_Omega_Inversion\_overlays\gpcp_ts\gpcp_200911.png,338980,2026-07-18 19:14:43
ProjectOutput\2023-01_Omega_Inversion\_overlays\gpcp_ts\gpcp_200911_bounds.json,127,2026-07-18 19:14:43
ProjectOutput\2023-01_Omega_Inversion\_overlays\gpcp_ts\gpcp_ts_bounds.json,127,2026-07-18 19:14:43
ProjectOutput\2023-01_Omega_Inversion\_overlays\gpcp_ts\gpcp_200809.png,347571,2026-07-18 19:14:41
ProjectOutput\2023-01_Omega_Inversion\_overlays\gpcp_ts\gpcp_200809_bounds.json,127,2026-07-18 19:14:41
ProjectOutput\2023-01_Omega_Inversion\_overlays\gpcp_ts\gpcp_200707.png,331838,2026-07-18 19:14:39
ProjectOutput\2023-01_Omega_Inversion\_overlays\gpcp_ts\gpcp_200707_bounds.json,127,2026-07-18 19:14:39
ProjectOutput\2023-01_Omega_Inversion\_overlays\gpcp_ts\gpcp_200605.png,346522,2026-07-18 19:14:37
ProjectOutput\2023-01_Omega_Inversion\_overlays\gpcp_ts\gpcp_200605_bounds.json,127,2026-07-18 19:14:37
ProjectOutput\2023-01_Omega_Inversion\_overlays\gpcp_ts\gpcp_200503.png,349600,2026-07-18 19:14:35
ProjectOutput\2023-01_Omega_Inversion\_overlays\gpcp_ts\gpcp_200503_bounds.json,127,2026-07-18 19:14:35
ProjectOutput\2023-01_Omega_Inversion\_overlays\gpcp_ts\gpcp_200401.png,335096,2026-07-18 19:14:33
ProjectOutput\2023-01_Omega_Inversion\_overlays\gpcp_ts\gpcp_200401_bounds.json,127,2026-07-18 19:14:33
ProjectOutput\2023-01_Omega_Inversion\_overlays\gpcp_ts\gpcp_200211.png,338035,2026-07-18 19:14:31
ProjectOutput\2023-01_Omega_Inversion\_overlays\gpcp_ts\gpcp_200211_bounds.json,127,2026-07-18 19:14:31
ProjectOutput\2023-01_Omega_Inversion\_overlays\gpcp_ts\gpcp_200109.png,368645,2026-07-18 19:14:29
ProjectOutput\2023-01_Omega_Inversion\_overlays\gpcp_ts\gpcp_200109_bounds.json,127,2026-07-18 19:14:29
ProjectOutput\2023-01_Omega_Inversion\_overlays\gpcp_ts\gpcp_200007.png,354063,2026-07-18 19:14:27
ProjectOutput\2023-01_Omega_Inversion\_overlays\gpcp_ts\gpcp_200007_bounds.json,127,2026-07-18 19:14:27
ProjectOutput\2023-01_Omega_Inversion\_overlays\gpcp_ts\gpcp_199905.png,367406,2026-07-18 19:14:25
ProjectOutput\2023-01_Omega_Inversion\_overlays\gpcp_ts\gpcp_199905_bounds.json,127,2026-07-18 19:14:25
ProjectOutput\2023-01_Omega_Inversion\_overlays\gpcp_ts\gpcp_199803.png,330593,2026-07-18 19:14:23
ProjectOutput\2023-01_Omega_Inversion\_overlays\gpcp_ts\gpcp_199803_bounds.json,127,2026-07-18 19:14:23
ProjectOutput\2023-01_Omega_Inversion\_overlays\gpcp_ts\gpcp_199701.png,340959,2026-07-18 19:14:21
ProjectOutput\2023-01_Omega_Inversion\_overlays\gpcp_ts\gpcp_199701_bounds.json,127,2026-07-18 19:14:21
ProjectOutput\2023-01_Omega_Inversion\_overlays\gpcp_ts\gpcp_199511.png,349205,2026-07-18 19:14:19
ProjectOutput\2023-01_Omega_Inversion\_overlays\gpcp_ts\gpcp_199511_bounds.json,127,2026-07-18 19:14:19
ProjectOutput\2023-01_Omega_Inversion\_overlays\gpcp_ts\gpcp_199409.png,350205,2026-07-18 19:14:17
ProjectOutput\2023-01_Omega_Inversion\_overlays\gpcp_ts\gpcp_199409_bounds.json,127,2026-07-18 19:14:17
ProjectOutput\2023-01_Omega_Inversion\_overlays\gpcp_ts\gpcp_199307.png,346559,2026-07-18 19:14:15
ProjectOutput\2023-01_Omega_Inversion\_overlays\gpcp_ts\gpcp_199307_bounds.json,127,2026-07-18 19:14:15
ProjectOutput\2023-01_Omega_Inversion\_overlays\gpcp_ts\gpcp_199205.png,372462,2026-07-18 19:14:13
ProjectOutput\2023-01_Omega_Inversion\_overlays\gpcp_ts\gpcp_199205_bounds.json,127,2026-07-18 19:14:13
ProjectOutput\2023-01_Omega_Inversion\_overlays\gpcp_ts\gpcp_199103.png,334684,2026-07-18 19:14:11
ProjectOutput\2023-01_Omega_Inversion\_overlays\gpcp_ts\gpcp_199103_bounds.json,127,2026-07-18 19:14:11
ProjectOutput\2023-01_Omega_Inversion\_overlays\gpcp_ts\gpcp_199001.png,326912,2026-07-18 19:14:09
ProjectOutput\2023-01_Omega_Inversion\_overlays\gpcp_ts\gpcp_199001_bounds.json,127,2026-07-18 19:14:09
ProjectOutput\2023-01_Omega_Inversion\_overlays\gpcp_ts\gpcp_198811.png,331071,2026-07-18 19:14:06
ProjectOutput\2023-01_Omega_Inversion\_overlays\gpcp_ts\gpcp_198811_bounds.json,127,2026-07-18 19:14:06
ProjectOutput\2023-01_Omega_Inversion\_overlays\gpcp_ts\gpcp_198709.png,333864,2026-07-18 19:14:04
ProjectOutput\2023-01_Omega_Inversion\_overlays\gpcp_ts\gpcp_198709_bounds.json,127,2026-07-18 19:14:04
ProjectOutput\2023-01_Omega_Inversion\_overlays\gpcp_ts\gpcp_198607.png,346182,2026-07-18 19:14:01
ProjectOutput\2023-01_Omega_Inversion\_overlays\gpcp_ts\gpcp_198607_bounds.json,127,2026-07-18 19:14:01
ProjectOutput\2023-01_Omega_Inversion\_overlays\gpcp_ts\gpcp_198505.png,353639,2026-07-18 19:13:59
ProjectOutput\2023-01_Omega_Inversion\_overlays\gpcp_ts\gpcp_198505_bounds.json,127,2026-07-18 19:13:59
ProjectOutput\2023-01_Omega_Inversion\_overlays\gpcp_ts\gpcp_198403.png,340157,2026-07-18 19:13:57
ProjectOutput\2023-01_Omega_Inversion\_overlays\gpcp_ts\gpcp_198403_bounds.json,127,2026-07-18 19:13:57
ProjectOutput\2023-01_Omega_Inversion\_overlays\gpcp_ts\gpcp_198301.png,316185,2026-07-18 19:13:54
ProjectOutput\2023-01_Omega_Inversion\_overlays\gpcp_ts\gpcp_198301_bounds.json,127,2026-07-18 19:13:54
ProjectOutput\2023-01_Omega_Inversion\_overlays\dem\etopo_bed_overlay.png,1390134,2026-07-18 19:13:47
ProjectOutput\2023-01_Omega_Inversion\_overlays\dem\etopo_bed_overlay_bounds.json,122,2026-07-18 19:13:47
ProjectOutput\2023-01_Omega_Inversion\_overlays_backup\era5_wdaa\era5_wdaa_overlay.png,30093,2026-07-18 07:37:23
ProjectOutput\2023-01_Omega_Inversion\_overlays_backup\era5_wdaa\era5_wdaa_overlay_bounds.json,122,2026-07-18 07:37:23
ProjectOutput\2023-01_Omega_Inversion\_overlays_backup\era5_dwaa\era5_dwaa_overlay.png,12713,2026-07-18 07:37:01
ProjectOutput\2023-01_Omega_Inversion\_overlays_backup\era5_dwaa\era5_dwaa_overlay_bounds.json,122,2026-07-18 07:37:01
ProjectOutput\2023-01_Omega_Inversion\_overlays_backup\clcd\clcd_overlay.png,170908,2026-07-18 07:36:37
ProjectOutput\2023-01_Omega_Inversion\_overlays_backup\clcd\clcd_overlay_bounds.json,170,2026-07-18 07:36:37
ProjectOutput\2023-01_Omega_Inversion\_overlays_backup\gebco_dem\gebco_dem_overlay.png,5379344,2026-07-15 07:34:25
ProjectOutput\2023-01_Omega_Inversion\_overlays_backup\gebco_dem\gebco_dem_overlay_bounds.json,166,2026-07-15 07:34:25
ProjectOutput\2023-01_Omega_Inversion\_overlays_backup\forest_ratio\forest_ratio_overlay.png,1962309,2026-07-15 06:54:00
ProjectOutput\2023-01_Omega_Inversion\_overlays_backup\forest_ratio\forest_ratio_overlay_bounds.json,125,2026-07-15 06:54:00
ProjectOutput\2023-01_Omega_Inversion\_overlays_backup\omega_fy\omega_fy_overlay.png,1606954,2026-07-15 06:53:58
ProjectOutput\2023-01_Omega_Inversion\_overlays_backup\omega_fy\omega_fy_overlay_bounds.json,128,2026-07-15 06:53:58
ProjectOutput\2023-01_Omega_Inversion\_overlays_backup\soil_ddca\soil_ddca_overlay.png,1158051,2026-07-15 06:53:57
ProjectOutput\2023-01_Omega_Inversion\_overlays_backup\soil_ddca\soil_ddca_overlay_bounds.json,122,2026-07-15 06:53:57
ProjectOutput\2023-01_Omega_Inversion\_overlays_backup\co2\co2_overlay.png,28861,2026-07-15 06:53:55
ProjectOutput\2023-01_Omega_Inversion\_overlays_backup\co2\co2_overlay_bounds.json,119,2026-07-15 06:53:55
ProjectOutput\2023-01_Omega_Inversion\_overlays_backup\biomass\biomass_overlay.png,4504895,2026-07-15 06:53:16
ProjectOutput\2023-01_Omega_Inversion\_overlays_backup\biomass\biomass_overlay_bounds.json,173,2026-07-15 06:53:16
ProjectOutput\2023-01_Omega_Inversion\_overlays_backup\cmfd_precip\cmfd_precip_overlay.png,2805482,2026-07-15 06:50:59
ProjectOutput\2023-01_Omega_Inversion\_overlays_backup\cmfd_precip\cmfd_precip_overlay_bounds.json,174,2026-07-15 06:50:59
ProjectOutput\2023-01_Omega_Inversion\_overlays_backup\gpcp_ts\gpcp_200911.png,338980,2026-07-15 06:50:44
ProjectOutput\2023-01_Omega_Inversion\_overlays_backup\gpcp_ts\gpcp_200911_bounds.json,127,2026-07-15 06:50:44
ProjectOutput\2023-01_Omega_Inversion\_overlays_backup\gpcp_ts\gpcp_ts_bounds.json,127,2026-07-15 06:50:44
ProjectOutput\2023-01_Omega_Inversion\_overlays_backup\gpcp_ts\gpcp_200809.png,347571,2026-07-15 06:50:43
ProjectOutput\2023-01_Omega_Inversion\_overlays_backup\gpcp_ts\gpcp_200809_bounds.json,127,2026-07-15 06:50:43
ProjectOutput\2023-01_Omega_Inversion\_overlays_backup\gpcp_ts\gpcp_200707.png,331838,2026-07-15 06:50:42
ProjectOutput\2023-01_Omega_Inversion\_overlays_backup\gpcp_ts\gpcp_200707_bounds.json,127,2026-07-15 06:50:42
ProjectOutput\2023-01_Omega_Inversion\_overlays_backup\gpcp_ts\gpcp_200605.png,346522,2026-07-15 06:50:41
ProjectOutput\2023-01_Omega_Inversion\_overlays_backup\gpcp_ts\gpcp_200605_bounds.json,127,2026-07-15 06:50:41
ProjectOutput\2023-01_Omega_Inversion\_overlays_backup\gpcp_ts\gpcp_200401.png,335096,2026-07-15 06:50:40
ProjectOutput\2023-01_Omega_Inversion\_overlays_backup\gpcp_ts\gpcp_200401_bounds.json,127,2026-07-15 06:50:40
ProjectOutput\2023-01_Omega_Inversion\_overlays_backup\gpcp_ts\gpcp_200503.png,349600,2026-07-15 06:50:40
ProjectOutput\2023-01_Omega_Inversion\_overlays_backup\gpcp_ts\gpcp_200503_bounds.json,127,2026-07-15 06:50:40
ProjectOutput\2023-01_Omega_Inversion\_overlays_backup\gpcp_ts\gpcp_200211.png,338035,2026-07-15 06:50:39
ProjectOutput\2023-01_Omega_Inversion\_overlays_backup\gpcp_ts\gpcp_200211_bounds.json,127,2026-07-15 06:50:39
ProjectOutput\2023-01_Omega_Inversion\_overlays_backup\gpcp_ts\gpcp_200109.png,368645,2026-07-15 06:50:38
ProjectOutput\2023-01_Omega_Inversion\_overlays_backup\gpcp_ts\gpcp_200109_bounds.json,127,2026-07-15 06:50:38
ProjectOutput\2023-01_Omega_Inversion\_overlays_backup\gpcp_ts\gpcp_199905.png,367406,2026-07-15 06:50:37
ProjectOutput\2023-01_Omega_Inversion\_overlays_backup\gpcp_ts\gpcp_199905_bounds.json,127,2026-07-15 06:50:37
ProjectOutput\2023-01_Omega_Inversion\_overlays_backup\gpcp_ts\gpcp_200007.png,354063,2026-07-15 06:50:37
ProjectOutput\2023-01_Omega_Inversion\_overlays_backup\gpcp_ts\gpcp_200007_bounds.json,127,2026-07-15 06:50:37
ProjectOutput\2023-01_Omega_Inversion\_overlays_backup\gpcp_ts\gpcp_199803.png,330593,2026-07-15 06:50:36
ProjectOutput\2023-01_Omega_Inversion\_overlays_backup\gpcp_ts\gpcp_199803_bounds.json,127,2026-07-15 06:50:36
ProjectOutput\2023-01_Omega_Inversion\_overlays_backup\gpcp_ts\gpcp_199701.png,340959,2026-07-15 06:50:35
ProjectOutput\2023-01_Omega_Inversion\_overlays_backup\gpcp_ts\gpcp_199701_bounds.json,127,2026-07-15 06:50:35
ProjectOutput\2023-01_Omega_Inversion\_overlays_backup\gpcp_ts\gpcp_199511.png,349205,2026-07-15 06:50:34
ProjectOutput\2023-01_Omega_Inversion\_overlays_backup\gpcp_ts\gpcp_199511_bounds.json,127,2026-07-15 06:50:34
ProjectOutput\2023-01_Omega_Inversion\_overlays_backup\gpcp_ts\gpcp_199307.png,346559,2026-07-15 06:50:33
ProjectOutput\2023-01_Omega_Inversion\_overlays_backup\gpcp_ts\gpcp_199307_bounds.json,127,2026-07-15 06:50:33
ProjectOutput\2023-01_Omega_Inversion\_overlays_backup\gpcp_ts\gpcp_199409.png,350205,2026-07-15 06:50:33
ProjectOutput\2023-01_Omega_Inversion\_overlays_backup\gpcp_ts\gpcp_199409_bounds.json,127,2026-07-15 06:50:33
ProjectOutput\2023-01_Omega_Inversion\_overlays_backup\gpcp_ts\gpcp_199205.png,372462,2026-07-15 06:50:32
ProjectOutput\2023-01_Omega_Inversion\_overlays_backup\gpcp_ts\gpcp_199205_bounds.json,127,2026-07-15 06:50:32
ProjectOutput\2023-01_Omega_Inversion\_overlays_backup\gpcp_ts\gpcp_199103.png,334684,2026-07-15 06:50:31
ProjectOutput\2023-01_Omega_Inversion\_overlays_backup\gpcp_ts\gpcp_199103_bounds.json,127,2026-07-15 06:50:31
ProjectOutput\2023-01_Omega_Inversion\_overlays_backup\gpcp_ts\gpcp_199001.png,326912,2026-07-15 06:50:30
ProjectOutput\2023-01_Omega_Inversion\_overlays_backup\gpcp_ts\gpcp_199001_bounds.json,127,2026-07-15 06:50:30
ProjectOutput\2023-01_Omega_Inversion\_overlays_backup\gpcp_ts\gpcp_198811.png,331071,2026-07-15 06:50:29
ProjectOutput\2023-01_Omega_Inversion\_overlays_backup\gpcp_ts\gpcp_198811_bounds.json,127,2026-07-15 06:50:29
ProjectOutput\2023-01_Omega_Inversion\_overlays_backup\gpcp_ts\gpcp_198607.png,346182,2026-07-15 06:50:28
ProjectOutput\2023-01_Omega_Inversion\_overlays_backup\gpcp_ts\gpcp_198607_bounds.json,127,2026-07-15 06:50:28
ProjectOutput\2023-01_Omega_Inversion\_overlays_backup\gpcp_ts\gpcp_198709.png,333864,2026-07-15 06:50:28
ProjectOutput\2023-01_Omega_Inversion\_overlays_backup\gpcp_ts\gpcp_198709_bounds.json,127,2026-07-15 06:50:28
ProjectOutput\2023-01_Omega_Inversion\_overlays_backup\gpcp_ts\gpcp_198505.png,353639,2026-07-15 06:50:27
ProjectOutput\2023-01_Omega_Inversion\_overlays_backup\gpcp_ts\gpcp_198505_bounds.json,127,2026-07-15 06:50:27
ProjectOutput\2023-01_Omega_Inversion\_overlays_backup\gpcp_ts\gpcp_198403.png,340157,2026-07-15 06:50:26
ProjectOutput\2023-01_Omega_Inversion\_overlays_backup\gpcp_ts\gpcp_198403_bounds.json,127,2026-07-15 06:50:26
ProjectOutput\2023-01_Omega_Inversion\_overlays_backup\gpcp_ts\gpcp_198301.png,316185,2026-07-15 06:50:25
ProjectOutput\2023-01_Omega_Inversion\_overlays_backup\gpcp_ts\gpcp_198301_bounds.json,127,2026-07-15 06:50:25
ProjectOutput\2023-01_Omega_Inversion\_overlays_backup\smap_ts\smap_sm_20230112.png,10001,2026-07-15 06:50:23
ProjectOutput\2023-01_Omega_Inversion\_overlays_backup\smap_ts\smap_sm_20230112_bounds.json,120,2026-07-15 06:50:23
ProjectOutput\2023-01_Omega_Inversion\_overlays_backup\smap_ts\smap_sm_20230114.png,6278,2026-07-15 06:50:23
ProjectOutput\2023-01_Omega_Inversion\_overlays_backup\smap_ts\smap_sm_20230114_bounds.json,120,2026-07-15 06:50:23
ProjectOutput\2023-01_Omega_Inversion\_overlays_backup\smap_ts\smap_sm_20230115.png,8016,2026-07-15 06:50:23
ProjectOutput\2023-01_Omega_Inversion\_overlays_backup\smap_ts\smap_sm_20230115_bounds.json,120,2026-07-15 06:50:23
ProjectOutput\2023-01_Omega_Inversion\_overlays_backup\smap_ts\smap_sm_20230120.png,8778,2026-07-15 06:50:23
ProjectOutput\2023-01_Omega_Inversion\_overlays_backup\smap_ts\smap_sm_20230120_bounds.json,120,2026-07-15 06:50:23
ProjectOutput\2023-01_Omega_Inversion\_overlays_backup\smap_ts\smap_sm_20230122.png,8126,2026-07-15 06:50:23
ProjectOutput\2023-01_Omega_Inversion\_overlays_backup\smap_ts\smap_sm_20230122_bounds.json,120,2026-07-15 06:50:23
ProjectOutput\2023-01_Omega_Inversion\_overlays_backup\smap_ts\smap_sm_20230124.png,10092,2026-07-15 06:50:23
ProjectOutput\2023-01_Omega_Inversion\_overlays_backup\smap_ts\smap_sm_20230124_bounds.json,120,2026-07-15 06:50:23
ProjectOutput\2023-01_Omega_Inversion\_overlays_backup\smap_ts\smap_sm_20230127.png,7938,2026-07-15 06:50:23
ProjectOutput\2023-01_Omega_Inversion\_overlays_backup\smap_ts\smap_sm_20230127_bounds.json,120,2026-07-15 06:50:23
ProjectOutput\2023-01_Omega_Inversion\_overlays_backup\smap_ts\smap_sm_20230130.png,8268,2026-07-15 06:50:23
ProjectOutput\2023-01_Omega_Inversion\_overlays_backup\smap_ts\smap_sm_20230130_bounds.json,120,2026-07-15 06:50:23
ProjectOutput\2023-01_Omega_Inversion\_overlays_backup\smap_ts\smap_sm_ts_bounds.json,120,2026-07-15 06:50:23
ProjectOutput\2023-01_Omega_Inversion\_overlays_backup\omega\omega_avg_overlay.png,1775265,2026-07-15 06:50:22
ProjectOutput\2023-01_Omega_Inversion\_overlays_backup\omega\omega_avg_overlay_bounds.json,125,2026-07-15 06:50:22
ProjectOutput\2023-01_Omega_Inversion\_overlays_backup\smap_ts\smap_sm_20230101.png,7398,2026-07-15 06:50:22
ProjectOutput\2023-01_Omega_Inversion\_overlays_backup\smap_ts\smap_sm_20230101_bounds.json,120,2026-07-15 06:50:22
ProjectOutput\2023-01_Omega_Inversion\_overlays_backup\smap_ts\smap_sm_20230103.png,8135,2026-07-15 06:50:22
ProjectOutput\2023-01_Omega_Inversion\_overlays_backup\smap_ts\smap_sm_20230103_bounds.json,120,2026-07-15 06:50:22
ProjectOutput\2023-01_Omega_Inversion\_overlays_backup\smap_ts\smap_sm_20230105.png,8827,2026-07-15 06:50:22
ProjectOutput\2023-01_Omega_Inversion\_overlays_backup\smap_ts\smap_sm_20230105_bounds.json,120,2026-07-15 06:50:22
ProjectOutput\2023-01_Omega_Inversion\_overlays_backup\smap_ts\smap_sm_20230107.png,9327,2026-07-15 06:50:22
ProjectOutput\2023-01_Omega_Inversion\_overlays_backup\smap_ts\smap_sm_20230107_bounds.json,120,2026-07-15 06:50:22
ProjectOutput\2023-01_Omega_Inversion\_overlays_backup\smap_ts\smap_sm_20230109.png,8320,2026-07-15 06:50:22
ProjectOutput\2023-01_Omega_Inversion\_overlays_backup\smap_ts\smap_sm_20230109_bounds.json,120,2026-07-15 06:50:22
ProjectOutput\2023-01_Omega_Inversion\_overlays_backup\dem\etopo_bed_overlay.png,1390134,2026-07-15 06:50:20
ProjectOutput\2023-01_Omega_Inversion\_overlays_backup\dem\etopo_bed_overlay_bounds.json,122,2026-07-15 06:50:20
ProjectOutput\2023-01_Omega_Inversion\_overlays_backup\thematic\aridity_overlay.png,49481,2026-07-15 06:50:20
ProjectOutput\2023-01_Omega_Inversion\_overlays_backup\thematic\aridity_overlay_bounds.json,120,2026-07-15 06:50:20
ProjectOutput\2023-01_Omega_Inversion\_overlays_backup\thematic\hfp_overlay.png,41768,2026-07-15 06:50:20
ProjectOutput\2023-01_Omega_Inversion\_overlays_backup\thematic\hfp_overlay_bounds.json,116,2026-07-15 06:50:20
ProjectOutput\2023-01_Omega_Inversion\_overlays_backup\thematic\landcover_overlay.png,22646,2026-07-15 06:50:20
ProjectOutput\2023-01_Omega_Inversion\_overlays_backup\thematic\landcover_overlay_bounds.json,122,2026-07-15 06:50:20
ProjectOutput\2023-01_Omega_Inversion\smap_sm_14day_mean.tif,180734,2026-07-15 03:52:52
ProjectOutput\2023-01_Omega_Inversion\smap_sm_overlay.png,65726,2026-07-15 03:52:52
ProjectOutput\2023-01_Omega_Inversion\smap_sm_overlay_bounds.json,233,2026-07-15 03:52:52
ProjectOutput\2023-01_Omega_Inversion\stage6_viz\omega_avg_doy_017.png,478915,2026-07-15 02:57:15
ProjectOutput\2023-01_Omega_Inversion\stage6_viz\aridity_thematic.png,96941,2026-07-15 02:57:13
ProjectOutput\2023-01_Omega_Inversion\stage6_viz\hfp_thematic.png,139662,2026-07-15 02:57:12
ProjectOutput\2023-01_Omega_Inversion\stage6_viz\landcover_thematic.png,95238,2026-07-15 02:57:12
ProjectOutput\2023-01_Omega_Inversion\stage6_viz\smap_sm_14day_mean.png,100889,2026-07-15 02:57:12
ProjectOutput\2023-01_Omega_Inversion\stage4_analysis\omega_hist_doy_017.png,30754,2026-07-15 02:57:10
ProjectOutput\2023-01_Omega_Inversion\stage5_station\station_igbp_stats.csv,168,2026-07-15 02:57:10
ProjectOutput\2023-01_Omega_Inversion\stage5_station\station_smap_sm.csv,11632,2026-07-15 02:57:10
ProjectOutput\2023-01_Omega_Inversion\stage5_station\station_sm_distribution_20230101.png,48227,2026-07-15 02:57:10
ProjectOutput\2023-01_Omega_Inversion\stage4_analysis\aridity_china.png,96941,2026-07-15 02:57:09
ProjectOutput\2023-01_Omega_Inversion\stage4_analysis\hfp_china.png,139662,2026-07-15 02:57:09
ProjectOutput\2023-01_Omega_Inversion\stage4_analysis\landcover_china.png,95846,2026-07-15 02:57:09
ProjectOutput\2023-01_Omega_Inversion\stage4_analysis\smap_sm_20230101.png,48819,2026-07-15 02:57:09
ProjectOutput\2023-01_Omega_Inversion\stage4_analysis\sm_vs_ts_20230101.png,248413,2026-07-15 02:57:09
ProjectOutput\2023-01_Omega_Inversion\stage2_aligned\aridity_025.mat,364208,2026-07-15 02:57:07
ProjectOutput\2023-01_Omega_Inversion\stage2_aligned\hfp_025.mat,364200,2026-07-15 02:57:07
ProjectOutput\2023-01_Omega_Inversion\stage2_aligned\landcover_025.mat,364216,2026-07-15 02:57:05
ProjectOutput\2023-01_Omega_Inversion\stage1_smap_mat\SMAP_L3_SM_P_20230124_R18290_001.mat,231656,2026-07-15 02:57:02
ProjectOutput\2023-01_Omega_Inversion\stage1_smap_mat\SMAP_L3_SM_P_20230127_R18290_001.mat,157370,2026-07-15 02:57:02
ProjectOutput\2023-01_Omega_Inversion\stage1_smap_mat\SMAP_L3_SM_P_20230130_R18290_001.mat,154352,2026-07-15 02:57:02
ProjectOutput\2023-01_Omega_Inversion\stage1_smap_mat\SMAP_L3_SM_P_20230115_R18290_001.mat,218603,2026-07-15 02:57:01
ProjectOutput\2023-01_Omega_Inversion\stage1_smap_mat\SMAP_L3_SM_P_20230120_R18290_002.mat,217897,2026-07-15 02:57:01
ProjectOutput\2023-01_Omega_Inversion\stage1_smap_mat\SMAP_L3_SM_P_20230122_R18290_001.mat,154361,2026-07-15 02:57:01
ProjectOutput\2023-01_Omega_Inversion\stage1_smap_mat\SMAP_L3_SM_P_20230103_R18290_001.mat,158518,2026-07-15 02:57:00
ProjectOutput\2023-01_Omega_Inversion\stage1_smap_mat\SMAP_L3_SM_P_20230105_R18290_001.mat,167350,2026-07-15 02:57:00
ProjectOutput\2023-01_Omega_Inversion\stage1_smap_mat\SMAP_L3_SM_P_20230107_R18290_001.mat,219367,2026-07-15 02:57:00
ProjectOutput\2023-01_Omega_Inversion\stage1_smap_mat\SMAP_L3_SM_P_20230109_R18290_001.mat,150522,2026-07-15 02:57:00
ProjectOutput\2023-01_Omega_Inversion\stage1_smap_mat\SMAP_L3_SM_P_20230112_R18290_001.mat,219166,2026-07-15 02:57:00
ProjectOutput\2023-01_Omega_Inversion\stage1_smap_mat\SMAP_L3_SM_P_20230114_R18290_001.mat,152423,2026-07-15 02:57:00
ProjectOutput\2023-01_Omega_Inversion\stage1_smap_mat\SMAP_L3_SM_P_20230101_R18290_001.mat,149274,2026-07-15 02:56:59
Soil_Moisture\SMAP\SMAP_L3_SM_P_20230131_R18290_001.h5,32127927,2026-07-14 20:35:53
Soil_Moisture\SMAP\SMAP_L3_SM_P_20230130_R18290_001.h5,31618381,2026-07-14 20:35:35
Soil_Moisture\SMAP\SMAP_L3_SM_P_20230127_R18290_001.h5,31920148,2026-07-14 20:34:57
Soil_Moisture\SMAP\SMAP_L3_SM_P_20230124_R18290_001.h5,31745457,2026-07-14 20:33:43
Soil_Moisture\SMAP\SMAP_L3_SM_P_20230122_R18290_001.h5,31615367,2026-07-14 20:33:04
Soil_Moisture\SMAP\SMAP_L3_SM_P_20230120_R18290_002.h5,32341932,2026-07-14 20:32:16
Soil_Moisture\SMAP\SMAP_L3_SM_P_20230115_R18290_001.h5,32144755,2026-07-14 20:31:19
Soil_Moisture\SMAP\SMAP_L3_SM_P_20230114_R18290_001.h5,30671307,2026-07-14 20:30:55
Soil_Moisture\SMAP\SMAP_L3_SM_P_20230112_R18290_001.h5,32174887,2026-07-14 20:16:36
Soil_Moisture\SMAP\SMAP_L3_SM_P_20230109_R18290_001.h5,32000354,2026-07-14 20:16:15
Soil_Moisture\SMAP\SMAP_L3_SM_P_20230107_R18290_001.h5,30311593,2026-07-14 20:15:46
Soil_Moisture\SMAP\SMAP_L3_SM_P_20230105_R18290_001.h5,31589746,2026-07-14 20:15:05
Soil_Moisture\SMAP\SMAP_L3_SM_P_20230103_R18290_001.h5,27719924,2026-07-14 20:14:12
Soil_Moisture\SMAP\SMAP_L3_SM_P_20230101_R18290_001.h5,29682015,2026-07-14 20:13:55
Inversion_Results\fy_avg\doy_030.mat,3428278,2026-07-14 13:04:24
Inversion_Results\fy_avg\doy_029.mat,3428278,2026-07-14 13:04:14
Inversion_Results\fy_avg\doy_028.mat,3428278,2026-07-14 13:04:04
Inversion_Results\fy_avg\doy_027.mat,3428278,2026-07-14 13:03:46
Inversion_Results\fy_avg\doy_026.mat,3428278,2026-07-14 13:03:37
Inversion_Results\fy_avg\doy_025.mat,3428278,2026-07-14 13:03:31
Inversion_Results\Forest_Ratio_9KM_2020.mat,25049056,2026-07-14 12:48:05
Inversion_Results\Landscape_Metrics_LandOnly_9KM_2020.mat,125243592,2026-07-14 12:47:42
Inversion_Results\smap_avg\doy_030.mat,3428278,2026-07-14 12:45:30
Inversion_Results\smap_avg\doy_029.mat,3428278,2026-07-14 12:45:20
Inversion_Results\smap_avg\doy_028.mat,3428278,2026-07-14 12:45:10
Inversion_Results\smap_avg\doy_027.mat,3428278,2026-07-14 12:44:57
Inversion_Results\smap_avg\doy_026.mat,3428278,2026-07-14 12:44:53
Inversion_Results\smap_avg\doy_025.mat,3428278,2026-07-14 12:44:41
Inversion_Results\smap_avg\doy_024.mat,3403698,2026-07-14 12:43:17
Inversion_Results\smap_avg\doy_023.mat,3403698,2026-07-14 12:43:11
Inversion_Results\smap_avg\doy_022.mat,3403698,2026-07-14 12:43:07
Inversion_Results\smap_avg\doy_021.mat,3403698,2026-07-14 12:43:02
Inversion_Results\smap_avg\doy_020.mat,3403698,2026-07-14 12:42:52
Inversion_Results\smap_avg\doy_019.mat,3403698,2026-07-14 12:42:41
Inversion_Results\smap_avg\doy_018.mat,3403698,2026-07-14 12:42:27
Soil_Moisture\SMAP\SMAP_L3_SM_P_20230110_R18290_001.h5,32444208,2026-07-14 12:27:18
Inversion_Results\smap_avg\doy_017.mat,3403698,2026-07-14 12:26:34
Soil_Moisture\SMAP\SMAP_L3_SM_P_E_20220920_R19240_001.h5,52403423,2026-07-14 12:15:43
Soil_Moisture\SMAP\SMAP_L3_SM_P_20230129_R18290_001.h5,32413090,2026-07-14 12:15:27
Soil_Moisture\SMAP\SMAP_L3_SM_P_20230126_R18290_001.h5,32373881,2026-07-14 12:15:10
Soil_Moisture\SMAP\SMAP_L3_SM_P_20230118_R18290_001.h5,32422555,2026-07-14 12:14:49
Soil_Moisture\Omega_Custom_Res\smap_raw_omega\20251227_20251231_exp0_global_ismn_all_shard01of01_roundrobin.mat,23839244,2026-05-24 19:58:28
Soil_Moisture\Omega_Custom_Res\smap_raw_omega\20251219_20251226_exp0_global_ismn_all_shard01of01_roundrobin.mat,58986974,2026-05-24 19:58:20
Soil_Moisture\Omega_Custom_Res\smap_raw_omega\20251211_20251218_exp0_global_ismn_all_shard01of01_roundrobin.mat,56287469,2026-05-24 19:58:07
Soil_Moisture\Omega_Custom_Res\smap_raw_omega\20251203_20251210_exp0_global_ismn_all_shard01of01_roundrobin.mat,55601602,2026-05-24 19:57:32
Soil_Moisture\Omega_Custom_Res\smap_raw_smvod\20251231.mat,462446,2026-05-24 19:37:51
Soil_Moisture\Omega_Custom_Res\smap_raw_smvod\20251227.mat,4779956,2026-05-24 19:37:50
Soil_Moisture\Omega_Custom_Res\smap_raw_smvod\20251229.mat,462446,2026-05-24 19:37:50
Soil_Moisture\Omega_Custom_Res\smap_raw_smvod\20251230.mat,462446,2026-05-24 19:37:50
Soil_Moisture\Omega_Custom_Res\smap_raw_smvod\20251228.mat,462446,2026-05-24 19:37:49
Soil_Moisture\Omega_Custom_Res\smap_raw_smvod\20251225.mat,4323580,2026-05-24 19:37:48
Soil_Moisture\Omega_Custom_Res\smap_raw_smvod\20251226.mat,4300178,2026-05-24 19:37:48
Soil_Moisture\Omega_Custom_Res\smap_raw_smvod\20251223.mat,4224932,2026-05-24 19:37:44
Soil_Moisture\Omega_Custom_Res\smap_raw_smvod\20251224.mat,4661469,2026-05-24 19:37:44
Soil_Moisture\Omega_Custom_Res\smap_raw_smvod\20251221.mat,4492638,2026-05-24 19:37:40
Soil_Moisture\Omega_Custom_Res\smap_raw_smvod\20251222.mat,4648237,2026-05-24 19:37:40
Soil_Moisture\Omega_Custom_Res\smap_raw_smvod\20251219.mat,4738496,2026-05-24 19:37:36
Soil_Moisture\Omega_Custom_Res\smap_raw_smvod\20251220.mat,4196672,2026-05-24 19:37:36
Soil_Moisture\Omega_Custom_Res\smap_raw_smvod\20251217.mat,4111881,2026-05-24 19:37:33
Soil_Moisture\Omega_Custom_Res\smap_raw_smvod\20251218.mat,4188738,2026-05-24 19:37:33
Soil_Moisture\Omega_Custom_Res\smap_raw_smvod\20251216.mat,4518264,2026-05-24 19:37:30
Soil_Moisture\Omega_Custom_Res\smap_raw_smvod\20251215.mat,4002402,2026-05-24 19:37:29
Soil_Moisture\Omega_Custom_Res\smap_raw_smvod\20251213.mat,4259264,2026-05-24 19:37:26
Soil_Moisture\Omega_Custom_Res\smap_raw_smvod\20251214.mat,4126845,2026-05-24 19:37:26
Soil_Moisture\Omega_Custom_Res\smap_raw_smvod\20251211.mat,4636027,2026-05-24 19:37:23
Soil_Moisture\Omega_Custom_Res\smap_raw_smvod\20251212.mat,3982556,2026-05-24 19:37:23
Soil_Moisture\Omega_Custom_Res\smap_raw_smvod\20251209.mat,4106811,2026-05-24 19:37:20
Soil_Moisture\Omega_Custom_Res\smap_raw_smvod\20251210.mat,4094445,2026-05-24 19:37:20
Soil_Moisture\Omega_Custom_Res\smap_raw_smvod\20251208.mat,4525951,2026-05-24 19:37:17
Soil_Moisture\Omega_Custom_Res\smap_raw_smvod\20251206.mat,4336576,2026-05-24 19:37:16
Soil_Moisture\Omega_Custom_Res\smap_raw_smvod\20251207.mat,4008513,2026-05-24 19:37:13
Soil_Moisture\Omega_Custom_Res\smap_raw_smvod\20251204.mat,3906539,2026-05-24 19:37:11
Soil_Moisture\Omega_Custom_Res\smap_raw_smvod\20251205.mat,4310492,2026-05-24 19:37:11
Soil_Moisture\Omega_Custom_Res\smap_raw_smvod\20251203.mat,4580007,2026-05-24 19:37:08
Soil_Moisture\Omega_Custom_Res\smap_raw_smvod\20251202.mat,3991138,2026-05-24 19:37:07
Soil_Moisture\Omega_Custom_Res\smap_raw_smvod\20251201.mat,4023156,2026-05-24 19:37:03
Soil_Moisture\Omega_Custom_Res\fy_raw_smvod\20251226.mat,3698133,2026-05-24 16:59:28
Soil_Moisture\Omega_Custom_Res\fy_raw_smvod\20251229.mat,462446,2026-05-24 16:59:28
Soil_Moisture\Omega_Custom_Res\fy_raw_smvod\20251230.mat,462446,2026-05-24 16:59:28
Soil_Moisture\Omega_Custom_Res\fy_raw_smvod\20251231.mat,462446,2026-05-24 16:59:28
Soil_Moisture\Omega_Custom_Res\fy_raw_smvod\20251227.mat,2571134,2026-05-24 16:59:27
Soil_Moisture\Omega_Custom_Res\fy_raw_smvod\20251228.mat,462446,2026-05-24 16:59:27
Soil_Moisture\Omega_Custom_Res\fy_raw_smvod\20251224.mat,3172890,2026-05-24 16:59:25
Soil_Moisture\Omega_Custom_Res\fy_raw_smvod\20251225.mat,3030336,2026-05-24 16:59:25
Soil_Moisture\Omega_Custom_Res\fy_raw_smvod\20251223.mat,3389170,2026-05-24 16:59:23
Soil_Moisture\Omega_Custom_Res\fy_raw_smvod\20251222.mat,2603070,2026-05-24 16:59:22
Soil_Moisture\Omega_Custom_Res\fy_raw_smvod\20251221.mat,4186325,2026-05-24 16:59:20
Soil_Moisture\Omega_Custom_Res\fy_raw_smvod\20251220.mat,2066630,2026-05-24 16:59:18
Soil_Moisture\Omega_Custom_Res\fy_raw_smvod\20251219.mat,4097712,2026-05-24 16:59:17
Soil_Moisture\Omega_Custom_Res\fy_raw_smvod\20251217.mat,3026015,2026-05-24 16:59:15
Soil_Moisture\Omega_Custom_Res\fy_raw_smvod\20251218.mat,2636505,2026-05-24 16:59:14
Soil_Moisture\Omega_Custom_Res\fy_raw_smvod\20251215.mat,2411932,2026-05-24 16:59:12
Soil_Moisture\Omega_Custom_Res\fy_raw_smvod\20251216.mat,3451519,2026-05-24 16:59:12
Soil_Moisture\Omega_Custom_Res\fy_raw_smvod\20251214.mat,3911545,2026-05-24 16:59:10
Soil_Moisture\Omega_Custom_Res\fy_raw_smvod\20251212.mat,3462944,2026-05-24 16:59:08
Soil_Moisture\Omega_Custom_Res\fy_raw_smvod\20251213.mat,2289253,2026-05-24 16:59:08
Soil_Moisture\Omega_Custom_Res\fy_raw_smvod\20251211.mat,2705461,2026-05-24 16:59:07
Soil_Moisture\Omega_Custom_Res\fy_raw_smvod\20251210.mat,3142137,2026-05-24 16:59:06
Soil_Moisture\Omega_Custom_Res\fy_raw_smvod\20251209.mat,3101145,2026-05-24 16:59:04
Soil_Moisture\Omega_Custom_Res\fy_raw_smvod\20251207.mat,3188066,2026-05-24 16:59:03
Soil_Moisture\Omega_Custom_Res\fy_raw_smvod\20251208.mat,2874720,2026-05-24 16:59:03
Soil_Moisture\Omega_Custom_Res\fy_raw_smvod\20251205.mat,3890215,2026-05-24 16:59:00
Soil_Moisture\Omega_Custom_Res\fy_raw_smvod\20251206.mat,2263291,2026-05-24 16:59:00
Soil_Moisture\Omega_Custom_Res\fy_raw_smvod\20251203.mat,3746529,2026-05-24 16:58:58
Soil_Moisture\Omega_Custom_Res\fy_raw_smvod\20251204.mat,2094045,2026-05-24 16:58:58
Soil_Moisture\Omega_Custom_Res\fy_raw_smvod\20251202.mat,2699954,2026-05-24 16:58:56
Soil_Moisture\Omega_Custom_Res\fy_raw_smvod\20251201.mat,2704717,2026-05-24 16:58:55
Soil_Moisture\Omega_Custom_Res\fy_raw_ω\20251227_20251231_exp0_global_ismn_all_shard01of01_roundrobin.mat,14157795,2026-05-20 09:54:27
Soil_Moisture\Omega_Custom_Res\fy_raw_ω\20251219_20251226_exp0_global_ismn_all_shard01of01_roundrobin.mat,50711709,2026-05-20 09:53:54
Soil_Moisture\Omega_Custom_Res\fy_raw_ω\20251211_20251218_exp0_global_ismn_all_shard01of01_roundrobin.mat,48060066,2026-05-20 09:53:11
Soil_Moisture\Omega_Custom_Res\fy_raw_ω\20251203_20251210_exp0_global_ismn_all_shard01of01_roundrobin.mat,47455522,2026-05-20 09:52:32
Soil_Moisture\SMAP_Auxiliary_Data\LandCover.txt,1302,2026-04-30 14:00:57
Soil_Moisture\SMAP_Soil_VOD_SM\20251231.mat,462446,2026-04-10 06:33:25
Soil_Moisture\SMAP_Soil_VOD_SM\20251230.mat,462446,2026-04-10 06:33:24
Soil_Moisture\SMAP_Soil_VOD_SM\20251229.mat,462446,2026-04-10 06:33:23
Soil_Moisture\SMAP_Soil_VOD_SM\20251228.mat,462446,2026-04-10 06:33:22
Soil_Moisture\SMAP_Soil_VOD_SM\20251227.mat,3592961,2026-04-10 06:33:21
Soil_Moisture\SMAP_Soil_VOD_SM\20251226.mat,3170306,2026-04-10 06:33:20
Soil_Moisture\SMAP_Soil_VOD_SM\20251225.mat,3065426,2026-04-10 06:33:19
Soil_Moisture\SMAP_Soil_VOD_SM\20251224.mat,3517887,2026-04-10 06:33:18
Soil_Moisture\SMAP_Soil_VOD_SM\20251223.mat,2970974,2026-04-10 06:33:16
Soil_Moisture\SMAP_Soil_VOD_SM\20251222.mat,3338940,2026-04-10 06:33:15
Soil_Moisture\SMAP_Soil_VOD_SM\20251221.mat,3369893,2026-04-10 06:33:14
Soil_Moisture\SMAP_Soil_VOD_SM\20251220.mat,2918740,2026-04-10 06:33:13
Soil_Moisture\SMAP_Soil_VOD_SM\20251219.mat,3534153,2026-04-10 06:33:10
Soil_Moisture\SMAP_Soil_VOD_SM\20251218.mat,3110504,2026-04-10 06:33:09
Soil_Moisture\SMAP_Soil_VOD_SM\20251217.mat,2959911,2026-04-10 06:33:08
Soil_Moisture\SMAP_Soil_VOD_SM\20251216.mat,3442523,2026-04-10 06:33:07
Soil_Moisture\SMAP_Soil_VOD_SM\20251215.mat,2856429,2026-04-10 06:33:03
Soil_Moisture\SMAP_Soil_VOD_SM\20251214.mat,3026495,2026-04-10 06:32:59
Soil_Moisture\SMAP_Soil_VOD_SM\20251213.mat,3248888,2026-04-10 06:32:55
Soil_Moisture\SMAP_Soil_VOD_SM\20251212.mat,2789148,2026-04-10 06:32:51
Soil_Moisture\SMAP_Soil_VOD_SM\20251211.mat,3446426,2026-04-10 06:32:47
Soil_Moisture\SMAP_Soil_VOD_SM\20251210.mat,3039523,2026-04-10 06:32:43
Soil_Moisture\SMAP_Soil_VOD_SM\20251209.mat,2916569,2026-04-10 06:32:39
Soil_Moisture\SMAP_Soil_VOD_SM\20251208.mat,3407715,2026-04-10 06:32:35
Soil_Moisture\SMAP_Soil_VOD_SM\20251207.mat,2854249,2026-04-10 06:32:31
Soil_Moisture\SMAP_Soil_VOD_SM\20251206.mat,3158992,2026-04-10 06:32:27
Soil_Moisture\SMAP_Soil_VOD_SM\20251205.mat,3238096,2026-04-10 06:32:23
Soil_Moisture\SMAP_Soil_VOD_SM\20251204.mat,2747047,2026-04-10 06:32:18
Soil_Moisture\SMAP_Soil_VOD_SM\20251203.mat,3353991,2026-04-10 06:32:11
Soil_Moisture\SMAP_Soil_VOD_SM\20251202.mat,2937546,2026-04-10 06:32:07
Soil_Moisture\SMAP_Soil_VOD_SM\20251201.mat,2860657,2026-04-10 06:32:03
Soil_Moisture\CustomNC_SM_CalData\Processed_SM_20251224.nc,200401462,2026-04-09 16:40:28
Soil_Moisture\CustomNC_SM_CalData\Processed_SM_20251220.nc,200401462,2026-04-09 16:40:27
Soil_Moisture\CustomNC_SM_CalData\Processed_SM_20251221.nc,200401462,2026-04-09 16:40:27
Soil_Moisture\CustomNC_SM_CalData\Processed_SM_20251222.nc,200401462,2026-04-09 16:40:27
Soil_Moisture\CustomNC_SM_CalData\Processed_SM_20251223.nc,200401462,2026-04-09 16:40:27
Soil_Moisture\CustomNC_SM_CalData\Processed_SM_20251217.nc,200401462,2026-04-09 16:40:26
Soil_Moisture\CustomNC_SM_CalData\Processed_SM_20251218.nc,200401462,2026-04-09 16:40:26
Soil_Moisture\CustomNC_SM_CalData\Processed_SM_20251219.nc,200401462,2026-04-09 16:40:26
Soil_Moisture\CustomNC_SM_CalData\Processed_SM_20251212.nc,200401462,2026-04-09 16:40:24
Soil_Moisture\CustomNC_SM_CalData\Processed_SM_20251215.nc,200401462,2026-04-09 16:40:24
Soil_Moisture\CustomNC_SM_CalData\Processed_SM_20251216.nc,200401462,2026-04-09 16:40:24
Soil_Moisture\CustomNC_SM_CalData\Processed_SM_20251210.nc,200401462,2026-04-09 16:40:23
Soil_Moisture\CustomNC_SM_CalData\Processed_SM_20251211.nc,200401462,2026-04-09 16:40:23
Soil_Moisture\CustomNC_SM_CalData\Processed_SM_20251213.nc,200401462,2026-04-09 16:40:23
Soil_Moisture\CustomNC_SM_CalData\Processed_SM_20251214.nc,200401462,2026-04-09 16:40:23
Soil_Moisture\CustomNC_SM_CalData\Processed_SM_20251209.nc,200401462,2026-04-09 16:40:22
Soil_Moisture\CustomNC_SM_CalData\Processed_SM_20251208.nc,200401462,2026-04-09 16:40:21
Soil_Moisture\CustomNC_SM_CalData\Processed_SM_20251202.nc,200401462,2026-04-09 16:40:20
Soil_Moisture\CustomNC_SM_CalData\Processed_SM_20251204.nc,200401462,2026-04-09 16:40:20
Soil_Moisture\CustomNC_SM_CalData\Processed_SM_20251205.nc,200401462,2026-04-09 16:40:20
Soil_Moisture\CustomNC_SM_CalData\Processed_SM_20251206.nc,200401462,2026-04-09 16:40:20
Soil_Moisture\CustomNC_SM_CalData\Processed_SM_20251207.nc,200401462,2026-04-09 16:40:20
Soil_Moisture\CustomNC_SM_CalData\Processed_SM_20251201.nc,200401462,2026-04-09 16:40:19
Soil_Moisture\CustomNC_SM_CalData\Processed_SM_20251203.nc,200401462,2026-04-09 16:40:19
Soil_Moisture\DDCA\DDCA_MH\SM\20201016.mat,4994231,2026-04-02 14:19:30
Soil_Moisture\DDCA\DDCA_MH\SM\20201023.mat,6008591,2026-04-02 14:19:29
Soil_Moisture\DDCA\DDCA_MH\SM\20201026.mat,5574904,2026-04-02 14:19:29
Soil_Moisture\DDCA\DDCA_MH\SM\20201027.mat,4406955,2026-04-02 14:19:29
Soil_Moisture\DDCA\DDCA_MH\SM\20201021.mat,4909446,2026-04-02 14:19:28
Soil_Moisture\DDCA\DDCA_MH\SM\20201022.mat,4891412,2026-04-02 14:19:28
Soil_Moisture\DDCA\DDCA_MH\SM\20201024.mat,4871947,2026-04-02 14:19:28
Soil_Moisture\DDCA\DDCA_MH\SM\20201025.mat,5178294,2026-04-02 14:19:28
Soil_Moisture\DDCA\DDCA_MH\SM\20201017.mat,5368506,2026-04-02 14:19:27
Soil_Moisture\DDCA\DDCA_MH\SM\20201020.mat,5672894,2026-04-02 14:19:26
Soil_Moisture\DDCA\DDCA_MH\SM\20201015.mat,6279403,2026-04-02 14:19:24
Soil_Moisture\DDCA\DDCA_MH\SM\20201012.mat,5500928,2026-04-02 14:19:23
Soil_Moisture\DDCA\DDCA_MH\SM\20201013.mat,5452910,2026-04-02 14:19:23
Soil_Moisture\DDCA\DDCA_MH\SM\20201018.mat,5762798,2026-04-02 14:19:23
Soil_Moisture\DDCA\DDCA_MH\SM\20201019.mat,5054935,2026-04-02 14:19:23
Soil_Moisture\DDCA\DDCA_MH\SM\20201010.mat,5620467,2026-04-02 14:19:22
Soil_Moisture\DDCA\DDCA_MH\SM\20201011.mat,5220952,2026-04-02 14:19:22
Soil_Moisture\DDCA\DDCA_MH\SM\20201014.mat,5060166,2026-04-02 14:19:21
Soil_Moisture\DDCA\DDCA_MH\SM\20201009.mat,4414370,2026-04-02 14:19:20
Soil_Moisture\DDCA\DDCA_MH\SM\20201006.mat,3942867,2026-04-02 14:19:17
Soil_Moisture\DDCA\DDCA_MH\SM\20201008.mat,5218124,2026-04-02 14:19:17
Soil_Moisture\DDCA\DDCA_MH\SM\20201005.mat,5763790,2026-04-02 14:19:16
Soil_Moisture\DDCA\DDCA_MH\SM\20201007.mat,6550963,2026-04-02 14:19:16
Soil_Moisture\DDCA\DDCA_MH\SM\20201003.mat,5505018,2026-04-02 14:19:15
Soil_Moisture\DDCA\DDCA_MH\SM\20201004.mat,5917386,2026-04-02 14:19:15
Soil_Moisture\DDCA\DDCA_MH\SM\20200928.mat,5499707,2026-04-02 14:19:14
Soil_Moisture\DDCA\DDCA_MH\SM\20200930.mat,5511657,2026-04-02 14:19:14
Soil_Moisture\DDCA\DDCA_MH\SM\20201001.mat,5269264,2026-04-02 14:19:14
Soil_Moisture\DDCA\DDCA_MH\SM\20201002.mat,6178027,2026-04-02 14:19:14
Soil_Moisture\DDCA\DDCA_MH\SM\20200929.mat,6060777,2026-04-02 14:19:13
Soil_Moisture\DDCA\DDCA_MH\SM\20200925.mat,5817764,2026-04-02 14:19:10
Soil_Moisture\DDCA\DDCA_MH\SM\20200924.mat,6458128,2026-04-02 14:19:09
Soil_Moisture\DDCA\DDCA_MH\SM\20200926.mat,6198811,2026-04-02 14:19:09
Soil_Moisture\DDCA\DDCA_MH\SM\20200927.mat,6131115,2026-04-02 14:19:09
Soil_Moisture\DDCA\DDCA_MH\SM\20200923.mat,5818330,2026-04-02 14:19:08
Soil_Moisture\DDCA\DDCA_MH\SM\20200921.mat,7041585,2026-04-02 14:19:07
Soil_Moisture\DDCA\DDCA_MH\SM\20200922.mat,5849376,2026-04-02 14:19:07
Soil_Moisture\DDCA\DDCA_MH\SM\20200918.mat,6432946,2026-04-02 14:19:06
Soil_Moisture\DDCA\DDCA_MH\SM\20200919.mat,6451266,2026-04-02 14:19:06
Soil_Moisture\DDCA\DDCA_MH\SM\20200920.mat,5775615,2026-04-02 14:19:06
Soil_Moisture\DDCA\DDCA_MH\SM\20200917.mat,5673411,2026-04-02 14:19:04
Soil_Moisture\DDCA\DDCA_MH\SM\20200913.mat,7472851,2026-04-02 14:19:02
Soil_Moisture\DDCA\DDCA_MH\SM\20200914.mat,6186797,2026-04-02 14:19:02
Soil_Moisture\DDCA\DDCA_MH\SM\20200916.mat,6853770,2026-04-02 14:19:02
Soil_Moisture\DDCA\DDCA_MH\SM\20200912.mat,6149307,2026-04-02 14:19:01
Soil_Moisture\DDCA\DDCA_MH\SM\20200915.mat,6111256,2026-04-02 14:19:01
Soil_Moisture\DDCA\DDCA_MH\SM\20200911.mat,6734390,2026-04-02 14:19:00
Soil_Moisture\DDCA\DDCA_MH\SM\20200909.mat,6426558,2026-04-02 14:18:58
Soil_Moisture\DDCA\DDCA_MH\SM\20200910.mat,6755483,2026-04-02 14:18:58
Soil_Moisture\DDCA\DDCA_MH\SM\20200905.mat,8112808,2026-04-02 14:18:57
Soil_Moisture\DDCA\DDCA_MH\SM\20200908.mat,7081494,2026-04-02 14:18:57
Soil_Moisture\DDCA\DDCA_MH\SM\20200903.mat,7444875,2026-04-02 14:18:54
Soil_Moisture\DDCA\DDCA_MH\SM\20200907.mat,6421098,2026-04-02 14:18:54
Soil_Moisture\DDCA\DDCA_MH\SM\20200902.mat,7429657,2026-04-02 14:18:53
Soil_Moisture\DDCA\DDCA_MH\SM\20200904.mat,6590061,2026-04-02 14:18:53
Soil_Moisture\DDCA\DDCA_MH\SM\20200906.mat,6506464,2026-04-02 14:18:53
Soil_Moisture\DDCA\DDCA_MH\SM\20200901.mat,7100793,2026-04-02 14:18:52
Soil_Moisture\DDCA\DDCA_MH\SM\20200823.mat,8314574,2026-04-02 14:18:51
Soil_Moisture\DDCA\DDCA_MH\SM\20200831.mat,7696050,2026-04-02 14:18:51
Soil_Moisture\DDCA\DDCA_MH\SM\20200830.mat,6956320,2026-04-02 14:18:50
Soil_Moisture\DDCA\DDCA_MH\SM\20200825.mat,7825111,2026-04-02 14:18:47
Soil_Moisture\DDCA\DDCA_MH\SM\20200828.mat,8782413,2026-04-02 14:18:47
Soil_Moisture\DDCA\DDCA_MH\SM\20200826.mat,7963917,2026-04-02 14:18:46
Soil_Moisture\DDCA\DDCA_MH\SM\20200829.mat,7060711,2026-04-02 14:18:46
Soil_Moisture\DDCA\DDCA_MH\SM\20200827.mat,7204434,2026-04-02 14:18:45
Soil_Moisture\DDCA\DDCA_MH\SM\20200820.mat,9286520,2026-04-02 14:18:44
Soil_Moisture\DDCA\DDCA_MH\SM\20200824.mat,7590592,2026-04-02 14:18:44
Soil_Moisture\DDCA\DDCA_MH\SM\20200821.mat,7645664,2026-04-02 14:18:43
Soil_Moisture\DDCA\DDCA_MH\SM\20200822.mat,7424426,2026-04-02 14:18:43
Soil_Moisture\DDCA\DDCA_MH\SM\20200813.mat,8498406,2026-04-02 14:18:36
Soil_Moisture\DDCA\DDCA_MH\SM\20200815.mat,9044581,2026-04-02 14:18:36
Soil_Moisture\DDCA\DDCA_MH\SM\20200818.mat,8785111,2026-04-02 14:18:36
Soil_Moisture\DDCA\DDCA_MH\SM\20200808.mat,8821100,2026-04-02 14:18:35
Soil_Moisture\DDCA\DDCA_MH\SM\20200810.mat,8674434,2026-04-02 14:18:35
Soil_Moisture\DDCA\DDCA_MH\SM\20200816.mat,8429271,2026-04-02 14:18:35
Soil_Moisture\DDCA\DDCA_MH\SM\20200817.mat,8454512,2026-04-02 14:18:35
Soil_Moisture\DDCA\DDCA_MH\SM\20200819.mat,7957537,2026-04-02 14:18:35
Soil_Moisture\DDCA\DDCA_MH\SM\20200809.mat,8697571,2026-04-02 14:18:34
Soil_Moisture\DDCA\DDCA_MH\SM\20200811.mat,8300455,2026-04-02 14:18:34
Soil_Moisture\DDCA\DDCA_MH\SM\20200812.mat,9943871,2026-04-02 14:18:31
Soil_Moisture\DDCA\DDCA_MH\SM\20200814.mat,7970832,2026-04-02 14:18:31
Soil_Moisture\DDCA\DDCA_MH\SM\20200802.mat,9326845,2026-04-02 14:18:27
Soil_Moisture\DDCA\DDCA_MH\SM\20200804.mat,9899095,2026-04-02 14:18:26
Soil_Moisture\DDCA\DDCA_MH\SM\20200805.mat,8365919,2026-04-02 14:18:26
Soil_Moisture\DDCA\DDCA_MH\SM\20200806.mat,8346765,2026-04-02 14:18:26
Soil_Moisture\DDCA\DDCA_MH\SM\20200807.mat,9375194,2026-04-02 14:18:24
Soil_Moisture\DDCA\DDCA_MH\SM\20200730.mat,9528101,2026-04-02 14:18:23
Soil_Moisture\DDCA\DDCA_MH\SM\20200801.mat,8938053,2026-04-02 14:18:23
Soil_Moisture\DDCA\DDCA_MH\SM\20200731.mat,8961667,2026-04-02 14:18:22
Soil_Moisture\DDCA\DDCA_MH\SM\20200803.mat,8311268,2026-04-02 14:18:22
Soil_Moisture\DDCA\DDCA_MH\SM\20200729.mat,8628718,2026-04-02 14:18:21
Soil_Moisture\DDCA\DDCA_MH\SM\20200723.mat,8790700,2026-04-02 14:18:13
Soil_Moisture\DDCA\DDCA_MH\SM\20200719.mat,9641518,2026-04-02 14:18:12
Soil_Moisture\DDCA\DDCA_MH\SM\20200720.mat,8906883,2026-04-02 14:18:12
Soil_Moisture\DDCA\DDCA_MH\SM\20200721.mat,8538675,2026-04-02 14:18:12
Soil_Moisture\DDCA\DDCA_MH\SM\20200722.mat,9485319,2026-04-02 14:18:12
Soil_Moisture\DDCA\DDCA_MH\SM\20200724.mat,8912519,2026-04-02 14:18:12
Soil_Moisture\DDCA\DDCA_MH\SM\20200725.mat,9217777,2026-04-02 14:18:12
Soil_Moisture\DDCA\DDCA_MH\SM\20200726.mat,8437147,2026-04-02 14:18:12
Soil_Moisture\DDCA\DDCA_MH\SM\20200727.mat,9985140,2026-04-02 14:18:12
Soil_Moisture\DDCA\DDCA_MH\SM\20200728.mat,8256146,2026-04-02 14:18:11
Soil_Moisture\DDCA\DDCA_MH\SM\20200709.mat,8658246,2026-04-02 14:18:04
Soil_Moisture\DDCA\DDCA_MH\SM\20200712.mat,8055408,2026-04-02 14:18:02
Soil_Moisture\DDCA\DDCA_MH\SM\20200714.mat,8669822,2026-04-02 14:18:02
Soil_Moisture\DDCA\DDCA_MH\SM\20200715.mat,8521377,2026-04-02 14:18:02
Soil_Moisture\DDCA\DDCA_MH\SM\20200710.mat,8005738,2026-04-02 14:18:01
Soil_Moisture\DDCA\DDCA_MH\SM\20200711.mat,7830069,2026-04-02 14:18:01
Soil_Moisture\DDCA\DDCA_MH\SM\20200713.mat,7737081,2026-04-02 14:18:01
Soil_Moisture\DDCA\DDCA_MH\SM\20200716.mat,8693919,2026-04-02 14:18:01
Soil_Moisture\DDCA\DDCA_MH\SM\20200717.mat,8410744,2026-04-02 14:18:01
Soil_Moisture\DDCA\DDCA_MH\SM\20200718.mat,8192119,2026-04-02 14:18:01
Soil_Moisture\DDCA\DDCA_MH\SM\20200703.mat,9298131,2026-04-02 14:17:57
Soil_Moisture\DDCA\DDCA_MH\SM\20200701.mat,8440215,2026-04-02 14:17:54
Soil_Moisture\DDCA\DDCA_MH\SM\20200707.mat,8192958,2026-04-02 14:17:53
Soil_Moisture\DDCA\DDCA_MH\SM\20200630.mat,8301495,2026-04-02 14:17:52
Soil_Moisture\DDCA\DDCA_MH\SM\20200708.mat,8115808,2026-04-02 14:17:52
Soil_Moisture\DDCA\DDCA_MH\SM\20200629.mat,8039534,2026-04-02 14:17:51
Soil_Moisture\DDCA\DDCA_MH\SM\20200702.mat,7723858,2026-04-02 14:17:51
Soil_Moisture\DDCA\DDCA_MH\SM\20200704.mat,8430587,2026-04-02 14:17:51
Soil_Moisture\DDCA\DDCA_MH\SM\20200705.mat,7726021,2026-04-02 14:17:51
Soil_Moisture\DDCA\DDCA_MH\SM\20200706.mat,9023755,2026-04-02 14:17:51
Soil_Moisture\DDCA\DDCA_MH\SM\20200623.mat,8305012,2026-04-02 14:17:42
Soil_Moisture\DDCA\DDCA_MH\SM\20200619.mat,7824064,2026-04-02 14:17:41
Soil_Moisture\DDCA\DDCA_MH\SM\20200620.mat,8613797,2026-04-02 14:17:41
Soil_Moisture\DDCA\DDCA_MH\SM\20200621.mat,7924481,2026-04-02 14:17:41
Soil_Moisture\DDCA\DDCA_MH\SM\20200622.mat,8558794,2026-04-02 14:17:41
Soil_Moisture\DDCA\DDCA_MH\SM\20200624.mat,7536963,2026-04-02 14:17:41
Soil_Moisture\DDCA\DDCA_MH\SM\20200625.mat,9164254,2026-04-02 14:17:41
Soil_Moisture\DDCA\DDCA_MH\SM\20200626.mat,7979094,2026-04-02 14:17:41
Soil_Moisture\DDCA\DDCA_MH\SM\20200627.mat,7698332,2026-04-02 14:17:41
Soil_Moisture\DDCA\DDCA_MH\SM\20200628.mat,8009091,2026-04-02 14:17:41
Soil_Moisture\DDCA\DDCA_MH\SM\20200614.mat,8042755,2026-04-02 14:17:35
Soil_Moisture\DDCA\DDCA_MH\SM\20200609.mat,8786198,2026-04-02 14:17:34
Soil_Moisture\DDCA\DDCA_MH\SM\20200615.mat,8065611,2026-04-02 14:17:33
Soil_Moisture\DDCA\DDCA_MH\SM\20200616.mat,7445605,2026-04-02 14:17:33
Soil_Moisture\DDCA\DDCA_MH\SM\20200617.mat,9051875,2026-04-02 14:17:33
Soil_Moisture\DDCA\DDCA_MH\SM\20200610.mat,7017721,2026-04-02 14:17:31
Soil_Moisture\DDCA\DDCA_MH\SM\20200612.mat,7914888,2026-04-02 14:17:31
Soil_Moisture\DDCA\DDCA_MH\SM\20200618.mat,6694022,2026-04-02 14:17:31
Soil_Moisture\DDCA\DDCA_MH\SM\20200611.mat,6119454,2026-04-02 14:17:30
Soil_Moisture\DDCA\DDCA_MH\SM\20200613.mat,6689284,2026-04-02 14:17:30
Soil_Moisture\DDCA\DDCA_MH\SM\20200601.mat,8243302,2026-04-02 14:17:23
Soil_Moisture\DDCA\DDCA_MH\SM\20200604.mat,8057253,2026-04-02 14:17:23
Soil_Moisture\DDCA\DDCA_MH\SM\20200606.mat,7795245,2026-04-02 14:17:23
Soil_Moisture\DDCA\DDCA_MH\SM\20200530.mat,7421321,2026-04-02 14:17:22
Soil_Moisture\DDCA\DDCA_MH\SM\20200531.mat,6874497,2026-04-02 14:17:22
Soil_Moisture\DDCA\DDCA_MH\SM\20200602.mat,7397593,2026-04-02 14:17:22
Soil_Moisture\DDCA\DDCA_MH\SM\20200603.mat,6812469,2026-04-02 14:17:22
Soil_Moisture\DDCA\DDCA_MH\SM\20200605.mat,7537913,2026-04-02 14:17:22
Soil_Moisture\DDCA\DDCA_MH\SM\20200607.mat,7734319,2026-04-02 14:17:22
Soil_Moisture\DDCA\DDCA_MH\SM\20200608.mat,7180616,2026-04-02 14:17:22
Soil_Moisture\DDCA\DDCA_MH\SM\20200520.mat,6829875,2026-04-02 14:17:13
Soil_Moisture\DDCA\DDCA_MH\SM\20200521.mat,7084858,2026-04-02 14:17:13
Soil_Moisture\DDCA\DDCA_MH\SM\20200522.mat,7114100,2026-04-02 14:17:13
Soil_Moisture\DDCA\DDCA_MH\SM\20200523.mat,6537143,2026-04-02 14:17:13
Soil_Moisture\DDCA\DDCA_MH\SM\20200524.mat,8056228,2026-04-02 14:17:13
Soil_Moisture\DDCA\DDCA_MH\SM\20200525.mat,7114942,2026-04-02 14:17:13
Soil_Moisture\DDCA\DDCA_MH\SM\20200526.mat,5846115,2026-04-02 14:17:13
Soil_Moisture\DDCA\DDCA_MH\SM\20200527.mat,7718000,2026-04-02 14:17:13
Soil_Moisture\DDCA\DDCA_MH\SM\20200528.mat,7175192,2026-04-02 14:17:13
Soil_Moisture\DDCA\DDCA_MH\SM\20200529.mat,7458270,2026-04-02 14:17:13
Soil_Moisture\DDCA\DDCA_MH\SM\20200514.mat,6939551,2026-04-02 14:17:05
Soil_Moisture\DDCA\DDCA_MH\SM\20200516.mat,7707776,2026-04-02 14:17:05
Soil_Moisture\DDCA\DDCA_MH\SM\20200517.mat,6868648,2026-04-02 14:17:05
Soil_Moisture\DDCA\DDCA_MH\SM\20200519.mat,7370109,2026-04-02 14:17:05
Soil_Moisture\DDCA\DDCA_MH\SM\20200510.mat,6612133,2026-04-02 14:17:04
Soil_Moisture\DDCA\DDCA_MH\SM\20200511.mat,7163329,2026-04-02 14:17:04
Soil_Moisture\DDCA\DDCA_MH\SM\20200512.mat,6563412,2026-04-02 14:17:04
Soil_Moisture\DDCA\DDCA_MH\SM\20200513.mat,7012718,2026-04-02 14:17:04
Soil_Moisture\DDCA\DDCA_MH\SM\20200515.mat,6376581,2026-04-02 14:17:04
Soil_Moisture\DDCA\DDCA_MH\SM\20200518.mat,6345291,2026-04-02 14:17:04
Soil_Moisture\DDCA\DDCA_MH\SM\20200506.mat,6719502,2026-04-02 14:16:57
Soil_Moisture\DDCA\DDCA_MH\SM\20200501.mat,6421850,2026-04-02 14:16:56
Soil_Moisture\DDCA\DDCA_MH\SM\20200502.mat,6329709,2026-04-02 14:16:56
Soil_Moisture\DDCA\DDCA_MH\SM\20200503.mat,6925049,2026-04-02 14:16:56
Soil_Moisture\DDCA\DDCA_MH\SM\20200504.mat,6390291,2026-04-02 14:16:56
Soil_Moisture\DDCA\DDCA_MH\SM\20200505.mat,6648303,2026-04-02 14:16:56
Soil_Moisture\DDCA\DDCA_MH\SM\20200507.mat,6259279,2026-04-02 14:16:56
Soil_Moisture\DDCA\DDCA_MH\SM\20200508.mat,7294518,2026-04-02 14:16:56
Soil_Moisture\DDCA\DDCA_MH\SM\20200509.mat,6616555,2026-04-02 14:16:56
Soil_Moisture\DDCA\DDCA_MH\SM\20200430.mat,7198945,2026-04-02 14:16:55
Soil_Moisture\DDCA\DDCA_MH\SM\20200429.mat,6066438,2026-04-02 14:16:49
Soil_Moisture\DDCA\DDCA_MH\SM\20200420.mat,6117095,2026-04-02 14:16:48
Soil_Moisture\DDCA\DDCA_MH\SM\20200422.mat,7073412,2026-04-02 14:16:48
Soil_Moisture\DDCA\DDCA_MH\SM\20200423.mat,6138693,2026-04-02 14:16:48
Soil_Moisture\DDCA\DDCA_MH\SM\20200424.mat,6371335,2026-04-02 14:16:48
Soil_Moisture\DDCA\DDCA_MH\SM\20200425.mat,6661957,2026-04-02 14:16:48
Soil_Moisture\DDCA\DDCA_MH\SM\20200426.mat,6187035,2026-04-02 14:16:48
Soil_Moisture\DDCA\DDCA_MH\SM\20200427.mat,6648145,2026-04-02 14:16:48
Soil_Moisture\DDCA\DDCA_MH\SM\20200428.mat,5863036,2026-04-02 14:16:48
Soil_Moisture\DDCA\DDCA_MH\SM\20200421.mat,5931384,2026-04-02 14:16:47
Soil_Moisture\DDCA\DDCA_MH\SM\20200419.mat,6510951,2026-04-02 14:16:45
Soil_Moisture\DDCA\DDCA_MH\SM\20200416.mat,5436075,2026-04-02 14:16:41
Soil_Moisture\DDCA\DDCA_MH\SM\20200417.mat,6380498,2026-04-02 14:16:41
Soil_Moisture\DDCA\DDCA_MH\SM\20200418.mat,5971514,2026-04-02 14:16:41
Soil_Moisture\DDCA\DDCA_MH\SM\20200410.mat,5640616,2026-04-02 14:16:40
Soil_Moisture\DDCA\DDCA_MH\SM\20200411.mat,6216167,2026-04-02 14:16:40
Soil_Moisture\DDCA\DDCA_MH\SM\20200412.mat,5863365,2026-04-02 14:16:40
Soil_Moisture\DDCA\DDCA_MH\SM\20200413.mat,5736057,2026-04-02 14:16:40
Soil_Moisture\DDCA\DDCA_MH\SM\20200415.mat,5565492,2026-04-02 14:16:40
Soil_Moisture\DDCA\DDCA_MH\SM\20200414.mat,6662063,2026-04-02 14:16:39
Soil_Moisture\DDCA\DDCA_MH\SM\20200408.mat,5959204,2026-04-02 14:16:38
Soil_Moisture\DDCA\DDCA_MH\SM\20200409.mat,5997074,2026-04-02 14:16:36
Soil_Moisture\DDCA\DDCA_MH\SM\20200406.mat,6010926,2026-04-02 14:16:35
Soil_Moisture\DDCA\DDCA_MH\SM\20200407.mat,5278557,2026-04-02 14:16:35
Soil_Moisture\DDCA\DDCA_MH\SM\20200330.mat,5193852,2026-04-02 14:16:32
Soil_Moisture\DDCA\DDCA_MH\SM\20200401.mat,5849600,2026-04-02 14:16:32
Soil_Moisture\DDCA\DDCA_MH\SM\20200404.mat,5688208,2026-04-02 14:16:32
Soil_Moisture\DDCA\DDCA_MH\SM\20200328.mat,5372413,2026-04-02 14:16:31
Soil_Moisture\DDCA\DDCA_MH\SM\20200329.mat,6186396,2026-04-02 14:16:31
Soil_Moisture\DDCA\DDCA_MH\SM\20200331.mat,5757480,2026-04-02 14:16:31
Soil_Moisture\DDCA\DDCA_MH\SM\20200402.mat,5538771,2026-04-02 14:16:31
Soil_Moisture\DDCA\DDCA_MH\SM\20200403.mat,6034474,2026-04-02 14:16:31
Soil_Moisture\DDCA\DDCA_MH\SM\20200405.mat,4831153,2026-04-02 14:16:31
Soil_Moisture\DDCA\DDCA_MH\SM\20200327.mat,5555828,2026-04-02 14:16:26
Soil_Moisture\DDCA\DDCA_MH\SM\20200317.mat,5158969,2026-04-02 14:16:24
Soil_Moisture\DDCA\DDCA_MH\SM\20200320.mat,5181420,2026-04-02 14:16:24
Soil_Moisture\DDCA\DDCA_MH\SM\20200321.mat,6087385,2026-04-02 14:16:24
Soil_Moisture\DDCA\DDCA_MH\SM\20200322.mat,5167598,2026-04-02 14:16:24
Soil_Moisture\DDCA\DDCA_MH\SM\20200323.mat,5260514,2026-04-02 14:16:24
Soil_Moisture\DDCA\DDCA_MH\SM\20200324.mat,4580301,2026-04-02 14:16:24
Soil_Moisture\DDCA\DDCA_MH\SM\20200325.mat,5380591,2026-04-02 14:16:24
Soil_Moisture\DDCA\DDCA_MH\SM\20200326.mat,5718634,2026-04-02 14:16:24
Soil_Moisture\DDCA\DDCA_MH\SM\20200318.mat,5616751,2026-04-02 14:16:23
Soil_Moisture\DDCA\DDCA_MH\SM\20200319.mat,5006599,2026-04-02 14:16:23
Soil_Moisture\DDCA\DDCA_MH\SM\20200316.mat,5527093,2026-04-02 14:16:18
Soil_Moisture\DDCA\DDCA_MH\SM\20200307.mat,5222245,2026-04-02 14:16:17
Soil_Moisture\DDCA\DDCA_MH\SM\20200308.mat,5384635,2026-04-02 14:16:17
Soil_Moisture\DDCA\DDCA_MH\SM\20200309.mat,4889165,2026-04-02 14:16:17
Soil_Moisture\DDCA\DDCA_MH\SM\20200310.mat,5515782,2026-04-02 14:16:17
Soil_Moisture\DDCA\DDCA_MH\SM\20200311.mat,5063729,2026-04-02 14:16:17
Soil_Moisture\DDCA\DDCA_MH\SM\20200312.mat,5029880,2026-04-02 14:16:17
Soil_Moisture\DDCA\DDCA_MH\SM\20200313.mat,5834753,2026-04-02 14:16:17
Soil_Moisture\DDCA\DDCA_MH\SM\20200314.mat,5026045,2026-04-02 14:16:17
Soil_Moisture\DDCA\DDCA_MH\SM\20200315.mat,5398372,2026-04-02 14:16:17
Soil_Moisture\DDCA\DDCA_MH\SM\20200306.mat,4588653,2026-04-02 14:16:14
Soil_Moisture\DDCA\DDCA_MH\SM\20200304.mat,4666404,2026-04-02 14:16:12
Soil_Moisture\DDCA\DDCA_MH\SM\20200305.mat,5670343,2026-04-02 14:16:12
Soil_Moisture\DDCA\DDCA_MH\SM\20200226.mat,5498154,2026-04-02 14:16:11
Soil_Moisture\DDCA\DDCA_MH\SM\20200227.mat,4693707,2026-04-02 14:16:10
Soil_Moisture\DDCA\DDCA_MH\SM\20200228.mat,5007949,2026-04-02 14:16:10
Soil_Moisture\DDCA\DDCA_MH\SM\20200229.mat,5179519,2026-04-02 14:16:10
Soil_Moisture\DDCA\DDCA_MH\SM\20200301.mat,4813098,2026-04-02 14:16:10
Soil_Moisture\DDCA\DDCA_MH\SM\20200302.mat,5308156,2026-04-02 14:16:10
Soil_Moisture\DDCA\DDCA_MH\SM\20200303.mat,4847435,2026-04-02 14:16:10
Soil_Moisture\DDCA\DDCA_MH\SM\20200225.mat,4612640,2026-04-02 14:16:09
Soil_Moisture\DDCA\DDCA_MH\SM\20200223.mat,5035313,2026-04-02 14:16:08
Soil_Moisture\DDCA\DDCA_MH\SM\20200224.mat,4697024,2026-04-02 14:16:08
Soil_Moisture\DDCA\DDCA_MH\SM\20200219.mat,4224837,2026-04-02 14:16:04
Soil_Moisture\DDCA\DDCA_MH\SM\20200213.mat,4543623,2026-04-02 14:16:03
Soil_Moisture\DDCA\DDCA_MH\SM\20200215.mat,4906807,2026-04-02 14:16:03
Soil_Moisture\DDCA\DDCA_MH\SM\20200216.mat,4549702,2026-04-02 14:16:03
Soil_Moisture\DDCA\DDCA_MH\SM\20200217.mat,3637827,2026-04-02 14:16:03
Soil_Moisture\DDCA\DDCA_MH\SM\20200218.mat,5303536,2026-04-02 14:16:03
Soil_Moisture\DDCA\DDCA_MH\SM\20200220.mat,4800414,2026-04-02 14:16:03
Soil_Moisture\DDCA\DDCA_MH\SM\20200221.mat,4950784,2026-04-02 14:16:03
Soil_Moisture\DDCA\DDCA_MH\SM\20200222.mat,4598450,2026-04-02 14:16:03
Soil_Moisture\DDCA\DDCA_MH\SM\20200214.mat,4446232,2026-04-02 14:16:02
Soil_Moisture\DDCA\DDCA_MH\SM\20200211.mat,4392226,2026-04-02 14:15:59
Soil_Moisture\DDCA\DDCA_MH\SM\20200212.mat,3993368,2026-04-02 14:15:59
Soil_Moisture\DDCA\DDCA_MH\SM\20200205.mat,4501188,2026-04-02 14:15:58
Soil_Moisture\DDCA\DDCA_MH\SM\20200206.mat,3989390,2026-04-02 14:15:58
Soil_Moisture\DDCA\DDCA_MH\SM\20200208.mat,4257771,2026-04-02 14:15:58
Soil_Moisture\DDCA\DDCA_MH\SM\20200209.mat,3998747,2026-04-02 14:15:58
Soil_Moisture\DDCA\DDCA_MH\SM\20200210.mat,5067096,2026-04-02 14:15:58
Soil_Moisture\DDCA\DDCA_MH\SM\20200203.mat,3990368,2026-04-02 14:15:57
Soil_Moisture\DDCA\DDCA_MH\SM\20200204.mat,4149482,2026-04-02 14:15:57
Soil_Moisture\DDCA\DDCA_MH\SM\20200207.mat,4494335,2026-04-02 14:15:57
Soil_Moisture\DDCA\DDCA_MH\SM\20200201.mat,3155915,2026-04-02 14:15:56
Soil_Moisture\DDCA\DDCA_MH\SM\20200202.mat,4729582,2026-04-02 14:15:56
Soil_Moisture\DDCA\DDCA_MH\SM\20200131.mat,4293134,2026-04-02 14:15:55
Soil_Moisture\DDCA\DDCA_MH\SM\20200129.mat,4034641,2026-04-02 14:15:54
Soil_Moisture\DDCA\DDCA_MH\SM\20200127.mat,4134603,2026-04-02 14:15:53
Soil_Moisture\DDCA\DDCA_MH\SM\20200128.mat,4476652,2026-04-02 14:15:53
Soil_Moisture\DDCA\DDCA_MH\SM\20200130.mat,4521324,2026-04-02 14:15:53
Soil_Moisture\DDCA\DDCA_MH\SM\20200126.mat,4019967,2026-04-02 14:15:52
Soil_Moisture\DDCA\DDCA_MH\SM\20200123.mat,3678636,2026-04-02 14:15:51
Soil_Moisture\DDCA\DDCA_MH\SM\20200117.mat,4587698,2026-04-02 14:15:50
Soil_Moisture\DDCA\DDCA_MH\SM\20200124.mat,4019896,2026-04-02 14:15:50
Soil_Moisture\DDCA\DDCA_MH\SM\20200125.mat,4641823,2026-04-02 14:15:50
Soil_Moisture\DDCA\DDCA_MH\SM\20200114.mat,4635311,2026-04-02 14:15:49
Soil_Moisture\DDCA\DDCA_MH\SM\20200118.mat,4088113,2026-04-02 14:15:49
Soil_Moisture\DDCA\DDCA_MH\SM\20200119.mat,4237178,2026-04-02 14:15:49
Soil_Moisture\DDCA\DDCA_MH\SM\20200121.mat,3457634,2026-04-02 14:15:49
Soil_Moisture\DDCA\DDCA_MH\SM\20200122.mat,3967720,2026-04-02 14:15:49
Soil_Moisture\DDCA\DDCA_MH\SM\20200115.mat,4376954,2026-04-02 14:15:47
Soil_Moisture\DDCA\DDCA_MH\SM\20200116.mat,4128087,2026-04-02 14:15:47
Soil_Moisture\DDCA\DDCA_MH\SM\20200120.mat,4211583,2026-04-02 14:15:47
Soil_Moisture\DDCA\DDCA_MH\SM\20200112.mat,4664348,2026-04-02 14:15:45
Soil_Moisture\DDCA\DDCA_MH\SM\20200113.mat,4162105,2026-04-02 14:15:45
Soil_Moisture\DDCA\DDCA_MH\SM\20200110.mat,4154739,2026-04-02 14:15:44
Soil_Moisture\DDCA\DDCA_MH\SM\20200111.mat,4355127,2026-04-02 14:15:44
Soil_Moisture\DDCA\DDCA_MH\SM\20200104.mat,4729107,2026-04-02 14:15:43
Soil_Moisture\DDCA\DDCA_MH\SM\20200108.mat,4195137,2026-04-02 14:15:43
Soil_Moisture\DDCA\DDCA_MH\SM\20200109.mat,4890199,2026-04-02 14:15:43
Soil_Moisture\DDCA\DDCA_MH\SM\20200102.mat,4226460,2026-04-02 14:15:41
Soil_Moisture\DDCA\DDCA_MH\SM\20200103.mat,4397910,2026-04-02 14:15:41
Soil_Moisture\DDCA\DDCA_MH\SM\20200105.mat,4170086,2026-04-02 14:15:41
Soil_Moisture\DDCA\DDCA_MH\SM\20200106.mat,4735659,2026-04-02 14:15:41
Soil_Moisture\DDCA\DDCA_MH\SM\20200107.mat,4441697,2026-04-02 14:15:41
Soil_Moisture\DDCA\DDCA_MH\SM\20191227.mat,4680897,2026-04-02 14:15:38
Soil_Moisture\DDCA\DDCA_MH\SM\20200101.mat,5165210,2026-04-02 14:15:38
Soil_Moisture\DDCA\DDCA_MH\SM\20191224.mat,4261540,2026-04-02 14:15:37
Soil_Moisture\DDCA\DDCA_MH\SM\20191226.mat,4277811,2026-04-02 14:15:37
Soil_Moisture\DDCA\DDCA_MH\SM\20191221.mat,4590925,2026-04-02 14:15:36
Soil_Moisture\DDCA\DDCA_MH\SM\20191222.mat,4293489,2026-04-02 14:15:36
Soil_Moisture\DDCA\DDCA_MH\SM\20191223.mat,4011334,2026-04-02 14:15:36
Soil_Moisture\DDCA\DDCA_MH\SM\20191225.mat,4041884,2026-04-02 14:15:36
Soil_Moisture\DDCA\DDCA_MH\SM\20191229.mat,477265,2026-04-02 14:15:36
Soil_Moisture\DDCA\DDCA_MH\SM\20191230.mat,477265,2026-04-02 14:15:36
Soil_Moisture\DDCA\DDCA_MH\SM\20191231.mat,477265,2026-04-02 14:15:36
Soil_Moisture\DDCA\DDCA_MH\SM\20191220.mat,4069083,2026-04-02 14:15:35
Soil_Moisture\DDCA\DDCA_MH\SM\20191228.mat,477265,2026-04-02 14:15:35
Soil_Moisture\DDCA\DDCA_MH\SM\20191217.mat,3932582,2026-04-02 14:15:33
Soil_Moisture\DDCA\DDCA_MH\SM\20191218.mat,3349688,2026-04-02 14:15:33
Soil_Moisture\DDCA\DDCA_MH\SM\20191219.mat,4481603,2026-04-02 14:15:33
Soil_Moisture\DDCA\DDCA_MH\SM\20191208.mat,4550568,2026-04-02 14:15:32
Soil_Moisture\DDCA\DDCA_MH\SM\20191215.mat,3905831,2026-04-02 14:15:32
Soil_Moisture\DDCA\DDCA_MH\SM\20191216.mat,4481331,2026-04-02 14:15:32
Soil_Moisture\DDCA\DDCA_MH\SM\20191210.mat,4128925,2026-04-02 14:15:31
Soil_Moisture\DDCA\DDCA_MH\SM\20191211.mat,4394696,2026-04-02 14:15:31
Soil_Moisture\DDCA\DDCA_MH\SM\20191212.mat,3621772,2026-04-02 14:15:31
Soil_Moisture\DDCA\DDCA_MH\SM\20191213.mat,4476244,2026-04-02 14:15:31
Soil_Moisture\DDCA\DDCA_MH\SM\20191214.mat,4187073,2026-04-02 14:15:31
Soil_Moisture\DDCA\DDCA_MH\SM\20191209.mat,3854138,2026-04-02 14:15:30
Soil_Moisture\DDCA\DDCA_MH\SM\20191207.mat,3844781,2026-04-02 14:15:29
Soil_Moisture\DDCA\DDCA_MH\SM\20191205.mat,4424314,2026-04-02 14:15:28
Soil_Moisture\DDCA\DDCA_MH\SM\20191206.mat,3847096,2026-04-02 14:15:28
Soil_Moisture\DDCA\DDCA_MH\SM\20191204.mat,3911390,2026-04-02 14:15:27
Soil_Moisture\DDCA\DDCA_MH\SM\20191125.mat,4376395,2026-04-02 14:15:25
Soil_Moisture\DDCA\DDCA_MH\SM\20191129.mat,3830609,2026-04-02 14:15:25
Soil_Moisture\DDCA\DDCA_MH\SM\20191201.mat,3820859,2026-04-02 14:15:25
Soil_Moisture\DDCA\DDCA_MH\SM\20191202.mat,4049561,2026-04-02 14:15:25
Soil_Moisture\DDCA\DDCA_MH\SM\20191203.mat,4366268,2026-04-02 14:15:25
Soil_Moisture\DDCA\DDCA_MH\SM\20191122.mat,4536907,2026-04-02 14:15:24
Soil_Moisture\DDCA\DDCA_MH\SM\20191123.mat,3797962,2026-04-02 14:15:24
Soil_Moisture\DDCA\DDCA_MH\SM\20191127.mat,4411134,2026-04-02 14:15:24
Soil_Moisture\DDCA\DDCA_MH\SM\20191128.mat,4059261,2026-04-02 14:15:24
Soil_Moisture\DDCA\DDCA_MH\SM\20191130.mat,4541616,2026-04-02 14:15:24
Soil_Moisture\DDCA\DDCA_MH\SM\20191126.mat,3886451,2026-04-02 14:15:23
Soil_Moisture\DDCA\DDCA_MH\SM\20191124.mat,3330517,2026-04-02 14:15:22
Soil_Moisture\DDCA\DDCA_MH\SM\20191116.mat,4491668,2026-04-02 14:15:20
Soil_Moisture\DDCA\DDCA_MH\SM\20191121.mat,3649905,2026-04-02 14:15:19
Soil_Moisture\DDCA\DDCA_MH\SM\20191112.mat,4296392,2026-04-02 14:15:18
Soil_Moisture\DDCA\DDCA_MH\SM\20191113.mat,3636714,2026-04-02 14:15:18
Soil_Moisture\DDCA\DDCA_MH\SM\20191114.mat,5176450,2026-04-02 14:15:18
Soil_Moisture\DDCA\DDCA_MH\SM\20191115.mat,4081452,2026-04-02 14:15:18
Soil_Moisture\DDCA\DDCA_MH\SM\20191117.mat,5214808,2026-04-02 14:15:18
Soil_Moisture\DDCA\DDCA_MH\SM\20191118.mat,3870159,2026-04-02 14:15:18
Soil_Moisture\DDCA\DDCA_MH\SM\20191119.mat,4413053,2026-04-02 14:15:18
Soil_Moisture\DDCA\DDCA_MH\SM\20191120.mat,3715712,2026-04-02 14:15:18
Soil_Moisture\DDCA\DDCA_MH\SM\20191111.mat,4479687,2026-04-02 14:15:17
Soil_Moisture\DDCA\DDCA_MH\SM\20191105.mat,4465381,2026-04-02 14:15:13
Soil_Moisture\DDCA\DDCA_MH\SM\20191109.mat,5502539,2026-04-02 14:15:13
Soil_Moisture\DDCA\DDCA_MH\SM\20191110.mat,4389429,2026-04-02 14:15:13
Soil_Moisture\DDCA\DDCA_MH\SM\20191101.mat,4565284,2026-04-02 14:15:12
Soil_Moisture\DDCA\DDCA_MH\SM\20191102.mat,4640763,2026-04-02 14:15:12
Soil_Moisture\DDCA\DDCA_MH\SM\20191103.mat,5157806,2026-04-02 14:15:12
Soil_Moisture\DDCA\DDCA_MH\SM\20191104.mat,5077335,2026-04-02 14:15:12
Soil_Moisture\DDCA\DDCA_MH\SM\20191106.mat,5652962,2026-04-02 14:15:12
Soil_Moisture\DDCA\DDCA_MH\SM\20191107.mat,4666429,2026-04-02 14:15:12
Soil_Moisture\DDCA\DDCA_MH\SM\20191108.mat,4765138,2026-04-02 14:15:12
Soil_Moisture\DDCA\DDCA_MH\SM\20191022.mat,4853361,2026-04-02 14:14:56
Soil_Moisture\DDCA\DDCA_MH\SM\20191023.mat,5243373,2026-04-02 14:14:56
Soil_Moisture\DDCA\DDCA_MH\SM\20191024.mat,4813297,2026-04-02 14:14:56
Soil_Moisture\DDCA\DDCA_MH\SM\20191025.mat,4793513,2026-04-02 14:14:56
Soil_Moisture\DDCA\DDCA_MH\SM\20191026.mat,5428469,2026-04-02 14:14:56
Soil_Moisture\DDCA\DDCA_MH\SM\20191027.mat,5237960,2026-04-02 14:14:56
Soil_Moisture\DDCA\DDCA_MH\SM\20191028.mat,4572054,2026-04-02 14:14:56
Soil_Moisture\DDCA\DDCA_MH\SM\20191029.mat,5782899,2026-04-02 14:14:56
Soil_Moisture\DDCA\DDCA_MH\SM\20191030.mat,4793974,2026-04-02 14:14:56
Soil_Moisture\DDCA\DDCA_MH\SM\20191031.mat,4967208,2026-04-02 14:14:56
Soil_Moisture\DDCA\DDCA_MH\SM\20191018.mat,5717940,2026-04-02 14:14:51
Soil_Moisture\DDCA\DDCA_MH\SM\20191014.mat,5188581,2026-04-02 14:14:50
Soil_Moisture\DDCA\DDCA_MH\SM\20191015.mat,5490787,2026-04-02 14:14:50
Soil_Moisture\DDCA\DDCA_MH\SM\20191016.mat,6292312,2026-04-02 14:14:50
Soil_Moisture\DDCA\DDCA_MH\SM\20191017.mat,4925362,2026-04-02 14:14:50
Soil_Moisture\DDCA\DDCA_MH\SM\20191019.mat,5142858,2026-04-02 14:14:50
Soil_Moisture\DDCA\DDCA_MH\SM\20191020.mat,4826506,2026-04-02 14:14:50
Soil_Moisture\DDCA\DDCA_MH\SM\20191021.mat,6044003,2026-04-02 14:14:50
Soil_Moisture\DDCA\DDCA_MH\SM\20191011.mat,5643230,2026-04-02 14:14:49
Soil_Moisture\DDCA\DDCA_MH\SM\20191013.mat,6209678,2026-04-02 14:14:49
Soil_Moisture\DDCA\DDCA_MH\SM\20191012.mat,5086369,2026-04-02 14:14:45
Soil_Moisture\DDCA\DDCA_MH\SM\20191004.mat,5344178,2026-04-02 14:14:43
Soil_Moisture\DDCA\DDCA_MH\SM\20191005.mat,6465058,2026-04-02 14:14:43
Soil_Moisture\DDCA\DDCA_MH\SM\20191006.mat,5234557,2026-04-02 14:14:43
Soil_Moisture\DDCA\DDCA_MH\SM\20191007.mat,5685524,2026-04-02 14:14:43
Soil_Moisture\DDCA\DDCA_MH\SM\20191008.mat,6406180,2026-04-02 14:14:43
Soil_Moisture\DDCA\DDCA_MH\SM\20191009.mat,5137616,2026-04-02 14:14:43
Soil_Moisture\DDCA\DDCA_MH\SM\20191010.mat,5350545,2026-04-02 14:14:43
Soil_Moisture\DDCA\DDCA_MH\SM\20191001.mat,5388754,2026-04-02 14:14:42
Soil_Moisture\DDCA\DDCA_MH\SM\20191002.mat,6172421,2026-04-02 14:14:42
Soil_Moisture\DDCA\DDCA_MH\SM\20191003.mat,5830470,2026-04-02 14:14:42
Soil_Moisture\DDCA\DDCA_MH\SM\20190929.mat,5870218,2026-04-02 14:14:37
Soil_Moisture\DDCA\DDCA_MH\SM\20190924.mat,6248961,2026-04-02 14:14:36
Soil_Moisture\DDCA\DDCA_MH\SM\20190925.mat,6063588,2026-04-02 14:14:36
Soil_Moisture\DDCA\DDCA_MH\SM\20190926.mat,5495059,2026-04-02 14:14:36
Soil_Moisture\DDCA\DDCA_MH\SM\20190927.mat,6627595,2026-04-02 14:14:36
Soil_Moisture\DDCA\DDCA_MH\SM\20190930.mat,6631613,2026-04-02 14:14:36
Soil_Moisture\DDCA\DDCA_MH\SM\20190921.mat,6230264,2026-04-02 14:14:35
Soil_Moisture\DDCA\DDCA_MH\SM\20190922.mat,7037914,2026-04-02 14:14:35
Soil_Moisture\DDCA\DDCA_MH\SM\20190923.mat,5591357,2026-04-02 14:14:35
Soil_Moisture\DDCA\DDCA_MH\SM\20190928.mat,5669099,2026-04-02 14:14:35
Soil_Moisture\DDCA\DDCA_MH\SM\20190919.mat,7067313,2026-04-02 14:14:32
Soil_Moisture\DDCA\DDCA_MH\SM\20190920.mat,6111951,2026-04-02 14:14:32
Soil_Moisture\DDCA\DDCA_MH\SM\20190914.mat,7614317,2026-04-02 14:14:29
Soil_Moisture\DDCA\DDCA_MH\SM\20190911.mat,7532678,2026-04-02 14:14:27
Soil_Moisture\DDCA\DDCA_MH\SM\20190912.mat,6605997,2026-04-02 14:14:27
Soil_Moisture\DDCA\DDCA_MH\SM\20190913.mat,6651753,2026-04-02 14:14:27
Soil_Moisture\DDCA\DDCA_MH\SM\20190915.mat,5759535,2026-04-02 14:14:27
Soil_Moisture\DDCA\DDCA_MH\SM\20190916.mat,6503564,2026-04-02 14:14:27
Soil_Moisture\DDCA\DDCA_MH\SM\20190917.mat,6453790,2026-04-02 14:14:27
Soil_Moisture\DDCA\DDCA_MH\SM\20190918.mat,5939721,2026-04-02 14:14:27
Soil_Moisture\DDCA\DDCA_MH\SM\20190909.mat,7001362,2026-04-02 14:14:26
Soil_Moisture\DDCA\DDCA_MH\SM\20190910.mat,6309048,2026-04-02 14:14:25
Soil_Moisture\DDCA\DDCA_MH\SM\20190901.mat,7569436,2026-04-02 14:14:21
Soil_Moisture\DDCA\DDCA_MH\SM\20190903.mat,8084833,2026-04-02 14:14:21
Soil_Moisture\DDCA\DDCA_MH\SM\20190905.mat,6646741,2026-04-02 14:14:20
Soil_Moisture\DDCA\DDCA_MH\SM\20190904.mat,7132174,2026-04-02 14:14:19
Soil_Moisture\DDCA\DDCA_MH\SM\20190906.mat,7353043,2026-04-02 14:14:19
Soil_Moisture\DDCA\DDCA_MH\SM\20190907.mat,6591980,2026-04-02 14:14:19
Soil_Moisture\DDCA\DDCA_MH\SM\20190908.mat,7123611,2026-04-02 14:14:19
Soil_Moisture\DDCA\DDCA_MH\SM\20190826.mat,8408734,2026-04-02 14:14:18
Soil_Moisture\DDCA\DDCA_MH\SM\20190831.mat,7554949,2026-04-02 14:14:18
Soil_Moisture\DDCA\DDCA_MH\SM\20190902.mat,6849403,2026-04-02 14:14:18
Soil_Moisture\DDCA\DDCA_MH\SM\20190829.mat,8545808,2026-04-02 14:14:14
Soil_Moisture\DDCA\DDCA_MH\SM\20190827.mat,7571197,2026-04-02 14:14:12
Soil_Moisture\DDCA\DDCA_MH\SM\20190830.mat,7168546,2026-04-02 14:14:12
Soil_Moisture\DDCA\DDCA_MH\SM\20190818.mat,8776669,2026-04-02 14:14:11
Soil_Moisture\DDCA\DDCA_MH\SM\20190824.mat,7880861,2026-04-02 14:14:11
Soil_Moisture\DDCA\DDCA_MH\SM\20190825.mat,7162079,2026-04-02 14:14:11
Soil_Moisture\DDCA\DDCA_MH\SM\20190828.mat,7490124,2026-04-02 14:14:11
Soil_Moisture\DDCA\DDCA_MH\SM\20190821.mat,8912577,2026-04-02 14:14:10
Soil_Moisture\DDCA\DDCA_MH\SM\20190823.mat,7838971,2026-04-02 14:14:09
Soil_Moisture\DDCA\DDCA_MH\SM\20190820.mat,7756225,2026-04-02 14:14:06
Soil_Moisture\DDCA\DDCA_MH\SM\20190822.mat,7452433,2026-04-02 14:14:06
Soil_Moisture\DDCA\DDCA_MH\SM\20190813.mat,9210965,2026-04-02 14:14:04
Soil_Moisture\DDCA\DDCA_MH\SM\20190814.mat,7900415,2026-04-02 14:14:03
Soil_Moisture\DDCA\DDCA_MH\SM\20190815.mat,8122079,2026-04-02 14:14:03
Soil_Moisture\DDCA\DDCA_MH\SM\20190816.mat,8238572,2026-04-02 14:14:03
Soil_Moisture\DDCA\DDCA_MH\SM\20190819.mat,7908393,2026-04-02 14:14:03
Soil_Moisture\DDCA\DDCA_MH\SM\20190817.mat,7456726,2026-04-02 14:14:02
Soil_Moisture\DDCA\DDCA_MH\SM\20190805.mat,9283025,2026-04-02 14:14:00
Soil_Moisture\DDCA\DDCA_MH\SM\20190812.mat,7614001,2026-04-02 14:13:58
Soil_Moisture\DDCA\DDCA_MH\SM\20190808.mat,8391696,2026-04-02 14:13:56
Soil_Moisture\DDCA\DDCA_MH\SM\20190810.mat,8874316,2026-04-02 14:13:56
Soil_Moisture\DDCA\DDCA_MH\SM\20190807.mat,8176848,2026-04-02 14:13:54
Soil_Moisture\DDCA\DDCA_MH\SM\20190809.mat,7648681,2026-04-02 14:13:54
Soil_Moisture\DDCA\DDCA_MH\SM\20190802.mat,9013778,2026-04-02 14:13:53
Soil_Moisture\DDCA\DDCA_MH\SM\20190804.mat,8060276,2026-04-02 14:13:53
Soil_Moisture\DDCA\DDCA_MH\SM\20190811.mat,7310256,2026-04-02 14:13:53
Soil_Moisture\DDCA\DDCA_MH\SM\20190803.mat,8171072,2026-04-02 14:13:52
Soil_Moisture\DDCA\DDCA_MH\SM\20190806.mat,6238580,2026-04-02 14:13:51
Soil_Moisture\DDCA\DDCA_MH\SM\20190725.mat,9092881,2026-04-02 14:13:46
Soil_Moisture\DDCA\DDCA_MH\SM\20190801.mat,7754340,2026-04-02 14:13:45
Soil_Moisture\DDCA\DDCA_MH\SM\20190618.mat,8218782,2026-04-02 14:13:44
Soil_Moisture\DDCA\DDCA_MH\SM\20190724.mat,7892142,2026-04-02 14:13:44
Soil_Moisture\DDCA\DDCA_MH\SM\20190726.mat,8208190,2026-04-02 14:13:44
Soil_Moisture\DDCA\DDCA_MH\SM\20190728.mat,9293002,2026-04-02 14:13:44
Soil_Moisture\DDCA\DDCA_MH\SM\20190729.mat,8140527,2026-04-02 14:13:44
Soil_Moisture\DDCA\DDCA_MH\SM\20190730.mat,8472403,2026-04-02 14:13:43
Soil_Moisture\DDCA\DDCA_MH\SM\20190731.mat,8550986,2026-04-02 14:13:43
Soil_Moisture\DDCA\DDCA_MH\SM\20190727.mat,7538889,2026-04-02 14:13:42
Soil_Moisture\DDCA\DDCA_MH\SM\20190619.mat,5037820,2026-04-02 14:13:40
Soil_Moisture\DDCA\DDCA_MH\SM\20190610.mat,8132763,2026-04-02 14:13:34
Soil_Moisture\DDCA\DDCA_MH\SM\20190613.mat,7957406,2026-04-02 14:13:34
Soil_Moisture\DDCA\DDCA_MH\SM\20190617.mat,7653506,2026-04-02 14:13:34
Soil_Moisture\DDCA\DDCA_MH\SM\20190723.mat,1626170,2026-04-02 14:13:34
Soil_Moisture\DDCA\DDCA_MH\SM\20190609.mat,6988973,2026-04-02 14:13:33
Soil_Moisture\DDCA\DDCA_MH\SM\20190612.mat,6504984,2026-04-02 14:13:33
Soil_Moisture\DDCA\DDCA_MH\SM\20190614.mat,7331517,2026-04-02 14:13:33
Soil_Moisture\DDCA\DDCA_MH\SM\20190615.mat,8473927,2026-04-02 14:13:33
Soil_Moisture\DDCA\DDCA_MH\SM\20190616.mat,7599453,2026-04-02 14:13:33
Soil_Moisture\DDCA\DDCA_MH\SM\20190608.mat,7356515,2026-04-02 14:13:32
Soil_Moisture\DDCA\DDCA_MH\SM\20190611.mat,4413077,2026-04-02 14:13:32
Soil_Moisture\DDCA\DDCA_MH\SM\20190602.mat,8220155,2026-04-02 14:13:26
Soil_Moisture\DDCA\DDCA_MH\SM\20190604.mat,7805492,2026-04-02 14:13:25
Soil_Moisture\DDCA\DDCA_MH\SM\20190530.mat,7865072,2026-04-02 14:13:24
Soil_Moisture\DDCA\DDCA_MH\SM\20190531.mat,6943774,2026-04-02 14:13:24
Soil_Moisture\DDCA\DDCA_MH\SM\20190601.mat,7016181,2026-04-02 14:13:24
Soil_Moisture\DDCA\DDCA_MH\SM\20190603.mat,7368875,2026-04-02 14:13:24
Soil_Moisture\DDCA\DDCA_MH\SM\20190605.mat,7243347,2026-04-02 14:13:24
Soil_Moisture\DDCA\DDCA_MH\SM\20190606.mat,7036934,2026-04-02 14:13:24
Soil_Moisture\DDCA\DDCA_MH\SM\20190607.mat,7814189,2026-04-02 14:13:24
Soil_Moisture\DDCA\DDCA_MH\SM\20190529.mat,6759457,2026-04-02 14:13:23
Soil_Moisture\DDCA\DDCA_MH\SM\20190525.mat,7781438,2026-04-02 14:13:17
Soil_Moisture\DDCA\DDCA_MH\SM\20190522.mat,7567139,2026-04-02 14:13:16
Soil_Moisture\DDCA\DDCA_MH\SM\20190527.mat,7473523,2026-04-02 14:13:16
Soil_Moisture\DDCA\DDCA_MH\SM\20190519.mat,5800944,2026-04-02 14:13:15
Soil_Moisture\DDCA\DDCA_MH\SM\20190520.mat,6982657,2026-04-02 14:13:15
Soil_Moisture\DDCA\DDCA_MH\SM\20190521.mat,6507201,2026-04-02 14:13:15
Soil_Moisture\DDCA\DDCA_MH\SM\20190523.mat,6650419,2026-04-02 14:13:15
Soil_Moisture\DDCA\DDCA_MH\SM\20190524.mat,6822428,2026-04-02 14:13:15
Soil_Moisture\DDCA\DDCA_MH\SM\20190526.mat,6879099,2026-04-02 14:13:15
Soil_Moisture\DDCA\DDCA_MH\SM\20190528.mat,7253210,2026-04-02 14:13:15
Soil_Moisture\DDCA\DDCA_MH\SM\20190517.mat,7508052,2026-04-02 14:13:08
Soil_Moisture\DDCA\DDCA_MH\SM\20190518.mat,6636425,2026-04-02 14:13:08
Soil_Moisture\DDCA\DDCA_MH\SM\20190511.mat,6928567,2026-04-02 14:13:07
Soil_Moisture\DDCA\DDCA_MH\SM\20190513.mat,6272754,2026-04-02 14:13:07
Soil_Moisture\DDCA\DDCA_MH\SM\20190514.mat,7125851,2026-04-02 14:13:07
Soil_Moisture\DDCA\DDCA_MH\SM\20190515.mat,6461761,2026-04-02 14:13:07
Soil_Moisture\DDCA\DDCA_MH\SM\20190516.mat,6590573,2026-04-02 14:13:07
Soil_Moisture\DDCA\DDCA_MH\SM\20190509.mat,7222695,2026-04-02 14:13:06
Soil_Moisture\DDCA\DDCA_MH\SM\20190510.mat,6001372,2026-04-02 14:13:06
Soil_Moisture\DDCA\DDCA_MH\SM\20190512.mat,6789196,2026-04-02 14:13:06
Soil_Moisture\DDCA\DDCA_MH\SM\20190508.mat,6283380,2026-04-02 14:13:03
Soil_Moisture\DDCA\DDCA_MH\SM\20190506.mat,6929787,2026-04-02 14:13:00
Soil_Moisture\DDCA\DDCA_MH\SM\20190430.mat,6023226,2026-04-02 14:12:59
Soil_Moisture\DDCA\DDCA_MH\SM\20190501.mat,6810928,2026-04-02 14:12:59
Soil_Moisture\DDCA\DDCA_MH\SM\20190503.mat,6582356,2026-04-02 14:12:59
Soil_Moisture\DDCA\DDCA_MH\SM\20190507.mat,6166743,2026-04-02 14:12:59
Soil_Moisture\DDCA\DDCA_MH\SM\20190429.mat,5886324,2026-04-02 14:12:58
Soil_Moisture\DDCA\DDCA_MH\SM\20190502.mat,6093646,2026-04-02 14:12:58
Soil_Moisture\DDCA\DDCA_MH\SM\20190504.mat,6434645,2026-04-02 14:12:58
Soil_Moisture\DDCA\DDCA_MH\SM\20190428.mat,6635809,2026-04-02 14:12:57
Soil_Moisture\DDCA\DDCA_MH\SM\20190505.mat,5217796,2026-04-02 14:12:57
Soil_Moisture\DDCA\DDCA_MH\SM\20190425.mat,6275512,2026-04-02 14:12:55
Soil_Moisture\DDCA\DDCA_MH\SM\20190427.mat,5761776,2026-04-02 14:12:54
Soil_Moisture\DDCA\DDCA_MH\SM\20190426.mat,6127894,2026-04-02 14:12:52
Soil_Moisture\DDCA\DDCA_MH\SM\20190416.mat,5605835,2026-04-02 14:12:51
Soil_Moisture\DDCA\DDCA_MH\SM\20190421.mat,5642710,2026-04-02 14:12:51
Soil_Moisture\DDCA\DDCA_MH\SM\20190420.mat,5702137,2026-04-02 14:12:50
Soil_Moisture\DDCA\DDCA_MH\SM\20190422.mat,5759578,2026-04-02 14:12:50
Soil_Moisture\DDCA\DDCA_MH\SM\20190423.mat,6586579,2026-04-02 14:12:50
Soil_Moisture\DDCA\DDCA_MH\SM\20190424.mat,5783846,2026-04-02 14:12:50
Soil_Moisture\DDCA\DDCA_MH\SM\20190417.mat,5784699,2026-04-02 14:12:49
Soil_Moisture\DDCA\DDCA_MH\SM\20190418.mat,5930583,2026-04-02 14:12:49
Soil_Moisture\DDCA\DDCA_MH\SM\20190415.mat,6315203,2026-04-02 14:12:47
Soil_Moisture\DDCA\DDCA_MH\SM\20190419.mat,5573595,2026-04-02 14:12:46
Soil_Moisture\DDCA\DDCA_MH\SM\20190414.mat,5669083,2026-04-02 14:12:44
Soil_Moisture\DDCA\DDCA_MH\SM\20190410.mat,5514873,2026-04-02 14:12:42
Soil_Moisture\DDCA\DDCA_MH\SM\20190411.mat,5435769,2026-04-02 14:12:42
Soil_Moisture\DDCA\DDCA_MH\SM\20190412.mat,6224064,2026-04-02 14:12:42
Soil_Moisture\DDCA\DDCA_MH\SM\20190413.mat,5530733,2026-04-02 14:12:42
Soil_Moisture\DDCA\DDCA_MH\SM\20190406.mat,5526148,2026-04-02 14:12:41
Soil_Moisture\DDCA\DDCA_MH\SM\20190407.mat,6216925,2026-04-02 14:12:41
Soil_Moisture\DDCA\DDCA_MH\SM\20190408.mat,5495200,2026-04-02 14:12:41
Soil_Moisture\DDCA\DDCA_MH\SM\20190409.mat,6050202,2026-04-02 14:12:41
Soil_Moisture\DDCA\DDCA_MH\SM\20190404.mat,6027442,2026-04-02 14:12:39
Soil_Moisture\DDCA\DDCA_MH\SM\20190405.mat,5385260,2026-04-02 14:12:39
Soil_Moisture\DDCA\DDCA_MH\SM\20190402.mat,5662753,2026-04-02 14:12:36
Soil_Moisture\DDCA\DDCA_MH\SM\20190403.mat,5240267,2026-04-02 14:12:35
Soil_Moisture\DDCA\DDCA_MH\SM\20190325.mat,5407040,2026-04-02 14:12:34
Soil_Moisture\DDCA\DDCA_MH\SM\20190327.mat,5839721,2026-04-02 14:12:34
Soil_Moisture\DDCA\DDCA_MH\SM\20190328.mat,5168568,2026-04-02 14:12:34
Soil_Moisture\DDCA\DDCA_MH\SM\20190329.mat,5349415,2026-04-02 14:12:34
Soil_Moisture\DDCA\DDCA_MH\SM\20190330.mat,5958078,2026-04-02 14:12:34
Soil_Moisture\DDCA\DDCA_MH\SM\20190331.mat,5304694,2026-04-02 14:12:34
Soil_Moisture\DDCA\DDCA_MH\SM\20190401.mat,5804405,2026-04-02 14:12:34
Soil_Moisture\DDCA\DDCA_MH\SM\20190326.mat,5067963,2026-04-02 14:12:33
Soil_Moisture\DDCA\DDCA_MH\SM\20190317.mat,5342884,2026-04-02 14:12:28
Soil_Moisture\DDCA\DDCA_MH\SM\20190318.mat,4999143,2026-04-02 14:12:28
Soil_Moisture\DDCA\DDCA_MH\SM\20190319.mat,5802661,2026-04-02 14:12:28
Soil_Moisture\DDCA\DDCA_MH\SM\20190320.mat,5152535,2026-04-02 14:12:28
Soil_Moisture\DDCA\DDCA_MH\SM\20190321.mat,5275066,2026-04-02 14:12:28
Soil_Moisture\DDCA\DDCA_MH\SM\20190322.mat,4610939,2026-04-02 14:12:28
Soil_Moisture\DDCA\DDCA_MH\SM\20190323.mat,5160717,2026-04-02 14:12:28
Soil_Moisture\DDCA\DDCA_MH\SM\20190324.mat,5640750,2026-04-02 14:12:28
Soil_Moisture\DDCA\DDCA_MH\SM\20190314.mat,5710005,2026-04-02 14:12:27
Soil_Moisture\DDCA\DDCA_MH\SM\20190316.mat,5547544,2026-04-02 14:12:27
Soil_Moisture\DDCA\DDCA_MH\SM\20190313.mat,5109071,2026-04-02 14:12:23
Soil_Moisture\DDCA\DDCA_MH\SM\20190315.mat,5067976,2026-04-02 14:12:23
Soil_Moisture\DDCA\DDCA_MH\SM\20190311.mat,5612706,2026-04-02 14:12:22
Soil_Moisture\DDCA\DDCA_MH\SM\20190312.mat,4916193,2026-04-02 14:12:22
Soil_Moisture\DDCA\DDCA_MH\SM\20190305.mat,4874982,2026-04-02 14:12:21
Soil_Moisture\DDCA\DDCA_MH\SM\20190307.mat,4707564,2026-04-02 14:12:21
Soil_Moisture\DDCA\DDCA_MH\SM\20190308.mat,5400608,2026-04-02 14:12:21
Soil_Moisture\DDCA\DDCA_MH\SM\20190310.mat,4874630,2026-04-02 14:12:21
Soil_Moisture\DDCA\DDCA_MH\SM\20190306.mat,5566029,2026-04-02 14:12:20
Soil_Moisture\DDCA\DDCA_MH\SM\20190304.mat,4693021,2026-04-02 14:12:19
Soil_Moisture\DDCA\DDCA_MH\SM\20190309.mat,5181773,2026-04-02 14:12:19
Soil_Moisture\DDCA\DDCA_MH\SM\20190303.mat,5075200,2026-04-02 14:12:18
Soil_Moisture\DDCA\DDCA_MH\SM\20190302.mat,4622535,2026-04-02 14:12:16
Soil_Moisture\DDCA\DDCA_MH\SM\20190222.mat,4434279,2026-04-02 14:12:14
Soil_Moisture\DDCA\DDCA_MH\SM\20190223.mat,4672370,2026-04-02 14:12:14
Soil_Moisture\DDCA\DDCA_MH\SM\20190224.mat,4527289,2026-04-02 14:12:14
Soil_Moisture\DDCA\DDCA_MH\SM\20190225.mat,4474320,2026-04-02 14:12:14
Soil_Moisture\DDCA\DDCA_MH\SM\20190226.mat,5293017,2026-04-02 14:12:14
Soil_Moisture\DDCA\DDCA_MH\SM\20190227.mat,4659193,2026-04-02 14:12:14
Soil_Moisture\DDCA\DDCA_MH\SM\20190228.mat,5200116,2026-04-02 14:12:14
Soil_Moisture\DDCA\DDCA_MH\SM\20190301.mat,4925315,2026-04-02 14:12:14
Soil_Moisture\DDCA\DDCA_MH\SM\20190221.mat,4784159,2026-04-02 14:12:13
Soil_Moisture\DDCA\DDCA_MH\SM\20190220.mat,4977457,2026-04-02 14:12:12
Soil_Moisture\DDCA\DDCA_MH\SM\20190219.mat,4468731,2026-04-02 14:12:11
Soil_Moisture\DDCA\DDCA_MH\SM\20190218.mat,5156995,2026-04-02 14:12:10
Soil_Moisture\DDCA\DDCA_MH\SM\20190214.mat,4231894,2026-04-02 14:12:08
Soil_Moisture\DDCA\DDCA_MH\SM\20190217.mat,4541359,2026-04-02 14:12:08
Soil_Moisture\DDCA\DDCA_MH\SM\20190210.mat,4926607,2026-04-02 14:12:07
Soil_Moisture\DDCA\DDCA_MH\SM\20190211.mat,4319390,2026-04-02 14:12:07
Soil_Moisture\DDCA\DDCA_MH\SM\20190213.mat,4626975,2026-04-02 14:12:07
Soil_Moisture\DDCA\DDCA_MH\SM\20190215.mat,5011010,2026-04-02 14:12:07
Soil_Moisture\DDCA\DDCA_MH\SM\20190216.mat,4360938,2026-04-02 14:12:07
Soil_Moisture\DDCA\DDCA_MH\SM\20190208.mat,4032990,2026-04-02 14:12:06
Soil_Moisture\DDCA\DDCA_MH\SM\20190212.mat,4817758,2026-04-02 14:12:06
Soil_Moisture\DDCA\DDCA_MH\SM\20190207.mat,4578995,2026-04-02 14:12:05
Soil_Moisture\DDCA\DDCA_MH\SM\20190209.mat,4056106,2026-04-02 14:12:04
Soil_Moisture\DDCA\DDCA_MH\SM\20190205.mat,4257828,2026-04-02 14:12:03
Soil_Moisture\DDCA\DDCA_MH\SM\20190206.mat,3944996,2026-04-02 14:12:03
Soil_Moisture\DDCA\DDCA_MH\SM\20190124.mat,4217225,2026-04-02 14:12:01
Soil_Moisture\DDCA\DDCA_MH\SM\20190131.mat,4047376,2026-04-02 14:12:01
Soil_Moisture\DDCA\DDCA_MH\SM\20190203.mat,3984861,2026-04-02 14:12:01
Soil_Moisture\DDCA\DDCA_MH\SM\20190204.mat,4014290,2026-04-02 14:12:01
Soil_Moisture\DDCA\DDCA_MH\SM\20190125.mat,4528690,2026-04-02 14:12:00
Soil_Moisture\DDCA\DDCA_MH\SM\20190127.mat,4463010,2026-04-02 14:12:00
Soil_Moisture\DDCA\DDCA_MH\SM\20190130.mat,4539850,2026-04-02 14:12:00
Soil_Moisture\DDCA\DDCA_MH\SM\20190201.mat,4130347,2026-04-02 14:12:00
Soil_Moisture\DDCA\DDCA_MH\SM\20190202.mat,3602566,2026-04-02 14:12:00
Soil_Moisture\DDCA\DDCA_MH\SM\20190128.mat,3990467,2026-04-02 14:11:59
Soil_Moisture\DDCA\DDCA_MH\SM\20190129.mat,3962985,2026-04-02 14:11:59
Soil_Moisture\DDCA\DDCA_MH\SM\20190126.mat,4035547,2026-04-02 14:11:58
Soil_Moisture\DDCA\DDCA_MH\SM\20190123.mat,4092052,2026-04-02 14:11:57
Soil_Moisture\DDCA\DDCA_MH\SM\20190119.mat,4546129,2026-04-02 14:11:54
Soil_Moisture\DDCA\DDCA_MH\SM\20190120.mat,4338201,2026-04-02 14:11:54
Soil_Moisture\DDCA\DDCA_MH\SM\20190122.mat,4687387,2026-04-02 14:11:54
Soil_Moisture\DDCA\DDCA_MH\SM\20190111.mat,4642194,2026-04-02 14:11:53
Soil_Moisture\DDCA\DDCA_MH\SM\20190112.mat,4427637,2026-04-02 14:11:53
Soil_Moisture\DDCA\DDCA_MH\SM\20190114.mat,4770454,2026-04-02 14:11:53
Soil_Moisture\DDCA\DDCA_MH\SM\20190115.mat,4158778,2026-04-02 14:11:53
Soil_Moisture\DDCA\DDCA_MH\SM\20190116.mat,4285683,2026-04-02 14:11:53
Soil_Moisture\DDCA\DDCA_MH\SM\20190117.mat,4644673,2026-04-02 14:11:53
Soil_Moisture\DDCA\DDCA_MH\SM\20190118.mat,4035224,2026-04-02 14:11:53
Soil_Moisture\DDCA\DDCA_MH\SM\20190121.mat,4010275,2026-04-02 14:11:53
Soil_Moisture\DDCA\DDCA_MH\SM\20190113.mat,3448084,2026-04-02 14:11:50
Soil_Moisture\DDCA\DDCA_MH\SM\20190110.mat,4092182,2026-04-02 14:11:48
Soil_Moisture\DDCA\DDCA_MH\SM\20190101.mat,4477630,2026-04-02 14:11:47
Soil_Moisture\DDCA\DDCA_MH\SM\20190103.mat,4677393,2026-04-02 14:11:47
Soil_Moisture\DDCA\DDCA_MH\SM\20190104.mat,4485632,2026-04-02 14:11:47
Soil_Moisture\DDCA\DDCA_MH\SM\20190105.mat,4177922,2026-04-02 14:11:47
Soil_Moisture\DDCA\DDCA_MH\SM\20190106.mat,4838323,2026-04-02 14:11:47
Soil_Moisture\DDCA\DDCA_MH\SM\20190107.mat,4221219,2026-04-02 14:11:47
Soil_Moisture\DDCA\DDCA_MH\SM\20190108.mat,4351431,2026-04-02 14:11:47
Soil_Moisture\DDCA\DDCA_MH\SM\20190109.mat,4773785,2026-04-02 14:11:47
Soil_Moisture\DDCA\DDCA_MH\SM\20190102.mat,4216532,2026-04-02 14:11:46
Soil_Moisture\DDCA\DDCA_MH\SM\20181219.mat,4279765,2026-04-02 14:11:42
Soil_Moisture\DDCA\DDCA_MH\SM\20181227.mat,4850571,2026-04-02 14:11:42
Soil_Moisture\DDCA\DDCA_MH\SM\20181229.mat,477265,2026-04-02 14:11:42
Soil_Moisture\DDCA\DDCA_MH\SM\20181230.mat,477265,2026-04-02 14:11:42
Soil_Moisture\DDCA\DDCA_MH\SM\20181231.mat,477265,2026-04-02 14:11:42
Soil_Moisture\DDCA\DDCA_MH\SM\20181220.mat,4369802,2026-04-02 14:11:41
Soil_Moisture\DDCA\DDCA_MH\SM\20181221.mat,5215567,2026-04-02 14:11:41
Soil_Moisture\DDCA\DDCA_MH\SM\20181222.mat,4396015,2026-04-02 14:11:41
Soil_Moisture\DDCA\DDCA_MH\SM\20181223.mat,4656887,2026-04-02 14:11:41
Soil_Moisture\DDCA\DDCA_MH\SM\20181224.mat,5041921,2026-04-02 14:11:41
Soil_Moisture\DDCA\DDCA_MH\SM\20181225.mat,4403678,2026-04-02 14:11:41
Soil_Moisture\DDCA\DDCA_MH\SM\20181226.mat,4629471,2026-04-02 14:11:41
Soil_Moisture\DDCA\DDCA_MH\SM\20181228.mat,477265,2026-04-02 14:11:41
Soil_Moisture\DDCA\DDCA_MH\SM\20181217.mat,4313478,2026-04-02 14:11:40
Soil_Moisture\DDCA\DDCA_MH\SM\20181218.mat,4257465,2026-04-02 14:11:40
Soil_Moisture\DDCA\DDCA_MH\SM\20181216.mat,4684022,2026-04-02 14:11:37
Soil_Moisture\DDCA\DDCA_MH\SM\20181205.mat,5087334,2026-04-02 14:11:35
Soil_Moisture\DDCA\DDCA_MH\SM\20181208.mat,4925330,2026-04-02 14:11:35
Soil_Moisture\DDCA\DDCA_MH\SM\20181209.mat,4258041,2026-04-02 14:11:35
Soil_Moisture\DDCA\DDCA_MH\SM\20181210.mat,4885658,2026-04-02 14:11:35
Soil_Moisture\DDCA\DDCA_MH\SM\20181211.mat,4629352,2026-04-02 14:11:35
Soil_Moisture\DDCA\DDCA_MH\SM\20181212.mat,3724473,2026-04-02 14:11:35
Soil_Moisture\DDCA\DDCA_MH\SM\20181213.mat,5105117,2026-04-02 14:11:35
Soil_Moisture\DDCA\DDCA_MH\SM\20181214.mat,4342840,2026-04-02 14:11:35
Soil_Moisture\DDCA\DDCA_MH\SM\20181215.mat,4357938,2026-04-02 14:11:35
Soil_Moisture\DDCA\DDCA_MH\SM\20181206.mat,4300644,2026-04-02 14:11:34
Soil_Moisture\DDCA\DDCA_MH\SM\20181207.mat,4521386,2026-04-02 14:11:31
Soil_Moisture\DDCA\DDCA_MH\SM\20181130.mat,4849753,2026-04-02 14:11:30
Soil_Moisture\DDCA\DDCA_MH\SM\20181204.mat,4271901,2026-04-02 14:11:30
Soil_Moisture\DDCA\DDCA_MH\SM\20181124.mat,4761244,2026-04-02 14:11:29
Soil_Moisture\DDCA\DDCA_MH\SM\20181129.mat,4450999,2026-04-02 14:11:29
Soil_Moisture\DDCA\DDCA_MH\SM\20181201.mat,4147769,2026-04-02 14:11:29
Soil_Moisture\DDCA\DDCA_MH\SM\20181202.mat,4862993,2026-04-02 14:11:29
Soil_Moisture\DDCA\DDCA_MH\SM\20181203.mat,4600015,2026-04-02 14:11:29
Soil_Moisture\DDCA\DDCA_MH\SM\20181125.mat,4536974,2026-04-02 14:11:28
Soil_Moisture\DDCA\DDCA_MH\SM\20181126.mat,4121130,2026-04-02 14:11:28
Soil_Moisture\DDCA\DDCA_MH\SM\20181127.mat,4769238,2026-04-02 14:11:28
Soil_Moisture\DDCA\DDCA_MH\SM\20181128.mat,3812759,2026-04-02 14:11:27
Soil_Moisture\DDCA\DDCA_MH\SM\20181118.mat,4151346,2026-04-02 14:11:25
Soil_Moisture\DDCA\DDCA_MH\SM\20181123.mat,3412604,2026-04-02 14:11:25
Soil_Moisture\DDCA\DDCA_MH\SM\20181119.mat,4990286,2026-04-02 14:11:24
Soil_Moisture\DDCA\DDCA_MH\SM\20181121.mat,3559872,2026-04-02 14:11:24
Soil_Moisture\DDCA\DDCA_MH\SM\20181122.mat,4800844,2026-04-02 14:11:24
Soil_Moisture\DDCA\DDCA_MH\SM\20181113.mat,4700498,2026-04-02 14:11:23
Soil_Moisture\DDCA\DDCA_MH\SM\20181115.mat,4476271,2026-04-02 14:11:23
Soil_Moisture\DDCA\DDCA_MH\SM\20181116.mat,5107407,2026-04-02 14:11:23
Soil_Moisture\DDCA\DDCA_MH\SM\20181117.mat,5115082,2026-04-02 14:11:23
Soil_Moisture\DDCA\DDCA_MH\SM\20181120.mat,4139062,2026-04-02 14:11:23
Soil_Moisture\DDCA\DDCA_MH\SM\20181114.mat,5181916,2026-04-02 14:11:22
Soil_Moisture\DDCA\DDCA_MH\SM\20181111.mat,5288325,2026-04-02 14:11:19
Soil_Moisture\DDCA\DDCA_MH\SM\20181112.mat,4574770,2026-04-02 14:11:19
Soil_Moisture\DDCA\DDCA_MH\SM\20181107.mat,4729592,2026-04-02 14:11:18
Soil_Moisture\DDCA\DDCA_MH\SM\20181108.mat,5373353,2026-04-02 14:11:18
Soil_Moisture\DDCA\DDCA_MH\SM\20181109.mat,5165841,2026-04-02 14:11:18
Soil_Moisture\DDCA\DDCA_MH\SM\20181110.mat,4454669,2026-04-02 14:11:18
Soil_Moisture\DDCA\DDCA_MH\SM\20181105.mat,5018301,2026-04-02 14:11:17
Soil_Moisture\DDCA\DDCA_MH\SM\20181106.mat,5365453,2026-04-02 14:11:17
Soil_Moisture\DDCA\DDCA_MH\SM\20181103.mat,5598495,2026-04-02 14:11:15
Soil_Moisture\DDCA\DDCA_MH\SM\20181104.mat,4789432,2026-04-02 14:11:15
Soil_Moisture\DDCA\DDCA_MH\SM\20181030.mat,4934616,2026-04-02 14:11:13
Soil_Moisture\DDCA\DDCA_MH\SM\20181101.mat,5395227,2026-04-02 14:11:13
Soil_Moisture\DDCA\DDCA_MH\SM\20181102.mat,4711311,2026-04-02 14:11:13
Soil_Moisture\DDCA\DDCA_MH\SM\20181024.mat,5572570,2026-04-02 14:11:11
Soil_Moisture\DDCA\DDCA_MH\SM\20181026.mat,5405842,2026-04-02 14:11:11
Soil_Moisture\DDCA\DDCA_MH\SM\20181028.mat,5112897,2026-04-02 14:11:11
Soil_Moisture\DDCA\DDCA_MH\SM\20181031.mat,5627412,2026-04-02 14:11:11
Soil_Moisture\DDCA\DDCA_MH\SM\20181025.mat,4897991,2026-04-02 14:11:10
Soil_Moisture\DDCA\DDCA_MH\SM\20181027.mat,4990159,2026-04-02 14:11:10
Soil_Moisture\DDCA\DDCA_MH\SM\20181029.mat,5692520,2026-04-02 14:11:09
Soil_Moisture\DDCA\DDCA_MH\SM\20181021.mat,5777327,2026-04-02 14:11:08
Soil_Moisture\DDCA\DDCA_MH\SM\20181023.mat,5782444,2026-04-02 14:11:08
Soil_Moisture\DDCA\DDCA_MH\SM\20181022.mat,5105263,2026-04-02 14:11:05
Soil_Moisture\DDCA\DDCA_MH\SM\20181016.mat,5945232,2026-04-02 14:11:04
Soil_Moisture\DDCA\DDCA_MH\SM\20181017.mat,5043044,2026-04-02 14:11:04
Soil_Moisture\DDCA\DDCA_MH\SM\20181018.mat,6012747,2026-04-02 14:11:04
Soil_Moisture\DDCA\DDCA_MH\SM\20181013.mat,6032406,2026-04-02 14:11:03
Soil_Moisture\DDCA\DDCA_MH\SM\20181015.mat,6003187,2026-04-02 14:11:03
Soil_Moisture\DDCA\DDCA_MH\SM\20181019.mat,5143563,2026-04-02 14:11:03
Soil_Moisture\DDCA\DDCA_MH\SM\20181020.mat,5350978,2026-04-02 14:11:03
Soil_Moisture\DDCA\DDCA_MH\SM\20181007.mat,6380151,2026-04-02 14:11:02
Soil_Moisture\DDCA\DDCA_MH\SM\20181014.mat,5213470,2026-04-02 14:11:02
Soil_Moisture\DDCA\DDCA_MH\SM\20181012.mat,5674696,2026-04-02 14:11:01
Soil_Moisture\DDCA\DDCA_MH\SM\20181005.mat,6355068,2026-04-02 14:10:57
Soil_Moisture\DDCA\DDCA_MH\SM\20181008.mat,5871227,2026-04-02 14:10:57
Soil_Moisture\DDCA\DDCA_MH\SM\20181011.mat,4912511,2026-04-02 14:10:57
Soil_Moisture\DDCA\DDCA_MH\SM\20181002.mat,6624152,2026-04-02 14:10:56
Soil_Moisture\DDCA\DDCA_MH\SM\20181003.mat,5570419,2026-04-02 14:10:56
Soil_Moisture\DDCA\DDCA_MH\SM\20181004.mat,5992572,2026-04-02 14:10:56
Soil_Moisture\DDCA\DDCA_MH\SM\20181006.mat,5548506,2026-04-02 14:10:56
Soil_Moisture\DDCA\DDCA_MH\SM\20181009.mat,5301794,2026-04-02 14:10:56
Soil_Moisture\DDCA\DDCA_MH\SM\20181010.mat,6308021,2026-04-02 14:10:56
Soil_Moisture\DDCA\DDCA_MH\SM\20181001.mat,5647794,2026-04-02 14:10:53
Soil_Moisture\DDCA\DDCA_MH\SM\20180922.mat,6781261,2026-04-02 14:10:49
Soil_Moisture\DDCA\DDCA_MH\SM\20180923.mat,5759548,2026-04-02 14:10:49
Soil_Moisture\DDCA\DDCA_MH\SM\20180924.mat,6845972,2026-04-02 14:10:49
Soil_Moisture\DDCA\DDCA_MH\SM\20180925.mat,5765446,2026-04-02 14:10:49
Soil_Moisture\DDCA\DDCA_MH\SM\20180926.mat,6152756,2026-04-02 14:10:49
Soil_Moisture\DDCA\DDCA_MH\SM\20180927.mat,6536994,2026-04-02 14:10:49
Soil_Moisture\DDCA\DDCA_MH\SM\20180928.mat,5739705,2026-04-02 14:10:49
Soil_Moisture\DDCA\DDCA_MH\SM\20180929.mat,6521423,2026-04-02 14:10:49
Soil_Moisture\DDCA\DDCA_MH\SM\20180930.mat,6324506,2026-04-02 14:10:49
Soil_Moisture\DDCA\DDCA_MH\SM\20180921.mat,6555628,2026-04-02 14:10:48
Soil_Moisture\DDCA\DDCA_MH\SM\20180914.mat,7616610,2026-04-02 14:10:42
Soil_Moisture\DDCA\DDCA_MH\SM\20180916.mat,7471925,2026-04-02 14:10:42
Soil_Moisture\DDCA\DDCA_MH\SM\20180911.mat,7720404,2026-04-02 14:10:41
Soil_Moisture\DDCA\DDCA_MH\SM\20180913.mat,6743069,2026-04-02 14:10:41
Soil_Moisture\DDCA\DDCA_MH\SM\20180915.mat,6318059,2026-04-02 14:10:41
Soil_Moisture\DDCA\DDCA_MH\SM\20180917.mat,6340076,2026-04-02 14:10:41
Soil_Moisture\DDCA\DDCA_MH\SM\20180918.mat,5914936,2026-04-02 14:10:41
Soil_Moisture\DDCA\DDCA_MH\SM\20180919.mat,7103028,2026-04-02 14:10:41
Soil_Moisture\DDCA\DDCA_MH\SM\20180920.mat,6049691,2026-04-02 14:10:41
Soil_Moisture\DDCA\DDCA_MH\SM\20180912.mat,6828392,2026-04-02 14:10:40
Soil_Moisture\DDCA\DDCA_MH\SM\20180903.mat,8226385,2026-04-02 14:10:35
Soil_Moisture\DDCA\DDCA_MH\SM\20180908.mat,7980954,2026-04-02 14:10:35
Soil_Moisture\DDCA\DDCA_MH\SM\20180905.mat,7859545,2026-04-02 14:10:34
Soil_Moisture\DDCA\DDCA_MH\SM\20180904.mat,7470376,2026-04-02 14:10:33
Soil_Moisture\DDCA\DDCA_MH\SM\20180906.mat,6156554,2026-04-02 14:10:33
Soil_Moisture\DDCA\DDCA_MH\SM\20180907.mat,6736991,2026-04-02 14:10:33
Soil_Moisture\DDCA\DDCA_MH\SM\20180909.mat,6870024,2026-04-02 14:10:33
Soil_Moisture\DDCA\DDCA_MH\SM\20180910.mat,7099800,2026-04-02 14:10:33
Soil_Moisture\DDCA\DDCA_MH\SM\20180901.mat,7445119,2026-04-02 14:10:32
Soil_Moisture\DDCA\DDCA_MH\SM\20180902.mat,6721184,2026-04-02 14:10:32
Soil_Moisture\DDCA\DDCA_MH\SM\20180825.mat,7952779,2026-04-02 14:10:26
Soil_Moisture\DDCA\DDCA_MH\SM\20180826.mat,8700776,2026-04-02 14:10:26
Soil_Moisture\DDCA\DDCA_MH\SM\20180829.mat,8620504,2026-04-02 14:10:26
Soil_Moisture\DDCA\DDCA_MH\SM\20180824.mat,7919023,2026-04-02 14:10:25
Soil_Moisture\DDCA\DDCA_MH\SM\20180827.mat,7924505,2026-04-02 14:10:25
Soil_Moisture\DDCA\DDCA_MH\SM\20180828.mat,8341281,2026-04-02 14:10:25
Soil_Moisture\DDCA\DDCA_MH\SM\20180831.mat,8438584,2026-04-02 14:10:25
Soil_Moisture\DDCA\DDCA_MH\SM\20180823.mat,8912070,2026-04-02 14:10:24
Soil_Moisture\DDCA\DDCA_MH\SM\20180830.mat,7155864,2026-04-02 14:10:24
Soil_Moisture\DDCA\DDCA_MH\SM\20180822.mat,7595725,2026-04-02 14:10:23
Soil_Moisture\DDCA\DDCA_MH\SM\20180811.mat,8804073,2026-04-02 14:10:18
Soil_Moisture\DDCA\DDCA_MH\SM\20180818.mat,9232348,2026-04-02 14:10:16
Soil_Moisture\DDCA\DDCA_MH\SM\20180814.mat,8056350,2026-04-02 14:10:15
Soil_Moisture\DDCA\DDCA_MH\SM\20180815.mat,9354482,2026-04-02 14:10:15
Soil_Moisture\DDCA\DDCA_MH\SM\20180820.mat,8712751,2026-04-02 14:10:15
Soil_Moisture\DDCA\DDCA_MH\SM\20180812.mat,9041199,2026-04-02 14:10:14
Soil_Moisture\DDCA\DDCA_MH\SM\20180813.mat,9503110,2026-04-02 14:10:14
Soil_Moisture\DDCA\DDCA_MH\SM\20180817.mat,8383720,2026-04-02 14:10:14
Soil_Moisture\DDCA\DDCA_MH\SM\20180819.mat,8403731,2026-04-02 14:10:14
Soil_Moisture\DDCA\DDCA_MH\SM\20180821.mat,8757044,2026-04-02 14:10:14
Soil_Moisture\DDCA\DDCA_MH\SM\20180816.mat,7970875,2026-04-02 14:10:10
Soil_Moisture\DDCA\DDCA_MH\SM\20180810.mat,9567829,2026-04-02 14:10:06
Soil_Moisture\DDCA\DDCA_MH\SM\20180804.mat,9226239,2026-04-02 14:10:05
Soil_Moisture\DDCA\DDCA_MH\SM\20180802.mat,9694053,2026-04-02 14:10:04
Soil_Moisture\DDCA\DDCA_MH\SM\20180803.mat,9104342,2026-04-02 14:10:04
Soil_Moisture\DDCA\DDCA_MH\SM\20180805.mat,9647776,2026-04-02 14:10:04
Soil_Moisture\DDCA\DDCA_MH\SM\20180808.mat,8859064,2026-04-02 14:10:04
Soil_Moisture\DDCA\DDCA_MH\SM\20180801.mat,8800516,2026-04-02 14:10:03
Soil_Moisture\DDCA\DDCA_MH\SM\20180809.mat,8641215,2026-04-02 14:10:03
Soil_Moisture\DDCA\DDCA_MH\SM\20180806.mat,8419103,2026-04-02 14:10:02
Soil_Moisture\DDCA\DDCA_MH\SM\20180807.mat,9672064,2026-04-02 14:10:02
Soil_Moisture\DDCA\DDCA_MH\SM\20180728.mat,9571808,2026-04-02 14:09:59
Soil_Moisture\DDCA\DDCA_MH\SM\20180726.mat,9084075,2026-04-02 14:09:55
Soil_Moisture\DDCA\DDCA_MH\SM\20180724.mat,8920924,2026-04-02 14:09:53
Soil_Moisture\DDCA\DDCA_MH\SM\20180722.mat,9799257,2026-04-02 14:09:52
Soil_Moisture\DDCA\DDCA_MH\SM\20180723.mat,9089765,2026-04-02 14:09:52
Soil_Moisture\DDCA\DDCA_MH\SM\20180725.mat,9130889,2026-04-02 14:09:52
Soil_Moisture\DDCA\DDCA_MH\SM\20180727.mat,9237315,2026-04-02 14:09:52
Soil_Moisture\DDCA\DDCA_MH\SM\20180729.mat,8635324,2026-04-02 14:09:52
Soil_Moisture\DDCA\DDCA_MH\SM\20180730.mat,9872399,2026-04-02 14:09:52
Soil_Moisture\DDCA\DDCA_MH\SM\20180731.mat,9155234,2026-04-02 14:09:52
Soil_Moisture\DDCA\DDCA_MH\SM\20180721.mat,8704873,2026-04-02 14:09:46
Soil_Moisture\DDCA\DDCA_MH\SM\20180720.mat,9385293,2026-04-02 14:09:45
Soil_Moisture\DDCA\DDCA_MH\SM\20180716.mat,8740297,2026-04-02 14:09:44
Soil_Moisture\DDCA\DDCA_MH\SM\20180718.mat,8382958,2026-04-02 14:09:42
Soil_Moisture\DDCA\DDCA_MH\SM\20180712.mat,9451276,2026-04-02 14:09:41
Soil_Moisture\DDCA\DDCA_MH\SM\20180713.mat,8538951,2026-04-02 14:09:41
Soil_Moisture\DDCA\DDCA_MH\SM\20180714.mat,9546622,2026-04-02 14:09:41
Soil_Moisture\DDCA\DDCA_MH\SM\20180710.mat,8611822,2026-04-02 14:09:39
Soil_Moisture\DDCA\DDCA_MH\SM\20180715.mat,8966821,2026-04-02 14:09:39
Soil_Moisture\DDCA\DDCA_MH\SM\20180719.mat,9055715,2026-04-02 14:09:38
Soil_Moisture\DDCA\DDCA_MH\SM\20180709.mat,9208249,2026-04-02 14:09:37
Soil_Moisture\DDCA\DDCA_MH\SM\20180717.mat,9373777,2026-04-02 14:09:36
Soil_Moisture\DDCA\DDCA_MH\SM\20180706.mat,9204609,2026-04-02 14:09:33
Soil_Moisture\DDCA\DDCA_MH\SM\20180711.mat,8692735,2026-04-02 14:09:33
Soil_Moisture\DDCA\DDCA_MH\SM\20180708.mat,8270666,2026-04-02 14:09:30
Soil_Moisture\DDCA\DDCA_MH\SM\20180704.mat,9026640,2026-04-02 14:09:28
Soil_Moisture\DDCA\DDCA_MH\SM\20180703.mat,8337610,2026-04-02 14:09:26
Soil_Moisture\DDCA\DDCA_MH\SM\20180629.mat,8264073,2026-04-02 14:09:25
Soil_Moisture\DDCA\DDCA_MH\SM\20180702.mat,8158288,2026-04-02 14:09:25
Soil_Moisture\DDCA\DDCA_MH\SM\20180707.mat,8625795,2026-04-02 14:09:25
Soil_Moisture\DDCA\DDCA_MH\SM\20180630.mat,7908209,2026-04-02 14:09:24
Soil_Moisture\DDCA\DDCA_MH\SM\20180701.mat,8681214,2026-04-02 14:09:24
Soil_Moisture\DDCA\DDCA_MH\SM\20180705.mat,8250110,2026-04-02 14:09:24
Soil_Moisture\DDCA\DDCA_MH\SM\20180628.mat,7109485,2026-04-02 14:09:23
Soil_Moisture\DDCA\DDCA_MH\SM\20180623.mat,8225838,2026-04-02 14:09:17
Soil_Moisture\DDCA\DDCA_MH\SM\20180622.mat,7345890,2026-04-02 14:09:15
Soil_Moisture\DDCA\DDCA_MH\SM\20180624.mat,7854178,2026-04-02 14:09:15
Soil_Moisture\DDCA\DDCA_MH\SM\20180625.mat,8058408,2026-04-02 14:09:15
Soil_Moisture\DDCA\DDCA_MH\SM\20180626.mat,7730353,2026-04-02 14:09:15
Soil_Moisture\DDCA\DDCA_MH\SM\20180618.mat,8076540,2026-04-02 14:09:14
Soil_Moisture\DDCA\DDCA_MH\SM\20180619.mat,7497856,2026-04-02 14:09:14
Soil_Moisture\DDCA\DDCA_MH\SM\20180620.mat,8053327,2026-04-02 14:09:14
Soil_Moisture\DDCA\DDCA_MH\SM\20180621.mat,7814253,2026-04-02 14:09:14
Soil_Moisture\DDCA\DDCA_MH\SM\20180627.mat,4454105,2026-04-02 14:09:14
Soil_Moisture\DDCA\DDCA_MH\SM\20180610.mat,8110047,2026-04-02 14:09:08
Soil_Moisture\DDCA\DDCA_MH\SM\20180612.mat,8283465,2026-04-02 14:09:08
Soil_Moisture\DDCA\DDCA_MH\SM\20180615.mat,7862163,2026-04-02 14:09:07
Soil_Moisture\DDCA\DDCA_MH\SM\20180617.mat,7800027,2026-04-02 14:09:07
Soil_Moisture\DDCA\DDCA_MH\SM\20180609.mat,7586477,2026-04-02 14:09:06
Soil_Moisture\DDCA\DDCA_MH\SM\20180613.mat,7537370,2026-04-02 14:09:06
Soil_Moisture\DDCA\DDCA_MH\SM\20180614.mat,7519484,2026-04-02 14:09:06
Soil_Moisture\DDCA\DDCA_MH\SM\20180616.mat,7501405,2026-04-02 14:09:06
Soil_Moisture\DDCA\DDCA_MH\SM\20180611.mat,7247837,2026-04-02 14:09:05
Soil_Moisture\DDCA\DDCA_MH\SM\20180608.mat,7247406,2026-04-02 14:09:03
Soil_Moisture\DDCA\DDCA_MH\SM\20180601.mat,7300057,2026-04-02 14:08:57
Soil_Moisture\DDCA\DDCA_MH\SM\20180602.mat,7708110,2026-04-02 14:08:57
Soil_Moisture\DDCA\DDCA_MH\SM\20180604.mat,7960261,2026-04-02 14:08:57
Soil_Moisture\DDCA\DDCA_MH\SM\20180530.mat,7506174,2026-04-02 14:08:56
Soil_Moisture\DDCA\DDCA_MH\SM\20180531.mat,6881808,2026-04-02 14:08:56
Soil_Moisture\DDCA\DDCA_MH\SM\20180603.mat,6974996,2026-04-02 14:08:56
Soil_Moisture\DDCA\DDCA_MH\SM\20180605.mat,7226684,2026-04-02 14:08:56
Soil_Moisture\DDCA\DDCA_MH\SM\20180606.mat,7199801,2026-04-02 14:08:56
Soil_Moisture\DDCA\DDCA_MH\SM\20180607.mat,7711223,2026-04-02 14:08:56
Soil_Moisture\DDCA\DDCA_MH\SM\20180529.mat,6889315,2026-04-02 14:08:55
Soil_Moisture\DDCA\DDCA_MH\SM\20180528.mat,6864004,2026-04-02 14:08:50
Soil_Moisture\DDCA\DDCA_MH\SM\20180525.mat,7363046,2026-04-02 14:08:48
Soil_Moisture\DDCA\DDCA_MH\SM\20180519.mat,7168917,2026-04-02 14:08:47
Soil_Moisture\DDCA\DDCA_MH\SM\20180521.mat,6475350,2026-04-02 14:08:47
Soil_Moisture\DDCA\DDCA_MH\SM\20180522.mat,6927213,2026-04-02 14:08:47
Soil_Moisture\DDCA\DDCA_MH\SM\20180523.mat,6409161,2026-04-02 14:08:47
Soil_Moisture\DDCA\DDCA_MH\SM\20180524.mat,6871456,2026-04-02 14:08:47
Soil_Moisture\DDCA\DDCA_MH\SM\20180526.mat,6678484,2026-04-02 14:08:47
Soil_Moisture\DDCA\DDCA_MH\SM\20180527.mat,7690327,2026-04-02 14:08:47
Soil_Moisture\DDCA\DDCA_MH\SM\20180520.mat,6410367,2026-04-02 14:08:46
Soil_Moisture\DDCA\DDCA_MH\SM\20180518.mat,6139298,2026-04-02 14:08:44
Soil_Moisture\DDCA\DDCA_MH\SM\20180511.mat,6881754,2026-04-02 14:08:39
Soil_Moisture\DDCA\DDCA_MH\SM\20180512.mat,6108467,2026-04-02 14:08:39
Soil_Moisture\DDCA\DDCA_MH\SM\20180516.mat,6584595,2026-04-02 14:08:39
Soil_Moisture\DDCA\DDCA_MH\SM\20180517.mat,6818367,2026-04-02 14:08:39
Soil_Moisture\DDCA\DDCA_MH\SM\20180508.mat,6444862,2026-04-02 14:08:38
Soil_Moisture\DDCA\DDCA_MH\SM\20180509.mat,6690175,2026-04-02 14:08:38
Soil_Moisture\DDCA\DDCA_MH\SM\20180513.mat,6194145,2026-04-02 14:08:38
Soil_Moisture\DDCA\DDCA_MH\SM\20180514.mat,6753051,2026-04-02 14:08:38
Soil_Moisture\DDCA\DDCA_MH\SM\20180515.mat,5823479,2026-04-02 14:08:38
Soil_Moisture\DDCA\DDCA_MH\SM\20180510.mat,5955285,2026-04-02 14:08:37
Soil_Moisture\DDCA\DDCA_MH\SM\20180506.mat,6508701,2026-04-02 14:08:34
Soil_Moisture\DDCA\DDCA_MH\SM\20180507.mat,5910551,2026-04-02 14:08:34
Soil_Moisture\DDCA\DDCA_MH\SM\20180429.mat,5692877,2026-04-02 14:08:30
Soil_Moisture\DDCA\DDCA_MH\SM\20180430.mat,6229886,2026-04-02 14:08:30
Soil_Moisture\DDCA\DDCA_MH\SM\20180502.mat,5810756,2026-04-02 14:08:30
Soil_Moisture\DDCA\DDCA_MH\SM\20180503.mat,6649239,2026-04-02 14:08:30
Soil_Moisture\DDCA\DDCA_MH\SM\20180504.mat,5832695,2026-04-02 14:08:30
Soil_Moisture\DDCA\DDCA_MH\SM\20180505.mat,6115750,2026-04-02 14:08:30
Soil_Moisture\DDCA\DDCA_MH\SM\20180428.mat,6266020,2026-04-02 14:08:29
Soil_Moisture\DDCA\DDCA_MH\SM\20180425.mat,6370061,2026-04-02 14:08:28
Soil_Moisture\DDCA\DDCA_MH\SM\20180501.mat,6278936,2026-04-02 14:08:28
Soil_Moisture\DDCA\DDCA_MH\SM\20180427.mat,5799379,2026-04-02 14:08:27
Soil_Moisture\DDCA\DDCA_MH\SM\20180426.mat,5639430,2026-04-02 14:08:25
Soil_Moisture\DDCA\DDCA_MH\SM\20180424.mat,5587692,2026-04-02 14:08:22
Soil_Moisture\DDCA\DDCA_MH\SM\20180416.mat,5391589,2026-04-02 14:08:21
Soil_Moisture\DDCA\DDCA_MH\SM\20180417.mat,6047032,2026-04-02 14:08:21
Soil_Moisture\DDCA\DDCA_MH\SM\20180419.mat,5642851,2026-04-02 14:08:21
Soil_Moisture\DDCA\DDCA_MH\SM\20180420.mat,5886190,2026-04-02 14:08:21
Soil_Moisture\DDCA\DDCA_MH\SM\20180421.mat,5459460,2026-04-02 14:08:21
Soil_Moisture\DDCA\DDCA_MH\SM\20180422.mat,5886103,2026-04-02 14:08:21
Soil_Moisture\DDCA\DDCA_MH\SM\20180423.mat,6062052,2026-04-02 14:08:21
Soil_Moisture\DDCA\DDCA_MH\SM\20180415.mat,5661069,2026-04-02 14:08:20
Soil_Moisture\DDCA\DDCA_MH\SM\20180418.mat,5365555,2026-04-02 14:08:20
Soil_Moisture\DDCA\DDCA_MH\SM\20180414.mat,5791107,2026-04-02 14:08:17
Soil_Moisture\DDCA\DDCA_MH\SM\20180410.mat,5202597,2026-04-02 14:08:14
Soil_Moisture\DDCA\DDCA_MH\SM\20180404.mat,5497707,2026-04-02 14:08:13
Soil_Moisture\DDCA\DDCA_MH\SM\20180405.mat,5068635,2026-04-02 14:08:13
Soil_Moisture\DDCA\DDCA_MH\SM\20180406.mat,5553308,2026-04-02 14:08:13
Soil_Moisture\DDCA\DDCA_MH\SM\20180407.mat,5627208,2026-04-02 14:08:13
Soil_Moisture\DDCA\DDCA_MH\SM\20180408.mat,5283680,2026-04-02 14:08:13
Soil_Moisture\DDCA\DDCA_MH\SM\20180411.mat,4891372,2026-04-02 14:08:13
Soil_Moisture\DDCA\DDCA_MH\SM\20180412.mat,5687675,2026-04-02 14:08:13
Soil_Moisture\DDCA\DDCA_MH\SM\20180413.mat,5276729,2026-04-02 14:08:13
Soil_Moisture\DDCA\DDCA_MH\SM\20180403.mat,5272496,2026-04-02 14:08:12
Soil_Moisture\DDCA\DDCA_MH\SM\20180329.mat,5340332,2026-04-02 14:08:10
Soil_Moisture\DDCA\DDCA_MH\SM\20180330.mat,5259448,2026-04-02 14:08:09
Soil_Moisture\DDCA\DDCA_MH\SM\20180402.mat,4998309,2026-04-02 14:08:09
Soil_Moisture\DDCA\DDCA_MH\SM\20180409.mat,5874704,2026-04-02 14:08:08
Soil_Moisture\DDCA\DDCA_MH\SM\20180327.mat,5302434,2026-04-02 14:08:04
Soil_Moisture\DDCA\DDCA_MH\SM\20180401.mat,5636939,2026-04-02 14:08:04
Soil_Moisture\DDCA\DDCA_MH\SM\20180328.mat,4934018,2026-04-02 14:08:03
Soil_Moisture\DDCA\DDCA_MH\SM\20180315.mat,4795195,2026-04-02 14:08:02
Soil_Moisture\DDCA\DDCA_MH\SM\20180316.mat,5238767,2026-04-02 14:08:02
Soil_Moisture\DDCA\DDCA_MH\SM\20180320.mat,3764970,2026-04-02 14:08:02
Soil_Moisture\DDCA\DDCA_MH\SM\20180325.mat,4883768,2026-04-02 14:08:02
Soil_Moisture\DDCA\DDCA_MH\SM\20180331.mat,5049074,2026-04-02 14:08:02
Soil_Moisture\DDCA\DDCA_MH\SM\20180322.mat,5188519,2026-04-02 14:08:01
Soil_Moisture\DDCA\DDCA_MH\SM\20180326.mat,5134034,2026-04-02 14:07:59
Soil_Moisture\DDCA\DDCA_MH\SM\20180318.mat,4079529,2026-04-02 14:07:58
Soil_Moisture\DDCA\DDCA_MH\SM\20180319.mat,3601487,2026-04-02 14:07:58
Soil_Moisture\DDCA\DDCA_MH\SM\20180324.mat,5490857,2026-04-02 14:07:57
Soil_Moisture\DDCA\DDCA_MH\SM\20180317.mat,4691205,2026-04-02 14:07:56
Soil_Moisture\DDCA\DDCA_MH\SM\20180321.mat,5083788,2026-04-02 14:07:56
Soil_Moisture\DDCA\DDCA_MH\SM\20180323.mat,4952797,2026-04-02 14:07:56
Soil_Moisture\DDCA\DDCA_MH\SM\20180313.mat,5119268,2026-04-02 14:07:52
Soil_Moisture\DDCA\DDCA_MH\SM\20180223.mat,4655533,2026-04-02 14:07:51
Soil_Moisture\DDCA\DDCA_MH\SM\20180309.mat,4445828,2026-04-02 14:07:51
Soil_Moisture\DDCA\DDCA_MH\SM\20180311.mat,5025206,2026-04-02 14:07:51
Soil_Moisture\DDCA\DDCA_MH\SM\20180314.mat,5002526,2026-04-02 14:07:51
Soil_Moisture\DDCA\DDCA_MH\SM\20180306.mat,4966358,2026-04-02 14:07:50
Soil_Moisture\DDCA\DDCA_MH\SM\20180307.mat,4713561,2026-04-02 14:07:50
Soil_Moisture\DDCA\DDCA_MH\SM\20180308.mat,4729924,2026-04-02 14:07:50
Soil_Moisture\DDCA\DDCA_MH\SM\20180310.mat,4919339,2026-04-02 14:07:50
Soil_Moisture\DDCA\DDCA_MH\SM\20180312.mat,4669583,2026-04-02 14:07:50
Soil_Moisture\DDCA\DDCA_MH\SM\20180305.mat,5032685,2026-04-02 14:07:49
Soil_Moisture\DDCA\DDCA_MH\SM\20180228.mat,5018738,2026-04-02 14:07:45
Soil_Moisture\DDCA\DDCA_MH\SM\20180302.mat,4860255,2026-04-02 14:07:45
Soil_Moisture\DDCA\DDCA_MH\SM\20180303.mat,4793338,2026-04-02 14:07:45
Soil_Moisture\DDCA\DDCA_MH\SM\20180304.mat,3858926,2026-04-02 14:07:45
Soil_Moisture\DDCA\DDCA_MH\SM\20180224.mat,4375583,2026-04-02 14:07:44
Soil_Moisture\DDCA\DDCA_MH\SM\20180225.mat,4821738,2026-04-02 14:07:44
Soil_Moisture\DDCA\DDCA_MH\SM\20180226.mat,4730899,2026-04-02 14:07:44
Soil_Moisture\DDCA\DDCA_MH\SM\20180227.mat,4649154,2026-04-02 14:07:44
Soil_Moisture\DDCA\DDCA_MH\SM\20180301.mat,3805377,2026-04-02 14:07:44
Soil_Moisture\DDCA\DDCA_MH\SM\20180222.mat,4712978,2026-04-02 14:07:41
Soil_Moisture\DDCA\DDCA_MH\SM\20180217.mat,4667059,2026-04-02 14:07:40
Soil_Moisture\DDCA\DDCA_MH\SM\20180220.mat,4785433,2026-04-02 14:07:40
Soil_Moisture\DDCA\DDCA_MH\SM\20180221.mat,4396732,2026-04-02 14:07:40
Soil_Moisture\DDCA\DDCA_MH\SM\20180214.mat,4451066,2026-04-02 14:07:39
Soil_Moisture\DDCA\DDCA_MH\SM\20180215.mat,4192168,2026-04-02 14:07:39
Soil_Moisture\DDCA\DDCA_MH\SM\20180216.mat,4167900,2026-04-02 14:07:39
Soil_Moisture\DDCA\DDCA_MH\SM\20180218.mat,4647614,2026-04-02 14:07:39
Soil_Moisture\DDCA\DDCA_MH\SM\20180219.mat,4493947,2026-04-02 14:07:39
Soil_Moisture\DDCA\DDCA_MH\SM\20180212.mat,4052007,2026-04-02 14:07:38
Soil_Moisture\DDCA\DDCA_MH\SM\20180213.mat,4163569,2026-04-02 14:07:38
Soil_Moisture\DDCA\DDCA_MH\SM\20180210.mat,3945560,2026-04-02 14:07:36
Soil_Moisture\DDCA\DDCA_MH\SM\20180211.mat,3815108,2026-04-02 14:07:36
Soil_Moisture\DDCA\DDCA_MH\SM\20180209.mat,2497855,2026-04-02 14:07:35
Soil_Moisture\DDCA\DDCA_MH\SM\20180205.mat,3839321,2026-04-02 14:07:34
Soil_Moisture\DDCA\DDCA_MH\SM\20180206.mat,4201856,2026-04-02 14:07:34
Soil_Moisture\DDCA\DDCA_MH\SM\20180208.mat,3214440,2026-04-02 14:07:34
Soil_Moisture\DDCA\DDCA_MH\SM\20180201.mat,4323233,2026-04-02 14:07:33
Soil_Moisture\DDCA\DDCA_MH\SM\20180202.mat,4028022,2026-04-02 14:07:33
Soil_Moisture\DDCA\DDCA_MH\SM\20180203.mat,3980149,2026-04-02 14:07:33
Soil_Moisture\DDCA\DDCA_MH\SM\20180204.mat,4308967,2026-04-02 14:07:33
Soil_Moisture\DDCA\DDCA_MH\SM\20180207.mat,3174214,2026-04-02 14:07:33
Soil_Moisture\DDCA\DDCA_MH\SM\20180129.mat,4125747,2026-04-02 14:07:32
Soil_Moisture\DDCA\DDCA_MH\SM\20180130.mat,4096940,2026-04-02 14:07:32
Soil_Moisture\DDCA\DDCA_MH\SM\20180131.mat,3883294,2026-04-02 14:07:32
Soil_Moisture\DDCA\DDCA_MH\SM\20180128.mat,3860755,2026-04-02 14:07:31
Soil_Moisture\DDCA\DDCA_MH\SM\20180127.mat,4296885,2026-04-02 14:07:30
Soil_Moisture\DDCA\DDCA_MH\SM\20180122.mat,4220570,2026-04-02 14:07:28
Soil_Moisture\DDCA\DDCA_MH\SM\20180117.mat,4194990,2026-04-02 14:07:27
Soil_Moisture\DDCA\DDCA_MH\SM\20180119.mat,4408726,2026-04-02 14:07:27
Soil_Moisture\DDCA\DDCA_MH\SM\20180123.mat,3931036,2026-04-02 14:07:27
Soil_Moisture\DDCA\DDCA_MH\SM\20180124.mat,4435644,2026-04-02 14:07:27
Soil_Moisture\DDCA\DDCA_MH\SM\20180125.mat,4017417,2026-04-02 14:07:27
Soil_Moisture\DDCA\DDCA_MH\SM\20180126.mat,3954967,2026-04-02 14:07:27
Soil_Moisture\DDCA\DDCA_MH\SM\20180116.mat,4590175,2026-04-02 14:07:26
Soil_Moisture\DDCA\DDCA_MH\SM\20180120.mat,3942157,2026-04-02 14:07:26
Soil_Moisture\DDCA\DDCA_MH\SM\20180121.mat,4240283,2026-04-02 14:07:26
Soil_Moisture\DDCA\DDCA_MH\SM\20180118.mat,4053256,2026-04-02 14:07:25
Soil_Moisture\DDCA\DDCA_MH\SM\20180115.mat,4099332,2026-04-02 14:07:23
Soil_Moisture\DDCA\DDCA_MH\SM\20180113.mat,4367310,2026-04-02 14:07:22
Soil_Moisture\DDCA\DDCA_MH\SM\20180114.mat,4436501,2026-04-02 14:07:22
Soil_Moisture\DDCA\DDCA_MH\SM\20180105.mat,3836293,2026-04-02 14:07:21
Soil_Moisture\DDCA\DDCA_MH\SM\20180108.mat,3618506,2026-04-02 14:07:21
Soil_Moisture\DDCA\DDCA_MH\SM\20180109.mat,2648369,2026-04-02 14:07:21
Soil_Moisture\DDCA\DDCA_MH\SM\20180111.mat,3303681,2026-04-02 14:07:21
Soil_Moisture\DDCA\DDCA_MH\SM\20180104.mat,3718900,2026-04-02 14:07:20
Soil_Moisture\DDCA\DDCA_MH\SM\20180106.mat,4162487,2026-04-02 14:07:20
Soil_Moisture\DDCA\DDCA_MH\SM\20180107.mat,3799967,2026-04-02 14:07:20
Soil_Moisture\DDCA\DDCA_MH\SM\20180110.mat,2953009,2026-04-02 14:07:20
Soil_Moisture\DDCA\DDCA_MH\SM\20180112.mat,2875168,2026-04-02 14:07:20
Soil_Moisture\DDCA\DDCA_MH\SM\20180102.mat,4277320,2026-04-02 14:07:19
Soil_Moisture\DDCA\DDCA_MH\SM\20180103.mat,4718885,2026-04-02 14:07:19
Soil_Moisture\DDCA\DDCA_MH\SM\20171223.mat,4279687,2026-04-02 14:07:18
Soil_Moisture\DDCA\DDCA_MH\SM\20180101.mat,4573516,2026-04-02 14:07:18
Soil_Moisture\DDCA\DDCA_MH\SM\20171226.mat,4759240,2026-04-02 14:07:16
Soil_Moisture\DDCA\DDCA_MH\SM\20171221.mat,4472213,2026-04-02 14:07:15
Soil_Moisture\DDCA\DDCA_MH\SM\20171225.mat,3769899,2026-04-02 14:07:15
Soil_Moisture\DDCA\DDCA_MH\SM\20171227.mat,4062827,2026-04-02 14:07:15
Soil_Moisture\DDCA\DDCA_MH\SM\20171230.mat,477265,2026-04-02 14:07:15
Soil_Moisture\DDCA\DDCA_MH\SM\20171231.mat,477265,2026-04-02 14:07:15
Soil_Moisture\DDCA\DDCA_MH\SM\20171219.mat,3814869,2026-04-02 14:07:14
Soil_Moisture\DDCA\DDCA_MH\SM\20171222.mat,3801218,2026-04-02 14:07:14
Soil_Moisture\DDCA\DDCA_MH\SM\20171224.mat,4118054,2026-04-02 14:07:14
Soil_Moisture\DDCA\DDCA_MH\SM\20171220.mat,4109444,2026-04-02 14:07:13
Soil_Moisture\DDCA\DDCA_MH\SM\20171228.mat,477265,2026-04-02 14:07:13
Soil_Moisture\DDCA\DDCA_MH\SM\20171229.mat,477265,2026-04-02 14:07:13
Soil_Moisture\DDCA\DDCA_MH\SM\20171213.mat,4413714,2026-04-02 14:07:12
Soil_Moisture\DDCA\DDCA_MH\SM\20171218.mat,4643781,2026-04-02 14:07:12
Soil_Moisture\DDCA\DDCA_MH\SM\20171210.mat,4363599,2026-04-02 14:07:10
Soil_Moisture\DDCA\DDCA_MH\SM\20171212.mat,4122283,2026-04-02 14:07:10
Soil_Moisture\DDCA\DDCA_MH\SM\20171215.mat,4531202,2026-04-02 14:07:10
Soil_Moisture\DDCA\DDCA_MH\SM\20171216.mat,3995328,2026-04-02 14:07:10
Soil_Moisture\DDCA\DDCA_MH\SM\20171217.mat,3720964,2026-04-02 14:07:10
Soil_Moisture\DDCA\DDCA_MH\SM\20171208.mat,4000888,2026-04-02 14:07:09
Soil_Moisture\DDCA\DDCA_MH\SM\20171209.mat,3707096,2026-04-02 14:07:09
Soil_Moisture\DDCA\DDCA_MH\SM\20171211.mat,3784330,2026-04-02 14:07:09
Soil_Moisture\DDCA\DDCA_MH\SM\20171214.mat,3742507,2026-04-02 14:07:09
Soil_Moisture\DDCA\DDCA_MH\SM\20171205.mat,4398683,2026-04-02 14:07:08
Soil_Moisture\DDCA\DDCA_MH\SM\20171207.mat,4177993,2026-04-02 14:07:07
Soil_Moisture\DDCA\DDCA_MH\SM\20171204.mat,3982917,2026-04-02 14:07:06
Soil_Moisture\DDCA\DDCA_MH\SM\20171206.mat,3712672,2026-04-02 14:07:06
Soil_Moisture\DDCA\DDCA_MH\SM\20171127.mat,4397687,2026-04-02 14:07:05
Soil_Moisture\DDCA\DDCA_MH\SM\20171202.mat,4628275,2026-04-02 14:07:05
Soil_Moisture\DDCA\DDCA_MH\SM\20171203.mat,3728377,2026-04-02 14:07:05
Soil_Moisture\DDCA\DDCA_MH\SM\20171128.mat,3670518,2026-04-02 14:07:04
Soil_Moisture\DDCA\DDCA_MH\SM\20171129.mat,4539061,2026-04-02 14:07:04
Soil_Moisture\DDCA\DDCA_MH\SM\20171124.mat,4683899,2026-04-02 14:07:03
Soil_Moisture\DDCA\DDCA_MH\SM\20171126.mat,4125909,2026-04-02 14:07:03
Soil_Moisture\DDCA\DDCA_MH\SM\20171130.mat,3969830,2026-04-02 14:07:02
Soil_Moisture\DDCA\DDCA_MH\SM\20171201.mat,3678272,2026-04-02 14:07:02
Soil_Moisture\DDCA\DDCA_MH\SM\20171121.mat,4516680,2026-04-02 14:07:01
Soil_Moisture\DDCA\DDCA_MH\SM\20171122.mat,3973756,2026-04-02 14:07:01
Soil_Moisture\DDCA\DDCA_MH\SM\20171125.mat,3733829,2026-04-02 14:07:01
Soil_Moisture\DDCA\DDCA_MH\SM\20171120.mat,3687409,2026-04-02 14:06:58
Soil_Moisture\DDCA\DDCA_MH\SM\20171123.mat,3715609,2026-04-02 14:06:58
Soil_Moisture\DDCA\DDCA_MH\SM\20171113.mat,5171782,2026-04-02 14:06:57
Soil_Moisture\DDCA\DDCA_MH\SM\20171114.mat,4776994,2026-04-02 14:06:57
Soil_Moisture\DDCA\DDCA_MH\SM\20171116.mat,5408678,2026-04-02 14:06:57
Soil_Moisture\DDCA\DDCA_MH\SM\20171117.mat,4590495,2026-04-02 14:06:57
Soil_Moisture\DDCA\DDCA_MH\SM\20171118.mat,4105688,2026-04-02 14:06:57
Soil_Moisture\DDCA\DDCA_MH\SM\20171112.mat,4346830,2026-04-02 14:06:56
Soil_Moisture\DDCA\DDCA_MH\SM\20171115.mat,4340442,2026-04-02 14:06:56
Soil_Moisture\DDCA\DDCA_MH\SM\20171110.mat,4674800,2026-04-02 14:06:55
Soil_Moisture\DDCA\DDCA_MH\SM\20171119.mat,4392413,2026-04-02 14:06:55
Soil_Moisture\DDCA\DDCA_MH\SM\20171109.mat,4812738,2026-04-02 14:06:53
Soil_Moisture\DDCA\DDCA_MH\SM\20171108.mat,5574025,2026-04-02 14:06:52
Soil_Moisture\DDCA\DDCA_MH\SM\20171106.mat,5098246,2026-04-02 14:06:51
Soil_Moisture\DDCA\DDCA_MH\SM\20171111.mat,4945698,2026-04-02 14:06:51
Soil_Moisture\DDCA\DDCA_MH\SM\20171102.mat,4889389,2026-04-02 14:06:50
Soil_Moisture\DDCA\DDCA_MH\SM\20171103.mat,5494582,2026-04-02 14:06:50
Soil_Moisture\DDCA\DDCA_MH\SM\20171104.mat,4605372,2026-04-02 14:06:50
Soil_Moisture\DDCA\DDCA_MH\SM\20171105.mat,5378726,2026-04-02 14:06:50
Soil_Moisture\DDCA\DDCA_MH\SM\20171107.mat,4556768,2026-04-02 14:06:50
Soil_Moisture\DDCA\DDCA_MH\SM\20171101.mat,5104842,2026-04-02 14:06:49
Soil_Moisture\DDCA\DDCA_MH\SM\20171031.mat,5832410,2026-04-02 14:06:48
Soil_Moisture\DDCA\DDCA_MH\SM\20171030.mat,4707341,2026-04-02 14:06:47
Soil_Moisture\DDCA\DDCA_MH\SM\20171028.mat,5579760,2026-04-02 14:06:46
Soil_Moisture\DDCA\DDCA_MH\SM\20171024.mat,5170890,2026-04-02 14:06:45
Soil_Moisture\DDCA\DDCA_MH\SM\20171021.mat,5338299,2026-04-02 14:06:44
Soil_Moisture\DDCA\DDCA_MH\SM\20171027.mat,4795719,2026-04-02 14:06:44
Soil_Moisture\DDCA\DDCA_MH\SM\20171029.mat,5263520,2026-04-02 14:06:44
Soil_Moisture\DDCA\DDCA_MH\SM\20171023.mat,5921796,2026-04-02 14:06:43
Soil_Moisture\DDCA\DDCA_MH\SM\20171025.mat,5101404,2026-04-02 14:06:43
Soil_Moisture\DDCA\DDCA_MH\SM\20171026.mat,5694688,2026-04-02 14:06:43
Soil_Moisture\DDCA\DDCA_MH\SM\20171020.mat,5681253,2026-04-02 14:06:42
Soil_Moisture\DDCA\DDCA_MH\SM\20171022.mat,4900640,2026-04-02 14:06:42
Soil_Moisture\DDCA\DDCA_MH\SM\20171013.mat,5515040,2026-04-02 14:06:39
Soil_Moisture\DDCA\DDCA_MH\SM\20171019.mat,4939188,2026-04-02 14:06:39
Soil_Moisture\DDCA\DDCA_MH\SM\20171017.mat,5279194,2026-04-02 14:06:38
Soil_Moisture\DDCA\DDCA_MH\SM\20171018.mat,5715868,2026-04-02 14:06:37
Soil_Moisture\DDCA\DDCA_MH\SM\20171009.mat,5431458,2026-04-02 14:06:36
Soil_Moisture\DDCA\DDCA_MH\SM\20171010.mat,5473516,2026-04-02 14:06:36
Soil_Moisture\DDCA\DDCA_MH\SM\20171012.mat,5833471,2026-04-02 14:06:36
Soil_Moisture\DDCA\DDCA_MH\SM\20171014.mat,5106942,2026-04-02 14:06:36
Soil_Moisture\DDCA\DDCA_MH\SM\20171015.mat,6103901,2026-04-02 14:06:36
Soil_Moisture\DDCA\DDCA_MH\SM\20171011.mat,5122744,2026-04-02 14:06:35
Soil_Moisture\DDCA\DDCA_MH\SM\20171016.mat,5409885,2026-04-02 14:06:35
Soil_Moisture\DDCA\DDCA_MH\SM\20171008.mat,5535951,2026-04-02 14:06:34
Soil_Moisture\DDCA\DDCA_MH\SM\20171007.mat,6233742,2026-04-02 14:06:33
Soil_Moisture\DDCA\DDCA_MH\SM\20170820.mat,8971362,2026-04-02 14:06:29
Soil_Moisture\DDCA\DDCA_MH\SM\20171003.mat,5331881,2026-04-02 14:06:29
Soil_Moisture\DDCA\DDCA_MH\SM\20170928.mat,5410343,2026-04-02 14:06:28
Soil_Moisture\DDCA\DDCA_MH\SM\20170929.mat,6378331,2026-04-02 14:06:28
Soil_Moisture\DDCA\DDCA_MH\SM\20170930.mat,5905258,2026-04-02 14:06:28
Soil_Moisture\DDCA\DDCA_MH\SM\20171001.mat,5537427,2026-04-02 14:06:28
Soil_Moisture\DDCA\DDCA_MH\SM\20171002.mat,6053605,2026-04-02 14:06:28
Soil_Moisture\DDCA\DDCA_MH\SM\20171004.mat,5986883,2026-04-02 14:06:28
Soil_Moisture\DDCA\DDCA_MH\SM\20171005.mat,5704210,2026-04-02 14:06:28
Soil_Moisture\DDCA\DDCA_MH\SM\20171006.mat,5224392,2026-04-02 14:06:28
Soil_Moisture\DDCA\DDCA_MH\SM\20170927.mat,5841400,2026-04-02 14:06:24
Soil_Moisture\DDCA\DDCA_MH\SM\20170919.mat,6129557,2026-04-02 14:06:21
Soil_Moisture\DDCA\DDCA_MH\SM\20170920.mat,5790225,2026-04-02 14:06:21
Soil_Moisture\DDCA\DDCA_MH\SM\20170921.mat,6794460,2026-04-02 14:06:21
Soil_Moisture\DDCA\DDCA_MH\SM\20170922.mat,6023977,2026-04-02 14:06:21
Soil_Moisture\DDCA\DDCA_MH\SM\20170923.mat,5816119,2026-04-02 14:06:21
Soil_Moisture\DDCA\DDCA_MH\SM\20170924.mat,6164720,2026-04-02 14:06:21
Soil_Moisture\DDCA\DDCA_MH\SM\20170925.mat,5543534,2026-04-02 14:06:21
Soil_Moisture\DDCA\DDCA_MH\SM\20170926.mat,6165429,2026-04-02 14:06:21
Soil_Moisture\DDCA\DDCA_MH\SM\20170918.mat,6533299,2026-04-02 14:06:20
Soil_Moisture\DDCA\DDCA_MH\SM\20170916.mat,6520916,2026-04-02 14:06:16
Soil_Moisture\DDCA\DDCA_MH\SM\20170911.mat,6750565,2026-04-02 14:06:14
Soil_Moisture\DDCA\DDCA_MH\SM\20170912.mat,6195545,2026-04-02 14:06:14
Soil_Moisture\DDCA\DDCA_MH\SM\20170913.mat,7287426,2026-04-02 14:06:14
Soil_Moisture\DDCA\DDCA_MH\SM\20170914.mat,6591420,2026-04-02 14:06:14
Soil_Moisture\DDCA\DDCA_MH\SM\20170915.mat,6146670,2026-04-02 14:06:14
Soil_Moisture\DDCA\DDCA_MH\SM\20170917.mat,5886771,2026-04-02 14:06:14
Soil_Moisture\DDCA\DDCA_MH\SM\20170908.mat,7026886,2026-04-02 14:06:13
Soil_Moisture\DDCA\DDCA_MH\SM\20170910.mat,6975310,2026-04-02 14:06:13
Soil_Moisture\DDCA\DDCA_MH\SM\20170909.mat,6321558,2026-04-02 14:06:10
Soil_Moisture\DDCA\DDCA_MH\SM\20170901.mat,6720220,2026-04-02 14:06:07
Soil_Moisture\DDCA\DDCA_MH\SM\20170902.mat,7351948,2026-04-02 14:06:07
Soil_Moisture\DDCA\DDCA_MH\SM\20170905.mat,7271721,2026-04-02 14:06:07
Soil_Moisture\DDCA\DDCA_MH\SM\20170907.mat,6604745,2026-04-02 14:06:07
Soil_Moisture\DDCA\DDCA_MH\SM\20170831.mat,7479853,2026-04-02 14:06:06
Soil_Moisture\DDCA\DDCA_MH\SM\20170903.mat,6991986,2026-04-02 14:06:06
Soil_Moisture\DDCA\DDCA_MH\SM\20170904.mat,6574963,2026-04-02 14:06:06
Soil_Moisture\DDCA\DDCA_MH\SM\20170906.mat,6908202,2026-04-02 14:06:06
Soil_Moisture\DDCA\DDCA_MH\SM\20170830.mat,6897747,2026-04-02 14:06:04
Soil_Moisture\DDCA\DDCA_MH\SM\20170823.mat,8124354,2026-04-02 14:05:59
Soil_Moisture\DDCA\DDCA_MH\SM\20170824.mat,7416120,2026-04-02 14:05:59
Soil_Moisture\DDCA\DDCA_MH\SM\20170825.mat,7856628,2026-04-02 14:05:59
Soil_Moisture\DDCA\DDCA_MH\SM\20170826.mat,7555681,2026-04-02 14:05:59
Soil_Moisture\DDCA\DDCA_MH\SM\20170828.mat,8331652,2026-04-02 14:05:59
Soil_Moisture\DDCA\DDCA_MH\SM\20170829.mat,7782666,2026-04-02 14:05:59
Soil_Moisture\DDCA\DDCA_MH\SM\20170821.mat,8307734,2026-04-02 14:05:58
Soil_Moisture\DDCA\DDCA_MH\SM\20170822.mat,7445677,2026-04-02 14:05:58
Soil_Moisture\DDCA\DDCA_MH\SM\20170827.mat,7187470,2026-04-02 14:05:58
Soil_Moisture\DDCA\DDCA_MH\SM\20170812.mat,9039647,2026-04-02 14:05:50
Soil_Moisture\DDCA\DDCA_MH\SM\20170813.mat,9224100,2026-04-02 14:05:50
Soil_Moisture\DDCA\DDCA_MH\SM\20170814.mat,7862549,2026-04-02 14:05:50
Soil_Moisture\DDCA\DDCA_MH\SM\20170815.mat,8744604,2026-04-02 14:05:50
Soil_Moisture\DDCA\DDCA_MH\SM\20170816.mat,8097405,2026-04-02 14:05:50
Soil_Moisture\DDCA\DDCA_MH\SM\20170817.mat,8395071,2026-04-02 14:05:50
Soil_Moisture\DDCA\DDCA_MH\SM\20170818.mat,8417301,2026-04-02 14:05:50
Soil_Moisture\DDCA\DDCA_MH\SM\20170819.mat,7749453,2026-04-02 14:05:50
Soil_Moisture\DDCA\DDCA_MH\SM\20170810.mat,8996058,2026-04-02 14:05:49
Soil_Moisture\DDCA\DDCA_MH\SM\20170811.mat,8097697,2026-04-02 14:05:49
Soil_Moisture\DDCA\DDCA_MH\SM\20170805.mat,9319264,2026-04-02 14:05:44
Soil_Moisture\DDCA\DDCA_MH\SM\20170802.mat,8637145,2026-04-02 14:05:43
Soil_Moisture\DDCA\DDCA_MH\SM\20170804.mat,9967480,2026-04-02 14:05:42
Soil_Moisture\DDCA\DDCA_MH\SM\20170809.mat,9130263,2026-04-02 14:05:40
Soil_Moisture\DDCA\DDCA_MH\SM\20170801.mat,9262540,2026-04-02 14:05:39
Soil_Moisture\DDCA\DDCA_MH\SM\20170807.mat,9586626,2026-04-02 14:05:39
Soil_Moisture\DDCA\DDCA_MH\SM\20170808.mat,8931479,2026-04-02 14:05:39
Soil_Moisture\DDCA\DDCA_MH\SM\20170803.mat,8643065,2026-04-02 14:05:38
Soil_Moisture\DDCA\DDCA_MH\SM\20170806.mat,8748264,2026-04-02 14:05:38
Soil_Moisture\DDCA\DDCA_MH\SM\20170731.mat,8943496,2026-04-02 14:05:33
Soil_Moisture\DDCA\DDCA_MH\SM\20170725.mat,9486320,2026-04-02 14:05:29
Soil_Moisture\DDCA\DDCA_MH\SM\20170722.mat,9841302,2026-04-02 14:05:28
Soil_Moisture\DDCA\DDCA_MH\SM\20170723.mat,9209958,2026-04-02 14:05:28
Soil_Moisture\DDCA\DDCA_MH\SM\20170724.mat,8627747,2026-04-02 14:05:28
Soil_Moisture\DDCA\DDCA_MH\SM\20170726.mat,8722386,2026-04-02 14:05:28
Soil_Moisture\DDCA\DDCA_MH\SM\20170727.mat,9605871,2026-04-02 14:05:28
Soil_Moisture\DDCA\DDCA_MH\SM\20170729.mat,8974308,2026-04-02 14:05:28
Soil_Moisture\DDCA\DDCA_MH\SM\20170730.mat,8735915,2026-04-02 14:05:28
Soil_Moisture\DDCA\DDCA_MH\SM\20170728.mat,8941929,2026-04-02 14:05:26
Soil_Moisture\DDCA\DDCA_MH\SM\20170714.mat,9032313,2026-04-02 14:05:24
Soil_Moisture\DDCA\DDCA_MH\SM\20170716.mat,8818740,2026-04-02 14:05:19
Soil_Moisture\DDCA\DDCA_MH\SM\20170717.mat,9180287,2026-04-02 14:05:18
Soil_Moisture\DDCA\DDCA_MH\SM\20170715.mat,9003429,2026-04-02 14:05:17
Soil_Moisture\DDCA\DDCA_MH\SM\20170718.mat,8498359,2026-04-02 14:05:17
Soil_Moisture\DDCA\DDCA_MH\SM\20170719.mat,9809613,2026-04-02 14:05:17
Soil_Moisture\DDCA\DDCA_MH\SM\20170721.mat,8982674,2026-04-02 14:05:17
Soil_Moisture\DDCA\DDCA_MH\SM\20170712.mat,9264570,2026-04-02 14:05:16
Soil_Moisture\DDCA\DDCA_MH\SM\20170713.mat,8738922,2026-04-02 14:05:16
Soil_Moisture\DDCA\DDCA_MH\SM\20170720.mat,9282780,2026-04-02 14:05:16
Soil_Moisture\DDCA\DDCA_MH\SM\20170709.mat,8939134,2026-04-02 14:05:09
Soil_Moisture\DDCA\DDCA_MH\SM\20170703.mat,9022193,2026-04-02 14:05:07
Soil_Moisture\DDCA\DDCA_MH\SM\20170705.mat,8449079,2026-04-02 14:05:07
Soil_Moisture\DDCA\DDCA_MH\SM\20170706.mat,9283388,2026-04-02 14:05:07
Soil_Moisture\DDCA\DDCA_MH\SM\20170708.mat,8777992,2026-04-02 14:05:07
Soil_Moisture\DDCA\DDCA_MH\SM\20170710.mat,8151912,2026-04-02 14:05:07
Soil_Moisture\DDCA\DDCA_MH\SM\20170704.mat,8781976,2026-04-02 14:05:06
Soil_Moisture\DDCA\DDCA_MH\SM\20170707.mat,8630355,2026-04-02 14:05:06
Soil_Moisture\DDCA\DDCA_MH\SM\20170711.mat,9420086,2026-04-02 14:05:06
Soil_Moisture\DDCA\DDCA_MH\SM\20170701.mat,8481294,2026-04-02 14:05:04
Soil_Moisture\DDCA\DDCA_MH\SM\20170702.mat,7765136,2026-04-02 14:05:03
Soil_Moisture\DDCA\DDCA_MH\SM\20170517.mat,6861857,2026-04-02 14:04:55
Soil_Moisture\DDCA\DDCA_MH\SM\20170622.mat,8061724,2026-04-02 14:04:55
Soil_Moisture\DDCA\DDCA_MH\SM\20170625.mat,8634345,2026-04-02 14:04:55
Soil_Moisture\DDCA\DDCA_MH\SM\20170626.mat,7954040,2026-04-02 14:04:55
Soil_Moisture\DDCA\DDCA_MH\SM\20170627.mat,8018758,2026-04-02 14:04:55
Soil_Moisture\DDCA\DDCA_MH\SM\20170628.mat,8811665,2026-04-02 14:04:55
Soil_Moisture\DDCA\DDCA_MH\SM\20170623.mat,8172366,2026-04-02 14:04:54
Soil_Moisture\DDCA\DDCA_MH\SM\20170624.mat,7423607,2026-04-02 14:04:54
Soil_Moisture\DDCA\DDCA_MH\SM\20170629.mat,8194784,2026-04-02 14:04:54
Soil_Moisture\DDCA\DDCA_MH\SM\20170630.mat,8424011,2026-04-02 14:04:54
Soil_Moisture\DDCA\DDCA_MH\SM\20170617.mat,8341671,2026-04-02 14:04:49
Soil_Moisture\DDCA\DDCA_MH\SM\20170614.mat,7727365,2026-04-02 14:04:47
Soil_Moisture\DDCA\DDCA_MH\SM\20170621.mat,7652650,2026-04-02 14:04:47
Soil_Moisture\DDCA\DDCA_MH\SM\20170615.mat,7843326,2026-04-02 14:04:46
Soil_Moisture\DDCA\DDCA_MH\SM\20170618.mat,7953634,2026-04-02 14:04:46
Soil_Moisture\DDCA\DDCA_MH\SM\20170620.mat,8487493,2026-04-02 14:04:46
Soil_Moisture\DDCA\DDCA_MH\SM\20170619.mat,7364074,2026-04-02 14:04:45
Soil_Moisture\DDCA\DDCA_MH\SM\20170612.mat,7770601,2026-04-02 14:04:44
Soil_Moisture\DDCA\DDCA_MH\SM\20170616.mat,7160209,2026-04-02 14:04:44
Soil_Moisture\DDCA\DDCA_MH\SM\20170613.mat,7446260,2026-04-02 14:04:43
Soil_Moisture\DDCA\DDCA_MH\SM\20170604.mat,7882101,2026-04-02 14:04:36
Soil_Moisture\DDCA\DDCA_MH\SM\20170605.mat,7081754,2026-04-02 14:04:36
Soil_Moisture\DDCA\DDCA_MH\SM\20170606.mat,7565338,2026-04-02 14:04:36
Soil_Moisture\DDCA\DDCA_MH\SM\20170607.mat,7535389,2026-04-02 14:04:36
Soil_Moisture\DDCA\DDCA_MH\SM\20170608.mat,6924144,2026-04-02 14:04:36
Soil_Moisture\DDCA\DDCA_MH\SM\20170609.mat,8074578,2026-04-02 14:04:36
Soil_Moisture\DDCA\DDCA_MH\SM\20170610.mat,7741962,2026-04-02 14:04:36
Soil_Moisture\DDCA\DDCA_MH\SM\20170611.mat,7393774,2026-04-02 14:04:36
Soil_Moisture\DDCA\DDCA_MH\SM\20170603.mat,7181251,2026-04-02 14:04:35
Soil_Moisture\DDCA\DDCA_MH\SM\20170526.mat,6892184,2026-04-02 14:04:28
Soil_Moisture\DDCA\DDCA_MH\SM\20170527.mat,7560019,2026-04-02 14:04:28
Soil_Moisture\DDCA\DDCA_MH\SM\20170530.mat,7201716,2026-04-02 14:04:28
Soil_Moisture\DDCA\DDCA_MH\SM\20170531.mat,6610551,2026-04-02 14:04:28
Soil_Moisture\DDCA\DDCA_MH\SM\20170601.mat,7709553,2026-04-02 14:04:28
Soil_Moisture\DDCA\DDCA_MH\SM\20170602.mat,7349198,2026-04-02 14:04:28
Soil_Moisture\DDCA\DDCA_MH\SM\20170416.mat,5781309,2026-04-02 14:04:27
Soil_Moisture\DDCA\DDCA_MH\SM\20170528.mat,6816584,2026-04-02 14:04:27
Soil_Moisture\DDCA\DDCA_MH\SM\20170529.mat,7282893,2026-04-02 14:04:27
Soil_Moisture\DDCA\DDCA_MH\SM\20170518.mat,6806765,2026-04-02 14:04:20
Soil_Moisture\DDCA\DDCA_MH\SM\20170519.mat,7316875,2026-04-02 14:04:20
Soil_Moisture\DDCA\DDCA_MH\SM\20170520.mat,6647422,2026-04-02 14:04:20
Soil_Moisture\DDCA\DDCA_MH\SM\20170521.mat,7169386,2026-04-02 14:04:20
Soil_Moisture\DDCA\DDCA_MH\SM\20170522.mat,7023725,2026-04-02 14:04:20
Soil_Moisture\DDCA\DDCA_MH\SM\20170523.mat,6492221,2026-04-02 14:04:20
Soil_Moisture\DDCA\DDCA_MH\SM\20170524.mat,7562456,2026-04-02 14:04:20
Soil_Moisture\DDCA\DDCA_MH\SM\20170525.mat,7183964,2026-04-02 14:04:20
Soil_Moisture\DDCA\DDCA_MH\SM\20170509.mat,6580194,2026-04-02 14:04:12
Soil_Moisture\DDCA\DDCA_MH\SM\20170510.mat,6617171,2026-04-02 14:04:12
Soil_Moisture\DDCA\DDCA_MH\SM\20170511.mat,7037030,2026-04-02 14:04:12
Soil_Moisture\DDCA\DDCA_MH\SM\20170514.mat,6722921,2026-04-02 14:04:12
Soil_Moisture\DDCA\DDCA_MH\SM\20170515.mat,6350274,2026-04-02 14:04:12
Soil_Moisture\DDCA\DDCA_MH\SM\20170508.mat,6881404,2026-04-02 14:04:11
Soil_Moisture\DDCA\DDCA_MH\SM\20170512.mat,6447682,2026-04-02 14:04:11
Soil_Moisture\DDCA\DDCA_MH\SM\20170513.mat,6957896,2026-04-02 14:04:11
Soil_Moisture\DDCA\DDCA_MH\SM\20170516.mat,7242574,2026-04-02 14:04:11
Soil_Moisture\DDCA\DDCA_MH\SM\20170506.mat,6359228,2026-04-02 14:04:07
Soil_Moisture\DDCA\DDCA_MH\SM\20170507.mat,6058132,2026-04-02 14:04:07
Soil_Moisture\DDCA\DDCA_MH\SM\20170503.mat,6674030,2026-04-02 14:04:04
Soil_Moisture\DDCA\DDCA_MH\SM\20170428.mat,5996109,2026-04-02 14:04:03
Soil_Moisture\DDCA\DDCA_MH\SM\20170429.mat,5870059,2026-04-02 14:04:03
Soil_Moisture\DDCA\DDCA_MH\SM\20170430.mat,6514085,2026-04-02 14:04:03
Soil_Moisture\DDCA\DDCA_MH\SM\20170502.mat,6314849,2026-04-02 14:04:03
Soil_Moisture\DDCA\DDCA_MH\SM\20170504.mat,6084070,2026-04-02 14:04:03
Soil_Moisture\DDCA\DDCA_MH\SM\20170505.mat,6686643,2026-04-02 14:04:03
Soil_Moisture\DDCA\DDCA_MH\SM\20170501.mat,6148217,2026-04-02 14:04:02
Soil_Moisture\DDCA\DDCA_MH\SM\20170427.mat,6379166,2026-04-02 14:04:00
Soil_Moisture\DDCA\DDCA_MH\SM\20170420.mat,5719912,2026-04-02 14:03:56
Soil_Moisture\DDCA\DDCA_MH\SM\20170422.mat,6214041,2026-04-02 14:03:56
Soil_Moisture\DDCA\DDCA_MH\SM\20170423.mat,5860111,2026-04-02 14:03:56
Soil_Moisture\DDCA\DDCA_MH\SM\20170425.mat,6264346,2026-04-02 14:03:56
Soil_Moisture\DDCA\DDCA_MH\SM\20170426.mat,5804877,2026-04-02 14:03:56
Soil_Moisture\DDCA\DDCA_MH\SM\20170418.mat,5536936,2026-04-02 14:03:55
Soil_Moisture\DDCA\DDCA_MH\SM\20170419.mat,6106739,2026-04-02 14:03:55
Soil_Moisture\DDCA\DDCA_MH\SM\20170421.mat,5551318,2026-04-02 14:03:55
Soil_Moisture\DDCA\DDCA_MH\SM\20170424.mat,6042843,2026-04-02 14:03:55
Soil_Moisture\DDCA\DDCA_MH\SM\20170417.mat,6014989,2026-04-02 14:03:53
Soil_Moisture\DDCA\DDCA_MH\SM\20170409.mat,5824330,2026-04-02 14:03:49
Soil_Moisture\DDCA\DDCA_MH\SM\20170410.mat,5325076,2026-04-02 14:03:49
Soil_Moisture\DDCA\DDCA_MH\SM\20170411.mat,5973400,2026-04-02 14:03:49
Soil_Moisture\DDCA\DDCA_MH\SM\20170412.mat,5516754,2026-04-02 14:03:49
Soil_Moisture\DDCA\DDCA_MH\SM\20170413.mat,5360010,2026-04-02 14:03:49
Soil_Moisture\DDCA\DDCA_MH\SM\20170414.mat,5558973,2026-04-02 14:03:49
Soil_Moisture\DDCA\DDCA_MH\SM\20170415.mat,5510752,2026-04-02 14:03:49
Soil_Moisture\DDCA\DDCA_MH\SM\20170406.mat,5872117,2026-04-02 14:03:48
Soil_Moisture\DDCA\DDCA_MH\SM\20170407.mat,5360846,2026-04-02 14:03:48
Soil_Moisture\DDCA\DDCA_MH\SM\20170408.mat,5599363,2026-04-02 14:03:48
Soil_Moisture\DDCA\DDCA_MH\SM\20170401.mat,5434554,2026-04-02 14:03:43
Soil_Moisture\DDCA\DDCA_MH\SM\20170403.mat,5745620,2026-04-02 14:03:43
Soil_Moisture\DDCA\DDCA_MH\SM\20170404.mat,5304729,2026-04-02 14:03:43
Soil_Moisture\DDCA\DDCA_MH\SM\20170405.mat,5145560,2026-04-02 14:03:43
Soil_Moisture\DDCA\DDCA_MH\SM\20170329.mat,5692276,2026-04-02 14:03:42
Soil_Moisture\DDCA\DDCA_MH\SM\20170331.mat,5445336,2026-04-02 14:03:42
Soil_Moisture\DDCA\DDCA_MH\SM\20170402.mat,5082856,2026-04-02 14:03:42
Soil_Moisture\DDCA\DDCA_MH\SM\20170328.mat,5046827,2026-04-02 14:03:41
Soil_Moisture\DDCA\DDCA_MH\SM\20170330.mat,5167774,2026-04-02 14:03:41
Soil_Moisture\DDCA\DDCA_MH\SM\20170327.mat,5152309,2026-04-02 14:03:40
Soil_Moisture\DDCA\DDCA_MH\SM\20170325.mat,4976430,2026-04-02 14:03:39
Soil_Moisture\DDCA\DDCA_MH\SM\20170326.mat,5636063,2026-04-02 14:03:38
Soil_Moisture\DDCA\DDCA_MH\SM\20170324.mat,5477001,2026-04-02 14:03:37
Soil_Moisture\DDCA\DDCA_MH\SM\20170316.mat,5240994,2026-04-02 14:03:36
Soil_Moisture\DDCA\DDCA_MH\SM\20170323.mat,5304670,2026-04-02 14:03:36
Soil_Moisture\DDCA\DDCA_MH\SM\20170318.mat,4909698,2026-04-02 14:03:35
Soil_Moisture\DDCA\DDCA_MH\SM\20170320.mat,4591923,2026-04-02 14:03:35
Soil_Moisture\DDCA\DDCA_MH\SM\20170322.mat,5134799,2026-04-02 14:03:35
Soil_Moisture\DDCA\DDCA_MH\SM\20170317.mat,4806559,2026-04-02 14:03:34
Soil_Moisture\DDCA\DDCA_MH\SM\20170319.mat,4970665,2026-04-02 14:03:34
Soil_Moisture\DDCA\DDCA_MH\SM\20170321.mat,5471761,2026-04-02 14:03:34
Soil_Moisture\DDCA\DDCA_MH\SM\20170314.mat,4911671,2026-04-02 14:03:32
Soil_Moisture\DDCA\DDCA_MH\SM\20170315.mat,5085408,2026-04-02 14:03:32
Soil_Moisture\DDCA\DDCA_MH\SM\20170313.mat,5289703,2026-04-02 14:03:31
Soil_Moisture\DDCA\DDCA_MH\SM\20170310.mat,5291887,2026-04-02 14:03:30
Soil_Moisture\DDCA\DDCA_MH\SM\20170306.mat,4821343,2026-04-02 14:03:28
Soil_Moisture\DDCA\DDCA_MH\SM\20170308.mat,5098061,2026-04-02 14:03:28
Soil_Moisture\DDCA\DDCA_MH\SM\20170309.mat,4672369,2026-04-02 14:03:28
Soil_Moisture\DDCA\DDCA_MH\SM\20170307.mat,4938154,2026-04-02 14:03:27
Soil_Moisture\DDCA\DDCA_MH\SM\20170311.mat,4855397,2026-04-02 14:03:27
Soil_Moisture\DDCA\DDCA_MH\SM\20170312.mat,4714867,2026-04-02 14:03:27
Soil_Moisture\DDCA\DDCA_MH\SM\20170303.mat,4701684,2026-04-02 14:03:26
Soil_Moisture\DDCA\DDCA_MH\SM\20170304.mat,4538588,2026-04-02 14:03:26
Soil_Moisture\DDCA\DDCA_MH\SM\20170305.mat,5096841,2026-04-02 14:03:26
Soil_Moisture\DDCA\DDCA_MH\SM\20170302.mat,5136655,2026-04-02 14:03:22
Soil_Moisture\DDCA\DDCA_MH\SM\20170221.mat,4343893,2026-04-02 14:03:21
Soil_Moisture\DDCA\DDCA_MH\SM\20170222.mat,4985766,2026-04-02 14:03:21
Soil_Moisture\DDCA\DDCA_MH\SM\20170223.mat,4559905,2026-04-02 14:03:21
Soil_Moisture\DDCA\DDCA_MH\SM\20170224.mat,4325151,2026-04-02 14:03:21
Soil_Moisture\DDCA\DDCA_MH\SM\20170225.mat,4963505,2026-04-02 14:03:21
Soil_Moisture\DDCA\DDCA_MH\SM\20170226.mat,4602302,2026-04-02 14:03:21
Soil_Moisture\DDCA\DDCA_MH\SM\20170227.mat,4799033,2026-04-02 14:03:21
Soil_Moisture\DDCA\DDCA_MH\SM\20170228.mat,4886029,2026-04-02 14:03:21
Soil_Moisture\DDCA\DDCA_MH\SM\20170301.mat,4484797,2026-04-02 14:03:21
Soil_Moisture\DDCA\DDCA_MH\SM\20170220.mat,4782094,2026-04-02 14:03:18
Soil_Moisture\DDCA\DDCA_MH\SM\20170214.mat,4754710,2026-04-02 14:03:16
Soil_Moisture\DDCA\DDCA_MH\SM\20170219.mat,4664861,2026-04-02 14:03:16
Soil_Moisture\DDCA\DDCA_MH\SM\20170210.mat,4192685,2026-04-02 14:03:15
Soil_Moisture\DDCA\DDCA_MH\SM\20170211.mat,4430612,2026-04-02 14:03:15
Soil_Moisture\DDCA\DDCA_MH\SM\20170212.mat,4527861,2026-04-02 14:03:15
Soil_Moisture\DDCA\DDCA_MH\SM\20170213.mat,4057243,2026-04-02 14:03:15
Soil_Moisture\DDCA\DDCA_MH\SM\20170215.mat,3889587,2026-04-02 14:03:15
Soil_Moisture\DDCA\DDCA_MH\SM\20170216.mat,4142197,2026-04-02 14:03:15
Soil_Moisture\DDCA\DDCA_MH\SM\20170217.mat,4686747,2026-04-02 14:03:15
Soil_Moisture\DDCA\DDCA_MH\SM\20170218.mat,4483424,2026-04-02 14:03:15
Soil_Moisture\DDCA\DDCA_MH\SM\20170209.mat,4347940,2026-04-02 14:03:14
Soil_Moisture\DDCA\DDCA_MH\SM\20170201.mat,4261708,2026-04-02 14:03:10
Soil_Moisture\DDCA\DDCA_MH\SM\20170208.mat,3792438,2026-04-02 14:03:10
Soil_Moisture\DDCA\DDCA_MH\SM\20170129.mat,4400920,2026-04-02 14:03:09
Soil_Moisture\DDCA\DDCA_MH\SM\20170130.mat,3975054,2026-04-02 14:03:09
Soil_Moisture\DDCA\DDCA_MH\SM\20170131.mat,3767270,2026-04-02 14:03:09
Soil_Moisture\DDCA\DDCA_MH\SM\20170202.mat,3851388,2026-04-02 14:03:09
Soil_Moisture\DDCA\DDCA_MH\SM\20170203.mat,4070410,2026-04-02 14:03:09
Soil_Moisture\DDCA\DDCA_MH\SM\20170204.mat,4205366,2026-04-02 14:03:09
Soil_Moisture\DDCA\DDCA_MH\SM\20170205.mat,3702077,2026-04-02 14:03:09
Soil_Moisture\DDCA\DDCA_MH\SM\20170206.mat,4408864,2026-04-02 14:03:09
Soil_Moisture\DDCA\DDCA_MH\SM\20170207.mat,3967977,2026-04-02 14:03:09
Soil_Moisture\DDCA\DDCA_MH\SM\20170128.mat,3657638,2026-04-02 14:03:08
Soil_Moisture\DDCA\DDCA_MH\SM\20170127.mat,3964793,2026-04-02 14:03:06
Soil_Moisture\DDCA\DDCA_MH\SM\20170126.mat,4069321,2026-04-02 14:03:05
Soil_Moisture\DDCA\DDCA_MH\SM\20170117.mat,2460117,2026-04-02 14:03:04
Soil_Moisture\DDCA\DDCA_MH\SM\20170120.mat,3732720,2026-04-02 14:03:04
Soil_Moisture\DDCA\DDCA_MH\SM\20170123.mat,3814722,2026-04-02 14:03:04
Soil_Moisture\DDCA\DDCA_MH\SM\20170124.mat,4420290,2026-04-02 14:03:04
Soil_Moisture\DDCA\DDCA_MH\SM\20170125.mat,3842876,2026-04-02 14:03:04
Soil_Moisture\DDCA\DDCA_MH\SM\20170113.mat,4567442,2026-04-02 14:03:03
Soil_Moisture\DDCA\DDCA_MH\SM\20170116.mat,2439237,2026-04-02 14:03:03
Soil_Moisture\DDCA\DDCA_MH\SM\20170118.mat,3449765,2026-04-02 14:03:03
Soil_Moisture\DDCA\DDCA_MH\SM\20170119.mat,3429676,2026-04-02 14:03:03
Soil_Moisture\DDCA\DDCA_MH\SM\20170121.mat,4464246,2026-04-02 14:03:03
Soil_Moisture\DDCA\DDCA_MH\SM\20170122.mat,4015320,2026-04-02 14:03:03
Soil_Moisture\DDCA\DDCA_MH\SM\20170114.mat,4117929,2026-04-02 14:03:02
Soil_Moisture\DDCA\DDCA_MH\SM\20170115.mat,3261497,2026-04-02 14:03:00
Soil_Moisture\DDCA\DDCA_MH\SM\20170110.mat,3054344,2026-04-02 14:02:59
Soil_Moisture\DDCA\DDCA_MH\SM\20170112.mat,3778851,2026-04-02 14:02:59
Soil_Moisture\DDCA\DDCA_MH\SM\20170109.mat,3991340,2026-04-02 14:02:58
Soil_Moisture\DDCA\DDCA_MH\SM\20170103.mat,4453627,2026-04-02 14:02:57
Soil_Moisture\DDCA\DDCA_MH\SM\20170105.mat,4687635,2026-04-02 14:02:57
Soil_Moisture\DDCA\DDCA_MH\SM\20170106.mat,4216625,2026-04-02 14:02:57
Soil_Moisture\DDCA\DDCA_MH\SM\20170107.mat,4019787,2026-04-02 14:02:57
Soil_Moisture\DDCA\DDCA_MH\SM\20170108.mat,4637718,2026-04-02 14:02:57
Soil_Moisture\DDCA\DDCA_MH\SM\20170111.mat,4369937,2026-04-02 14:02:57
Soil_Moisture\DDCA\DDCA_MH\SM\20170101.mat,4258257,2026-04-02 14:02:56
Soil_Moisture\DDCA\DDCA_MH\SM\20170102.mat,4252883,2026-04-02 14:02:56
Soil_Moisture\DDCA\DDCA_MH\SM\20170104.mat,3721778,2026-04-02 14:02:55
Soil_Moisture\DDCA\DDCA_MH\SM\20161226.mat,5009237,2026-04-02 14:02:54
Soil_Moisture\DDCA\DDCA_MH\SM\20161225.mat,4609002,2026-04-02 14:02:53
Soil_Moisture\DDCA\DDCA_MH\SM\20161220.mat,5065885,2026-04-02 14:02:51
Soil_Moisture\DDCA\DDCA_MH\SM\20161222.mat,4302209,2026-04-02 14:02:51
Soil_Moisture\DDCA\DDCA_MH\SM\20161223.mat,5089943,2026-04-02 14:02:51
Soil_Moisture\DDCA\DDCA_MH\SM\20161224.mat,4331100,2026-04-02 14:02:51
Soil_Moisture\DDCA\DDCA_MH\SM\20161227.mat,477265,2026-04-02 14:02:51
Soil_Moisture\DDCA\DDCA_MH\SM\20161228.mat,477265,2026-04-02 14:02:51
Soil_Moisture\DDCA\DDCA_MH\SM\20161231.mat,477265,2026-04-02 14:02:51
Soil_Moisture\DDCA\DDCA_MH\SM\20161211.mat,4195145,2026-04-02 14:02:50
Soil_Moisture\DDCA\DDCA_MH\SM\20161221.mat,4553611,2026-04-02 14:02:50
Soil_Moisture\DDCA\DDCA_MH\SM\20161229.mat,477265,2026-04-02 14:02:50
Soil_Moisture\DDCA\DDCA_MH\SM\20161230.mat,477265,2026-04-02 14:02:50
Soil_Moisture\DDCA\DDCA_MH\SM\20161214.mat,4230219,2026-04-02 14:02:47
Soil_Moisture\DDCA\DDCA_MH\SM\20161215.mat,5032438,2026-04-02 14:02:47
Soil_Moisture\DDCA\DDCA_MH\SM\20161217.mat,4582099,2026-04-02 14:02:47
Soil_Moisture\DDCA\DDCA_MH\SM\20161218.mat,4916281,2026-04-02 14:02:47
Soil_Moisture\DDCA\DDCA_MH\SM\20161219.mat,4291993,2026-04-02 14:02:47
Soil_Moisture\DDCA\DDCA_MH\SM\20161212.mat,4754586,2026-04-02 14:02:46
Soil_Moisture\DDCA\DDCA_MH\SM\20161213.mat,4509476,2026-04-02 14:02:46
Soil_Moisture\DDCA\DDCA_MH\SM\20161216.mat,3812745,2026-04-02 14:02:46
Soil_Moisture\DDCA\DDCA_MH\SM\20161209.mat,4484009,2026-04-02 14:02:44
Soil_Moisture\DDCA\DDCA_MH\SM\20161210.mat,4854240,2026-04-02 14:02:44
Soil_Moisture\DDCA\DDCA_MH\SM\20161127.mat,4372797,2026-04-02 14:02:41
Soil_Moisture\DDCA\DDCA_MH\SM\20161129.mat,4964103,2026-04-02 14:02:41
Soil_Moisture\DDCA\DDCA_MH\SM\20161203.mat,4152157,2026-04-02 14:02:41
Soil_Moisture\DDCA\DDCA_MH\SM\20161204.mat,4982100,2026-04-02 14:02:41
Soil_Moisture\DDCA\DDCA_MH\SM\20161205.mat,4465877,2026-04-02 14:02:41
Soil_Moisture\DDCA\DDCA_MH\SM\20161206.mat,4188815,2026-04-02 14:02:41
Soil_Moisture\DDCA\DDCA_MH\SM\20161207.mat,5011727,2026-04-02 14:02:41
Soil_Moisture\DDCA\DDCA_MH\SM\20161208.mat,4250747,2026-04-02 14:02:41
Soil_Moisture\DDCA\DDCA_MH\SM\20161201.mat,4456844,2026-04-02 14:02:40
Soil_Moisture\DDCA\DDCA_MH\SM\20161202.mat,4806049,2026-04-02 14:02:40
Soil_Moisture\DDCA\DDCA_MH\SM\20161130.mat,4165202,2026-04-02 14:02:39
Soil_Moisture\DDCA\DDCA_MH\SM\20161126.mat,4874824,2026-04-02 14:02:38
Soil_Moisture\DDCA\DDCA_MH\SM\20161128.mat,4129730,2026-04-02 14:02:38
Soil_Moisture\DDCA\DDCA_MH\SM\20161124.mat,4793675,2026-04-02 14:02:36
Soil_Moisture\DDCA\DDCA_MH\SM\20161125.mat,4110321,2026-04-02 14:02:36
Soil_Moisture\DDCA\DDCA_MH\SM\20161118.mat,4937214,2026-04-02 14:02:35
Soil_Moisture\DDCA\DDCA_MH\SM\20161115.mat,4757875,2026-04-02 14:02:34
Soil_Moisture\DDCA\DDCA_MH\SM\20161119.mat,4459778,2026-04-02 14:02:34
Soil_Moisture\DDCA\DDCA_MH\SM\20161121.mat,5001680,2026-04-02 14:02:34
Soil_Moisture\DDCA\DDCA_MH\SM\20161122.mat,4181612,2026-04-02 14:02:34
Soil_Moisture\DDCA\DDCA_MH\SM\20161116.mat,5428149,2026-04-02 14:02:33
Soil_Moisture\DDCA\DDCA_MH\SM\20161120.mat,4192071,2026-04-02 14:02:33
Soil_Moisture\DDCA\DDCA_MH\SM\20161123.mat,4492589,2026-04-02 14:02:33
Soil_Moisture\DDCA\DDCA_MH\SM\20161113.mat,5493289,2026-04-02 14:02:32
Soil_Moisture\DDCA\DDCA_MH\SM\20161114.mat,4646928,2026-04-02 14:02:32
Soil_Moisture\DDCA\DDCA_MH\SM\20161117.mat,4119520,2026-04-02 14:02:32
Soil_Moisture\DDCA\DDCA_MH\SM\20161106.mat,4779727,2026-04-02 14:02:28
Soil_Moisture\DDCA\DDCA_MH\SM\20161112.mat,4450733,2026-04-02 14:02:28
Soil_Moisture\DDCA\DDCA_MH\SM\20161105.mat,5620130,2026-04-02 14:02:27
Soil_Moisture\DDCA\DDCA_MH\SM\20161107.mat,5189459,2026-04-02 14:02:27
Soil_Moisture\DDCA\DDCA_MH\SM\20161108.mat,5517801,2026-04-02 14:02:27
Soil_Moisture\DDCA\DDCA_MH\SM\20161110.mat,5244649,2026-04-02 14:02:27
Soil_Moisture\DDCA\DDCA_MH\SM\20161103.mat,5123020,2026-04-02 14:02:26
Soil_Moisture\DDCA\DDCA_MH\SM\20161104.mat,4634973,2026-04-02 14:02:26
Soil_Moisture\DDCA\DDCA_MH\SM\20161109.mat,4523521,2026-04-02 14:02:26
Soil_Moisture\DDCA\DDCA_MH\SM\20161111.mat,4993570,2026-04-02 14:02:26
Soil_Moisture\DDCA\DDCA_MH\SM\20161102.mat,5418110,2026-04-02 14:02:24
Soil_Moisture\DDCA\DDCA_MH\SM\20161031.mat,5836227,2026-04-02 14:02:22
Soil_Moisture\DDCA\DDCA_MH\SM\20161101.mat,4359051,2026-04-02 14:02:22
Soil_Moisture\DDCA\DDCA_MH\SM\20161027.mat,4720004,2026-04-02 14:02:20
Soil_Moisture\DDCA\DDCA_MH\SM\20161030.mat,5064381,2026-04-02 14:02:20
Soil_Moisture\DDCA\DDCA_MH\SM\20161021.mat,5066559,2026-04-02 14:02:19
Soil_Moisture\DDCA\DDCA_MH\SM\20161022.mat,5150541,2026-04-02 14:02:19
Soil_Moisture\DDCA\DDCA_MH\SM\20161024.mat,4372336,2026-04-02 14:02:19
Soil_Moisture\DDCA\DDCA_MH\SM\20161025.mat,5492552,2026-04-02 14:02:19
Soil_Moisture\DDCA\DDCA_MH\SM\20161028.mat,5775284,2026-04-02 14:02:19
Soil_Moisture\DDCA\DDCA_MH\SM\20161029.mat,4952031,2026-04-02 14:02:19
Soil_Moisture\DDCA\DDCA_MH\SM\20161026.mat,5200583,2026-04-02 14:02:18
Soil_Moisture\DDCA\DDCA_MH\SM\20161023.mat,5835610,2026-04-02 14:02:17
Soil_Moisture\DDCA\DDCA_MH\SM\20161020.mat,5882961,2026-04-02 14:02:16
Soil_Moisture\DDCA\DDCA_MH\SM\20161019.mat,4173045,2026-04-02 14:02:15
Soil_Moisture\DDCA\DDCA_MH\SM\20161013.mat,5170894,2026-04-02 14:02:14
Soil_Moisture\DDCA\DDCA_MH\SM\20161010.mat,5645547,2026-04-02 14:02:12
Soil_Moisture\DDCA\DDCA_MH\SM\20161016.mat,4712162,2026-04-02 14:02:12
Soil_Moisture\DDCA\DDCA_MH\SM\20161017.mat,5688452,2026-04-02 14:02:12
Soil_Moisture\DDCA\DDCA_MH\SM\20161018.mat,5400446,2026-04-02 14:02:12
Soil_Moisture\DDCA\DDCA_MH\SM\20161009.mat,5988762,2026-04-02 14:02:11
Soil_Moisture\DDCA\DDCA_MH\SM\20161011.mat,5186536,2026-04-02 14:02:11
Soil_Moisture\DDCA\DDCA_MH\SM\20161012.mat,6188645,2026-04-02 14:02:11
Soil_Moisture\DDCA\DDCA_MH\SM\20161014.mat,5498425,2026-04-02 14:02:11
Soil_Moisture\DDCA\DDCA_MH\SM\20161015.mat,6160454,2026-04-02 14:02:11
Soil_Moisture\DDCA\DDCA_MH\SM\20161005.mat,5640817,2026-04-02 14:02:07
Soil_Moisture\DDCA\DDCA_MH\SM\20160930.mat,5480570,2026-04-02 14:02:05
Soil_Moisture\DDCA\DDCA_MH\SM\20161001.mat,6266871,2026-04-02 14:02:05
Soil_Moisture\DDCA\DDCA_MH\SM\20161002.mat,5880021,2026-04-02 14:02:05
Soil_Moisture\DDCA\DDCA_MH\SM\20161003.mat,5493265,2026-04-02 14:02:05
Soil_Moisture\DDCA\DDCA_MH\SM\20161004.mat,6440294,2026-04-02 14:02:05
Soil_Moisture\DDCA\DDCA_MH\SM\20161006.mat,5797485,2026-04-02 14:02:05
Soil_Moisture\DDCA\DDCA_MH\SM\20161007.mat,6416198,2026-04-02 14:02:05
Soil_Moisture\DDCA\DDCA_MH\SM\20161008.mat,5242707,2026-04-02 14:02:05
Soil_Moisture\DDCA\DDCA_MH\SM\20160929.mat,6668552,2026-04-02 14:02:04
Soil_Moisture\DDCA\DDCA_MH\SM\20160921.mat,6230599,2026-04-02 14:01:59
Soil_Moisture\DDCA\DDCA_MH\SM\20160918.mat,6861089,2026-04-02 14:01:58
Soil_Moisture\DDCA\DDCA_MH\SM\20160920.mat,6186854,2026-04-02 14:01:58
Soil_Moisture\DDCA\DDCA_MH\SM\20160923.mat,6537621,2026-04-02 14:01:58
Soil_Moisture\DDCA\DDCA_MH\SM\20160924.mat,6067528,2026-04-02 14:01:58
Soil_Moisture\DDCA\DDCA_MH\SM\20160925.mat,5622496,2026-04-02 14:01:58
Soil_Moisture\DDCA\DDCA_MH\SM\20160928.mat,1603780,2026-04-02 14:01:58
Soil_Moisture\DDCA\DDCA_MH\SM\20160919.mat,5853593,2026-04-02 14:01:57
Soil_Moisture\DDCA\DDCA_MH\SM\20160922.mat,5683551,2026-04-02 14:01:57
Soil_Moisture\DDCA\DDCA_MH\SM\20160926.mat,6322645,2026-04-02 14:01:57
Soil_Moisture\DDCA\DDCA_MH\SM\20160917.mat,5933107,2026-04-02 14:01:53
Soil_Moisture\DDCA\DDCA_MH\SM\20160908.mat,6705365,2026-04-02 14:01:50
Soil_Moisture\DDCA\DDCA_MH\SM\20160909.mat,6247730,2026-04-02 14:01:50
Soil_Moisture\DDCA\DDCA_MH\SM\20160910.mat,7414757,2026-04-02 14:01:50
Soil_Moisture\DDCA\DDCA_MH\SM\20160912.mat,6673413,2026-04-02 14:01:50
Soil_Moisture\DDCA\DDCA_MH\SM\20160913.mat,5932322,2026-04-02 14:01:50
Soil_Moisture\DDCA\DDCA_MH\SM\20160914.mat,5966166,2026-04-02 14:01:50
Soil_Moisture\DDCA\DDCA_MH\SM\20160915.mat,6728463,2026-04-02 14:01:50
Soil_Moisture\DDCA\DDCA_MH\SM\20160916.mat,6294511,2026-04-02 14:01:50
Soil_Moisture\DDCA\DDCA_MH\SM\20160907.mat,7159784,2026-04-02 14:01:49
Soil_Moisture\DDCA\DDCA_MH\SM\20160911.mat,6360168,2026-04-02 14:01:49
Soil_Moisture\DDCA\DDCA_MH\SM\20160828.mat,8888436,2026-04-02 14:01:42
Soil_Moisture\DDCA\DDCA_MH\SM\20160830.mat,7692038,2026-04-02 14:01:42
Soil_Moisture\DDCA\DDCA_MH\SM\20160831.mat,7437297,2026-04-02 14:01:42
Soil_Moisture\DDCA\DDCA_MH\SM\20160901.mat,6511109,2026-04-02 14:01:42
Soil_Moisture\DDCA\DDCA_MH\SM\20160902.mat,8053614,2026-04-02 14:01:42
Soil_Moisture\DDCA\DDCA_MH\SM\20160903.mat,6983533,2026-04-02 14:01:42
Soil_Moisture\DDCA\DDCA_MH\SM\20160904.mat,7250365,2026-04-02 14:01:42
Soil_Moisture\DDCA\DDCA_MH\SM\20160905.mat,6281676,2026-04-02 14:01:42
Soil_Moisture\DDCA\DDCA_MH\SM\20160906.mat,1769959,2026-04-02 14:01:42
Soil_Moisture\DDCA\DDCA_MH\SM\20160829.mat,6946938,2026-04-02 14:01:41
Soil_Moisture\DDCA\DDCA_MH\SM\20160812(1).mat,9686413,2026-04-02 14:01:34
Soil_Moisture\DDCA\DDCA_MH\SM\20160822.mat,7418161,2026-04-02 14:01:34
Soil_Moisture\DDCA\DDCA_MH\SM\20160823.mat,8241126,2026-04-02 14:01:34
Soil_Moisture\DDCA\DDCA_MH\SM\20160825.mat,8836626,2026-04-02 14:01:34
Soil_Moisture\DDCA\DDCA_MH\SM\20160826.mat,7893141,2026-04-02 14:01:34
Soil_Moisture\DDCA\DDCA_MH\SM\20160827.mat,8058007,2026-04-02 14:01:34
Soil_Moisture\DDCA\DDCA_MH\SM\20160801(1).mat,10323035,2026-04-02 14:01:33
Soil_Moisture\DDCA\DDCA_MH\SM\20160820.mat,9738567,2026-04-02 14:01:33
Soil_Moisture\DDCA\DDCA_MH\SM\20160821.mat,7679864,2026-04-02 14:01:33
Soil_Moisture\DDCA\DDCA_MH\SM\20160824.mat,7640424,2026-04-02 14:01:33
Soil_Moisture\DDCA\DDCA_MH\SM\20160816(1).mat,8038781,2026-04-02 14:01:28
Soil_Moisture\DDCA\DDCA_MH\SM\20160810(1).mat,9275148,2026-04-02 14:01:26
Soil_Moisture\DDCA\DDCA_MH\SM\20160819.mat,8821371,2026-04-02 14:01:26
Soil_Moisture\DDCA\DDCA_MH\SM\20160814(1).mat,9277818,2026-04-02 14:01:25
Soil_Moisture\DDCA\DDCA_MH\SM\20160815(1).mat,9082292,2026-04-02 14:01:25
Soil_Moisture\DDCA\DDCA_MH\SM\20160818.mat,8777155,2026-04-02 14:01:25
Soil_Moisture\DDCA\DDCA_MH\SM\20160813(1).mat,8097689,2026-04-02 14:01:24
Soil_Moisture\DDCA\DDCA_MH\SM\20160817(1).mat,9761207,2026-04-02 14:01:24
Soil_Moisture\DDCA\DDCA_MH\SM\20160811(1).mat,9128973,2026-04-02 14:01:22
Soil_Moisture\DDCA\DDCA_MH\SM\20160810.mat,9275148,2026-04-02 13:46:10
Soil_Moisture\DDCA\DDCA_MH\SM\20160811.mat,9128973,2026-04-02 13:46:10
Soil_Moisture\DDCA\DDCA_MH\SM\20160812.mat,9686413,2026-04-02 13:46:10
Soil_Moisture\DDCA\DDCA_MH\SM\20160813.mat,8097689,2026-04-02 13:46:10
Soil_Moisture\DDCA\DDCA_MH\SM\20160814.mat,9277818,2026-04-02 13:46:10
Soil_Moisture\DDCA\DDCA_MH\SM\20160815.mat,9082292,2026-04-02 13:46:10
Soil_Moisture\DDCA\DDCA_MH\SM\20160816.mat,8038781,2026-04-02 13:46:10
Soil_Moisture\DDCA\DDCA_MH\SM\20160817.mat,9761207,2026-04-02 13:46:10
Soil_Moisture\DDCA\DDCA_MH\SM\20160801.mat,10323035,2026-04-02 13:46:09
Soil_Moisture\DDCA\DDCA_MH\SM\20160809.mat,10246829,2026-04-02 13:46:08
Soil_Moisture\DDCA\DDCA_MH\SM\20160731.mat,8904153,2026-04-02 13:46:02
Soil_Moisture\DDCA\DDCA_MH\SM\20160802.mat,9366526,2026-04-02 13:46:01
Soil_Moisture\DDCA\DDCA_MH\SM\20160804.mat,10343632,2026-04-02 13:46:01
Soil_Moisture\DDCA\DDCA_MH\SM\20160806.mat,9530289,2026-04-02 13:46:01
Soil_Moisture\DDCA\DDCA_MH\SM\20160807.mat,9591804,2026-04-02 13:46:01
Soil_Moisture\DDCA\DDCA_MH\SM\20160808.mat,8751683,2026-04-02 13:46:01
Soil_Moisture\DDCA\DDCA_MH\SM\20160803.mat,9201712,2026-04-02 13:46:00
Soil_Moisture\DDCA\DDCA_MH\SM\20160805.mat,9236316,2026-04-02 13:46:00
Soil_Moisture\DDCA\DDCA_MH\SM\20160729.mat,9668071,2026-04-02 13:45:57
Soil_Moisture\DDCA\DDCA_MH\SM\20160728.mat,8684679,2026-04-02 13:45:53
Soil_Moisture\DDCA\DDCA_MH\SM\20160721.mat,9479624,2026-04-02 13:45:50
Soil_Moisture\DDCA\DDCA_MH\SM\20160723.mat,8717788,2026-04-02 13:45:50
Soil_Moisture\DDCA\DDCA_MH\SM\20160730.mat,9061238,2026-04-02 13:45:50
Soil_Moisture\DDCA\DDCA_MH\SM\20160722.mat,9554761,2026-04-02 13:45:49
Soil_Moisture\DDCA\DDCA_MH\SM\20160724.mat,10137376,2026-04-02 13:45:49
Soil_Moisture\DDCA\DDCA_MH\SM\20160725.mat,9164604,2026-04-02 13:45:49
Soil_Moisture\DDCA\DDCA_MH\SM\20160726.mat,9091050,2026-04-02 13:45:49
Soil_Moisture\DDCA\DDCA_MH\SM\20160727.mat,10331054,2026-04-02 13:45:49
Soil_Moisture\DDCA\DDCA_MH\SM\20160720.mat,9148338,2026-04-02 13:45:45
Soil_Moisture\DDCA\DDCA_MH\SM\20160713.mat,8947025,2026-04-02 13:45:39
Soil_Moisture\DDCA\DDCA_MH\SM\20160718.mat,8864748,2026-04-02 13:45:39
Soil_Moisture\DDCA\DDCA_MH\SM\20160711.mat,9874991,2026-04-02 13:45:38
Soil_Moisture\DDCA\DDCA_MH\SM\20160712.mat,8887546,2026-04-02 13:45:38
Soil_Moisture\DDCA\DDCA_MH\SM\20160714.mat,9292660,2026-04-02 13:45:38
Soil_Moisture\DDCA\DDCA_MH\SM\20160715.mat,8561493,2026-04-02 13:45:38
Soil_Moisture\DDCA\DDCA_MH\SM\20160716.mat,9912179,2026-04-02 13:45:38
Soil_Moisture\DDCA\DDCA_MH\SM\20160717.mat,8866255,2026-04-02 13:45:38
Soil_Moisture\DDCA\DDCA_MH\SM\20160719.mat,10027483,2026-04-02 13:45:38
Soil_Moisture\DDCA\DDCA_MH\SM\20160705.mat,8954750,2026-04-02 13:45:34
Soil_Moisture\DDCA\DDCA_MH\SM\20160709.mat,8601552,2026-04-02 13:45:28
Soil_Moisture\DDCA\DDCA_MH\SM\20160701.mat,8293802,2026-04-02 13:45:27
Soil_Moisture\DDCA\DDCA_MH\SM\20160702.mat,8098382,2026-04-02 13:45:27
Soil_Moisture\DDCA\DDCA_MH\SM\20160703.mat,9521178,2026-04-02 13:45:27
Soil_Moisture\DDCA\DDCA_MH\SM\20160704.mat,8691179,2026-04-02 13:45:27
Soil_Moisture\DDCA\DDCA_MH\SM\20160706.mat,9033245,2026-04-02 13:45:27
Soil_Moisture\DDCA\DDCA_MH\SM\20160707.mat,8257753,2026-04-02 13:45:27
Soil_Moisture\DDCA\DDCA_MH\SM\20160708.mat,9515772,2026-04-02 13:45:27
Soil_Moisture\DDCA\DDCA_MH\SM\20160710.mat,8546330,2026-04-02 13:45:27
Soil_Moisture\DDCA\DDCA_MH\SM\20160630.mat,9175175,2026-04-02 13:45:23
Soil_Moisture\DDCA\DDCA_MH\SM\20160625.mat,9221503,2026-04-02 13:45:22
Soil_Moisture\DDCA\DDCA_MH\SM\20160627.mat,8645355,2026-04-02 13:45:19
Soil_Moisture\DDCA\DDCA_MH\SM\20160626.mat,8321902,2026-04-02 13:45:18
Soil_Moisture\DDCA\DDCA_MH\SM\20160619.mat,8316280,2026-04-02 13:45:17
Soil_Moisture\DDCA\DDCA_MH\SM\20160628.mat,8642375,2026-04-02 13:45:17
Soil_Moisture\DDCA\DDCA_MH\SM\20160621.mat,7613819,2026-04-02 13:45:16
Soil_Moisture\DDCA\DDCA_MH\SM\20160624.mat,7997966,2026-04-02 13:45:16
Soil_Moisture\DDCA\DDCA_MH\SM\20160629.mat,7941691,2026-04-02 13:45:16
Soil_Moisture\DDCA\DDCA_MH\SM\20160620.mat,7906580,2026-04-02 13:45:15
Soil_Moisture\DDCA\DDCA_MH\SM\20160622.mat,8746099,2026-04-02 13:45:13
Soil_Moisture\DDCA\DDCA_MH\SM\20160623.mat,7436051,2026-04-02 13:45:12
Soil_Moisture\DDCA\DDCA_MH\SM\20160606.mat,7958002,2026-04-02 13:45:11
Soil_Moisture\DDCA\DDCA_MH\SM\20160616.mat,7733989,2026-04-02 13:45:09
Soil_Moisture\DDCA\DDCA_MH\SM\20160618.mat,7884770,2026-04-02 13:45:09
Soil_Moisture\DDCA\DDCA_MH\SM\20160614.mat,8509439,2026-04-02 13:45:08
Soil_Moisture\DDCA\DDCA_MH\SM\20160617.mat,7757801,2026-04-02 13:45:07
Soil_Moisture\DDCA\DDCA_MH\SM\20160612.mat,7925790,2026-04-02 13:45:05
Soil_Moisture\DDCA\DDCA_MH\SM\20160609.mat,8525516,2026-04-02 13:45:04
Soil_Moisture\DDCA\DDCA_MH\SM\20160613.mat,7364411,2026-04-02 13:45:04
Soil_Moisture\DDCA\DDCA_MH\SM\20160615.mat,7464293,2026-04-02 13:45:04
Soil_Moisture\DDCA\DDCA_MH\SM\20160603.mat,7912737,2026-04-02 13:45:01
Soil_Moisture\DDCA\DDCA_MH\SM\20160611.mat,8128568,2026-04-02 13:45:01
Soil_Moisture\DDCA\DDCA_MH\SM\20160604.mat,7722861,2026-04-02 13:44:59
Soil_Moisture\DDCA\DDCA_MH\SM\20160608.mat,7522806,2026-04-02 13:44:59
Soil_Moisture\DDCA\DDCA_MH\SM\20160610.mat,7645649,2026-04-02 13:44:58
Soil_Moisture\DDCA\DDCA_MH\SM\20160605.mat,7211019,2026-04-02 13:44:57
Soil_Moisture\DDCA\DDCA_MH\SM\20160607.mat,7427014,2026-04-02 13:44:57
Soil_Moisture\DDCA\DDCA_MH\SM\20160602.mat,7377749,2026-04-02 13:44:56
Soil_Moisture\DDCA\DDCA_MH\SM\20160529.mat,8163421,2026-04-02 13:44:53
Soil_Moisture\DDCA\DDCA_MH\SM\20160524.mat,8087104,2026-04-02 13:44:50
Soil_Moisture\DDCA\DDCA_MH\SM\20160527.mat,7555180,2026-04-02 13:44:50
Soil_Moisture\DDCA\DDCA_MH\SM\20160530.mat,7166168,2026-04-02 13:44:50
Soil_Moisture\DDCA\DDCA_MH\SM\20160601.mat,7770209,2026-04-02 13:44:50
Soil_Moisture\DDCA\DDCA_MH\SM\20160523.mat,6910107,2026-04-02 13:44:49
Soil_Moisture\DDCA\DDCA_MH\SM\20160526.mat,7727508,2026-04-02 13:44:49
Soil_Moisture\DDCA\DDCA_MH\SM\20160528.mat,6994271,2026-04-02 13:44:49
Soil_Moisture\DDCA\DDCA_MH\SM\20160531.mat,7338207,2026-04-02 13:44:49
Soil_Moisture\DDCA\DDCA_MH\SM\20160525.mat,7103243,2026-04-02 13:44:47
Soil_Moisture\DDCA\DDCA_MH\SM\20160516.mat,7549113,2026-04-02 13:44:41
Soil_Moisture\DDCA\DDCA_MH\SM\20160513.mat,7220213,2026-04-02 13:44:40
Soil_Moisture\DDCA\DDCA_MH\SM\20160514.mat,6410988,2026-04-02 13:44:40
Soil_Moisture\DDCA\DDCA_MH\SM\20160515.mat,6538618,2026-04-02 13:44:40
Soil_Moisture\DDCA\DDCA_MH\SM\20160517.mat,6761157,2026-04-02 13:44:40
Soil_Moisture\DDCA\DDCA_MH\SM\20160518.mat,7342723,2026-04-02 13:44:40
Soil_Moisture\DDCA\DDCA_MH\SM\20160519.mat,7185982,2026-04-02 13:44:40
Soil_Moisture\DDCA\DDCA_MH\SM\20160520.mat,6646729,2026-04-02 13:44:40
Soil_Moisture\DDCA\DDCA_MH\SM\20160521.mat,7695291,2026-04-02 13:44:40
Soil_Moisture\DDCA\DDCA_MH\SM\20160522.mat,6860394,2026-04-02 13:44:40
Soil_Moisture\DDCA\DDCA_MH\SM\20160507.mat,6154774,2026-04-02 13:44:32
Soil_Moisture\DDCA\DDCA_MH\SM\20160508.mat,7130674,2026-04-02 13:44:32
Soil_Moisture\DDCA\DDCA_MH\SM\20160510.mat,6925369,2026-04-02 13:44:32
Soil_Moisture\DDCA\DDCA_MH\SM\20160511.mat,6744890,2026-04-02 13:44:32
Soil_Moisture\DDCA\DDCA_MH\SM\20160503.mat,6367641,2026-04-02 13:44:31
Soil_Moisture\DDCA\DDCA_MH\SM\20160504.mat,5933858,2026-04-02 13:44:31
Soil_Moisture\DDCA\DDCA_MH\SM\20160505.mat,6880657,2026-04-02 13:44:31
Soil_Moisture\DDCA\DDCA_MH\SM\20160506.mat,6039151,2026-04-02 13:44:31
Soil_Moisture\DDCA\DDCA_MH\SM\20160509.mat,6238542,2026-04-02 13:44:31
Soil_Moisture\DDCA\DDCA_MH\SM\20160512.mat,6180857,2026-04-02 13:44:31
Soil_Moisture\DDCA\DDCA_MH\SM\20160429.mat,6001122,2026-04-02 13:44:25
Soil_Moisture\DDCA\DDCA_MH\SM\20160428.mat,5843209,2026-04-02 13:44:24
Soil_Moisture\DDCA\DDCA_MH\SM\20160430.mat,2398706,2026-04-02 13:44:24
Soil_Moisture\DDCA\DDCA_MH\SM\20160502.mat,1755712,2026-04-02 13:44:24
Soil_Moisture\DDCA\DDCA_MH\SM\20160421.mat,5865261,2026-04-02 13:44:23
Soil_Moisture\DDCA\DDCA_MH\SM\20160422.mat,6555852,2026-04-02 13:44:23
Soil_Moisture\DDCA\DDCA_MH\SM\20160423.mat,5779848,2026-04-02 13:44:23
Soil_Moisture\DDCA\DDCA_MH\SM\20160424.mat,6448583,2026-04-02 13:44:23
Soil_Moisture\DDCA\DDCA_MH\SM\20160425.mat,5818589,2026-04-02 13:44:23
Soil_Moisture\DDCA\DDCA_MH\SM\20160426.mat,4111764,2026-04-02 13:44:23
Soil_Moisture\DDCA\DDCA_MH\SM\20160427.mat,6662682,2026-04-02 13:44:23
Soil_Moisture\DDCA\DDCA_MH\SM\20160420.mat,5668345,2026-04-02 13:44:19
Soil_Moisture\DDCA\DDCA_MH\SM\20160419.mat,6382614,2026-04-02 13:44:18
Soil_Moisture\DDCA\DDCA_MH\SM\20160413.mat,5411208,2026-04-02 13:44:17
Soil_Moisture\DDCA\DDCA_MH\SM\20160416.mat,6284111,2026-04-02 13:44:17
Soil_Moisture\DDCA\DDCA_MH\SM\20160417.mat,5967322,2026-04-02 13:44:17
Soil_Moisture\DDCA\DDCA_MH\SM\20160418.mat,5599126,2026-04-02 13:44:17
Soil_Moisture\DDCA\DDCA_MH\SM\20160414.mat,6308384,2026-04-02 13:44:16
Soil_Moisture\DDCA\DDCA_MH\SM\20160415.mat,5601252,2026-04-02 13:44:16
Soil_Moisture\DDCA\DDCA_MH\SM\20160411.mat,6177416,2026-04-02 13:44:15
Soil_Moisture\DDCA\DDCA_MH\SM\20160412.mat,5256744,2026-04-02 13:44:15
Soil_Moisture\DDCA\DDCA_MH\SM\20160410.mat,5470131,2026-04-02 13:44:11
Soil_Moisture\DDCA\DDCA_MH\SM\20160406.mat,6133913,2026-04-02 13:44:10
Soil_Moisture\DDCA\DDCA_MH\SM\20160407.mat,5432625,2026-04-02 13:44:10
Soil_Moisture\DDCA\DDCA_MH\SM\20160408.mat,6110007,2026-04-02 13:44:10
Soil_Moisture\DDCA\DDCA_MH\SM\20160409.mat,5742818,2026-04-02 13:44:10
Soil_Moisture\DDCA\DDCA_MH\SM\20160402.mat,5164715,2026-04-02 13:44:09
Soil_Moisture\DDCA\DDCA_MH\SM\20160403.mat,5917321,2026-04-02 13:44:09
Soil_Moisture\DDCA\DDCA_MH\SM\20160404.mat,5163510,2026-04-02 13:44:09
Soil_Moisture\DDCA\DDCA_MH\SM\20160331.mat,5825304,2026-04-02 13:44:08
Soil_Moisture\DDCA\DDCA_MH\SM\20160405.mat,4617233,2026-04-02 13:44:08
Soil_Moisture\DDCA\DDCA_MH\SM\20160401.mat,5440511,2026-04-02 13:44:06
Soil_Moisture\DDCA\DDCA_MH\SM\20160330.mat,5125864,2026-04-02 13:44:05
Soil_Moisture\DDCA\DDCA_MH\SM\20160326.mat,5763131,2026-04-02 13:44:04
Soil_Moisture\DDCA\DDCA_MH\SM\20160329.mat,5780937,2026-04-02 13:44:04
Soil_Moisture\DDCA\DDCA_MH\SM\20160327.mat,5002314,2026-04-02 13:44:03
Soil_Moisture\DDCA\DDCA_MH\SM\20160323.mat,5639569,2026-04-02 13:44:02
Soil_Moisture\DDCA\DDCA_MH\SM\20160324.mat,5328521,2026-04-02 13:44:02
Soil_Moisture\DDCA\DDCA_MH\SM\20160321.mat,5754303,2026-04-02 13:44:01
Soil_Moisture\DDCA\DDCA_MH\SM\20160325.mat,5038255,2026-04-02 13:44:01
Soil_Moisture\DDCA\DDCA_MH\SM\20160328.mat,5226974,2026-04-02 13:44:01
Soil_Moisture\DDCA\DDCA_MH\SM\20160320.mat,5166900,2026-04-02 13:44:00
Soil_Moisture\DDCA\DDCA_MH\SM\20160318.mat,5634318,2026-04-02 13:43:58
Soil_Moisture\DDCA\DDCA_MH\SM\20160322.mat,5002728,2026-04-02 13:43:58
Soil_Moisture\DDCA\DDCA_MH\SM\20160313.mat,5527994,2026-04-02 13:43:57
Soil_Moisture\DDCA\DDCA_MH\SM\20160315.mat,5541743,2026-04-02 13:43:57
Soil_Moisture\DDCA\DDCA_MH\SM\20160314.mat,4838556,2026-04-02 13:43:56
Soil_Moisture\DDCA\DDCA_MH\SM\20160316.mat,5127533,2026-04-02 13:43:56
Soil_Moisture\DDCA\DDCA_MH\SM\20160317.mat,4918367,2026-04-02 13:43:56
Soil_Moisture\DDCA\DDCA_MH\SM\20160319.mat,4858303,2026-04-02 13:43:56
Soil_Moisture\DDCA\DDCA_MH\SM\20160309.mat,4668900,2026-04-02 13:43:53
Soil_Moisture\DDCA\DDCA_MH\SM\20160307.mat,5278850,2026-04-02 13:43:52
Soil_Moisture\DDCA\DDCA_MH\SM\20160310.mat,5330471,2026-04-02 13:43:52
Soil_Moisture\DDCA\DDCA_MH\SM\20160311.mat,4567850,2026-04-02 13:43:52
Soil_Moisture\DDCA\DDCA_MH\SM\20160312.mat,4913966,2026-04-02 13:43:52
Soil_Moisture\DDCA\DDCA_MH\SM\20160306.mat,4579434,2026-04-02 13:43:51
Soil_Moisture\DDCA\DDCA_MH\SM\20160308.mat,4814752,2026-04-02 13:43:51
Soil_Moisture\DDCA\DDCA_MH\SM\20160305.mat,5329070,2026-04-02 13:43:50
Soil_Moisture\DDCA\DDCA_MH\SM\20160304.mat,4703873,2026-04-02 13:43:49
Soil_Moisture\DDCA\DDCA_MH\SM\20160301.mat,4384002,2026-04-02 13:43:48
Soil_Moisture\DDCA\DDCA_MH\SM\20160303.mat,3932526,2026-04-02 13:43:48
Soil_Moisture\DDCA\DDCA_MH\SM\20160227.mat,4297861,2026-04-02 13:43:47
Soil_Moisture\DDCA\DDCA_MH\SM\20160229.mat,4567745,2026-04-02 13:43:46
Soil_Moisture\DDCA\DDCA_MH\SM\20160302.mat,5147056,2026-04-02 13:43:46
Soil_Moisture\DDCA\DDCA_MH\SM\20160223.mat,4936831,2026-04-02 13:43:45
Soil_Moisture\DDCA\DDCA_MH\SM\20160226.mat,5040744,2026-04-02 13:43:45
Soil_Moisture\DDCA\DDCA_MH\SM\20160222.mat,4185295,2026-04-02 13:43:44
Soil_Moisture\DDCA\DDCA_MH\SM\20160225.mat,4525514,2026-04-02 13:43:44
Soil_Moisture\DDCA\DDCA_MH\SM\20160224.mat,4072772,2026-04-02 13:43:43
Soil_Moisture\DDCA\DDCA_MH\SM\20160228.mat,4976033,2026-04-02 13:43:43
Soil_Moisture\DDCA\DDCA_MH\SM\20160220.mat,4885666,2026-04-02 13:43:41
Soil_Moisture\DDCA\DDCA_MH\SM\20160221.mat,4350499,2026-04-02 13:43:41
Soil_Moisture\DDCA\DDCA_MH\SM\20160212.mat,4802710,2026-04-02 13:43:40
Soil_Moisture\DDCA\DDCA_MH\SM\20160213.mat,4158374,2026-04-02 13:43:40
Soil_Moisture\DDCA\DDCA_MH\SM\20160218.mat,4826588,2026-04-02 13:43:40
Soil_Moisture\DDCA\DDCA_MH\SM\20160215.mat,4801250,2026-04-02 13:43:39
Soil_Moisture\DDCA\DDCA_MH\SM\20160216.mat,3867609,2026-04-02 13:43:39
Soil_Moisture\DDCA\DDCA_MH\SM\20160219.mat,3698580,2026-04-02 13:43:39
Soil_Moisture\DDCA\DDCA_MH\SM\20160210.mat,4713619,2026-04-02 13:43:38
Soil_Moisture\DDCA\DDCA_MH\SM\20160214.mat,4055618,2026-04-02 13:43:38
Soil_Moisture\DDCA\DDCA_MH\SM\20160217.mat,4384031,2026-04-02 13:43:38
Soil_Moisture\DDCA\DDCA_MH\SM\20160211.mat,3885154,2026-04-02 13:43:37
Soil_Moisture\DDCA\DDCA_MH\SM\20160207.mat,4454019,2026-04-02 13:43:36
Soil_Moisture\DDCA\DDCA_MH\SM\20160209.mat,4040735,2026-04-02 13:43:36
Soil_Moisture\DDCA\DDCA_MH\SM\20160206.mat,3652239,2026-04-02 13:43:35
Soil_Moisture\DDCA\DDCA_MH\SM\20160208.mat,3603144,2026-04-02 13:43:35
Soil_Moisture\DDCA\DDCA_MH\SM\20160204.mat,4478563,2026-04-02 13:43:33
Soil_Moisture\DDCA\DDCA_MH\SM\20160205.mat,3914795,2026-04-02 13:43:33
Soil_Moisture\DDCA\DDCA_MH\SM\20160128.mat,4000156,2026-04-02 13:43:32
Soil_Moisture\DDCA\DDCA_MH\SM\20160130.mat,4512200,2026-04-02 13:43:32
Soil_Moisture\DDCA\DDCA_MH\SM\20160202.mat,4145692,2026-04-02 13:43:32
Soil_Moisture\DDCA\DDCA_MH\SM\20160127.mat,4444534,2026-04-02 13:43:31
Soil_Moisture\DDCA\DDCA_MH\SM\20160129.mat,3713504,2026-04-02 13:43:31
Soil_Moisture\DDCA\DDCA_MH\SM\20160131.mat,3703370,2026-04-02 13:43:31
Soil_Moisture\DDCA\DDCA_MH\SM\20160201.mat,4037769,2026-04-02 13:43:31
Soil_Moisture\DDCA\DDCA_MH\SM\20160203.mat,3515164,2026-04-02 13:43:31
Soil_Moisture\DDCA\DDCA_MH\SM\20160126.mat,3585847,2026-04-02 13:43:30
Soil_Moisture\DDCA\DDCA_MH\SM\20160122.mat,4614534,2026-04-02 13:43:29
Soil_Moisture\DDCA\DDCA_MH\SM\20160124.mat,4089869,2026-04-02 13:43:28
Soil_Moisture\DDCA\DDCA_MH\SM\20160125.mat,4398639,2026-04-02 13:43:28
Soil_Moisture\DDCA\DDCA_MH\SM\20160121.mat,3839910,2026-04-02 13:43:27
Soil_Moisture\DDCA\DDCA_MH\SM\20160123.mat,3841069,2026-04-02 13:43:27
Soil_Moisture\DDCA\DDCA_MH\SM\20160120.mat,4145886,2026-04-02 13:43:26
Soil_Moisture\DDCA\DDCA_MH\SM\20160111.mat,4603777,2026-04-02 13:43:25
Soil_Moisture\DDCA\DDCA_MH\SM\20160119.mat,4535227,2026-04-02 13:43:25
Soil_Moisture\DDCA\DDCA_MH\SM\20160112.mat,4193038,2026-04-02 13:43:24
Soil_Moisture\DDCA\DDCA_MH\SM\20160113.mat,3796814,2026-04-02 13:43:24
Soil_Moisture\DDCA\DDCA_MH\SM\20160118.mat,3712756,2026-04-02 13:43:24
Soil_Moisture\DDCA\DDCA_MH\SM\20160114.mat,4668222,2026-04-02 13:43:23
Soil_Moisture\DDCA\DDCA_MH\SM\20160115.mat,3912708,2026-04-02 13:43:23
Soil_Moisture\DDCA\DDCA_MH\SM\20160116.mat,4145288,2026-04-02 13:43:23
Soil_Moisture\DDCA\DDCA_MH\SM\20160108.mat,4157627,2026-04-02 13:43:22
Soil_Moisture\DDCA\DDCA_MH\SM\20160109.mat,4571965,2026-04-02 13:43:22
Soil_Moisture\DDCA\DDCA_MH\SM\20160110.mat,3764009,2026-04-02 13:43:22
Soil_Moisture\DDCA\DDCA_MH\SM\20160117.mat,4502572,2026-04-02 13:43:22
Soil_Moisture\DDCA\DDCA_MH\SM\20160107.mat,3971753,2026-04-02 13:43:20
Soil_Moisture\DDCA\DDCA_MH\SM\20160105.mat,3882309,2026-04-02 13:43:19
Soil_Moisture\DDCA\DDCA_MH\SM\20160106.mat,4735383,2026-04-02 13:43:19
Soil_Moisture\DDCA\DDCA_MH\SM\20151231.mat,477265,2026-04-02 13:43:17
Soil_Moisture\DDCA\DDCA_MH\SM\20160101.mat,4796885,2026-04-02 13:43:17
Soil_Moisture\DDCA\DDCA_MH\SM\20160102.mat,3815138,2026-04-02 13:43:17
Soil_Moisture\DDCA\DDCA_MH\SM\20160104.mat,3856628,2026-04-02 13:43:17
Soil_Moisture\DDCA\DDCA_MH\SM\20151223.mat,4141273,2026-04-02 13:43:16
Soil_Moisture\DDCA\DDCA_MH\SM\20151226.mat,3504111,2026-04-02 13:43:16
Soil_Moisture\DDCA\DDCA_MH\SM\20151227.mat,4312411,2026-04-02 13:43:16
Soil_Moisture\DDCA\DDCA_MH\SM\20160103.mat,4638857,2026-04-02 13:43:16
Soil_Moisture\DDCA\DDCA_MH\SM\20151225.mat,2935769,2026-04-02 13:43:15
Soil_Moisture\DDCA\DDCA_MH\SM\20151230.mat,477265,2026-04-02 13:43:15
Soil_Moisture\DDCA\DDCA_MH\SM\20151222.mat,3879740,2026-04-02 13:43:14
Soil_Moisture\DDCA\DDCA_MH\SM\20151224.mat,3115006,2026-04-02 13:43:14
Soil_Moisture\DDCA\DDCA_MH\SM\20151228.mat,477265,2026-04-02 13:43:14
Soil_Moisture\DDCA\DDCA_MH\SM\20151229.mat,477265,2026-04-02 13:43:13
Soil_Moisture\DDCA\DDCA_MH\SM\20151221.mat,4742561,2026-04-02 13:43:12
Soil_Moisture\DDCA\DDCA_MH\SM\20151210.mat,3979406,2026-04-02 13:43:11
Soil_Moisture\DDCA\DDCA_MH\SM\20151212.mat,3833840,2026-04-02 13:43:11
Soil_Moisture\DDCA\DDCA_MH\SM\20151208.mat,4418485,2026-04-02 13:43:10
Soil_Moisture\DDCA\DDCA_MH\SM\20151209.mat,3689899,2026-04-02 13:43:10
Soil_Moisture\DDCA\DDCA_MH\SM\20151211.mat,3965669,2026-04-02 13:43:10
Soil_Moisture\DDCA\DDCA_MH\SM\20151213.mat,4359975,2026-04-02 13:43:10
Soil_Moisture\DDCA\DDCA_MH\SM\20151214.mat,3826369,2026-04-02 13:43:10
Soil_Moisture\DDCA\DDCA_MH\SM\20151215.mat,1238970,2026-04-02 13:43:10
Soil_Moisture\DDCA\DDCA_MH\SM\20151218.mat,4570074,2026-04-02 13:43:10
Soil_Moisture\DDCA\DDCA_MH\SM\20151219.mat,4175570,2026-04-02 13:43:10
Soil_Moisture\DDCA\DDCA_MH\SM\20151220.mat,3845460,2026-04-02 13:43:10
Soil_Moisture\DDCA\DDCA_MH\SM\20151217.mat,1105026,2026-04-02 13:43:09
Soil_Moisture\DDCA\DDCA_MH\SM\20151207.mat,4099114,2026-04-02 13:43:08
Soil_Moisture\DDCA\DDCA_MH\SM\20151205.mat,4652483,2026-04-02 13:43:06
Soil_Moisture\DDCA\DDCA_MH\SM\20151206.mat,3834303,2026-04-02 13:43:05
Soil_Moisture\DDCA\DDCA_MH\SM\20151126.mat,3624477,2026-04-02 13:43:04
Soil_Moisture\DDCA\DDCA_MH\SM\20151123.mat,3552759,2026-04-02 13:43:03
Soil_Moisture\DDCA\DDCA_MH\SM\20151124.mat,4488691,2026-04-02 13:43:03
Soil_Moisture\DDCA\DDCA_MH\SM\20151125.mat,4082334,2026-04-02 13:43:03
Soil_Moisture\DDCA\DDCA_MH\SM\20151128.mat,3714144,2026-04-02 13:43:03
Soil_Moisture\DDCA\DDCA_MH\SM\20151129.mat,3977167,2026-04-02 13:43:03
Soil_Moisture\DDCA\DDCA_MH\SM\20151130.mat,4228982,2026-04-02 13:43:03
Soil_Moisture\DDCA\DDCA_MH\SM\20151201.mat,3550274,2026-04-02 13:43:03
Soil_Moisture\DDCA\DDCA_MH\SM\20151202.mat,4456640,2026-04-02 13:43:03
Soil_Moisture\DDCA\DDCA_MH\SM\20151203.mat,4072554,2026-04-02 13:43:03
Soil_Moisture\DDCA\DDCA_MH\SM\20151204.mat,3764094,2026-04-02 13:43:03
Soil_Moisture\DDCA\DDCA_MH\SM\20151127.mat,4616111,2026-04-02 13:43:02
Soil_Moisture\DDCA\DDCA_MH\SM\20151122.mat,4400352,2026-04-02 13:43:01
Soil_Moisture\DDCA\DDCA_MH\SM\20151121.mat,3998751,2026-04-02 13:43:00
Soil_Moisture\DDCA\DDCA_MH\SM\20151110.mat,4116561,2026-04-02 13:42:57
Soil_Moisture\DDCA\DDCA_MH\SM\20151112.mat,4191111,2026-04-02 13:42:57
Soil_Moisture\DDCA\DDCA_MH\SM\20151114.mat,3982627,2026-04-02 13:42:57
Soil_Moisture\DDCA\DDCA_MH\SM\20151115.mat,3983715,2026-04-02 13:42:57
Soil_Moisture\DDCA\DDCA_MH\SM\20151117.mat,4710653,2026-04-02 13:42:57
Soil_Moisture\DDCA\DDCA_MH\SM\20151118.mat,3707861,2026-04-02 13:42:57
Soil_Moisture\DDCA\DDCA_MH\SM\20151119.mat,4616811,2026-04-02 13:42:57
Soil_Moisture\DDCA\DDCA_MH\SM\20151120.mat,3704948,2026-04-02 13:42:57
Soil_Moisture\DDCA\DDCA_MH\SM\20151111.mat,5278360,2026-04-02 13:42:56
Soil_Moisture\DDCA\DDCA_MH\SM\20151113.mat,4540023,2026-04-02 13:42:56
Soil_Moisture\DDCA\DDCA_MH\SM\20151116.mat,5164539,2026-04-02 13:42:56
Soil_Moisture\DDCA\DDCA_MH\SM\20151108.mat,5378426,2026-04-02 13:42:54
Soil_Moisture\DDCA\DDCA_MH\SM\20151109.mat,4952613,2026-04-02 13:42:53
Soil_Moisture\DDCA\DDCA_MH\SM\20151102.mat,4352932,2026-04-02 13:42:50
Soil_Moisture\DDCA\DDCA_MH\SM\20151103.mat,5494746,2026-04-02 13:42:50
Soil_Moisture\DDCA\DDCA_MH\SM\20151104.mat,4472673,2026-04-02 13:42:50
Soil_Moisture\DDCA\DDCA_MH\SM\20151105.mat,4760240,2026-04-02 13:42:50
Soil_Moisture\DDCA\DDCA_MH\SM\20151106.mat,5268412,2026-04-02 13:42:50
Soil_Moisture\DDCA\DDCA_MH\SM\20151107.mat,4295005,2026-04-02 13:42:50
Soil_Moisture\DDCA\DDCA_MH\SM\20151029.mat,5534150,2026-04-02 13:42:49
Soil_Moisture\DDCA\DDCA_MH\SM\20151030.mat,3819813,2026-04-02 13:42:49
Soil_Moisture\DDCA\DDCA_MH\SM\20151031.mat,4729854,2026-04-02 13:42:49
Soil_Moisture\DDCA\DDCA_MH\SM\20151101.mat,5234299,2026-04-02 13:42:49
Soil_Moisture\DDCA\DDCA_MH\SM\20151028.mat,4815407,2026-04-02 13:42:47
Soil_Moisture\DDCA\DDCA_MH\SM\20151027.mat,4680110,2026-04-02 13:42:46
Soil_Moisture\DDCA\DDCA_MH\SM\20151026.mat,5660803,2026-04-02 13:42:44
Soil_Moisture\DDCA\DDCA_MH\SM\20151018.mat,6066063,2026-04-02 13:42:43
Soil_Moisture\DDCA\DDCA_MH\SM\20151020.mat,5185314,2026-04-02 13:42:43
Soil_Moisture\DDCA\DDCA_MH\SM\20151021.mat,5766793,2026-04-02 13:42:43
Soil_Moisture\DDCA\DDCA_MH\SM\20151022.mat,4687261,2026-04-02 13:42:43
Soil_Moisture\DDCA\DDCA_MH\SM\20151023.mat,5838721,2026-04-02 13:42:43
Soil_Moisture\DDCA\DDCA_MH\SM\20151025.mat,4460231,2026-04-02 13:42:43
Soil_Moisture\DDCA\DDCA_MH\SM\20151024.mat,5369587,2026-04-02 13:42:42
Soil_Moisture\DDCA\DDCA_MH\SM\20151016.mat,5746388,2026-04-02 13:42:41
Soil_Moisture\DDCA\DDCA_MH\SM\20151017.mat,4736239,2026-04-02 13:42:41
Soil_Moisture\DDCA\DDCA_MH\SM\20151015.mat,6023852,2026-04-02 13:42:39
Soil_Moisture\DDCA\DDCA_MH\SM\20151019.mat,4946420,2026-04-02 13:42:38
Soil_Moisture\DDCA\DDCA_MH\SM\20151011.mat,5174528,2026-04-02 13:42:36
Soil_Moisture\DDCA\DDCA_MH\SM\20151012.mat,5385403,2026-04-02 13:42:36
Soil_Moisture\DDCA\DDCA_MH\SM\20151005.mat,6303618,2026-04-02 13:42:35
Soil_Moisture\DDCA\DDCA_MH\SM\20151007.mat,6298941,2026-04-02 13:42:35
Soil_Moisture\DDCA\DDCA_MH\SM\20151008.mat,5934175,2026-04-02 13:42:35
Soil_Moisture\DDCA\DDCA_MH\SM\20151009.mat,4991243,2026-04-02 13:42:35
Soil_Moisture\DDCA\DDCA_MH\SM\20151010.mat,6171002,2026-04-02 13:42:35
Soil_Moisture\DDCA\DDCA_MH\SM\20151013.mat,5981072,2026-04-02 13:42:35
Soil_Moisture\DDCA\DDCA_MH\SM\20151014.mat,4983885,2026-04-02 13:42:35
Soil_Moisture\DDCA\DDCA_MH\SM\20151006.mat,5332043,2026-04-02 13:42:34
Soil_Moisture\DDCA\DDCA_MH\SM\20150929.mat,6468533,2026-04-02 13:42:30
Soil_Moisture\DDCA\DDCA_MH\SM\20151004.mat,5663199,2026-04-02 13:42:30
Soil_Moisture\DDCA\DDCA_MH\SM\20151002.mat,6533133,2026-04-02 13:42:29
Soil_Moisture\DDCA\DDCA_MH\SM\20151003.mat,5537459,2026-04-02 13:42:29
Soil_Moisture\DDCA\DDCA_MH\SM\20150926.mat,5299357,2026-04-02 13:42:28
Soil_Moisture\DDCA\DDCA_MH\SM\20150928.mat,5745179,2026-04-02 13:42:28
Soil_Moisture\DDCA\DDCA_MH\SM\20150930.mat,6406640,2026-04-02 13:42:28
Soil_Moisture\DDCA\DDCA_MH\SM\20150924.mat,6727597,2026-04-02 13:42:27
Soil_Moisture\DDCA\DDCA_MH\SM\20150925.mat,5886993,2026-04-02 13:42:27
Soil_Moisture\DDCA\DDCA_MH\SM\20150927.mat,6588978,2026-04-02 13:42:27
Soil_Moisture\DDCA\DDCA_MH\SM\20151001.mat,5295663,2026-04-02 13:42:26
Soil_Moisture\DDCA\DDCA_MH\SM\20150922.mat,6658992,2026-04-02 13:42:25
Soil_Moisture\DDCA\DDCA_MH\SM\20150923.mat,5601421,2026-04-02 13:42:24
Soil_Moisture\DDCA\DDCA_MH\SM\20150916.mat,7121142,2026-04-02 13:42:20
Soil_Moisture\DDCA\DDCA_MH\SM\20150921.mat,6730356,2026-04-02 13:42:20
Soil_Moisture\DDCA\DDCA_MH\SM\20150808.mat,8028982,2026-04-02 13:42:19
Soil_Moisture\DDCA\DDCA_MH\SM\20150917.mat,6225480,2026-04-02 13:42:19
Soil_Moisture\DDCA\DDCA_MH\SM\20150918.mat,6337648,2026-04-02 13:42:19
Soil_Moisture\DDCA\DDCA_MH\SM\20150919.mat,6908041,2026-04-02 13:42:19
Soil_Moisture\DDCA\DDCA_MH\SM\20150920.mat,6119617,2026-04-02 13:42:19
Soil_Moisture\DDCA\DDCA_MH\SM\20150913.mat,7213061,2026-04-02 13:42:18
Soil_Moisture\DDCA\DDCA_MH\SM\20150914.mat,7335380,2026-04-02 13:42:18
Soil_Moisture\DDCA\DDCA_MH\SM\20150915.mat,5983072,2026-04-02 13:42:18
Soil_Moisture\DDCA\DDCA_MH\SM\20150908.mat,7671569,2026-04-02 13:42:15
Soil_Moisture\DDCA\DDCA_MH\SM\20150912.mat,6702554,2026-04-02 13:42:14
Soil_Moisture\DDCA\DDCA_MH\SM\20150911.mat,7478325,2026-04-02 13:42:13
Soil_Moisture\DDCA\DDCA_MH\SM\20150906.mat,7678868,2026-04-02 13:42:12
Soil_Moisture\DDCA\DDCA_MH\SM\20150904.mat,6057251,2026-04-02 13:42:11
Soil_Moisture\DDCA\DDCA_MH\SM\20150905.mat,7516664,2026-04-02 13:42:11
Soil_Moisture\DDCA\DDCA_MH\SM\20150907.mat,6393458,2026-04-02 13:42:11
Soil_Moisture\DDCA\DDCA_MH\SM\20150909.mat,6675713,2026-04-02 13:42:11
Soil_Moisture\DDCA\DDCA_MH\SM\20150910.mat,6761945,2026-04-02 13:42:11
Soil_Moisture\DDCA\DDCA_MH\SM\20150829.mat,8459561,2026-04-02 13:42:08
Soil_Moisture\DDCA\DDCA_MH\SM\20150903.mat,7898919,2026-04-02 13:42:07
Soil_Moisture\DDCA\DDCA_MH\SM\20150826.mat,8379170,2026-04-02 13:42:04
Soil_Moisture\DDCA\DDCA_MH\SM\20150831.mat,8119703,2026-04-02 13:42:04
Soil_Moisture\DDCA\DDCA_MH\SM\20150827.mat,7636427,2026-04-02 13:42:03
Soil_Moisture\DDCA\DDCA_MH\SM\20150828.mat,7983820,2026-04-02 13:42:03
Soil_Moisture\DDCA\DDCA_MH\SM\20150830.mat,6790425,2026-04-02 13:42:03
Soil_Moisture\DDCA\DDCA_MH\SM\20150901.mat,7200914,2026-04-02 13:42:03
Soil_Moisture\DDCA\DDCA_MH\SM\20150902.mat,7099868,2026-04-02 13:42:03
Soil_Moisture\DDCA\DDCA_MH\SM\20150818.mat,8962268,2026-04-02 13:41:55
Soil_Moisture\DDCA\DDCA_MH\SM\20150820.mat,8497250,2026-04-02 13:41:55
Soil_Moisture\DDCA\DDCA_MH\SM\20150821.mat,8834657,2026-04-02 13:41:55
Soil_Moisture\DDCA\DDCA_MH\SM\20150823.mat,8618766,2026-04-02 13:41:55
Soil_Moisture\DDCA\DDCA_MH\SM\20150817.mat,7959637,2026-04-02 13:41:54
Soil_Moisture\DDCA\DDCA_MH\SM\20150819.mat,8149592,2026-04-02 13:41:54
Soil_Moisture\DDCA\DDCA_MH\SM\20150822.mat,7227986,2026-04-02 13:41:54
Soil_Moisture\DDCA\DDCA_MH\SM\20150824.mat,6600404,2026-04-02 13:41:54
Soil_Moisture\DDCA\DDCA_MH\SM\20150825.mat,7525781,2026-04-02 13:41:54
Soil_Moisture\DDCA\DDCA_MH\SM\20150810.mat,9252232,2026-04-02 13:41:47
Soil_Moisture\DDCA\DDCA_MH\SM\20150811.mat,8531442,2026-04-02 13:41:47
Soil_Moisture\DDCA\DDCA_MH\SM\20150812.mat,8697789,2026-04-02 13:41:47
Soil_Moisture\DDCA\DDCA_MH\SM\20150813.mat,9154765,2026-04-02 13:41:47
Soil_Moisture\DDCA\DDCA_MH\SM\20150814.mat,7662752,2026-04-02 13:41:46
Soil_Moisture\DDCA\DDCA_MH\SM\20150815.mat,9202352,2026-04-02 13:41:46
Soil_Moisture\DDCA\DDCA_MH\SM\20150816.mat,7534297,2026-04-02 13:41:46
Soil_Moisture\DDCA\DDCA_MH\SM\20150809.mat,8272492,2026-04-02 13:41:45
Soil_Moisture\DDCA\DDCA_MH\SM\20150730.mat,9648428,2026-04-02 13:41:38
Soil_Moisture\DDCA\DDCA_MH\SM\20150731.mat,8974445,2026-04-02 13:41:38
Soil_Moisture\DDCA\DDCA_MH\SM\20150806.mat,8024808,2026-04-02 13:41:38
Soil_Moisture\DDCA\DDCA_MH\SM\20150807.mat,9446426,2026-04-02 13:41:38
Soil_Moisture\DDCA\DDCA_MH\SM\20150801.mat,7525915,2026-04-02 13:41:37
Soil_Moisture\DDCA\DDCA_MH\SM\20150802.mat,9501591,2026-04-02 13:41:37
Soil_Moisture\DDCA\DDCA_MH\SM\20150804.mat,7633055,2026-04-02 13:41:37
Soil_Moisture\DDCA\DDCA_MH\SM\20150805.mat,9601507,2026-04-02 13:41:37
Soil_Moisture\DDCA\DDCA_MH\SM\20150729.mat,8364138,2026-04-02 13:41:36
Soil_Moisture\DDCA\DDCA_MH\SM\20150803.mat,8931701,2026-04-02 13:41:36
Soil_Moisture\DDCA\DDCA_MH\SM\20150722.mat,9713163,2026-04-02 13:41:29
Soil_Moisture\DDCA\DDCA_MH\SM\20150720.mat,9519816,2026-04-02 13:41:27
Soil_Moisture\DDCA\DDCA_MH\SM\20150721.mat,8405653,2026-04-02 13:41:27
Soil_Moisture\DDCA\DDCA_MH\SM\20150723.mat,8388093,2026-04-02 13:41:27
Soil_Moisture\DDCA\DDCA_MH\SM\20150727.mat,8946485,2026-04-02 13:41:27
Soil_Moisture\DDCA\DDCA_MH\SM\20150728.mat,7473944,2026-04-02 13:41:27
Soil_Moisture\DDCA\DDCA_MH\SM\20150719.mat,8643118,2026-04-02 13:41:26
Soil_Moisture\DDCA\DDCA_MH\SM\20150724.mat,8584991,2026-04-02 13:41:26
Soil_Moisture\DDCA\DDCA_MH\SM\20150725.mat,9615811,2026-04-02 13:41:26
Soil_Moisture\DDCA\DDCA_MH\SM\20150726.mat,9051431,2026-04-02 13:41:26
Soil_Moisture\DDCA\DDCA_MH\SM\20150718.mat,8688369,2026-04-02 13:41:22
Soil_Moisture\DDCA\DDCA_MH\SM\20150711.mat,8435977,2026-04-02 13:41:17
Soil_Moisture\DDCA\DDCA_MH\SM\20150709.mat,9065001,2026-04-02 13:41:16
Soil_Moisture\DDCA\DDCA_MH\SM\20150710.mat,8367342,2026-04-02 13:41:16
Soil_Moisture\DDCA\DDCA_MH\SM\20150712.mat,9151941,2026-04-02 13:41:16
Soil_Moisture\DDCA\DDCA_MH\SM\20150714.mat,8666467,2026-04-02 13:41:16
Soil_Moisture\DDCA\DDCA_MH\SM\20150715.mat,8750188,2026-04-02 13:41:16
Soil_Moisture\DDCA\DDCA_MH\SM\20150717.mat,9366227,2026-04-02 13:41:16
Soil_Moisture\DDCA\DDCA_MH\SM\20150713.mat,7512470,2026-04-02 13:41:15
Soil_Moisture\DDCA\DDCA_MH\SM\20150716.mat,8032174,2026-04-02 13:41:15
Soil_Moisture\DDCA\DDCA_MH\SM\20150708.mat,8051448,2026-04-02 13:41:11
Soil_Moisture\DDCA\DDCA_MH\SM\20150703.mat,8435253,2026-04-02 13:41:09
Soil_Moisture\DDCA\DDCA_MH\SM\20150701.mat,8936363,2026-04-02 13:41:08
Soil_Moisture\DDCA\DDCA_MH\SM\20150706.mat,9303705,2026-04-02 13:41:08
Soil_Moisture\DDCA\DDCA_MH\SM\20150707.mat,7908060,2026-04-02 13:41:07
Soil_Moisture\DDCA\DDCA_MH\SM\20150702.mat,8244365,2026-04-02 13:41:06
Soil_Moisture\DDCA\DDCA_MH\SM\20150704.mat,9100361,2026-04-02 13:41:06
Soil_Moisture\DDCA\DDCA_MH\SM\20150705.mat,7898153,2026-04-02 13:41:06
Soil_Moisture\DDCA\DDCA_MH\SM\20150630.mat,8096601,2026-04-02 13:41:05
Soil_Moisture\DDCA\DDCA_MH\SM\20150629.mat,8285071,2026-04-02 13:41:04
Soil_Moisture\DDCA\DDCA_MH\SM\20150628.mat,9123726,2026-04-02 13:41:02
Soil_Moisture\DDCA\DDCA_MH\SM\20150623.mat,8707195,2026-04-02 13:41:00
Soil_Moisture\DDCA\DDCA_MH\SM\20150618.mat,8135041,2026-04-02 13:40:57
Soil_Moisture\DDCA\DDCA_MH\SM\20150620.mat,8615334,2026-04-02 13:40:57
Soil_Moisture\DDCA\DDCA_MH\SM\20150624.mat,7976951,2026-04-02 13:40:57
Soil_Moisture\DDCA\DDCA_MH\SM\20150625.mat,7674880,2026-04-02 13:40:57
Soil_Moisture\DDCA\DDCA_MH\SM\20150621.mat,7996652,2026-04-02 13:40:56
Soil_Moisture\DDCA\DDCA_MH\SM\20150622.mat,7521218,2026-04-02 13:40:56
Soil_Moisture\DDCA\DDCA_MH\SM\20150627.mat,7754238,2026-04-02 13:40:56
Soil_Moisture\DDCA\DDCA_MH\SM\20150619.mat,7056113,2026-04-02 13:40:53
Soil_Moisture\DDCA\DDCA_MH\SM\20150626.mat,9036864,2026-04-02 13:40:52
Soil_Moisture\DDCA\DDCA_MH\SM\20150615.mat,8325722,2026-04-02 13:40:50
Soil_Moisture\DDCA\DDCA_MH\SM\20150617.mat,1585429,2026-04-02 13:40:47
Soil_Moisture\DDCA\DDCA_MH\SM\20150607.mat,8028647,2026-04-02 13:40:46
Soil_Moisture\DDCA\DDCA_MH\SM\20150610.mat,8125100,2026-04-02 13:40:46
Soil_Moisture\DDCA\DDCA_MH\SM\20150614.mat,7721482,2026-04-02 13:40:46
Soil_Moisture\DDCA\DDCA_MH\SM\20150616.mat,4082088,2026-04-02 13:40:46
Soil_Moisture\DDCA\DDCA_MH\SM\20150611.mat,6648904,2026-04-02 13:40:45
Soil_Moisture\DDCA\DDCA_MH\SM\20150612.mat,8654262,2026-04-02 13:40:45
Soil_Moisture\DDCA\DDCA_MH\SM\20150604.mat,8297380,2026-04-02 13:40:44
Soil_Moisture\DDCA\DDCA_MH\SM\20150609.mat,7867932,2026-04-02 13:40:44
Soil_Moisture\DDCA\DDCA_MH\SM\20150613.mat,7616155,2026-04-02 13:40:44
Soil_Moisture\DDCA\DDCA_MH\SM\20150608.mat,7286913,2026-04-02 13:40:42
Soil_Moisture\DDCA\DDCA_MH\SM\20150530.mat,7598577,2026-04-02 13:40:41
Soil_Moisture\DDCA\DDCA_MH\SM\20150606.mat,7444000,2026-04-02 13:40:40
Soil_Moisture\DDCA\DDCA_MH\SM\20150602.mat,7534658,2026-04-02 13:40:39
Soil_Moisture\DDCA\DDCA_MH\SM\20150531.mat,6865351,2026-04-02 13:40:37
Soil_Moisture\DDCA\DDCA_MH\SM\20150605.mat,7267377,2026-04-02 13:40:37
Soil_Moisture\DDCA\DDCA_MH\SM\20150601.mat,7471999,2026-04-02 13:40:36
Soil_Moisture\DDCA\DDCA_MH\SM\20150603.mat,5921261,2026-04-02 13:40:36
Soil_Moisture\DDCA\DDCA_MH\SM\20150529.mat,7068561,2026-04-02 13:40:35
Soil_Moisture\DDCA\DDCA_MH\SM\20150528.mat,6851343,2026-04-02 13:40:34
Soil_Moisture\DDCA\DDCA_MH\SM\20150520.mat,5999602,2026-04-02 13:40:28
Soil_Moisture\DDCA\DDCA_MH\SM\20150521.mat,6569607,2026-04-02 13:40:28
Soil_Moisture\DDCA\DDCA_MH\SM\20150522.mat,7165159,2026-04-02 13:40:28
Soil_Moisture\DDCA\DDCA_MH\SM\20150523.mat,6370590,2026-04-02 13:40:28
Soil_Moisture\DDCA\DDCA_MH\SM\20150524.mat,7047808,2026-04-02 13:40:28
Soil_Moisture\DDCA\DDCA_MH\SM\20150525.mat,7473780,2026-04-02 13:40:28
Soil_Moisture\DDCA\DDCA_MH\SM\20150518.mat,6238350,2026-04-02 13:40:27
Soil_Moisture\DDCA\DDCA_MH\SM\20150519.mat,7328547,2026-04-02 13:40:27
Soil_Moisture\DDCA\DDCA_MH\SM\20150526.mat,6732278,2026-04-02 13:40:27
Soil_Moisture\DDCA\DDCA_MH\SM\20150527.mat,7854890,2026-04-02 13:40:27
Soil_Moisture\DDCA\DDCA_MH\SM\20150508.mat,6438292,2026-04-02 13:40:20
Soil_Moisture\DDCA\DDCA_MH\SM\20150511.mat,6932830,2026-04-02 13:40:20
Soil_Moisture\DDCA\DDCA_MH\SM\20150507.mat,5797443,2026-04-02 13:40:19
Soil_Moisture\DDCA\DDCA_MH\SM\20150509.mat,6663901,2026-04-02 13:40:19
Soil_Moisture\DDCA\DDCA_MH\SM\20150510.mat,4881582,2026-04-02 13:40:19
Soil_Moisture\DDCA\DDCA_MH\SM\20150512.mat,4081929,2026-04-02 13:40:19
Soil_Moisture\DDCA\DDCA_MH\SM\20150514.mat,1401283,2026-04-02 13:40:19
Soil_Moisture\DDCA\DDCA_MH\SM\20150515.mat,4842050,2026-04-02 13:40:19
Soil_Moisture\DDCA\DDCA_MH\SM\20150516.mat,6692835,2026-04-02 13:40:19
Soil_Moisture\DDCA\DDCA_MH\SM\20150517.mat,6950372,2026-04-02 13:40:19
Soil_Moisture\DDCA\DDCA_MH\SM\20150429.mat,5627602,2026-04-02 13:40:13
Soil_Moisture\DDCA\DDCA_MH\SM\20150430.mat,6196486,2026-04-02 13:40:13
Soil_Moisture\DDCA\DDCA_MH\SM\20150504.mat,6013002,2026-04-02 13:40:13
Soil_Moisture\DDCA\DDCA_MH\SM\20150506.mat,6363941,2026-04-02 13:40:13
Soil_Moisture\DDCA\DDCA_MH\SM\20150427.mat,5791997,2026-04-02 13:40:12
Soil_Moisture\DDCA\DDCA_MH\SM\20150428.mat,6227491,2026-04-02 13:40:12
Soil_Moisture\DDCA\DDCA_MH\SM\20150501.mat,6400595,2026-04-02 13:40:12
Soil_Moisture\DDCA\DDCA_MH\SM\20150502.mat,5337097,2026-04-02 13:40:12
Soil_Moisture\DDCA\DDCA_MH\SM\20150503.mat,6271467,2026-04-02 13:40:12
Soil_Moisture\DDCA\DDCA_MH\SM\20150505.mat,6104942,2026-04-02 13:40:12
Soil_Moisture\DDCA\DDCA_MH\SM\20150426.mat,5678733,2026-04-02 13:40:08
Soil_Moisture\DDCA\DDCA_MH\SM\20150425.mat,6390585,2026-04-02 13:40:05
Soil_Moisture\DDCA\DDCA_MH\SM\20150417.mat,5877054,2026-04-02 13:40:04
Soil_Moisture\DDCA\DDCA_MH\SM\20150418.mat,5480137,2026-04-02 13:40:04
Soil_Moisture\DDCA\DDCA_MH\SM\20150419.mat,5585535,2026-04-02 13:40:04
Soil_Moisture\DDCA\DDCA_MH\SM\20150420.mat,6059411,2026-04-02 13:40:04
Soil_Moisture\DDCA\DDCA_MH\SM\20150421.mat,5391267,2026-04-02 13:40:04
Soil_Moisture\DDCA\DDCA_MH\SM\20150422.mat,6004124,2026-04-02 13:40:04
Soil_Moisture\DDCA\DDCA_MH\SM\20150423.mat,6205690,2026-04-02 13:40:04
Soil_Moisture\DDCA\DDCA_MH\SM\20150424.mat,5570985,2026-04-02 13:40:04
Soil_Moisture\DDCA\DDCA_MH\SM\20150416.mat,5358495,2026-04-02 13:40:03
Soil_Moisture\DDCA\DDCA_MH\SM\20150415.mat,5936028,2026-04-02 13:40:00
Soil_Moisture\DDCA\DDCA_MH\MM\SM_mh_m_2021.mat,99674495,2026-04-02 13:39:57
Soil_Moisture\DDCA\DDCA_MH\SM\20150407.mat,5727402,2026-04-02 13:39:57
Soil_Moisture\DDCA\DDCA_MH\SM\20150410.mat,5296630,2026-04-02 13:39:57
Soil_Moisture\DDCA\DDCA_MH\SM\20150413.mat,5235371,2026-04-02 13:39:57
Soil_Moisture\DDCA\DDCA_MH\SM\20150414.mat,5902856,2026-04-02 13:39:57
Soil_Moisture\DDCA\DDCA_MH\SM\20150408.mat,5201595,2026-04-02 13:39:56
Soil_Moisture\DDCA\DDCA_MH\SM\20150409.mat,5991620,2026-04-02 13:39:56
Soil_Moisture\DDCA\DDCA_MH\SM\20150411.mat,5475476,2026-04-02 13:39:56
Soil_Moisture\DDCA\DDCA_MH\SM\20150412.mat,5846406,2026-04-02 13:39:56
Soil_Moisture\DDCA\DDCA_MH\SM\20150405.mat,5043988,2026-04-02 13:39:52
Soil_Moisture\DDCA\DDCA_MH\SM\20150406.mat,5739481,2026-04-02 13:39:51
Soil_Moisture\DDCA\DDCA_MH\MM\SM_mh_m_2015.mat,99466116,2026-04-02 13:39:50
Soil_Moisture\DDCA\DDCA_MH\MM\SM_mh_m_2016.mat,100922500,2026-04-02 13:39:50
Soil_Moisture\DDCA\DDCA_MH\MM\SM_mh_m_2017.mat,99984622,2026-04-02 13:39:50
Soil_Moisture\DDCA\DDCA_MH\MM\SM_mh_m_2019.mat,98703022,2026-04-02 13:39:49
Soil_Moisture\DDCA\DDCA_MH\SM\20150404.mat,5696618,2026-04-02 13:39:49
Soil_Moisture\DDCA\DDCA_MH\SM\20150403.mat,4641672,2026-04-02 13:39:48
Soil_Moisture\DDCA\DDCA_MH\MM\SM_mh_m_2018.mat,99634376,2026-04-02 13:39:46
Soil_Moisture\DDCA\DDCA_MH\SM\20150401.mat,5884520,2026-04-02 13:39:44
Soil_Moisture\DDCA\DDCA_MH\SM\20150402.mat,5060368,2026-04-02 13:39:44
Soil_Moisture\DDCA\DDCA_MH\MM\SM_mh_m_2020.mat,100297380,2026-04-02 13:39:36
Soil_Moisture\DDCA\DDCA_MH\H\MH_8.mat,10846925,2026-04-02 13:38:25
Soil_Moisture\DDCA\DDCA_MH\H\MH_9.mat,10220804,2026-04-02 13:38:25
Soil_Moisture\DDCA\DDCA_MH\H\MH_7.mat,10738526,2026-04-02 13:38:24
Soil_Moisture\DDCA\DDCA_MH\H\MH_5.mat,9553100,2026-04-02 13:38:23
Soil_Moisture\DDCA\DDCA_MH\H\MH_6.mat,10356093,2026-04-02 13:38:23
Soil_Moisture\DDCA\DDCA_MH\H\MH_3.mat,7995571,2026-04-02 13:38:22
Soil_Moisture\DDCA\DDCA_MH\H\MH_4.mat,8610518,2026-04-02 13:38:22
Soil_Moisture\DDCA\DDCA_MH\H\MH_11.mat,7826247,2026-04-02 13:38:21
Soil_Moisture\DDCA\DDCA_MH\H\MH_2.mat,7482440,2026-04-02 13:38:21
Soil_Moisture\DDCA\DDCA_MH\H\MH_1.mat,7278526,2026-04-02 13:38:19
Soil_Moisture\DDCA\DDCA_MH\H\MH_10.mat,8753243,2026-04-02 13:38:19
Soil_Moisture\DDCA\DDCA_MH\H\MH_12.mat,7380426,2026-04-02 13:38:19
Soil_Moisture\DDCA\DDCA_DH\SM\20221216.mat,4507789,2026-04-02 13:38:17
Soil_Moisture\DDCA\DDCA_DH\SM\20221231.mat,664218,2026-04-02 13:38:14
Soil_Moisture\DDCA\DDCA_DH\SM\20221230.mat,664218,2026-04-02 13:38:12
Soil_Moisture\DDCA\DDCA_DH\SM\20221221.mat,3570412,2026-04-02 13:38:11
Soil_Moisture\DDCA\DDCA_DH\SM\20221222.mat,4452666,2026-04-02 13:38:11
Soil_Moisture\DDCA\DDCA_DH\SM\20221224.mat,4621513,2026-04-02 13:38:11
Soil_Moisture\DDCA\DDCA_DH\SM\20221225.mat,3884589,2026-04-02 13:38:11
Soil_Moisture\DDCA\DDCA_DH\SM\20221226.mat,3672722,2026-04-02 13:38:11
Soil_Moisture\DDCA\DDCA_DH\SM\20221227.mat,4560605,2026-04-02 13:38:11
Soil_Moisture\DDCA\DDCA_DH\SM\20221219.mat,4730628,2026-04-02 13:38:10
Soil_Moisture\DDCA\DDCA_DH\SM\20221220.mat,3343413,2026-04-02 13:38:10
Soil_Moisture\DDCA\DDCA_DH\SM\20221223.mat,3778614,2026-04-02 13:38:10
Soil_Moisture\DDCA\DDCA_DH\SM\20221228.mat,664218,2026-04-02 13:38:10
Soil_Moisture\DDCA\DDCA_DH\SM\20221229.mat,664218,2026-04-02 13:38:09
Soil_Moisture\DDCA\DDCA_DH\SM\20221206.mat,4272779,2026-04-02 13:38:06
Soil_Moisture\DDCA\DDCA_DH\SM\20221208.mat,4432359,2026-04-02 13:38:06
Soil_Moisture\DDCA\DDCA_DH\SM\20221210.mat,3723106,2026-04-02 13:38:06
Soil_Moisture\DDCA\DDCA_DH\SM\20221211.mat,4624334,2026-04-02 13:38:06
Soil_Moisture\DDCA\DDCA_DH\SM\20221212.mat,3495858,2026-04-02 13:38:06
Soil_Moisture\DDCA\DDCA_DH\SM\20221214.mat,3445502,2026-04-02 13:38:06
Soil_Moisture\DDCA\DDCA_DH\SM\20221215.mat,3339260,2026-04-02 13:38:06
Soil_Moisture\DDCA\DDCA_DH\SM\20221217.mat,3719367,2026-04-02 13:38:06
Soil_Moisture\DDCA\DDCA_DH\SM\20221218.mat,3120649,2026-04-02 13:38:06
Soil_Moisture\DDCA\DDCA_DH\SM\20221209.mat,3734106,2026-04-02 13:38:05
Soil_Moisture\DDCA\DDCA_DH\SM\20221213.mat,4174319,2026-04-02 13:38:05
Soil_Moisture\DDCA\DDCA_DH\SM\20221207.mat,3756774,2026-04-02 13:38:04
Soil_Moisture\DDCA\DDCA_DH\SM\20221205.mat,4104101,2026-04-02 13:38:02
Soil_Moisture\DDCA\DDCA_DH\SM\20221122.mat,3721543,2026-04-02 13:38:00
Soil_Moisture\DDCA\DDCA_DH\SM\20221125.mat,4350609,2026-04-02 13:38:00
Soil_Moisture\DDCA\DDCA_DH\SM\20221126.mat,3547912,2026-04-02 13:38:00
Soil_Moisture\DDCA\DDCA_DH\SM\20221127.mat,4015893,2026-04-02 13:38:00
Soil_Moisture\DDCA\DDCA_DH\SM\20221128.mat,4182324,2026-04-02 13:38:00
Soil_Moisture\DDCA\DDCA_DH\SM\20221129.mat,3610293,2026-04-02 13:38:00
Soil_Moisture\DDCA\DDCA_DH\SM\20221130.mat,4351501,2026-04-02 13:38:00
Soil_Moisture\DDCA\DDCA_DH\SM\20221201.mat,3831655,2026-04-02 13:38:00
Soil_Moisture\DDCA\DDCA_DH\SM\20221202.mat,3068664,2026-04-02 13:38:00
Soil_Moisture\DDCA\DDCA_DH\SM\20221203.mat,4096023,2026-04-02 13:38:00
Soil_Moisture\DDCA\DDCA_DH\SM\20221204.mat,3649724,2026-04-02 13:38:00
Soil_Moisture\DDCA\DDCA_DH\SM\20221123.mat,3850523,2026-04-02 13:37:59
Soil_Moisture\DDCA\DDCA_DH\SM\20221124.mat,3624358,2026-04-02 13:37:59
Soil_Moisture\DDCA\DDCA_DH\SM\20221121.mat,3594440,2026-04-02 13:37:58
Soil_Moisture\DDCA\DDCA_DH\SM\20221119.mat,3071042,2026-04-02 13:37:55
Soil_Moisture\DDCA\DDCA_DH\SM\20221112.mat,4834575,2026-04-02 13:37:54
Soil_Moisture\DDCA\DDCA_DH\SM\20221116.mat,2377274,2026-04-02 13:37:54
Soil_Moisture\DDCA\DDCA_DH\SM\20221118.mat,990641,2026-04-02 13:37:54
Soil_Moisture\DDCA\DDCA_DH\SM\20221120.mat,4227389,2026-04-02 13:37:54
Soil_Moisture\DDCA\DDCA_DH\SM\20221110.mat,4242028,2026-04-02 13:37:53
Soil_Moisture\DDCA\DDCA_DH\SM\20221111.mat,4535134,2026-04-02 13:37:53
Soil_Moisture\DDCA\DDCA_DH\SM\20221114.mat,4445983,2026-04-02 13:37:53
Soil_Moisture\DDCA\DDCA_DH\SM\20221115.mat,4493263,2026-04-02 13:37:53
Soil_Moisture\DDCA\DDCA_DH\SM\20221109.mat,5411413,2026-04-02 13:37:52
Soil_Moisture\DDCA\DDCA_DH\SM\20221113.mat,3464464,2026-04-02 13:37:52
Soil_Moisture\DDCA\DDCA_DH\SM\20221107.mat,4504936,2026-04-02 13:37:51
Soil_Moisture\DDCA\DDCA_DH\SM\20221108.mat,4021768,2026-04-02 13:37:51
Soil_Moisture\DDCA\DDCA_DH\SM\20221031.mat,4637370,2026-04-02 13:37:48
Soil_Moisture\DDCA\DDCA_DH\SM\20221102.mat,4531780,2026-04-02 13:37:48
Soil_Moisture\DDCA\DDCA_DH\SM\20221103.mat,4710022,2026-04-02 13:37:48
Soil_Moisture\DDCA\DDCA_DH\SM\20221104.mat,5104076,2026-04-02 13:37:48
Soil_Moisture\DDCA\DDCA_DH\SM\20221105.mat,4507162,2026-04-02 13:37:48
Soil_Moisture\DDCA\DDCA_DH\SM\20221106.mat,5054573,2026-04-02 13:37:48
Soil_Moisture\DDCA\DDCA_DH\SM\20221029.mat,4663330,2026-04-02 13:37:47
Soil_Moisture\DDCA\DDCA_DH\SM\20221030.mat,4996192,2026-04-02 13:37:47
Soil_Moisture\DDCA\DDCA_DH\SM\20221101.mat,5302835,2026-04-02 13:37:47
Soil_Moisture\DDCA\DDCA_DH\SM\20221027.mat,5391538,2026-04-02 13:37:45
Soil_Moisture\DDCA\DDCA_DH\SM\20221028.mat,4709440,2026-04-02 13:37:45
Soil_Moisture\DDCA\DDCA_DH\SM\20221026.mat,4993476,2026-04-02 13:37:43
Soil_Moisture\DDCA\DDCA_DH\SM\20221018.mat,5112500,2026-04-02 13:37:41
Soil_Moisture\DDCA\DDCA_DH\SM\20221019.mat,5534296,2026-04-02 13:37:41
Soil_Moisture\DDCA\DDCA_DH\SM\20221020.mat,4527045,2026-04-02 13:37:41
Soil_Moisture\DDCA\DDCA_DH\SM\20221021.mat,5420429,2026-04-02 13:37:41
Soil_Moisture\DDCA\DDCA_DH\SM\20221024.mat,5839238,2026-04-02 13:37:41
Soil_Moisture\DDCA\DDCA_DH\SM\20221025.mat,4707699,2026-04-02 13:37:41
Soil_Moisture\DDCA\DDCA_DH\SM\20221016.mat,4563912,2026-04-02 13:37:40
Soil_Moisture\DDCA\DDCA_DH\SM\20221022.mat,3999787,2026-04-02 13:37:40
Soil_Moisture\DDCA\DDCA_DH\SM\20221023.mat,4735346,2026-04-02 13:37:40
Soil_Moisture\DDCA\DDCA_DH\SM\20221017.mat,4824574,2026-04-02 13:37:39
Soil_Moisture\DDCA\DDCA_DH\SM\20221015.mat,4752393,2026-04-02 13:37:36
Soil_Moisture\DDCA\DDCA_DH\SM\20221007.mat,4967751,2026-04-02 13:37:35
Soil_Moisture\DDCA\DDCA_DH\SM\20221006.mat,5311350,2026-04-02 13:37:34
Soil_Moisture\DDCA\DDCA_DH\SM\20221008.mat,6076167,2026-04-02 13:37:34
Soil_Moisture\DDCA\DDCA_DH\SM\20221009.mat,4422672,2026-04-02 13:37:34
Soil_Moisture\DDCA\DDCA_DH\SM\20221010.mat,5122209,2026-04-02 13:37:34
Soil_Moisture\DDCA\DDCA_DH\SM\20221011.mat,5632137,2026-04-02 13:37:34
Soil_Moisture\DDCA\DDCA_DH\SM\20221012.mat,4554380,2026-04-02 13:37:34
Soil_Moisture\DDCA\DDCA_DH\SM\20221013.mat,4552644,2026-04-02 13:37:34
Soil_Moisture\DDCA\DDCA_DH\SM\20221014.mat,5200558,2026-04-02 13:37:34
Soil_Moisture\DDCA\DDCA_DH\SM\20221005.mat,5690233,2026-04-02 13:37:33
Soil_Moisture\DDCA\DDCA_DH\SM\20220928.mat,4638486,2026-04-02 13:37:28
Soil_Moisture\DDCA\DDCA_DH\SM\20220930.mat,5973028,2026-04-02 13:37:28
Soil_Moisture\DDCA\DDCA_DH\SM\20221002.mat,5376517,2026-04-02 13:37:28
Soil_Moisture\DDCA\DDCA_DH\SM\20221004.mat,4584999,2026-04-02 13:37:28
Soil_Moisture\DDCA\DDCA_DH\SM\20220924.mat,5113497,2026-04-02 13:37:27
Soil_Moisture\DDCA\DDCA_DH\SM\20220925.mat,5827789,2026-04-02 13:37:27
Soil_Moisture\DDCA\DDCA_DH\SM\20220926.mat,5424594,2026-04-02 13:37:27
Soil_Moisture\DDCA\DDCA_DH\SM\20220929.mat,5360145,2026-04-02 13:37:27
Soil_Moisture\DDCA\DDCA_DH\SM\20221001.mat,4976948,2026-04-02 13:37:27
Soil_Moisture\DDCA\DDCA_DH\SM\20221003.mat,5716382,2026-04-02 13:37:27
Soil_Moisture\DDCA\DDCA_DH\SM\20220927.mat,1639749,2026-04-02 13:37:25
Soil_Moisture\DDCA\DDCA_DH\SM\20220730.mat,9235328,2026-04-02 13:37:21
Soil_Moisture\DDCA\DDCA_DH\SM\20220731.mat,9195286,2026-04-02 13:37:21
Soil_Moisture\DDCA\DDCA_DH\SM\20220801.mat,8575142,2026-04-02 13:37:21
Soil_Moisture\DDCA\DDCA_DH\SM\20220802.mat,9733920,2026-04-02 13:37:21
Soil_Moisture\DDCA\DDCA_DH\SM\20220803.mat,8856200,2026-04-02 13:37:21
Soil_Moisture\DDCA\DDCA_DH\SM\20220804.mat,8809658,2026-04-02 13:37:21
Soil_Moisture\DDCA\DDCA_DH\SM\20220729.mat,8249368,2026-04-02 13:37:20
Soil_Moisture\DDCA\DDCA_DH\SM\20220805.mat,7504902,2026-04-02 13:37:20
Soil_Moisture\DDCA\DDCA_DH\SM\20220923.mat,4945507,2026-04-02 13:37:20
Soil_Moisture\DDCA\DDCA_DH\SM\20220806.mat,1174187,2026-04-02 13:37:19
Soil_Moisture\DDCA\DDCA_DH\SM\20220721.mat,8994008,2026-04-02 13:37:13
Soil_Moisture\DDCA\DDCA_DH\SM\20220724.mat,8693645,2026-04-02 13:37:13
Soil_Moisture\DDCA\DDCA_DH\SM\20220725.mat,9878065,2026-04-02 13:37:13
Soil_Moisture\DDCA\DDCA_DH\SM\20220728.mat,9309122,2026-04-02 13:37:13
Soil_Moisture\DDCA\DDCA_DH\SM\20220719.mat,8778222,2026-04-02 13:37:11
Soil_Moisture\DDCA\DDCA_DH\SM\20220720.mat,9349782,2026-04-02 13:37:11
Soil_Moisture\DDCA\DDCA_DH\SM\20220722.mat,8962424,2026-04-02 13:37:11
Soil_Moisture\DDCA\DDCA_DH\SM\20220723.mat,9357965,2026-04-02 13:37:11
Soil_Moisture\DDCA\DDCA_DH\SM\20220726.mat,8992961,2026-04-02 13:37:11
Soil_Moisture\DDCA\DDCA_DH\SM\20220727.mat,8936748,2026-04-02 13:37:10
Soil_Moisture\DDCA\DDCA_DH\SM\20220717.mat,9294896,2026-04-02 13:37:05
Soil_Moisture\DDCA\DDCA_DH\SM\20220714.mat,9195065,2026-04-02 13:37:01
Soil_Moisture\DDCA\DDCA_DH\SM\20220715.mat,9263156,2026-04-02 13:37:01
Soil_Moisture\DDCA\DDCA_DH\SM\20220716.mat,8441977,2026-04-02 13:37:01
Soil_Moisture\DDCA\DDCA_DH\SM\20220709.mat,9077203,2026-04-02 13:37:00
Soil_Moisture\DDCA\DDCA_DH\SM\20220710.mat,8161950,2026-04-02 13:37:00
Soil_Moisture\DDCA\DDCA_DH\SM\20220712.mat,9918746,2026-04-02 13:37:00
Soil_Moisture\DDCA\DDCA_DH\SM\20220713.mat,8881377,2026-04-02 13:37:00
Soil_Moisture\DDCA\DDCA_DH\SM\20220718.mat,8907674,2026-04-02 13:37:00
Soil_Moisture\DDCA\DDCA_DH\SM\20220711.mat,8486460,2026-04-02 13:36:59
Soil_Moisture\DDCA\DDCA_DH\SM\20220707.mat,9014206,2026-04-02 13:36:54
Soil_Moisture\DDCA\DDCA_DH\SM\20220708.mat,8142390,2026-04-02 13:36:54
Soil_Moisture\DDCA\DDCA_DH\SM\20220705.mat,8577137,2026-04-02 13:36:52
Soil_Moisture\DDCA\DDCA_DH\SM\20220706.mat,8869219,2026-04-02 13:36:52
Soil_Moisture\DDCA\DDCA_DH\SM\20220702.mat,8363720,2026-04-02 13:36:51
Soil_Moisture\DDCA\DDCA_DH\SM\20220703.mat,8204318,2026-04-02 13:36:51
Soil_Moisture\DDCA\DDCA_DH\SM\20220704.mat,9530083,2026-04-02 13:36:51
Soil_Moisture\DDCA\DDCA_DH\SM\20220628.mat,8644219,2026-04-02 13:36:48
Soil_Moisture\DDCA\DDCA_DH\SM\20220629.mat,8116907,2026-04-02 13:36:48
Soil_Moisture\DDCA\DDCA_DH\SM\20220701.mat,9242469,2026-04-02 13:36:48
Soil_Moisture\DDCA\DDCA_DH\SM\20220630.mat,7990499,2026-04-02 13:36:46
Soil_Moisture\DDCA\DDCA_DH\SM\20220623.mat,8809499,2026-04-02 13:36:43
Soil_Moisture\DDCA\DDCA_DH\SM\20220627.mat,6476416,2026-04-02 13:36:42
Soil_Moisture\DDCA\DDCA_DH\SM\20220625.mat,7834755,2026-04-02 13:36:41
Soil_Moisture\DDCA\DDCA_DH\SM\20220626.mat,9475039,2026-04-02 13:36:41
Soil_Moisture\DDCA\DDCA_DH\SM\20220621.mat,7748518,2026-04-02 13:36:40
Soil_Moisture\DDCA\DDCA_DH\SM\20220624.mat,7915074,2026-04-02 13:36:40
Soil_Moisture\DDCA\DDCA_DH\SM\20220622.mat,7569710,2026-04-02 13:36:39
Soil_Moisture\DDCA\DDCA_DH\SM\20220618.mat,7933879,2026-04-02 13:36:38
Soil_Moisture\DDCA\DDCA_DH\SM\20220619.mat,7900608,2026-04-02 13:36:37
Soil_Moisture\DDCA\DDCA_DH\SM\20220620.mat,6735225,2026-04-02 13:36:36
Soil_Moisture\DDCA\DDCA_DH\SM\20220610.mat,8225962,2026-04-02 13:36:33
Soil_Moisture\DDCA\DDCA_DH\SM\20220612.mat,7750823,2026-04-02 13:36:33
Soil_Moisture\DDCA\DDCA_DH\SM\20220615.mat,8227390,2026-04-02 13:36:32
Soil_Moisture\DDCA\DDCA_DH\SM\20220616.mat,7022036,2026-04-02 13:36:30
Soil_Moisture\DDCA\DDCA_DH\SM\20220617.mat,6764144,2026-04-02 13:36:30
Soil_Moisture\DDCA\DDCA_DH\SM\20220609.mat,6896085,2026-04-02 13:36:29
Soil_Moisture\DDCA\DDCA_DH\SM\20220613.mat,6743814,2026-04-02 13:36:29
Soil_Moisture\DDCA\DDCA_DH\SM\20220614.mat,7114931,2026-04-02 13:36:29
Soil_Moisture\DDCA\DDCA_DH\SM\20220608.mat,6823217,2026-04-02 13:36:28
Soil_Moisture\DDCA\DDCA_DH\SM\20220611.mat,5396994,2026-04-02 13:36:28
Soil_Moisture\DDCA\DDCA_DH\SM\20220530.mat,7324787,2026-04-02 13:36:21
Soil_Moisture\DDCA\DDCA_DH\SM\20220531.mat,6467374,2026-04-02 13:36:21
Soil_Moisture\DDCA\DDCA_DH\SM\20220601.mat,6579042,2026-04-02 13:36:21
Soil_Moisture\DDCA\DDCA_DH\SM\20220602.mat,7532834,2026-04-02 13:36:21
Soil_Moisture\DDCA\DDCA_DH\SM\20220603.mat,6079127,2026-04-02 13:36:21
Soil_Moisture\DDCA\DDCA_DH\SM\20220604.mat,4869808,2026-04-02 13:36:21
Soil_Moisture\DDCA\DDCA_DH\SM\20220605.mat,6354097,2026-04-02 13:36:21
Soil_Moisture\DDCA\DDCA_DH\SM\20220606.mat,6617427,2026-04-02 13:36:21
Soil_Moisture\DDCA\DDCA_DH\SM\20220607.mat,7675329,2026-04-02 13:36:21
Soil_Moisture\DDCA\DDCA_DH\SM\20220529.mat,6305171,2026-04-02 13:36:20
Soil_Moisture\DDCA\DDCA_DH\SM\20220520.mat,6225027,2026-04-02 13:36:13
Soil_Moisture\DDCA\DDCA_DH\SM\20220521.mat,6025202,2026-04-02 13:36:13
Soil_Moisture\DDCA\DDCA_DH\SM\20220522.mat,6959279,2026-04-02 13:36:13
Soil_Moisture\DDCA\DDCA_DH\SM\20220523.mat,6140155,2026-04-02 13:36:13
Soil_Moisture\DDCA\DDCA_DH\SM\20220524.mat,6304982,2026-04-02 13:36:13
Soil_Moisture\DDCA\DDCA_DH\SM\20220525.mat,7325919,2026-04-02 13:36:13
Soil_Moisture\DDCA\DDCA_DH\SM\20220527.mat,6818413,2026-04-02 13:36:13
Soil_Moisture\DDCA\DDCA_DH\SM\20220528.mat,6124722,2026-04-02 13:36:13
Soil_Moisture\DDCA\DDCA_DH\SM\20220519.mat,6643193,2026-04-02 13:36:12
Soil_Moisture\DDCA\DDCA_DH\SM\20220526.mat,6094864,2026-04-02 13:36:12
Soil_Moisture\DDCA\DDCA_DH\SM\20220512.mat,6202483,2026-04-02 13:36:05
Soil_Moisture\DDCA\DDCA_DH\SM\20220513.mat,5599631,2026-04-02 13:36:05
Soil_Moisture\DDCA\DDCA_DH\SM\20220514.mat,6112036,2026-04-02 13:36:05
Soil_Moisture\DDCA\DDCA_DH\SM\20220515.mat,5894014,2026-04-02 13:36:05
Soil_Moisture\DDCA\DDCA_DH\SM\20220516.mat,6142360,2026-04-02 13:36:05
Soil_Moisture\DDCA\DDCA_DH\SM\20220517.mat,6818952,2026-04-02 13:36:05
Soil_Moisture\DDCA\DDCA_DH\SM\20220518.mat,5799432,2026-04-02 13:36:05
Soil_Moisture\DDCA\DDCA_DH\SM\20220509.mat,6733384,2026-04-02 13:36:04
Soil_Moisture\DDCA\DDCA_DH\SM\20220510.mat,5884173,2026-04-02 13:36:04
Soil_Moisture\DDCA\DDCA_DH\SM\20220511.mat,6494486,2026-04-02 13:36:04
Soil_Moisture\DDCA\DDCA_DH\SM\20220502.mat,5201852,2026-04-02 13:35:58
Soil_Moisture\DDCA\DDCA_DH\SM\20220505.mat,5520047,2026-04-02 13:35:58
Soil_Moisture\DDCA\DDCA_DH\SM\20220506.mat,5373764,2026-04-02 13:35:58
Soil_Moisture\DDCA\DDCA_DH\SM\20220508.mat,5444803,2026-04-02 13:35:58
Soil_Moisture\DDCA\DDCA_DH\SM\20220430.mat,5715273,2026-04-02 13:35:57
Soil_Moisture\DDCA\DDCA_DH\SM\20220501.mat,5083634,2026-04-02 13:35:57
Soil_Moisture\DDCA\DDCA_DH\SM\20220503.mat,5942279,2026-04-02 13:35:57
Soil_Moisture\DDCA\DDCA_DH\SM\20220504.mat,3951448,2026-04-02 13:35:57
Soil_Moisture\DDCA\DDCA_DH\SM\20220507.mat,5359934,2026-04-02 13:35:57
Soil_Moisture\DDCA\DDCA_DH\SM\20220429.mat,5138746,2026-04-02 13:35:56
Soil_Moisture\DDCA\DDCA_DH\SM\20220428.mat,4591621,2026-04-02 13:35:54
Soil_Moisture\DDCA\DDCA_DH\SM\20220426.mat,5623075,2026-04-02 13:35:52
Soil_Moisture\DDCA\DDCA_DH\SM\20220427.mat,5436023,2026-04-02 13:35:52
Soil_Moisture\DDCA\DDCA_DH\SM\20220423.mat,5053222,2026-04-02 13:35:51
Soil_Moisture\DDCA\DDCA_DH\SM\20220417.mat,5710571,2026-04-02 13:35:50
Soil_Moisture\DDCA\DDCA_DH\SM\20220418.mat,5375283,2026-04-02 13:35:50
Soil_Moisture\DDCA\DDCA_DH\SM\20220419.mat,5176263,2026-04-02 13:35:50
Soil_Moisture\DDCA\DDCA_DH\SM\20220420.mat,5882547,2026-04-02 13:35:50
Soil_Moisture\DDCA\DDCA_DH\SM\20220421.mat,5140313,2026-04-02 13:35:50
Soil_Moisture\DDCA\DDCA_DH\SM\20220422.mat,4599577,2026-04-02 13:35:50
Soil_Moisture\DDCA\DDCA_DH\SM\20220424.mat,5407059,2026-04-02 13:35:50
Soil_Moisture\DDCA\DDCA_DH\SM\20220425.mat,6014370,2026-04-02 13:35:48
Soil_Moisture\DDCA\DDCA_DH\SM\20220416.mat,4739581,2026-04-02 13:35:46
Soil_Moisture\DDCA\DDCA_DH\SM\20220408.mat,5001469,2026-04-02 13:35:43
Soil_Moisture\DDCA\DDCA_DH\SM\20220409.mat,5132714,2026-04-02 13:35:43
Soil_Moisture\DDCA\DDCA_DH\SM\20220410.mat,4909622,2026-04-02 13:35:43
Soil_Moisture\DDCA\DDCA_DH\SM\20220411.mat,4848345,2026-04-02 13:35:43
Soil_Moisture\DDCA\DDCA_DH\SM\20220412.mat,5670791,2026-04-02 13:35:43
Soil_Moisture\DDCA\DDCA_DH\SM\20220413.mat,4974968,2026-04-02 13:35:43
Soil_Moisture\DDCA\DDCA_DH\SM\20220414.mat,5269092,2026-04-02 13:35:43
Soil_Moisture\DDCA\DDCA_DH\SM\20220415.mat,5760283,2026-04-02 13:35:43
Soil_Moisture\DDCA\DDCA_DH\SM\20220406.mat,4986899,2026-04-02 13:35:42
Soil_Moisture\DDCA\DDCA_DH\SM\20220407.mat,5712648,2026-04-02 13:35:42
Soil_Moisture\DDCA\DDCA_DH\SM\20220405.mat,4730182,2026-04-02 13:35:40
Soil_Moisture\DDCA\DDCA_DH\SM\20220404.mat,5354124,2026-04-02 13:35:38
Soil_Moisture\DDCA\DDCA_DH\SM\20220328.mat,4597006,2026-04-02 13:35:36
Soil_Moisture\DDCA\DDCA_DH\SM\20220330.mat,5194098,2026-04-02 13:35:36
Soil_Moisture\DDCA\DDCA_DH\SM\20220331.mat,4706051,2026-04-02 13:35:36
Soil_Moisture\DDCA\DDCA_DH\SM\20220401.mat,5201761,2026-04-02 13:35:36
Soil_Moisture\DDCA\DDCA_DH\SM\20220402.mat,4918643,2026-04-02 13:35:36
Soil_Moisture\DDCA\DDCA_DH\SM\20220403.mat,3495456,2026-04-02 13:35:36
Soil_Moisture\DDCA\DDCA_DH\SM\20220326.mat,4645584,2026-04-02 13:35:35
Soil_Moisture\DDCA\DDCA_DH\SM\20220327.mat,4438195,2026-04-02 13:35:35
Soil_Moisture\DDCA\DDCA_DH\SM\20220329.mat,4818265,2026-04-02 13:35:35
Soil_Moisture\DDCA\DDCA_DH\SM\20220325.mat,4386165,2026-04-02 13:35:34
Soil_Moisture\DDCA\DDCA_DH\SM\20220315.mat,4420088,2026-04-02 13:35:30
Soil_Moisture\DDCA\DDCA_DH\SM\20220316.mat,4957183,2026-04-02 13:35:30
Soil_Moisture\DDCA\DDCA_DH\SM\20220320.mat,3208939,2026-04-02 13:35:30
Soil_Moisture\DDCA\DDCA_DH\SM\20220321.mat,4733226,2026-04-02 13:35:30
Soil_Moisture\DDCA\DDCA_DH\SM\20220322.mat,5395334,2026-04-02 13:35:30
Soil_Moisture\DDCA\DDCA_DH\SM\20220323.mat,4424714,2026-04-02 13:35:30
Soil_Moisture\DDCA\DDCA_DH\SM\20220324.mat,4455127,2026-04-02 13:35:30
Soil_Moisture\DDCA\DDCA_DH\SM\20220317.mat,4592542,2026-04-02 13:35:29
Soil_Moisture\DDCA\DDCA_DH\SM\20220318.mat,4425770,2026-04-02 13:35:29
Soil_Moisture\DDCA\DDCA_DH\SM\20220319.mat,4246713,2026-04-02 13:35:29
Soil_Moisture\DDCA\DDCA_DH\SM\20220314.mat,4980596,2026-04-02 13:35:28
Soil_Moisture\DDCA\DDCA_DH\SM\20220312.mat,4257610,2026-04-02 13:35:25
Soil_Moisture\DDCA\DDCA_DH\SM\20220313.mat,4223781,2026-04-02 13:35:25
Soil_Moisture\DDCA\DDCA_DH\SM\20220305.mat,4599688,2026-04-02 13:35:24
Soil_Moisture\DDCA\DDCA_DH\SM\20220306.mat,4923510,2026-04-02 13:35:24
Soil_Moisture\DDCA\DDCA_DH\SM\20220311.mat,4975410,2026-04-02 13:35:24
Soil_Moisture\DDCA\DDCA_DH\SM\20220304.mat,3911810,2026-04-02 13:35:23
Soil_Moisture\DDCA\DDCA_DH\SM\20220307.mat,4333075,2026-04-02 13:35:23
Soil_Moisture\DDCA\DDCA_DH\SM\20220308.mat,4879455,2026-04-02 13:35:23
Soil_Moisture\DDCA\DDCA_DH\SM\20220309.mat,2503104,2026-04-02 13:35:23
Soil_Moisture\DDCA\DDCA_DH\SM\20220310.mat,4327529,2026-04-02 13:35:23
Soil_Moisture\DDCA\DDCA_DH\SM\20220228.mat,4915050,2026-04-02 13:35:21
Soil_Moisture\DDCA\DDCA_DH\SM\20220303.mat,4872372,2026-04-02 13:35:21
Soil_Moisture\DDCA\DDCA_DH\SM\20220302.mat,4346565,2026-04-02 13:35:20
Soil_Moisture\DDCA\DDCA_DH\SM\20220222.mat,4251048,2026-04-02 13:35:18
Soil_Moisture\DDCA\DDCA_DH\SM\20220223.mat,4936736,2026-04-02 13:35:18
Soil_Moisture\DDCA\DDCA_DH\SM\20220224.mat,4217478,2026-04-02 13:35:18
Soil_Moisture\DDCA\DDCA_DH\SM\20220225.mat,4538882,2026-04-02 13:35:18
Soil_Moisture\DDCA\DDCA_DH\SM\20220226.mat,4946640,2026-04-02 13:35:18
Soil_Moisture\DDCA\DDCA_DH\SM\20220227.mat,3936120,2026-04-02 13:35:18
Soil_Moisture\DDCA\DDCA_DH\SM\20220301.mat,4504224,2026-04-02 13:35:18
Soil_Moisture\DDCA\DDCA_DH\SM\20220220.mat,4784941,2026-04-02 13:35:17
Soil_Moisture\DDCA\DDCA_DH\SM\20220221.mat,4113849,2026-04-02 13:35:17
Soil_Moisture\DDCA\DDCA_DH\SM\20220219.mat,3995887,2026-04-02 13:35:15
Soil_Moisture\DDCA\DDCA_DH\SM\20220216.mat,4052086,2026-04-02 13:35:14
Soil_Moisture\DDCA\DDCA_DH\SM\20220213.mat,4276518,2026-04-02 13:35:13
Soil_Moisture\DDCA\DDCA_DH\SM\20220217.mat,4325377,2026-04-02 13:35:13
Soil_Moisture\DDCA\DDCA_DH\SM\20220209.mat,4114334,2026-04-02 13:35:12
Soil_Moisture\DDCA\DDCA_DH\SM\20220210.mat,4697122,2026-04-02 13:35:12
Soil_Moisture\DDCA\DDCA_DH\SM\20220211.mat,3921160,2026-04-02 13:35:12
Soil_Moisture\DDCA\DDCA_DH\SM\20220214.mat,4127242,2026-04-02 13:35:12
Soil_Moisture\DDCA\DDCA_DH\SM\20220215.mat,2653835,2026-04-02 13:35:12
Soil_Moisture\DDCA\DDCA_DH\SM\20220218.mat,4949439,2026-04-02 13:35:12
Soil_Moisture\DDCA\DDCA_DH\SM\20220208.mat,3814299,2026-04-02 13:35:11
Soil_Moisture\DDCA\DDCA_DH\SM\20220212.mat,4550360,2026-04-02 13:35:11
Soil_Moisture\DDCA\DDCA_DH\SM\20220207.mat,4496504,2026-04-02 13:35:10
Soil_Moisture\DDCA\DDCA_DH\SM\20220206.mat,3815311,2026-04-02 13:35:08
Soil_Moisture\DDCA\DDCA_DH\SM\20220205.mat,4031426,2026-04-02 13:35:07
Soil_Moisture\DDCA\DDCA_DH\SM\20220126.mat,3798987,2026-04-02 13:35:06
Soil_Moisture\DDCA\DDCA_DH\SM\20220127.mat,4351051,2026-04-02 13:35:06
Soil_Moisture\DDCA\DDCA_DH\SM\20220130.mat,4485852,2026-04-02 13:35:06
Soil_Moisture\DDCA\DDCA_DH\SM\20220131.mat,3789754,2026-04-02 13:35:06
Soil_Moisture\DDCA\DDCA_DH\SM\20220203.mat,3831199,2026-04-02 13:35:06
Soil_Moisture\DDCA\DDCA_DH\SM\20220204.mat,4346937,2026-04-02 13:35:06
Soil_Moisture\DDCA\DDCA_DH\SM\20220125.mat,3939588,2026-04-02 13:35:05
Soil_Moisture\DDCA\DDCA_DH\SM\20220129.mat,3788863,2026-04-02 13:35:05
Soil_Moisture\DDCA\DDCA_DH\SM\20220201.mat,4019419,2026-04-02 13:35:05
Soil_Moisture\DDCA\DDCA_DH\SM\20220202.mat,4079786,2026-04-02 13:35:05
Soil_Moisture\DDCA\DDCA_DH\SM\20220122.mat,4561524,2026-04-02 13:35:04
Soil_Moisture\DDCA\DDCA_DH\SM\20220123.mat,3842909,2026-04-02 13:35:04
Soil_Moisture\DDCA\DDCA_DH\SM\20220124.mat,4160745,2026-04-02 13:35:03
Soil_Moisture\DDCA\DDCA_DH\SM\20220117.mat,4585606,2026-04-02 13:35:01
Soil_Moisture\DDCA\DDCA_DH\SM\20220128.mat,4030354,2026-04-02 13:35:01
Soil_Moisture\DDCA\DDCA_DH\SM\20220118.mat,3837900,2026-04-02 13:35:00
Soil_Moisture\DDCA\DDCA_DH\SM\20220119.mat,4395141,2026-04-02 13:34:59
Soil_Moisture\DDCA\DDCA_DH\SM\20220120.mat,4094981,2026-04-02 13:34:59
Soil_Moisture\DDCA\DDCA_DH\SM\20220121.mat,3820039,2026-04-02 13:34:59
Soil_Moisture\DDCA\DDCA_DH\SM\20220111.mat,4571966,2026-04-02 13:34:58
Soil_Moisture\DDCA\DDCA_DH\SM\20220112.mat,4356076,2026-04-02 13:34:58
Soil_Moisture\DDCA\DDCA_DH\SM\20220115.mat,4073256,2026-04-02 13:34:58
Soil_Moisture\DDCA\DDCA_DH\SM\20220116.mat,4278963,2026-04-02 13:34:58
Soil_Moisture\DDCA\DDCA_DH\SM\20220113.mat,3971328,2026-04-02 13:34:57
Soil_Moisture\DDCA\DDCA_DH\SM\20220114.mat,4769088,2026-04-02 13:34:57
Soil_Moisture\DDCA\DDCA_DH\SM\20220107.mat,4146206,2026-04-02 13:34:54
Soil_Moisture\DDCA\DDCA_DH\SM\20220101.mat,5066881,2026-04-02 13:34:53
Soil_Moisture\DDCA\DDCA_DH\SM\20220105.mat,4027479,2026-04-02 13:34:53
Soil_Moisture\DDCA\DDCA_DH\SM\20220106.mat,4930877,2026-04-02 13:34:53
Soil_Moisture\DDCA\DDCA_DH\SM\20220108.mat,4385675,2026-04-02 13:34:53
Soil_Moisture\DDCA\DDCA_DH\SM\20220109.mat,4752412,2026-04-02 13:34:53
Soil_Moisture\DDCA\DDCA_DH\SM\20220110.mat,4049883,2026-04-02 13:34:53
Soil_Moisture\DDCA\DDCA_DH\SM\20211224.mat,4930984,2026-04-02 13:34:52
Soil_Moisture\DDCA\DDCA_DH\SM\20220102.mat,4104603,2026-04-02 13:34:52
Soil_Moisture\DDCA\DDCA_DH\SM\20220103.mat,4672211,2026-04-02 13:34:52
Soil_Moisture\DDCA\DDCA_DH\SM\20220104.mat,4456782,2026-04-02 13:34:52
Soil_Moisture\DDCA\DDCA_DH\SM\20211221.mat,4985773,2026-04-02 13:34:48
Soil_Moisture\DDCA\DDCA_DH\SM\20211230.mat,477265,2026-04-02 13:34:48
Soil_Moisture\DDCA\DDCA_DH\SM\20211231.mat,477265,2026-04-02 13:34:48
Soil_Moisture\DDCA\DDCA_DH\SM\20211219.mat,4123432,2026-04-02 13:34:47
Soil_Moisture\DDCA\DDCA_DH\SM\20211220.mat,4298024,2026-04-02 13:34:47
Soil_Moisture\DDCA\DDCA_DH\SM\20211222.mat,4356452,2026-04-02 13:34:47
Soil_Moisture\DDCA\DDCA_DH\SM\20211223.mat,4689081,2026-04-02 13:34:47
Soil_Moisture\DDCA\DDCA_DH\SM\20211225.mat,4393060,2026-04-02 13:34:47
Soil_Moisture\DDCA\DDCA_DH\SM\20211226.mat,4956331,2026-04-02 13:34:47
Soil_Moisture\DDCA\DDCA_DH\SM\20211227.mat,4263718,2026-04-02 13:34:47
Soil_Moisture\DDCA\DDCA_DH\SM\20211228.mat,477265,2026-04-02 13:34:47
Soil_Moisture\DDCA\DDCA_DH\SM\20211229.mat,477265,2026-04-02 13:34:47
Soil_Moisture\DDCA\DDCA_DH\SM\20211218.mat,4833620,2026-04-02 13:34:45
Soil_Moisture\DDCA\DDCA_DH\SM\20211210.mat,4840222,2026-04-02 13:34:42
Soil_Moisture\DDCA\DDCA_DH\SM\20211211.mat,4390221,2026-04-02 13:34:42
Soil_Moisture\DDCA\DDCA_DH\SM\20211212.mat,3772836,2026-04-02 13:34:42
Soil_Moisture\DDCA\DDCA_DH\SM\20211214.mat,4267149,2026-04-02 13:34:42
Soil_Moisture\DDCA\DDCA_DH\SM\20211215.mat,4615010,2026-04-02 13:34:42
Soil_Moisture\DDCA\DDCA_DH\SM\20211216.mat,4832068,2026-04-02 13:34:42
Soil_Moisture\DDCA\DDCA_DH\SM\20211217.mat,4302812,2026-04-02 13:34:42
Soil_Moisture\DDCA\DDCA_DH\SM\20211208.mat,3886920,2026-04-02 13:34:41
Soil_Moisture\DDCA\DDCA_DH\SM\20211209.mat,4273189,2026-04-02 13:34:41
Soil_Moisture\DDCA\DDCA_DH\SM\20211213.mat,5097550,2026-04-02 13:34:41
Soil_Moisture\DDCA\DDCA_DH\SM\20211202.mat,4819873,2026-04-02 13:34:38
Soil_Moisture\DDCA\DDCA_DH\SM\20211204.mat,4279179,2026-04-02 13:34:38
Soil_Moisture\DDCA\DDCA_DH\SM\20211205.mat,5082399,2026-04-02 13:34:38
Soil_Moisture\DDCA\DDCA_DH\SM\20211206.mat,4125359,2026-04-02 13:34:38
Soil_Moisture\DDCA\DDCA_DH\SM\20211207.mat,4597841,2026-04-02 13:34:38
Soil_Moisture\DDCA\DDCA_DH\SM\20211129.mat,4572967,2026-04-02 13:34:36
Soil_Moisture\DDCA\DDCA_DH\SM\20211201.mat,4247541,2026-04-02 13:34:36
Soil_Moisture\DDCA\DDCA_DH\SM\20211203.mat,4472631,2026-04-02 13:34:36
Soil_Moisture\DDCA\DDCA_DH\SM\20211127.mat,5061426,2026-04-02 13:34:34
Soil_Moisture\DDCA\DDCA_DH\SM\20211130.mat,4792782,2026-04-02 13:34:34
Soil_Moisture\DDCA\DDCA_DH\SM\20211124.mat,4796610,2026-04-02 13:34:33
Soil_Moisture\DDCA\DDCA_DH\SM\20211126.mat,4238024,2026-04-02 13:34:33
Soil_Moisture\DDCA\DDCA_DH\SM\20211128.mat,4188501,2026-04-02 13:34:33
Soil_Moisture\DDCA\DDCA_DH\SM\20211123.mat,4242387,2026-04-02 13:34:32
Soil_Moisture\DDCA\DDCA_DH\SM\20211125.mat,4487017,2026-04-02 13:34:32
Soil_Moisture\DDCA\DDCA_DH\SM\20211121.mat,4584553,2026-04-02 13:34:31
Soil_Moisture\DDCA\DDCA_DH\SM\20211117.mat,5259814,2026-04-02 13:34:29
Soil_Moisture\DDCA\DDCA_DH\SM\20211122.mat,4827261,2026-04-02 13:34:29
Soil_Moisture\DDCA\DDCA_DH\SM\20211115.mat,4880048,2026-04-02 13:34:28
Soil_Moisture\DDCA\DDCA_DH\SM\20211116.mat,5505042,2026-04-02 13:34:28
Soil_Moisture\DDCA\DDCA_DH\SM\20211118.mat,4248381,2026-04-02 13:34:28
Soil_Moisture\DDCA\DDCA_DH\SM\20211119.mat,5091239,2026-04-02 13:34:28
Soil_Moisture\DDCA\DDCA_DH\SM\20211111.mat,5840396,2026-04-02 13:34:27
Soil_Moisture\DDCA\DDCA_DH\SM\20211114.mat,5501465,2026-04-02 13:34:27
Soil_Moisture\DDCA\DDCA_DH\SM\20211120.mat,4197847,2026-04-02 13:34:27
Soil_Moisture\DDCA\DDCA_DH\SM\20211112.mat,4811267,2026-04-02 13:34:26
Soil_Moisture\DDCA\DDCA_DH\SM\20211113.mat,5133309,2026-04-02 13:34:26
Soil_Moisture\DDCA\DDCA_DH\SM\20211104.mat,5048952,2026-04-02 13:34:23
Soil_Moisture\DDCA\DDCA_DH\SM\20211107.mat,5116229,2026-04-02 13:34:23
Soil_Moisture\DDCA\DDCA_DH\SM\20211103.mat,6124474,2026-04-02 13:34:22
Soil_Moisture\DDCA\DDCA_DH\SM\20211105.mat,5449713,2026-04-02 13:34:22
Soil_Moisture\DDCA\DDCA_DH\SM\20211108.mat,5080168,2026-04-02 13:34:22
Soil_Moisture\DDCA\DDCA_DH\SM\20211109.mat,5429540,2026-04-02 13:34:22
Soil_Moisture\DDCA\DDCA_DH\SM\20211110.mat,4600779,2026-04-02 13:34:21
Soil_Moisture\DDCA\DDCA_DH\SM\20211101.mat,5727999,2026-04-02 13:34:20
Soil_Moisture\DDCA\DDCA_DH\SM\20211102.mat,5015063,2026-04-02 13:34:20
Soil_Moisture\DDCA\DDCA_DH\SM\20211106.mat,5807885,2026-04-02 13:34:20
Soil_Moisture\DDCA\DDCA_DH\SM\20211026.mat,6369134,2026-04-02 13:34:15
Soil_Moisture\DDCA\DDCA_DH\SM\20211029.mat,6054995,2026-04-02 13:34:15
Soil_Moisture\DDCA\DDCA_DH\SM\20211031.mat,6051152,2026-04-02 13:34:15
Soil_Moisture\DDCA\DDCA_DH\SM\20211022.mat,5523364,2026-04-02 13:34:14
Soil_Moisture\DDCA\DDCA_DH\SM\20211023.mat,6257324,2026-04-02 13:34:14
Soil_Moisture\DDCA\DDCA_DH\SM\20211024.mat,5913220,2026-04-02 13:34:14
Soil_Moisture\DDCA\DDCA_DH\SM\20211025.mat,4901628,2026-04-02 13:34:14
Soil_Moisture\DDCA\DDCA_DH\SM\20211027.mat,5222060,2026-04-02 13:34:14
Soil_Moisture\DDCA\DDCA_DH\SM\20211028.mat,5590170,2026-04-02 13:34:14
Soil_Moisture\DDCA\DDCA_DH\SM\20211030.mat,5292748,2026-04-02 13:34:14
Soil_Moisture\DDCA\DDCA_DH\SM\20211021.mat,5619286,2026-04-02 13:34:09
Soil_Moisture\DDCA\DDCA_DH\SM\20211020.mat,5856559,2026-04-02 13:34:08
Soil_Moisture\DDCA\DDCA_DH\SM\20211010.mat,6778047,2026-04-02 13:34:07
Soil_Moisture\DDCA\DDCA_DH\SM\20211012.mat,6004392,2026-04-02 13:34:07
Soil_Moisture\DDCA\DDCA_DH\SM\20211013.mat,6537501,2026-04-02 13:34:07
Soil_Moisture\DDCA\DDCA_DH\SM\20211014.mat,4090912,2026-04-02 13:34:07
Soil_Moisture\DDCA\DDCA_DH\SM\20211016.mat,6337030,2026-04-02 13:34:07
Soil_Moisture\DDCA\DDCA_DH\SM\20211017.mat,5401320,2026-04-02 13:34:07
Soil_Moisture\DDCA\DDCA_DH\SM\20211018.mat,6602718,2026-04-02 13:34:07
Soil_Moisture\DDCA\DDCA_DH\SM\20211019.mat,5449601,2026-04-02 13:34:07
Soil_Moisture\DDCA\DDCA_DH\SM\20211011.mat,5769460,2026-04-02 13:34:06
Soil_Moisture\DDCA\DDCA_DH\SM\20211009.mat,5591892,2026-04-02 13:34:03
Soil_Moisture\DDCA\DDCA_DH\SM\20211015.mat,5419104,2026-04-02 13:34:03
Soil_Moisture\DDCA\DDCA_DH\SM\20211007.mat,6748377,2026-04-02 13:34:02
Soil_Moisture\DDCA\DDCA_DH\SM\20211008.mat,6559625,2026-04-02 13:34:00
Soil_Moisture\DDCA\DDCA_DH\SM\20210929.mat,7204305,2026-04-02 13:33:59
Soil_Moisture\DDCA\DDCA_DH\SM\20211003.mat,6111808,2026-04-02 13:33:59
Soil_Moisture\DDCA\DDCA_DH\SM\20211004.mat,6313804,2026-04-02 13:33:59
Soil_Moisture\DDCA\DDCA_DH\SM\20211005.mat,6910235,2026-04-02 13:33:59
Soil_Moisture\DDCA\DDCA_DH\SM\20211006.mat,6115024,2026-04-02 13:33:59
Soil_Moisture\DDCA\DDCA_DH\SM\20210928.mat,6527351,2026-04-02 13:33:58
Soil_Moisture\DDCA\DDCA_DH\SM\20211002.mat,7233903,2026-04-02 13:33:58
Soil_Moisture\DDCA\DDCA_DH\SM\20210925.mat,6553567,2026-04-02 13:33:55
Soil_Moisture\DDCA\DDCA_DH\SM\20210930.mat,6844280,2026-04-02 13:33:55
Soil_Moisture\DDCA\DDCA_DH\SM\20211001.mat,5904441,2026-04-02 13:33:55
Soil_Moisture\DDCA\DDCA_DH\SM\20210922.mat,7605650,2026-04-02 13:33:53
Soil_Moisture\DDCA\DDCA_DH\SM\20210926.mat,6740729,2026-04-02 13:33:53
Soil_Moisture\DDCA\DDCA_DH\SM\20210921.mat,7758268,2026-04-02 13:33:52
Soil_Moisture\DDCA\DDCA_DH\SM\20210927.mat,7410028,2026-04-02 13:33:52
Soil_Moisture\DDCA\DDCA_DH\SM\20210924.mat,7707017,2026-04-02 13:33:51
Soil_Moisture\DDCA\DDCA_DH\SM\20210913.mat,8074090,2026-04-02 13:33:50
Soil_Moisture\DDCA\DDCA_DH\SM\20210923.mat,6318801,2026-04-02 13:33:50
Soil_Moisture\DDCA\DDCA_DH\SM\20210916.mat,8371861,2026-04-02 13:33:47
Soil_Moisture\DDCA\DDCA_DH\SM\20210920.mat,7117769,2026-04-02 13:33:47
Soil_Moisture\DDCA\DDCA_DH\SM\20210914.mat,8259752,2026-04-02 13:33:45
Soil_Moisture\DDCA\DDCA_DH\SM\20210919.mat,7660407,2026-04-02 13:33:45
Soil_Moisture\DDCA\DDCA_DH\SM\20210918.mat,7266420,2026-04-02 13:33:44
Soil_Moisture\DDCA\DDCA_DH\SM\20210906.mat,8437800,2026-04-02 13:33:43
Soil_Moisture\DDCA\DDCA_DH\SM\20210915.mat,6842453,2026-04-02 13:33:43
Soil_Moisture\DDCA\DDCA_DH\SM\20210917.mat,7169930,2026-04-02 13:33:43
Soil_Moisture\DDCA\DDCA_DH\SM\20210912.mat,7430856,2026-04-02 13:33:42
Soil_Moisture\DDCA\DDCA_DH\SM\20210911.mat,8431347,2026-04-02 13:33:41
Soil_Moisture\DDCA\DDCA_DH\SM\20210903.mat,8658047,2026-04-02 13:33:37
Soil_Moisture\DDCA\DDCA_DH\SM\20210905.mat,8205566,2026-04-02 13:33:37
Soil_Moisture\DDCA\DDCA_DH\SM\20210908.mat,8702165,2026-04-02 13:33:37
Soil_Moisture\DDCA\DDCA_DH\SM\20210904.mat,7683580,2026-04-02 13:33:36
Soil_Moisture\DDCA\DDCA_DH\SM\20210910.mat,7527664,2026-04-02 13:33:36
Soil_Moisture\DDCA\DDCA_DH\SM\20210909.mat,6722343,2026-04-02 13:33:35
Soil_Moisture\DDCA\DDCA_DH\SM\20210902.mat,7681630,2026-04-02 13:33:34
Soil_Moisture\DDCA\DDCA_DH\SM\20210907.mat,7091967,2026-04-02 13:33:34
Soil_Moisture\DDCA\DDCA_DH\SM\20210828.mat,8514811,2026-04-02 13:33:31
Soil_Moisture\DDCA\DDCA_DH\SM\20210901.mat,7800496,2026-04-02 13:33:31
Soil_Moisture\DDCA\DDCA_DH\SM\20210827.mat,8186029,2026-04-02 13:33:28
Soil_Moisture\DDCA\DDCA_DH\SM\20210826.mat,9010525,2026-04-02 13:33:27
Soil_Moisture\DDCA\DDCA_DH\SM\20210824.mat,7661897,2026-04-02 13:33:26
Soil_Moisture\DDCA\DDCA_DH\SM\20210825.mat,8082200,2026-04-02 13:33:26
Soil_Moisture\DDCA\DDCA_DH\SM\20210829.mat,9002630,2026-04-02 13:33:26
Soil_Moisture\DDCA\DDCA_DH\SM\20210830.mat,6803772,2026-04-02 13:33:26
Soil_Moisture\DDCA\DDCA_DH\SM\20210831.mat,8891547,2026-04-02 13:33:26
Soil_Moisture\DDCA\DDCA_DH\SM\20210823.mat,8966795,2026-04-02 13:33:25
Soil_Moisture\DDCA\DDCA_DH\SM\20210822.mat,7866522,2026-04-02 13:33:23
Soil_Moisture\DDCA\DDCA_DH\SM\20210821.mat,9290079,2026-04-02 13:33:18
Soil_Moisture\DDCA\DDCA_DH\SM\20210815.mat,9451306,2026-04-02 13:33:17
Soil_Moisture\DDCA\DDCA_DH\SM\20210819.mat,8534498,2026-04-02 13:33:17
Soil_Moisture\DDCA\DDCA_DH\SM\20210816.mat,8594877,2026-04-02 13:33:16
Soil_Moisture\DDCA\DDCA_DH\SM\20210817.mat,7795837,2026-04-02 13:33:16
Soil_Moisture\DDCA\DDCA_DH\SM\20210818.mat,9340345,2026-04-02 13:33:16
Soil_Moisture\DDCA\DDCA_DH\SM\20210820.mat,8853540,2026-04-02 13:33:16
Soil_Moisture\DDCA\DDCA_DH\SM\20210813.mat,9671977,2026-04-02 13:33:15
Soil_Moisture\DDCA\DDCA_DH\SM\20210814.mat,8096379,2026-04-02 13:33:15
Soil_Moisture\DDCA\DDCA_DH\SM\20210812.mat,8940279,2026-04-02 13:33:14
Soil_Moisture\DDCA\DDCA_DH\SM\20210804.mat,9183116,2026-04-02 13:33:08
Soil_Moisture\DDCA\DDCA_DH\SM\20210806.mat,8344641,2026-04-02 13:33:08
Soil_Moisture\DDCA\DDCA_DH\SM\20210807.mat,9595333,2026-04-02 13:33:08
Soil_Moisture\DDCA\DDCA_DH\SM\20210811.mat,8662380,2026-04-02 13:33:08
Soil_Moisture\DDCA\DDCA_DH\SM\20210802.mat,8882672,2026-04-02 13:33:07
Soil_Moisture\DDCA\DDCA_DH\SM\20210809.mat,8544551,2026-04-02 13:33:06
Soil_Moisture\DDCA\DDCA_DH\SM\20210810.mat,9479139,2026-04-02 13:33:06
Soil_Moisture\DDCA\DDCA_DH\SM\20210803.mat,8880111,2026-04-02 13:33:05
Soil_Moisture\DDCA\DDCA_DH\SM\20210808.mat,8018623,2026-04-02 13:33:04
Soil_Moisture\DDCA\DDCA_DH\SM\20210805.mat,9611422,2026-04-02 13:33:02
Soil_Moisture\DDCA\DDCA_DH\SM\20210801.mat,8773577,2026-04-02 13:33:00
Soil_Moisture\DDCA\DDCA_DH\SM\20210731.mat,8976904,2026-04-02 13:32:58
Soil_Moisture\DDCA\DDCA_DH\SM\20210724.mat,8816965,2026-04-02 13:32:55
Soil_Moisture\DDCA\DDCA_DH\SM\20210725.mat,9830830,2026-04-02 13:32:54
Soil_Moisture\DDCA\DDCA_DH\SM\20210726.mat,8940496,2026-04-02 13:32:54
Soil_Moisture\DDCA\DDCA_DH\SM\20210727.mat,8521783,2026-04-02 13:32:54
Soil_Moisture\DDCA\DDCA_DH\SM\20210728.mat,9819370,2026-04-02 13:32:54
Soil_Moisture\DDCA\DDCA_DH\SM\20210729.mat,8505110,2026-04-02 13:32:54
Soil_Moisture\DDCA\DDCA_DH\SM\20210730.mat,9774405,2026-04-02 13:32:54
Soil_Moisture\DDCA\DDCA_DH\SM\20210722.mat,9870204,2026-04-02 13:32:51
Soil_Moisture\DDCA\DDCA_DH\SM\20210723.mat,9037340,2026-04-02 13:32:51
Soil_Moisture\DDCA\DDCA_DH\SM\20210721.mat,8579471,2026-04-02 13:32:49
Soil_Moisture\DDCA\DDCA_DH\SM\20210719.mat,9057274,2026-04-02 13:32:47
Soil_Moisture\DDCA\DDCA_DH\SM\20210718.mat,8849257,2026-04-02 13:32:45
Soil_Moisture\DDCA\DDCA_DH\SM\20210713.mat,8439728,2026-04-02 13:32:44
Soil_Moisture\DDCA\DDCA_DH\SM\20210714.mat,9791108,2026-04-02 13:32:44
Soil_Moisture\DDCA\DDCA_DH\SM\20210717.mat,9687865,2026-04-02 13:32:44
Soil_Moisture\DDCA\DDCA_DH\SM\20210715.mat,8869230,2026-04-02 13:32:43
Soil_Moisture\DDCA\DDCA_DH\SM\20210720.mat,9860862,2026-04-02 13:32:43
Soil_Moisture\DDCA\DDCA_DH\SM\20210711.mat,9040908,2026-04-02 13:32:40
Soil_Moisture\DDCA\DDCA_DH\SM\20210716.mat,8740515,2026-04-02 13:32:40
Soil_Moisture\DDCA\DDCA_DH\SM\20210712.mat,9661972,2026-04-02 13:32:38
Soil_Moisture\DDCA\DDCA_DH\SM\20210705.mat,8399546,2026-04-02 13:32:36
Soil_Moisture\DDCA\DDCA_DH\SM\20210704.mat,9445622,2026-04-02 13:32:34
Soil_Moisture\DDCA\DDCA_DH\SM\20210703.mat,8816080,2026-04-02 13:32:33
Soil_Moisture\DDCA\DDCA_DH\SM\20210710.mat,8699277,2026-04-02 13:32:33
Soil_Moisture\DDCA\DDCA_DH\SM\20210706.mat,9702217,2026-04-02 13:32:32
Soil_Moisture\DDCA\DDCA_DH\SM\20210702.mat,8542409,2026-04-02 13:32:31
Soil_Moisture\DDCA\DDCA_DH\SM\20210709.mat,9575782,2026-04-02 13:32:31
Soil_Moisture\DDCA\DDCA_DH\SM\20210708.mat,8426721,2026-04-02 13:32:30
Soil_Moisture\DDCA\DDCA_DH\SM\20210630.mat,8133126,2026-04-02 13:32:29
Soil_Moisture\DDCA\DDCA_DH\SM\20210701.mat,9389852,2026-04-02 13:32:28
Soil_Moisture\DDCA\DDCA_DH\SM\20210707.mat,8778336,2026-04-02 13:32:27
Soil_Moisture\DDCA\DDCA_DH\SM\20210627.mat,8237992,2026-04-02 13:32:23
Soil_Moisture\DDCA\DDCA_DH\SM\20210623.mat,9291570,2026-04-02 13:32:22
Soil_Moisture\DDCA\DDCA_DH\SM\20210626.mat,8807145,2026-04-02 13:32:22
Soil_Moisture\DDCA\DDCA_DH\SM\20210622.mat,8470138,2026-04-02 13:32:21
Soil_Moisture\DDCA\DDCA_DH\SM\20210625.mat,8867470,2026-04-02 13:32:21
Soil_Moisture\DDCA\DDCA_DH\SM\20210628.mat,9556896,2026-04-02 13:32:20
Soil_Moisture\DDCA\DDCA_DH\SM\20210629.mat,8618529,2026-04-02 13:32:20
Soil_Moisture\DDCA\DDCA_DH\SM\20210624.mat,8413552,2026-04-02 13:32:19
Soil_Moisture\DDCA\DDCA_DH\SM\20210621.mat,8481448,2026-04-02 13:32:17
Soil_Moisture\DDCA\DDCA_DH\SM\20210618.mat,9119692,2026-04-02 13:32:13
Soil_Moisture\DDCA\DDCA_DH\SM\20210620.mat,9503526,2026-04-02 13:32:13
Soil_Moisture\DDCA\DDCA_DH\SM\20210615.mat,8958138,2026-04-02 13:32:12
Soil_Moisture\DDCA\DDCA_DH\SM\20210616.mat,8110632,2026-04-02 13:32:11
Soil_Moisture\DDCA\DDCA_DH\SM\20210617.mat,8588358,2026-04-02 13:32:11
Soil_Moisture\DDCA\DDCA_DH\SM\20210619.mat,8178643,2026-04-02 13:32:10
Soil_Moisture\DDCA\DDCA_DH\SM\20210612.mat,9203278,2026-04-02 13:32:09
Soil_Moisture\DDCA\DDCA_DH\SM\20210613.mat,8150297,2026-04-02 13:32:09
Soil_Moisture\DDCA\DDCA_DH\SM\20210614.mat,8204276,2026-04-02 13:32:09
Soil_Moisture\DDCA\DDCA_DH\SM\20210430.mat,7035600,2026-04-02 13:32:07
Soil_Moisture\DDCA\DDCA_DH\SM\20210604.mat,8894175,2026-04-02 13:32:05
Soil_Moisture\DDCA\DDCA_DH\SM\20210609.mat,8307577,2026-04-02 13:32:02
Soil_Moisture\DDCA\DDCA_DH\SM\20210610.mat,8832026,2026-04-02 13:32:02
Soil_Moisture\DDCA\DDCA_DH\SM\20210611.mat,7837142,2026-04-02 13:32:02
Soil_Moisture\DDCA\DDCA_DH\SM\20210603.mat,7623817,2026-04-02 13:32:00
Soil_Moisture\DDCA\DDCA_DH\SM\20210608.mat,7794056,2026-04-02 13:32:00
Soil_Moisture\DDCA\DDCA_DH\SM\20210602.mat,8461277,2026-04-02 13:31:59
Soil_Moisture\DDCA\DDCA_DH\SM\20210605.mat,7878502,2026-04-02 13:31:59
Soil_Moisture\DDCA\DDCA_DH\SM\20210606.mat,7794681,2026-04-02 13:31:59
Soil_Moisture\DDCA\DDCA_DH\SM\20210607.mat,8666744,2026-04-02 13:31:56
Soil_Moisture\DDCA\DDCA_DH\SM\20210527.mat,8509103,2026-04-02 13:31:54
Soil_Moisture\DDCA\DDCA_DH\SM\20210530.mat,8258220,2026-04-02 13:31:52
Soil_Moisture\DDCA\DDCA_DH\SM\20210524.mat,7909486,2026-04-02 13:31:50
Soil_Moisture\DDCA\DDCA_DH\SM\20210525.mat,8218052,2026-04-02 13:31:50
Soil_Moisture\DDCA\DDCA_DH\SM\20210528.mat,7407767,2026-04-02 13:31:50
Soil_Moisture\DDCA\DDCA_DH\SM\20210529.mat,7681574,2026-04-02 13:31:50
Soil_Moisture\DDCA\DDCA_DH\SM\20210531.mat,7498840,2026-04-02 13:31:50
Soil_Moisture\DDCA\DDCA_DH\SM\20210601.mat,8106131,2026-04-02 13:31:50
Soil_Moisture\DDCA\DDCA_DH\SM\20210526.mat,6922693,2026-04-02 13:31:49
Soil_Moisture\DDCA\DDCA_DH\SM\20210519.mat,8304331,2026-04-02 13:31:42
Soil_Moisture\DDCA\DDCA_DH\SM\20210409.mat,6560915,2026-04-02 13:31:41
Soil_Moisture\DDCA\DDCA_DH\SM\20210517.mat,7888305,2026-04-02 13:31:41
Soil_Moisture\DDCA\DDCA_DH\SM\20210522.mat,8097734,2026-04-02 13:31:41
Soil_Moisture\DDCA\DDCA_DH\SM\20210520.mat,7381505,2026-04-02 13:31:40
Soil_Moisture\DDCA\DDCA_DH\SM\20210521.mat,7451151,2026-04-02 13:31:40
Soil_Moisture\DDCA\DDCA_DH\SM\20210523.mat,7370850,2026-04-02 13:31:40
Soil_Moisture\DDCA\DDCA_DH\SM\20210518.mat,7174863,2026-04-02 13:31:39
Soil_Moisture\DDCA\DDCA_DH\SM\20210516.mat,7703358,2026-04-02 13:31:38
Soil_Moisture\DDCA\DDCA_DH\SM\20210511.mat,7615763,2026-04-02 13:31:33
Soil_Moisture\DDCA\DDCA_DH\SM\20210512.mat,7178682,2026-04-02 13:31:33
Soil_Moisture\DDCA\DDCA_DH\SM\20210514.mat,7901105,2026-04-02 13:31:33
Soil_Moisture\DDCA\DDCA_DH\SM\20210515.mat,7166289,2026-04-02 13:31:33
Soil_Moisture\DDCA\DDCA_DH\SM\20210509.mat,7744742,2026-04-02 13:31:32
Soil_Moisture\DDCA\DDCA_DH\SM\20210510.mat,6996165,2026-04-02 13:31:32
Soil_Moisture\DDCA\DDCA_DH\SM\20210513.mat,7312983,2026-04-02 13:31:32
Soil_Moisture\DDCA\DDCA_DH\SM\20210508.mat,7274978,2026-04-02 13:31:31
Soil_Moisture\DDCA\DDCA_DH\SM\20210501.mat,7145524,2026-04-02 13:31:25
Soil_Moisture\DDCA\DDCA_DH\SM\20210503.mat,7620292,2026-04-02 13:31:25
Soil_Moisture\DDCA\DDCA_DH\SM\20210504.mat,6731366,2026-04-02 13:31:25
Soil_Moisture\DDCA\DDCA_DH\SM\20210505.mat,6917455,2026-04-02 13:31:25
Soil_Moisture\DDCA\DDCA_DH\SM\20210506.mat,7408012,2026-04-02 13:31:25
Soil_Moisture\DDCA\DDCA_DH\SM\20210507.mat,6747100,2026-04-02 13:31:25
Soil_Moisture\DDCA\DDCA_DH\SM\20210429.mat,6364514,2026-04-02 13:31:24
Soil_Moisture\DDCA\DDCA_DH\SM\20210502.mat,6581664,2026-04-02 13:31:24
Soil_Moisture\DDCA\DDCA_DH\SM\20210428.mat,7048584,2026-04-02 13:31:19
Soil_Moisture\DDCA\DDCA_DH\SM\20210422.mat,6614589,2026-04-02 13:31:18
Soil_Moisture\DDCA\DDCA_DH\SM\20210423.mat,6871093,2026-04-02 13:31:18
Soil_Moisture\DDCA\DDCA_DH\SM\20210424.mat,6206262,2026-04-02 13:31:18
Soil_Moisture\DDCA\DDCA_DH\SM\20210426.mat,6376812,2026-04-02 13:31:18
Soil_Moisture\DDCA\DDCA_DH\SM\20210427.mat,6521533,2026-04-02 13:31:18
Soil_Moisture\DDCA\DDCA_DH\SM\20210420.mat,6714721,2026-04-02 13:31:17
Soil_Moisture\DDCA\DDCA_DH\SM\20210421.mat,6121578,2026-04-02 13:31:17
Soil_Moisture\DDCA\DDCA_DH\SM\20210425.mat,7206101,2026-04-02 13:31:17
Soil_Moisture\DDCA\DDCA_DH\SM\20210419.mat,6286666,2026-04-02 13:31:13
Soil_Moisture\DDCA\DDCA_DH\SM\20210417.mat,6844590,2026-04-02 13:31:12
Soil_Moisture\DDCA\DDCA_DH\SM\20210418.mat,5880227,2026-04-02 13:31:12
Soil_Moisture\DDCA\DDCA_DH\SM\20210411.mat,6101962,2026-04-02 13:31:11
Soil_Moisture\DDCA\DDCA_DH\SM\20210412.mat,6440033,2026-04-02 13:31:11
Soil_Moisture\DDCA\DDCA_DH\SM\20210413.mat,5958580,2026-04-02 13:31:11
Soil_Moisture\DDCA\DDCA_DH\SM\20210414.mat,6379263,2026-04-02 13:31:11
Soil_Moisture\DDCA\DDCA_DH\SM\20210415.mat,6483491,2026-04-02 13:31:11
Soil_Moisture\DDCA\DDCA_DH\SM\20210416.mat,6018045,2026-04-02 13:31:10
Soil_Moisture\DDCA\DDCA_DH\SM\20210410.mat,5524511,2026-04-02 13:31:08
Soil_Moisture\DDCA\DDCA_DH\SM\20210407.mat,6334166,2026-04-02 13:31:07
Soil_Moisture\DDCA\DDCA_DH\SM\20210408.mat,5662164,2026-04-02 13:31:06
Soil_Moisture\DDCA\DDCA_DH\SM\20210330.mat,5963802,2026-04-02 13:31:03
Soil_Moisture\DDCA\DDCA_DH\SM\20210402.mat,5687831,2026-04-02 13:31:03
Soil_Moisture\DDCA\DDCA_DH\SM\20210403.mat,5940536,2026-04-02 13:31:03
Soil_Moisture\DDCA\DDCA_DH\SM\20210404.mat,6223604,2026-04-02 13:31:03
Soil_Moisture\DDCA\DDCA_DH\SM\20210405.mat,5796645,2026-04-02 13:31:03
Soil_Moisture\DDCA\DDCA_DH\SM\20210406.mat,6228548,2026-04-02 13:31:03
Soil_Moisture\DDCA\DDCA_DH\SM\20210329.mat,5981361,2026-04-02 13:31:02
Soil_Moisture\DDCA\DDCA_DH\SM\20210331.mat,5696326,2026-04-02 13:31:02
Soil_Moisture\DDCA\DDCA_DH\SM\20210401.mat,6369866,2026-04-02 13:31:02
Soil_Moisture\DDCA\DDCA_DH\SM\20210324.mat,6173351,2026-04-02 13:31:01
Soil_Moisture\DDCA\DDCA_DH\SM\20210320.mat,5389826,2026-04-02 13:30:56
Soil_Moisture\DDCA\DDCA_DH\SM\20210321.mat,5896650,2026-04-02 13:30:56
Soil_Moisture\DDCA\DDCA_DH\SM\20210322.mat,5785410,2026-04-02 13:30:56
Soil_Moisture\DDCA\DDCA_DH\SM\20210323.mat,5541407,2026-04-02 13:30:56
Soil_Moisture\DDCA\DDCA_DH\SM\20210325.mat,5464316,2026-04-02 13:30:56
Soil_Moisture\DDCA\DDCA_DH\SM\20210326.mat,5743481,2026-04-02 13:30:56
Soil_Moisture\DDCA\DDCA_DH\SM\20210327.mat,5961929,2026-04-02 13:30:56
Soil_Moisture\DDCA\DDCA_DH\SM\20210328.mat,5546065,2026-04-02 13:30:56
Soil_Moisture\DDCA\DDCA_DH\SM\20210319.mat,5854611,2026-04-02 13:30:55
Soil_Moisture\DDCA\DDCA_DH\SM\20210318.mat,5611789,2026-04-02 13:30:51
Soil_Moisture\DDCA\DDCA_DH\SM\20210314.mat,5624317,2026-04-02 13:30:50
Soil_Moisture\DDCA\DDCA_DH\SM\20210315.mat,5020054,2026-04-02 13:30:50
Soil_Moisture\DDCA\DDCA_DH\SM\20210316.mat,6068355,2026-04-02 13:30:50
Soil_Moisture\DDCA\DDCA_DH\SM\20210312.mat,5208029,2026-04-02 13:30:49
Soil_Moisture\DDCA\DDCA_DH\SM\20210313.mat,5537795,2026-04-02 13:30:49
Soil_Moisture\DDCA\DDCA_DH\SM\20210317.mat,4801872,2026-04-02 13:30:49
Soil_Moisture\DDCA\DDCA_DH\SM\20210309.mat,4850143,2026-04-02 13:30:48
Soil_Moisture\DDCA\DDCA_DH\SM\20210311.mat,5753787,2026-04-02 13:30:48
Soil_Moisture\DDCA\DDCA_DH\SM\20210310.mat,4981372,2026-04-02 13:30:47
Soil_Moisture\DDCA\DDCA_DH\SM\20210308.mat,4819071,2026-04-02 13:30:46
Soil_Moisture\DDCA\DDCA_DH\SM\20210305.mat,5624206,2026-04-02 13:30:44
Soil_Moisture\DDCA\DDCA_DH\SM\20210302.mat,5324049,2026-04-02 13:30:43
Soil_Moisture\DDCA\DDCA_DH\SM\20210306.mat,5604577,2026-04-02 13:30:43
Soil_Moisture\DDCA\DDCA_DH\SM\20210307.mat,5113105,2026-04-02 13:30:43
Soil_Moisture\DDCA\DDCA_DH\SM\20210228.mat,5822956,2026-04-02 13:30:42
Soil_Moisture\DDCA\DDCA_DH\SM\20210301.mat,5039367,2026-04-02 13:30:42
Soil_Moisture\DDCA\DDCA_DH\SM\20210303.mat,5611575,2026-04-02 13:30:42
Soil_Moisture\DDCA\DDCA_DH\SM\20210304.mat,5102202,2026-04-02 13:30:42
Soil_Moisture\DDCA\DDCA_DH\SM\20210226.mat,5449729,2026-04-02 13:30:41
Soil_Moisture\DDCA\DDCA_DH\SM\20210227.mat,4976366,2026-04-02 13:30:41
Soil_Moisture\DDCA\DDCA_DH\SM\20210224.mat,4924066,2026-04-02 13:30:39
Soil_Moisture\DDCA\DDCA_DH\SM\20210225.mat,5435489,2026-04-02 13:30:38
Soil_Moisture\DDCA\DDCA_DH\SM\20210215.mat,5102868,2026-04-02 13:30:36
Soil_Moisture\DDCA\DDCA_DH\SM\20210219.mat,4842091,2026-04-02 13:30:36
Soil_Moisture\DDCA\DDCA_DH\SM\20210217.mat,5250343,2026-04-02 13:30:35
Soil_Moisture\DDCA\DDCA_DH\SM\20210218.mat,5272499,2026-04-02 13:30:35
Soil_Moisture\DDCA\DDCA_DH\SM\20210220.mat,5665537,2026-04-02 13:30:35
Soil_Moisture\DDCA\DDCA_DH\SM\20210221.mat,4880694,2026-04-02 13:30:35
Soil_Moisture\DDCA\DDCA_DH\SM\20210222.mat,5167273,2026-04-02 13:30:35
Soil_Moisture\DDCA\DDCA_DH\SM\20210223.mat,5433393,2026-04-02 13:30:35
Soil_Moisture\DDCA\DDCA_DH\SM\20210216.mat,4634735,2026-04-02 13:30:34
Soil_Moisture\DDCA\DDCA_DH\SM\20210214.mat,5003834,2026-04-02 13:30:32
Soil_Moisture\DDCA\DDCA_DH\SM\20210211.mat,4091399,2026-04-02 13:30:30
Soil_Moisture\DDCA\DDCA_DH\SM\20210213.mat,4563307,2026-04-02 13:30:30
Soil_Moisture\DDCA\DDCA_DH\SM\20210208.mat,4512233,2026-04-02 13:30:29
Soil_Moisture\DDCA\DDCA_DH\SM\20210209.mat,5014305,2026-04-02 13:30:29
Soil_Moisture\DDCA\DDCA_DH\SM\20210212.mat,4897756,2026-04-02 13:30:29
Soil_Moisture\DDCA\DDCA_DH\SM\20210206.mat,4832190,2026-04-02 13:30:28
Soil_Moisture\DDCA\DDCA_DH\SM\20210207.mat,4801248,2026-04-02 13:30:28
Soil_Moisture\DDCA\DDCA_DH\SM\20210210.mat,4861890,2026-04-02 13:30:28
Soil_Moisture\DDCA\DDCA_DH\SM\20210201.mat,4960396,2026-04-02 13:30:27
Soil_Moisture\DDCA\DDCA_DH\SM\20210202.mat,4619080,2026-04-02 13:30:27
Soil_Moisture\DDCA\DDCA_DH\SM\20210205.mat,4400047,2026-04-02 13:30:26
Soil_Moisture\DDCA\DDCA_DH\SM\20210128.mat,4400946,2026-04-02 13:30:24
Soil_Moisture\DDCA\DDCA_DH\SM\20210130.mat,4791301,2026-04-02 13:30:24
Soil_Moisture\DDCA\DDCA_DH\SM\20210131.mat,4193308,2026-04-02 13:30:24
Soil_Moisture\DDCA\DDCA_DH\SM\20210203.mat,4440946,2026-04-02 13:30:24
Soil_Moisture\DDCA\DDCA_DH\SM\20210204.mat,5081953,2026-04-02 13:30:24
Soil_Moisture\DDCA\DDCA_DH\SM\20210127.mat,5058675,2026-04-02 13:30:23
Soil_Moisture\DDCA\DDCA_DH\SM\20210129.mat,4781518,2026-04-02 13:30:23
Soil_Moisture\DDCA\DDCA_DH\SM\20210126.mat,4477479,2026-04-02 13:30:21
Soil_Moisture\DDCA\DDCA_DH\SM\20210125.mat,4575716,2026-04-02 13:30:20
Soil_Moisture\DDCA\DDCA_DH\SM\20210123.mat,4583754,2026-04-02 13:30:19
Soil_Moisture\DDCA\DDCA_DH\SM\20210124.mat,5017064,2026-04-02 13:30:19
Soil_Moisture\DDCA\DDCA_DH\SM\20210120.mat,4460315,2026-04-02 13:30:18
Soil_Moisture\DDCA\DDCA_DH\SM\20210121.mat,4531060,2026-04-02 13:30:18
Soil_Moisture\DDCA\DDCA_DH\SM\20210122.mat,4657210,2026-04-02 13:30:18
Soil_Moisture\DDCA\DDCA_DH\SM\20210115.mat,4713982,2026-04-02 13:30:17
Soil_Moisture\DDCA\DDCA_DH\SM\20210118.mat,4526160,2026-04-02 13:30:17
Soil_Moisture\DDCA\DDCA_DH\SM\20210117.mat,4007132,2026-04-02 13:30:16
Soil_Moisture\DDCA\DDCA_DH\SM\20210119.mat,5121224,2026-04-02 13:30:16
Soil_Moisture\DDCA\DDCA_DH\SM\20210112.mat,4624063,2026-04-02 13:30:15
Soil_Moisture\DDCA\DDCA_DH\SM\20210114.mat,4975428,2026-04-02 13:30:15
Soil_Moisture\DDCA\DDCA_DH\SM\20210116.mat,4504399,2026-04-02 13:30:15
Soil_Moisture\DDCA\DDCA_DH\SM\20210110.mat,4666092,2026-04-02 13:30:13
Soil_Moisture\DDCA\DDCA_DH\SM\20210111.mat,4891426,2026-04-02 13:30:13
Soil_Moisture\DDCA\DDCA_DH\SM\20210113.mat,4935548,2026-04-02 13:30:13
Soil_Moisture\DDCA\DDCA_DH\SM\20210106.mat,5040893,2026-04-02 13:30:10
Soil_Moisture\DDCA\DDCA_DH\SM\20210107.mat,4754463,2026-04-02 13:30:10
Soil_Moisture\DDCA\DDCA_DH\SM\20210101.mat,5042245,2026-04-02 13:30:09
Soil_Moisture\DDCA\DDCA_DH\SM\20210102.mat,4689341,2026-04-02 13:30:09
Soil_Moisture\DDCA\DDCA_DH\SM\20210103.mat,5307657,2026-04-02 13:30:09
Soil_Moisture\DDCA\DDCA_DH\SM\20210104.mat,4657653,2026-04-02 13:30:09
Soil_Moisture\DDCA\DDCA_DH\SM\20210105.mat,4964499,2026-04-02 13:30:09
Soil_Moisture\DDCA\DDCA_DH\SM\20210108.mat,5187699,2026-04-02 13:30:09
Soil_Moisture\DDCA\DDCA_DH\SM\20201229.mat,477265,2026-04-02 13:30:08
Soil_Moisture\DDCA\DDCA_DH\SM\20210109.mat,4821340,2026-04-02 13:30:08
Soil_Moisture\DDCA\DDCA_DH\SM\20201231.mat,477265,2026-04-02 13:30:06
Soil_Moisture\DDCA\DDCA_DH\SM\20201230.mat,477265,2026-04-02 13:30:05
Soil_Moisture\DDCA\DDCA_DH\SM\20201227.mat,477265,2026-04-02 13:30:04
Soil_Moisture\DDCA\DDCA_DH\SM\20201218.mat,5314478,2026-04-02 13:30:03
Soil_Moisture\DDCA\DDCA_DH\SM\20201219.mat,4590855,2026-04-02 13:30:03
Soil_Moisture\DDCA\DDCA_DH\SM\20201220.mat,3155581,2026-04-02 13:30:03
Soil_Moisture\DDCA\DDCA_DH\SM\20201221.mat,4506505,2026-04-02 13:30:03
Soil_Moisture\DDCA\DDCA_DH\SM\20201222.mat,4657246,2026-04-02 13:30:03
Soil_Moisture\DDCA\DDCA_DH\SM\20201223.mat,5176058,2026-04-02 13:30:03
Soil_Moisture\DDCA\DDCA_DH\SM\20201224.mat,4797253,2026-04-02 13:30:03
Soil_Moisture\DDCA\DDCA_DH\SM\20201225.mat,4388329,2026-04-02 13:30:03
Soil_Moisture\DDCA\DDCA_DH\SM\20201226.mat,5530412,2026-04-02 13:30:03
Soil_Moisture\DDCA\DDCA_DH\SM\20201228.mat,477265,2026-04-02 13:30:03
Soil_Moisture\DDCA\DDCA_DH\SM\20201217.mat,4390791,2026-04-02 13:30:02
Soil_Moisture\DDCA\DDCA_DH\SM\20201215.mat,4715553,2026-04-02 13:29:58
Soil_Moisture\DDCA\DDCA_DH\SM\20201207.mat,4886324,2026-04-02 13:29:57
Soil_Moisture\DDCA\DDCA_DH\SM\20201208.mat,4688683,2026-04-02 13:29:57
Soil_Moisture\DDCA\DDCA_DH\SM\20201209.mat,3811043,2026-04-02 13:29:57
Soil_Moisture\DDCA\DDCA_DH\SM\20201210.mat,5256584,2026-04-02 13:29:57
Soil_Moisture\DDCA\DDCA_DH\SM\20201211.mat,4542956,2026-04-02 13:29:57
Soil_Moisture\DDCA\DDCA_DH\SM\20201212.mat,4680088,2026-04-02 13:29:57
Soil_Moisture\DDCA\DDCA_DH\SM\20201213.mat,5020418,2026-04-02 13:29:57
Soil_Moisture\DDCA\DDCA_DH\SM\20201214.mat,4246168,2026-04-02 13:29:57
Soil_Moisture\DDCA\DDCA_DH\SM\20201216.mat,4397885,2026-04-02 13:29:57
Soil_Moisture\DDCA\DDCA_DH\SM\20201206.mat,4512669,2026-04-02 13:29:53
Soil_Moisture\DDCA\DDCA_DH\SM\20201130.mat,4633897,2026-04-02 13:29:52
Soil_Moisture\DDCA\DDCA_DH\SM\20201205.mat,4956225,2026-04-02 13:29:52
Soil_Moisture\DDCA\DDCA_DH\SM\20201126.mat,4505806,2026-04-02 13:29:51
Soil_Moisture\DDCA\DDCA_DH\SM\20201127.mat,4623020,2026-04-02 13:29:51
Soil_Moisture\DDCA\DDCA_DH\SM\20201129.mat,4831367,2026-04-02 13:29:51
Soil_Moisture\DDCA\DDCA_DH\SM\20201201.mat,4133091,2026-04-02 13:29:51
Soil_Moisture\DDCA\DDCA_DH\SM\20201202.mat,5160868,2026-04-02 13:29:51
Soil_Moisture\DDCA\DDCA_DH\SM\20201203.mat,3187133,2026-04-02 13:29:51
Soil_Moisture\DDCA\DDCA_DH\SM\20201204.mat,4405408,2026-04-02 13:29:51
Soil_Moisture\DDCA\DDCA_DH\SM\20201125.mat,4412405,2026-04-02 13:29:50
Soil_Moisture\DDCA\DDCA_DH\SM\20201128.mat,3986973,2026-04-02 13:29:50
Soil_Moisture\DDCA\DDCA_DH\SM\20201115.mat,4798472,2026-04-02 13:29:46
Soil_Moisture\DDCA\DDCA_DH\SM\20201116.mat,5831143,2026-04-02 13:29:46
Soil_Moisture\DDCA\DDCA_DH\SM\20201117.mat,4065933,2026-04-02 13:29:46
Soil_Moisture\DDCA\DDCA_DH\SM\20201119.mat,4946394,2026-04-02 13:29:46
Soil_Moisture\DDCA\DDCA_DH\SM\20201121.mat,4871857,2026-04-02 13:29:46
Soil_Moisture\DDCA\DDCA_DH\SM\20201123.mat,3872727,2026-04-02 13:29:46
Soil_Moisture\DDCA\DDCA_DH\SM\20201124.mat,5150758,2026-04-02 13:29:46
Soil_Moisture\DDCA\DDCA_DH\SM\20201118.mat,4584547,2026-04-02 13:29:45
Soil_Moisture\DDCA\DDCA_DH\SM\20201120.mat,3996942,2026-04-02 13:29:45
Soil_Moisture\DDCA\DDCA_DH\SM\20201122.mat,4390475,2026-04-02 13:29:45
Soil_Moisture\DDCA\DDCA_DH\SM\20201108.mat,6235589,2026-04-02 13:29:40
Soil_Moisture\DDCA\DDCA_DH\SM\20201112.mat,4989124,2026-04-02 13:29:40
Soil_Moisture\DDCA\DDCA_DH\SM\20201114.mat,5231653,2026-04-02 13:29:40
Soil_Moisture\DDCA\DDCA_DH\SM\20201105.mat,5776580,2026-04-02 13:29:39
Soil_Moisture\DDCA\DDCA_DH\SM\20201106.mat,5520939,2026-04-02 13:29:39
Soil_Moisture\DDCA\DDCA_DH\SM\20201107.mat,4309672,2026-04-02 13:29:39
Soil_Moisture\DDCA\DDCA_DH\SM\20201109.mat,4504776,2026-04-02 13:29:39
Soil_Moisture\DDCA\DDCA_DH\SM\20201111.mat,5567708,2026-04-02 13:29:39
Soil_Moisture\DDCA\DDCA_DH\SM\20201113.mat,5427091,2026-04-02 13:29:39
Soil_Moisture\DDCA\DDCA_DH\SM\20201110.mat,3964421,2026-04-02 13:29:38
Soil_Moisture\DDCA\DDCA_DH\SM\20201104.mat,5278857,2026-04-02 13:29:36
Soil_Moisture\DDCA\DDCA_DH\SM\20201025.mat,5611957,2026-04-02 13:29:33
Soil_Moisture\DDCA\DDCA_DH\SM\20201026.mat,6052206,2026-04-02 13:29:33
Soil_Moisture\DDCA\DDCA_DH\SM\20201028.mat,5745661,2026-04-02 13:29:33
Soil_Moisture\DDCA\DDCA_DH\SM\20201029.mat,5620773,2026-04-02 13:29:33
Soil_Moisture\DDCA\DDCA_DH\SM\20201030.mat,5067464,2026-04-02 13:29:33
Soil_Moisture\DDCA\DDCA_DH\SM\20201031.mat,6452888,2026-04-02 13:29:33
Soil_Moisture\DDCA\DDCA_DH\SM\20201101.mat,5231344,2026-04-02 13:29:33
Soil_Moisture\DDCA\DDCA_DH\SM\20201102.mat,5057349,2026-04-02 13:29:33
Soil_Moisture\DDCA\DDCA_DH\SM\20201027.mat,4783604,2026-04-02 13:29:32
Soil_Moisture\DDCA\DDCA_DH\SM\20201103.mat,5900761,2026-04-02 13:29:32
Soil_Moisture\DDCA\DDCA_DH\SM\20201020.mat,6071850,2026-04-02 13:29:27
Soil_Moisture\DDCA\DDCA_DH\SM\20201023.mat,6569157,2026-04-02 13:29:27
Soil_Moisture\DDCA\DDCA_DH\SM\20201017.mat,5752545,2026-04-02 13:29:26
Soil_Moisture\DDCA\DDCA_DH\SM\20201018.mat,6210908,2026-04-02 13:29:26
Soil_Moisture\DDCA\DDCA_DH\SM\20201019.mat,5501358,2026-04-02 13:29:26
Soil_Moisture\DDCA\DDCA_DH\SM\20201022.mat,5299738,2026-04-02 13:29:26
Soil_Moisture\DDCA\DDCA_DH\SM\20201024.mat,5315349,2026-04-02 13:29:26
Soil_Moisture\DDCA\DDCA_DH\SM\20201015.mat,6756613,2026-04-02 13:29:25
Soil_Moisture\DDCA\DDCA_DH\SM\20201016.mat,5436709,2026-04-02 13:29:25
Soil_Moisture\DDCA\DDCA_DH\SM\20201021.mat,5346395,2026-04-02 13:29:25
Soil_Moisture\DDCA\DDCA_DH\SM\20201014.mat,5452049,2026-04-02 13:29:22
Soil_Moisture\DDCA\DDCA_DH\SM\20201013.mat,5905647,2026-04-02 13:29:21
Soil_Moisture\DDCA\DDCA_DH\SM\20201005.mat,6298630,2026-04-02 13:29:19
Soil_Moisture\DDCA\DDCA_DH\SM\20201008.mat,5662023,2026-04-02 13:29:19
Soil_Moisture\DDCA\DDCA_DH\SM\20201010.mat,6023064,2026-04-02 13:29:19
Soil_Moisture\DDCA\DDCA_DH\SM\20201012.mat,5905813,2026-04-02 13:29:19
Soil_Moisture\DDCA\DDCA_DH\SM\20201004.mat,6374176,2026-04-02 13:29:18
Soil_Moisture\DDCA\DDCA_DH\SM\20201009.mat,4713335,2026-04-02 13:29:18
Soil_Moisture\DDCA\DDCA_DH\SM\20201011.mat,5650125,2026-04-02 13:29:18
Soil_Moisture\DDCA\DDCA_DH\SM\20201006.mat,4251259,2026-04-02 13:29:17
Soil_Moisture\DDCA\DDCA_DH\SM\20201007.mat,7095623,2026-04-02 13:29:16
Soil_Moisture\DDCA\DDCA_DH\SM\20201003.mat,5969800,2026-04-02 13:29:15
Soil_Moisture\DDCA\DDCA_DH\SM\20200927.mat,6645821,2026-04-02 13:29:11
Soil_Moisture\DDCA\DDCA_DH\SM\20200928.mat,6000281,2026-04-02 13:29:11
Soil_Moisture\DDCA\DDCA_DH\SM\20200929.mat,6586719,2026-04-02 13:29:11
Soil_Moisture\DDCA\DDCA_DH\SM\20200930.mat,5997848,2026-04-02 13:29:11
Soil_Moisture\DDCA\DDCA_DH\SM\20201001.mat,5652424,2026-04-02 13:29:11
Soil_Moisture\DDCA\DDCA_DH\SM\20201002.mat,6706115,2026-04-02 13:29:11
Soil_Moisture\DDCA\DDCA_DH\SM\20200923.mat,6296569,2026-04-02 13:29:10
Soil_Moisture\DDCA\DDCA_DH\SM\20200924.mat,6999943,2026-04-02 13:29:10
Soil_Moisture\DDCA\DDCA_DH\SM\20200925.mat,6294299,2026-04-02 13:29:10
Soil_Moisture\DDCA\DDCA_DH\SM\20200926.mat,6660393,2026-04-02 13:29:10
Soil_Moisture\DDCA\DDCA_DH\SM\20200918.mat,6950928,2026-04-02 13:29:04
Soil_Moisture\DDCA\DDCA_DH\SM\20200922.mat,6355339,2026-04-02 13:29:04
Soil_Moisture\DDCA\DDCA_DH\SM\20200916.mat,7379142,2026-04-02 13:29:03
Soil_Moisture\DDCA\DDCA_DH\SM\20200917.mat,6174488,2026-04-02 13:29:03
Soil_Moisture\DDCA\DDCA_DH\SM\20200919.mat,7019632,2026-04-02 13:29:03
Soil_Moisture\DDCA\DDCA_DH\SM\20200920.mat,6247814,2026-04-02 13:29:03
Soil_Moisture\DDCA\DDCA_DH\SM\20200921.mat,7638225,2026-04-02 13:29:03
Soil_Moisture\DDCA\DDCA_DH\SM\20200905.mat,8615861,2026-04-02 13:29:02
Soil_Moisture\DDCA\DDCA_DH\SM\20200913.mat,8021654,2026-04-02 13:29:02
Soil_Moisture\DDCA\DDCA_DH\SM\20200915.mat,6554318,2026-04-02 13:29:02
Soil_Moisture\DDCA\DDCA_DH\SM\20200912.mat,6592303,2026-04-02 13:28:58
Soil_Moisture\DDCA\DDCA_DH\SM\20200903.mat,7929850,2026-04-02 13:28:57
Soil_Moisture\DDCA\DDCA_DH\SM\20200908.mat,7614936,2026-04-02 13:28:57
Soil_Moisture\DDCA\DDCA_DH\SM\20200911.mat,7284023,2026-04-02 13:28:57
Soil_Moisture\DDCA\DDCA_DH\SM\20200914.mat,6668741,2026-04-02 13:28:57
Soil_Moisture\DDCA\DDCA_DH\SM\20200910.mat,7253016,2026-04-02 13:28:56
Soil_Moisture\DDCA\DDCA_DH\SM\20200906.mat,6986135,2026-04-02 13:28:55
Soil_Moisture\DDCA\DDCA_DH\SM\20200907.mat,6875952,2026-04-02 13:28:55
Soil_Moisture\DDCA\DDCA_DH\SM\20200904.mat,7032136,2026-04-02 13:28:52
Soil_Moisture\DDCA\DDCA_DH\SM\20200909.mat,6911191,2026-04-02 13:28:52
Soil_Moisture\DDCA\DDCA_DH\SM\20200902.mat,7864620,2026-04-02 13:28:51
Soil_Moisture\DDCA\DDCA_DH\SM\20200823.mat,8836315,2026-04-02 13:28:49
Soil_Moisture\DDCA\DDCA_DH\SM\20200824.mat,8044391,2026-04-02 13:28:47
Soil_Moisture\DDCA\DDCA_DH\SM\20200901.mat,7527918,2026-04-02 13:28:47
Soil_Moisture\DDCA\DDCA_DH\SM\20200826.mat,8460430,2026-04-02 13:28:46
Soil_Moisture\DDCA\DDCA_DH\SM\20200827.mat,7650632,2026-04-02 13:28:46
Soil_Moisture\DDCA\DDCA_DH\SM\20200831.mat,8227219,2026-04-02 13:28:46
Soil_Moisture\DDCA\DDCA_DH\SM\20200829.mat,7609426,2026-04-02 13:28:45
Soil_Moisture\DDCA\DDCA_DH\SM\20200830.mat,7436022,2026-04-02 13:28:45
Soil_Moisture\DDCA\DDCA_DH\SM\20200825.mat,8282426,2026-04-02 13:28:44
Soil_Moisture\DDCA\DDCA_DH\SM\20200828.mat,9318744,2026-04-02 13:28:42
Soil_Moisture\DDCA\DDCA_DH\SM\20200815.mat,9599496,2026-04-02 13:28:41
Soil_Moisture\DDCA\DDCA_DH\SM\20200814.mat,8391032,2026-04-02 13:28:36
Soil_Moisture\DDCA\DDCA_DH\SM\20200819.mat,8400285,2026-04-02 13:28:36
Soil_Moisture\DDCA\DDCA_DH\SM\20200820.mat,9824328,2026-04-02 13:28:36
Soil_Moisture\DDCA\DDCA_DH\SM\20200812.mat,10508272,2026-04-02 13:28:35
Soil_Moisture\DDCA\DDCA_DH\SM\20200813.mat,8996307,2026-04-02 13:28:35
Soil_Moisture\DDCA\DDCA_DH\SM\20200816.mat,8877111,2026-04-02 13:28:35
Soil_Moisture\DDCA\DDCA_DH\SM\20200818.mat,9282949,2026-04-02 13:28:35
Soil_Moisture\DDCA\DDCA_DH\SM\20200821.mat,8122992,2026-04-02 13:28:35
Soil_Moisture\DDCA\DDCA_DH\SM\20200822.mat,7855824,2026-04-02 13:28:35
Soil_Moisture\DDCA\DDCA_DH\SM\20200817.mat,8905938,2026-04-02 13:28:30
Soil_Moisture\DDCA\DDCA_DH\SM\20200810.mat,9241710,2026-04-02 13:28:28
Soil_Moisture\DDCA\DDCA_DH\SM\20200804.mat,10440492,2026-04-02 13:28:25
Soil_Moisture\DDCA\DDCA_DH\SM\20200806.mat,8804689,2026-04-02 13:28:25
Soil_Moisture\DDCA\DDCA_DH\SM\20200807.mat,9985713,2026-04-02 13:28:25
Soil_Moisture\DDCA\DDCA_DH\SM\20200808.mat,9276552,2026-04-02 13:28:25
Soil_Moisture\DDCA\DDCA_DH\SM\20200811.mat,8735816,2026-04-02 13:28:25
Soil_Moisture\DDCA\DDCA_DH\SM\20200802.mat,9821872,2026-04-02 13:28:24
Soil_Moisture\DDCA\DDCA_DH\SM\20200805.mat,8867608,2026-04-02 13:28:24
Soil_Moisture\DDCA\DDCA_DH\SM\20200809.mat,9178310,2026-04-02 13:28:22
Soil_Moisture\DDCA\DDCA_DH\SM\20200803.mat,8688534,2026-04-02 13:28:21
Soil_Moisture\DDCA\DDCA_DH\SM\20200725.mat,9736971,2026-04-02 13:28:13
Soil_Moisture\DDCA\DDCA_DH\SM\20200728.mat,8661305,2026-04-02 13:28:13
Soil_Moisture\DDCA\DDCA_DH\SM\20200730.mat,10036834,2026-04-02 13:28:13
Soil_Moisture\DDCA\DDCA_DH\SM\20200801.mat,9361837,2026-04-02 13:28:13
Soil_Moisture\DDCA\DDCA_DH\SM\20200723.mat,9249175,2026-04-02 13:28:12
Soil_Moisture\DDCA\DDCA_DH\SM\20200724.mat,9332565,2026-04-02 13:28:12
Soil_Moisture\DDCA\DDCA_DH\SM\20200726.mat,8853682,2026-04-02 13:28:12
Soil_Moisture\DDCA\DDCA_DH\SM\20200727.mat,10465159,2026-04-02 13:28:12
Soil_Moisture\DDCA\DDCA_DH\SM\20200729.mat,9040679,2026-04-02 13:28:12
Soil_Moisture\DDCA\DDCA_DH\SM\20200731.mat,9380516,2026-04-02 13:28:12
Soil_Moisture\DDCA\DDCA_DH\SM\20200718.mat,8569445,2026-04-02 13:28:02
Soil_Moisture\DDCA\DDCA_DH\SM\20200721.mat,8947888,2026-04-02 13:28:02
Soil_Moisture\DDCA\DDCA_DH\SM\20200713.mat,8173492,2026-04-02 13:28:01
Soil_Moisture\DDCA\DDCA_DH\SM\20200714.mat,9166183,2026-04-02 13:28:01
Soil_Moisture\DDCA\DDCA_DH\SM\20200715.mat,8972904,2026-04-02 13:28:01
Soil_Moisture\DDCA\DDCA_DH\SM\20200716.mat,9123710,2026-04-02 13:28:01
Soil_Moisture\DDCA\DDCA_DH\SM\20200717.mat,8914945,2026-04-02 13:28:01
Soil_Moisture\DDCA\DDCA_DH\SM\20200719.mat,10140826,2026-04-02 13:28:01
Soil_Moisture\DDCA\DDCA_DH\SM\20200720.mat,9391297,2026-04-02 13:28:01
Soil_Moisture\DDCA\DDCA_DH\SM\20200722.mat,9998864,2026-04-02 13:28:01
Soil_Moisture\DDCA\DDCA_DH\SM\20200707.mat,8658527,2026-04-02 13:27:52
Soil_Moisture\DDCA\DDCA_DH\SM\20200708.mat,8542226,2026-04-02 13:27:52
Soil_Moisture\DDCA\DDCA_DH\SM\20200709.mat,9160624,2026-04-02 13:27:52
Soil_Moisture\DDCA\DDCA_DH\SM\20200704.mat,8875332,2026-04-02 13:27:51
Soil_Moisture\DDCA\DDCA_DH\SM\20200705.mat,8126752,2026-04-02 13:27:51
Soil_Moisture\DDCA\DDCA_DH\SM\20200706.mat,9535419,2026-04-02 13:27:51
Soil_Moisture\DDCA\DDCA_DH\SM\20200710.mat,8407689,2026-04-02 13:27:50
Soil_Moisture\DDCA\DDCA_DH\SM\20200712.mat,8556571,2026-04-02 13:27:50
Soil_Moisture\DDCA\DDCA_DH\SM\20200703.mat,9805711,2026-04-02 13:27:49
Soil_Moisture\DDCA\DDCA_DH\SM\20200711.mat,8256657,2026-04-02 13:27:49
Soil_Moisture\DDCA\DDCA_DH\SM\20200625.mat,9680458,2026-04-02 13:27:40
Soil_Moisture\DDCA\DDCA_DH\SM\20200627.mat,8127388,2026-04-02 13:27:40
Soil_Moisture\DDCA\DDCA_DH\SM\20200628.mat,8407095,2026-04-02 13:27:40
Soil_Moisture\DDCA\DDCA_DH\SM\20200629.mat,8505626,2026-04-02 13:27:40
Soil_Moisture\DDCA\DDCA_DH\SM\20200630.mat,8763265,2026-04-02 13:27:40
Soil_Moisture\DDCA\DDCA_DH\SM\20200701.mat,8954043,2026-04-02 13:27:40
Soil_Moisture\DDCA\DDCA_DH\SM\20200702.mat,8142500,2026-04-02 13:27:40
Soil_Moisture\DDCA\DDCA_DH\SM\20200621.mat,8388584,2026-04-02 13:27:39
Soil_Moisture\DDCA\DDCA_DH\SM\20200626.mat,8454980,2026-04-02 13:27:39
Soil_Moisture\DDCA\DDCA_DH\SM\20200623.mat,8768276,2026-04-02 13:27:38
Soil_Moisture\DDCA\DDCA_DH\SM\20200624.mat,7932616,2026-04-02 13:27:31
Soil_Moisture\DDCA\DDCA_DH\SM\20200614.mat,8431853,2026-04-02 13:27:30
Soil_Moisture\DDCA\DDCA_DH\SM\20200615.mat,8483479,2026-04-02 13:27:29
Soil_Moisture\DDCA\DDCA_DH\SM\20200616.mat,7812937,2026-04-02 13:27:29
Soil_Moisture\DDCA\DDCA_DH\SM\20200617.mat,9530202,2026-04-02 13:27:29
Soil_Moisture\DDCA\DDCA_DH\SM\20200619.mat,8234607,2026-04-02 13:27:28
Soil_Moisture\DDCA\DDCA_DH\SM\20200620.mat,9123466,2026-04-02 13:27:28
Soil_Moisture\DDCA\DDCA_DH\SM\20200622.mat,9005360,2026-04-02 13:27:28
Soil_Moisture\DDCA\DDCA_DH\SM\20200618.mat,7055967,2026-04-02 13:27:26
Soil_Moisture\DDCA\DDCA_DH\SM\20200604.mat,8524832,2026-04-02 13:27:22
Soil_Moisture\DDCA\DDCA_DH\SM\20200612.mat,8385398,2026-04-02 13:27:20
Soil_Moisture\DDCA\DDCA_DH\SM\20200607.mat,8185574,2026-04-02 13:27:19
Soil_Moisture\DDCA\DDCA_DH\SM\20200609.mat,9278841,2026-04-02 13:27:19
Soil_Moisture\DDCA\DDCA_DH\SM\20200606.mat,8190312,2026-04-02 13:27:18
Soil_Moisture\DDCA\DDCA_DH\SM\20200608.mat,7572720,2026-04-02 13:27:18
Soil_Moisture\DDCA\DDCA_DH\SM\20200610.mat,7382349,2026-04-02 13:27:18
Soil_Moisture\DDCA\DDCA_DH\SM\20200613.mat,7091094,2026-04-02 13:27:18
Soil_Moisture\DDCA\DDCA_DH\SM\20200605.mat,7927067,2026-04-02 13:27:17
Soil_Moisture\DDCA\DDCA_DH\SM\20200611.mat,6407342,2026-04-02 13:27:17
Soil_Moisture\DDCA\DDCA_DH\SM\20200524.mat,8645833,2026-04-02 13:27:11
Soil_Moisture\DDCA\DDCA_DH\SM\20200529.mat,7906608,2026-04-02 13:27:11
Soil_Moisture\DDCA\DDCA_DH\SM\20200601.mat,8713911,2026-04-02 13:27:11
Soil_Moisture\DDCA\DDCA_DH\SM\20200527.mat,8211991,2026-04-02 13:27:10
Soil_Moisture\DDCA\DDCA_DH\SM\20200530.mat,7898552,2026-04-02 13:27:10
Soil_Moisture\DDCA\DDCA_DH\SM\20200602.mat,7856747,2026-04-02 13:27:10
Soil_Moisture\DDCA\DDCA_DH\SM\20200603.mat,7204110,2026-04-02 13:27:10
Soil_Moisture\DDCA\DDCA_DH\SM\20200528.mat,7614348,2026-04-02 13:27:09
Soil_Moisture\DDCA\DDCA_DH\SM\20200531.mat,7296242,2026-04-02 13:27:08
Soil_Moisture\DDCA\DDCA_DH\SM\20200526.mat,6289310,2026-04-02 13:27:06
Soil_Moisture\DDCA\DDCA_DH\SM\20200525.mat,7625750,2026-04-02 13:27:04
Soil_Moisture\DDCA\DDCA_DH\SM\20200519.mat,7916532,2026-04-02 13:27:00
Soil_Moisture\DDCA\DDCA_DH\SM\20200520.mat,7320892,2026-04-02 13:27:00
Soil_Moisture\DDCA\DDCA_DH\SM\20200522.mat,7659795,2026-04-02 13:27:00
Soil_Moisture\DDCA\DDCA_DH\SM\20200516.mat,8266978,2026-04-02 13:26:59
Soil_Moisture\DDCA\DDCA_DH\SM\20200517.mat,7347016,2026-04-02 13:26:59
Soil_Moisture\DDCA\DDCA_DH\SM\20200518.mat,6801247,2026-04-02 13:26:59
Soil_Moisture\DDCA\DDCA_DH\SM\20200521.mat,7562533,2026-04-02 13:26:59
Soil_Moisture\DDCA\DDCA_DH\SM\20200523.mat,7013635,2026-04-02 13:26:59
Soil_Moisture\DDCA\DDCA_DH\SM\20200515.mat,6811098,2026-04-02 13:26:58
Soil_Moisture\DDCA\DDCA_DH\SM\20200514.mat,7413881,2026-04-02 13:26:55
Soil_Moisture\DDCA\DDCA_DH\SM\20200511.mat,7697875,2026-04-02 13:26:54
Soil_Moisture\DDCA\DDCA_DH\SM\20200512.mat,7055716,2026-04-02 13:26:52
Soil_Moisture\DDCA\DDCA_DH\SM\20200513.mat,7445517,2026-04-02 13:26:51
Soil_Moisture\DDCA\DDCA_DH\SM\20200503.mat,7458801,2026-04-02 13:26:50
Soil_Moisture\DDCA\DDCA_DH\SM\20200504.mat,6866132,2026-04-02 13:26:50
Soil_Moisture\DDCA\DDCA_DH\SM\20200506.mat,7226597,2026-04-02 13:26:50
Soil_Moisture\DDCA\DDCA_DH\SM\20200508.mat,7865977,2026-04-02 13:26:50
Soil_Moisture\DDCA\DDCA_DH\SM\20200509.mat,7094470,2026-04-02 13:26:50
Soil_Moisture\DDCA\DDCA_DH\SM\20200505.mat,7113525,2026-04-02 13:26:49
Soil_Moisture\DDCA\DDCA_DH\SM\20200502.mat,6785514,2026-04-02 13:26:47
Soil_Moisture\DDCA\DDCA_DH\SM\20200507.mat,6685174,2026-04-02 13:26:45
Soil_Moisture\DDCA\DDCA_DH\SM\20200510.mat,7075320,2026-04-02 13:26:45
Soil_Moisture\DDCA\DDCA_DH\SM\20200423.mat,6606617,2026-04-02 13:26:40
Soil_Moisture\DDCA\DDCA_DH\SM\20200501.mat,6918522,2026-04-02 13:26:40
Soil_Moisture\DDCA\DDCA_DH\SM\20200422.mat,7547430,2026-04-02 13:26:39
Soil_Moisture\DDCA\DDCA_DH\SM\20200424.mat,6775366,2026-04-02 13:26:39
Soil_Moisture\DDCA\DDCA_DH\SM\20200425.mat,7191545,2026-04-02 13:26:39
Soil_Moisture\DDCA\DDCA_DH\SM\20200426.mat,6642690,2026-04-02 13:26:39
Soil_Moisture\DDCA\DDCA_DH\SM\20200427.mat,7113788,2026-04-02 13:26:39
Soil_Moisture\DDCA\DDCA_DH\SM\20200428.mat,6378639,2026-04-02 13:26:39
Soil_Moisture\DDCA\DDCA_DH\SM\20200429.mat,6511292,2026-04-02 13:26:39
Soil_Moisture\DDCA\DDCA_DH\SM\20200430.mat,7724493,2026-04-02 13:26:39
Soil_Moisture\DDCA\DDCA_DH\SM\20200417.mat,6904857,2026-04-02 13:26:32
Soil_Moisture\DDCA\DDCA_DH\SM\20200413.mat,6159383,2026-04-02 13:26:31
Soil_Moisture\DDCA\DDCA_DH\SM\20200414.mat,7195646,2026-04-02 13:26:31
Soil_Moisture\DDCA\DDCA_DH\SM\20200415.mat,6015402,2026-04-02 13:26:31
Soil_Moisture\DDCA\DDCA_DH\SM\20200416.mat,5779545,2026-04-02 13:26:31
Soil_Moisture\DDCA\DDCA_DH\SM\20200418.mat,6436077,2026-04-02 13:26:31
Soil_Moisture\DDCA\DDCA_DH\SM\20200419.mat,6964258,2026-04-02 13:26:31
Soil_Moisture\DDCA\DDCA_DH\SM\20200420.mat,6618586,2026-04-02 13:26:31
Soil_Moisture\DDCA\DDCA_DH\SM\20200421.mat,6382532,2026-04-02 13:26:31
Soil_Moisture\DDCA\DDCA_DH\SM\20200412.mat,6344689,2026-04-02 13:26:30
Soil_Moisture\DDCA\DDCA_DH\SM\20200409.mat,6454193,2026-04-02 13:26:24
Soil_Moisture\DDCA\DDCA_DH\SM\20200403.mat,6512735,2026-04-02 13:26:23
Soil_Moisture\DDCA\DDCA_DH\SM\20200404.mat,6152257,2026-04-02 13:26:23
Soil_Moisture\DDCA\DDCA_DH\SM\20200405.mat,5231442,2026-04-02 13:26:23
Soil_Moisture\DDCA\DDCA_DH\SM\20200406.mat,6528933,2026-04-02 13:26:23
Soil_Moisture\DDCA\DDCA_DH\SM\20200407.mat,5729421,2026-04-02 13:26:23
Soil_Moisture\DDCA\DDCA_DH\SM\20200408.mat,6410728,2026-04-02 13:26:23
Soil_Moisture\DDCA\DDCA_DH\SM\20200410.mat,6146037,2026-04-02 13:26:23
Soil_Moisture\DDCA\DDCA_DH\SM\20200411.mat,6670715,2026-04-02 13:26:23
Soil_Moisture\DDCA\DDCA_DH\SM\20200402.mat,6007109,2026-04-02 13:26:22
Soil_Moisture\DDCA\DDCA_DH\SM\20200401.mat,6442764,2026-04-02 13:26:18
Soil_Moisture\DDCA\DDCA_DH\SM\20200331.mat,6228793,2026-04-02 13:26:16
Soil_Moisture\DDCA\DDCA_DH\SM\20200324.mat,5050255,2026-04-02 13:26:15
Soil_Moisture\DDCA\DDCA_DH\SM\20200325.mat,5856416,2026-04-02 13:26:15
Soil_Moisture\DDCA\DDCA_DH\SM\20200326.mat,6219162,2026-04-02 13:26:15
Soil_Moisture\DDCA\DDCA_DH\SM\20200327.mat,5986655,2026-04-02 13:26:15
Soil_Moisture\DDCA\DDCA_DH\SM\20200328.mat,5805161,2026-04-02 13:26:15
Soil_Moisture\DDCA\DDCA_DH\SM\20200329.mat,6753256,2026-04-02 13:26:15
Soil_Moisture\DDCA\DDCA_DH\SM\20200330.mat,5721562,2026-04-02 13:26:15
Soil_Moisture\DDCA\DDCA_DH\SM\20200321.mat,6676973,2026-04-02 13:26:14
Soil_Moisture\DDCA\DDCA_DH\SM\20200323.mat,5730039,2026-04-02 13:26:12
Soil_Moisture\DDCA\DDCA_DH\SM\20200322.mat,5685969,2026-04-02 13:26:11
Soil_Moisture\DDCA\DDCA_DH\SM\20200320.mat,5608089,2026-04-02 13:26:09
Soil_Moisture\DDCA\DDCA_DH\SM\20200313.mat,6364796,2026-04-02 13:26:08
Soil_Moisture\DDCA\DDCA_DH\SM\20200317.mat,5623273,2026-04-02 13:26:08
Soil_Moisture\DDCA\DDCA_DH\SM\20200319.mat,5444221,2026-04-02 13:26:08
Soil_Moisture\DDCA\DDCA_DH\SM\20200314.mat,5519925,2026-04-02 13:26:07
Soil_Moisture\DDCA\DDCA_DH\SM\20200315.mat,5863179,2026-04-02 13:26:07
Soil_Moisture\DDCA\DDCA_DH\SM\20200316.mat,6039944,2026-04-02 13:26:07
Soil_Moisture\DDCA\DDCA_DH\SM\20200318.mat,6093222,2026-04-02 13:26:07
Soil_Moisture\DDCA\DDCA_DH\SM\20200312.mat,5447292,2026-04-02 13:26:06
Soil_Moisture\DDCA\DDCA_DH\SM\20200311.mat,5519666,2026-04-02 13:26:05
Soil_Moisture\DDCA\DDCA_DH\SM\20200224.mat,5146665,2026-04-02 13:26:04
Soil_Moisture\DDCA\DDCA_DH\SM\20200307.mat,5689038,2026-04-02 13:26:01
Soil_Moisture\DDCA\DDCA_DH\SM\20200303.mat,5326337,2026-04-02 13:26:00
Soil_Moisture\DDCA\DDCA_DH\SM\20200304.mat,5102724,2026-04-02 13:26:00
Soil_Moisture\DDCA\DDCA_DH\SM\20200305.mat,6245283,2026-04-02 13:26:00
Soil_Moisture\DDCA\DDCA_DH\SM\20200306.mat,4988946,2026-04-02 13:26:00
Soil_Moisture\DDCA\DDCA_DH\SM\20200308.mat,5848298,2026-04-02 13:26:00
Soil_Moisture\DDCA\DDCA_DH\SM\20200309.mat,5253897,2026-04-02 13:26:00
Soil_Moisture\DDCA\DDCA_DH\SM\20200310.mat,5957533,2026-04-02 13:26:00
Soil_Moisture\DDCA\DDCA_DH\SM\20200302.mat,5769874,2026-04-02 13:25:59
Soil_Moisture\DDCA\DDCA_DH\SM\20200228.mat,5456000,2026-04-02 13:25:55
Soil_Moisture\DDCA\DDCA_DH\SM\20200301.mat,5234475,2026-04-02 13:25:55
Soil_Moisture\DDCA\DDCA_DH\SM\20200221.mat,5422445,2026-04-02 13:25:54
Soil_Moisture\DDCA\DDCA_DH\SM\20200225.mat,5039993,2026-04-02 13:25:54
Soil_Moisture\DDCA\DDCA_DH\SM\20200229.mat,5635110,2026-04-02 13:25:54
Soil_Moisture\DDCA\DDCA_DH\SM\20200220.mat,5240695,2026-04-02 13:25:53
Soil_Moisture\DDCA\DDCA_DH\SM\20200222.mat,5047700,2026-04-02 13:25:53
Soil_Moisture\DDCA\DDCA_DH\SM\20200226.mat,6004277,2026-04-02 13:25:53
Soil_Moisture\DDCA\DDCA_DH\SM\20200223.mat,5542947,2026-04-02 13:25:52
Soil_Moisture\DDCA\DDCA_DH\SM\20200227.mat,5154552,2026-04-02 13:25:51
Soil_Moisture\DDCA\DDCA_DH\SM\20200210.mat,5578772,2026-04-02 13:25:47
Soil_Moisture\DDCA\DDCA_DH\SM\20200218.mat,5818892,2026-04-02 13:25:47
Soil_Moisture\DDCA\DDCA_DH\SM\20200219.mat,4639756,2026-04-02 13:25:47
Soil_Moisture\DDCA\DDCA_DH\SM\20200212.mat,4343655,2026-04-02 13:25:46
Soil_Moisture\DDCA\DDCA_DH\SM\20200215.mat,5356264,2026-04-02 13:25:46
Soil_Moisture\DDCA\DDCA_DH\SM\20200216.mat,4957985,2026-04-02 13:25:46
Soil_Moisture\DDCA\DDCA_DH\SM\20200209.mat,4389908,2026-04-02 13:25:45
Soil_Moisture\DDCA\DDCA_DH\SM\20200213.mat,4958280,2026-04-02 13:25:45
Soil_Moisture\DDCA\DDCA_DH\SM\20200214.mat,4834423,2026-04-02 13:25:45
Soil_Moisture\DDCA\DDCA_DH\SM\20200217.mat,3915278,2026-04-02 13:25:45
Soil_Moisture\DDCA\DDCA_DH\SM\20200211.mat,4806956,2026-04-02 13:25:44
Soil_Moisture\DDCA\DDCA_DH\SM\20200202.mat,5189719,2026-04-02 13:25:40
Soil_Moisture\DDCA\DDCA_DH\SM\20200203.mat,4388083,2026-04-02 13:25:40
Soil_Moisture\DDCA\DDCA_DH\SM\20200204.mat,4565047,2026-04-02 13:25:40
Soil_Moisture\DDCA\DDCA_DH\SM\20200205.mat,4909130,2026-04-02 13:25:40
Soil_Moisture\DDCA\DDCA_DH\SM\20200206.mat,4368323,2026-04-02 13:25:40
Soil_Moisture\DDCA\DDCA_DH\SM\20200207.mat,4952522,2026-04-02 13:25:40
Soil_Moisture\DDCA\DDCA_DH\SM\20200208.mat,4630304,2026-04-02 13:25:40
Soil_Moisture\DDCA\DDCA_DH\SM\20200131.mat,4672493,2026-04-02 13:25:39
Soil_Moisture\DDCA\DDCA_DH\SM\20200201.mat,3406377,2026-04-02 13:25:39
Soil_Moisture\DDCA\DDCA_DH\SM\20200130.mat,4937287,2026-04-02 13:25:38
Soil_Moisture\DDCA\DDCA_DH\SM\20200128.mat,4928110,2026-04-02 13:25:35
Soil_Moisture\DDCA\DDCA_DH\SM\20200120.mat,4687769,2026-04-02 13:25:34
Soil_Moisture\DDCA\DDCA_DH\SM\20200121.mat,3801953,2026-04-02 13:25:34
Soil_Moisture\DDCA\DDCA_DH\SM\20200122.mat,4347132,2026-04-02 13:25:34
Soil_Moisture\DDCA\DDCA_DH\SM\20200123.mat,4027677,2026-04-02 13:25:34
Soil_Moisture\DDCA\DDCA_DH\SM\20200125.mat,5141508,2026-04-02 13:25:34
Soil_Moisture\DDCA\DDCA_DH\SM\20200126.mat,4433104,2026-04-02 13:25:34
Soil_Moisture\DDCA\DDCA_DH\SM\20200127.mat,4544720,2026-04-02 13:25:34
Soil_Moisture\DDCA\DDCA_DH\SM\20200129.mat,4397433,2026-04-02 13:25:34
Soil_Moisture\DDCA\DDCA_DH\SM\20200124.mat,4422678,2026-04-02 13:25:33
Soil_Moisture\DDCA\DDCA_DH\SM\20200115.mat,4794498,2026-04-02 13:25:31
Soil_Moisture\DDCA\DDCA_DH\SM\20200119.mat,4673537,2026-04-02 13:25:30
Soil_Moisture\DDCA\DDCA_DH\SM\20200117.mat,5069778,2026-04-02 13:25:29
Soil_Moisture\DDCA\DDCA_DH\SM\20200118.mat,4498519,2026-04-02 13:25:29
Soil_Moisture\DDCA\DDCA_DH\SM\20200110.mat,4570484,2026-04-02 13:25:28
Soil_Moisture\DDCA\DDCA_DH\SM\20200111.mat,4766439,2026-04-02 13:25:28
Soil_Moisture\DDCA\DDCA_DH\SM\20200112.mat,5133676,2026-04-02 13:25:28
Soil_Moisture\DDCA\DDCA_DH\SM\20200113.mat,4549852,2026-04-02 13:25:28
Soil_Moisture\DDCA\DDCA_DH\SM\20200114.mat,5087891,2026-04-02 13:25:28
Soil_Moisture\DDCA\DDCA_DH\SM\20200116.mat,4522747,2026-04-02 13:25:28
Soil_Moisture\DDCA\DDCA_DH\SM\20200109.mat,5343149,2026-04-02 13:25:26
Soil_Moisture\DDCA\DDCA_DH\SM\20200107.mat,4866831,2026-04-02 13:25:25
Soil_Moisture\DDCA\DDCA_DH\SM\20200108.mat,4586728,2026-04-02 13:25:24
Soil_Moisture\DDCA\DDCA_DH\SM\20200105.mat,4612406,2026-04-02 13:25:23
Soil_Moisture\DDCA\DDCA_DH\SM\20200106.mat,5158078,2026-04-02 13:25:23
Soil_Moisture\DDCA\DDCA_DH\SM\20191222.mat,4679249,2026-04-02 13:25:22
Soil_Moisture\DDCA\DDCA_DH\SM\20200104.mat,5163022,2026-04-02 13:25:22
Soil_Moisture\DDCA\DDCA_DH\SM\20191227.mat,5117089,2026-04-02 13:25:21
Soil_Moisture\DDCA\DDCA_DH\SM\20200101.mat,5582595,2026-04-02 13:25:21
Soil_Moisture\DDCA\DDCA_DH\SM\20200102.mat,4633284,2026-04-02 13:25:21
Soil_Moisture\DDCA\DDCA_DH\SM\20200103.mat,4835280,2026-04-02 13:25:21
Soil_Moisture\DDCA\DDCA_DH\SM\20191226.mat,4648909,2026-04-02 13:25:20
Soil_Moisture\DDCA\DDCA_DH\SM\20191228.mat,477265,2026-04-02 13:25:20
Soil_Moisture\DDCA\DDCA_DH\SM\20191229.mat,477265,2026-04-02 13:25:20
Soil_Moisture\DDCA\DDCA_DH\SM\20191231.mat,477265,2026-04-02 13:25:20
Soil_Moisture\DDCA\DDCA_DH\SM\20191230.mat,477265,2026-04-02 13:25:19
Soil_Moisture\DDCA\DDCA_DH\SM\20191225.mat,4438317,2026-04-02 13:25:17
Soil_Moisture\DDCA\DDCA_DH\SM\20191220.mat,4491210,2026-04-02 13:25:16
Soil_Moisture\DDCA\DDCA_DH\SM\20191223.mat,4383130,2026-04-02 13:25:16
Soil_Moisture\DDCA\DDCA_DH\SM\20191224.mat,4590758,2026-04-02 13:25:16
Soil_Moisture\DDCA\DDCA_DH\SM\20191215.mat,4299863,2026-04-02 13:25:15
Soil_Moisture\DDCA\DDCA_DH\SM\20191217.mat,4342671,2026-04-02 13:25:15
Soil_Moisture\DDCA\DDCA_DH\SM\20191218.mat,3646015,2026-04-02 13:25:15
Soil_Moisture\DDCA\DDCA_DH\SM\20191219.mat,4953318,2026-04-02 13:25:15
Soil_Moisture\DDCA\DDCA_DH\SM\20191221.mat,4995163,2026-04-02 13:25:15
Soil_Moisture\DDCA\DDCA_DH\SM\20191216.mat,4912616,2026-04-02 13:25:14
Soil_Moisture\DDCA\DDCA_DH\SM\20191214.mat,4590245,2026-04-02 13:25:12
Soil_Moisture\DDCA\DDCA_DH\SM\20191206.mat,4257329,2026-04-02 13:25:10
Soil_Moisture\DDCA\DDCA_DH\SM\20191207.mat,4260997,2026-04-02 13:25:10
Soil_Moisture\DDCA\DDCA_DH\SM\20191209.mat,4338912,2026-04-02 13:25:10
Soil_Moisture\DDCA\DDCA_DH\SM\20191210.mat,4564138,2026-04-02 13:25:10
Soil_Moisture\DDCA\DDCA_DH\SM\20191211.mat,4886611,2026-04-02 13:25:10
Soil_Moisture\DDCA\DDCA_DH\SM\20191212.mat,4043902,2026-04-02 13:25:10
Soil_Moisture\DDCA\DDCA_DH\SM\20191213.mat,4924804,2026-04-02 13:25:10
Soil_Moisture\DDCA\DDCA_DH\SM\20191204.mat,4358898,2026-04-02 13:25:09
Soil_Moisture\DDCA\DDCA_DH\SM\20191205.mat,4875977,2026-04-02 13:25:09
Soil_Moisture\DDCA\DDCA_DH\SM\20191208.mat,5025772,2026-04-02 13:25:09
Soil_Moisture\DDCA\DDCA_DH\SM\20191203.mat,4836764,2026-04-02 13:25:06
Soil_Moisture\DDCA\DDCA_DH\SM\20191129.mat,4196654,2026-04-02 13:25:05
Soil_Moisture\DDCA\DDCA_DH\SM\20191201.mat,4242294,2026-04-02 13:25:05
Soil_Moisture\DDCA\DDCA_DH\SM\20191123.mat,4234264,2026-04-02 13:25:04
Soil_Moisture\DDCA\DDCA_DH\SM\20191124.mat,3663008,2026-04-02 13:25:04
Soil_Moisture\DDCA\DDCA_DH\SM\20191126.mat,4304605,2026-04-02 13:25:04
Soil_Moisture\DDCA\DDCA_DH\SM\20191127.mat,4833305,2026-04-02 13:25:04
Soil_Moisture\DDCA\DDCA_DH\SM\20191128.mat,4506228,2026-04-02 13:25:04
Soil_Moisture\DDCA\DDCA_DH\SM\20191130.mat,4989524,2026-04-02 13:25:04
Soil_Moisture\DDCA\DDCA_DH\SM\20191202.mat,4498853,2026-04-02 13:25:04
Soil_Moisture\DDCA\DDCA_DH\SM\20191125.mat,4858848,2026-04-02 13:25:03
Soil_Moisture\DDCA\DDCA_DH\SM\20191116.mat,4961304,2026-04-02 13:24:59
Soil_Moisture\DDCA\DDCA_DH\SM\20191120.mat,4145498,2026-04-02 13:24:59
Soil_Moisture\DDCA\DDCA_DH\SM\20191121.mat,4054082,2026-04-02 13:24:59
Soil_Moisture\DDCA\DDCA_DH\SM\20191122.mat,4993851,2026-04-02 13:24:59
Soil_Moisture\DDCA\DDCA_DH\SM\20191112.mat,4659447,2026-04-02 13:24:58
Soil_Moisture\DDCA\DDCA_DH\SM\20191113.mat,4034737,2026-04-02 13:24:58
Soil_Moisture\DDCA\DDCA_DH\SM\20191114.mat,5685667,2026-04-02 13:24:58
Soil_Moisture\DDCA\DDCA_DH\SM\20191115.mat,4474568,2026-04-02 13:24:58
Soil_Moisture\DDCA\DDCA_DH\SM\20191117.mat,5695289,2026-04-02 13:24:58
Soil_Moisture\DDCA\DDCA_DH\SM\20191118.mat,4275291,2026-04-02 13:24:58
Soil_Moisture\DDCA\DDCA_DH\SM\20191119.mat,4809133,2026-04-02 13:24:58
Soil_Moisture\DDCA\DDCA_DH\SM\20191111.mat,4916586,2026-04-02 13:24:57
Soil_Moisture\DDCA\DDCA_DH\SM\20191109.mat,6025834,2026-04-02 13:24:53
Soil_Moisture\DDCA\DDCA_DH\SM\20191110.mat,4823789,2026-04-02 13:24:53
Soil_Moisture\DDCA\DDCA_DH\SM\20191101.mat,5040107,2026-04-02 13:24:52
Soil_Moisture\DDCA\DDCA_DH\SM\20191102.mat,5117283,2026-04-02 13:24:52
Soil_Moisture\DDCA\DDCA_DH\SM\20191106.mat,6171507,2026-04-02 13:24:52
Soil_Moisture\DDCA\DDCA_DH\SM\20191108.mat,5222427,2026-04-02 13:24:52
Soil_Moisture\DDCA\DDCA_DH\SM\20191103.mat,5690068,2026-04-02 13:24:51
Soil_Moisture\DDCA\DDCA_DH\SM\20191104.mat,5554721,2026-04-02 13:24:51
Soil_Moisture\DDCA\DDCA_DH\SM\20191105.mat,4904781,2026-04-02 13:24:51
Soil_Moisture\DDCA\DDCA_DH\SM\20191107.mat,5140911,2026-04-02 13:24:51
Soil_Moisture\DDCA\DDCA_DH\SM\20191030.mat,5286349,2026-04-02 13:24:49
Soil_Moisture\DDCA\DDCA_DH\SM\20191031.mat,5440131,2026-04-02 13:24:49
Soil_Moisture\DDCA\DDCA_DH\SM\20191026.mat,5908772,2026-04-02 13:24:45
Soil_Moisture\DDCA\DDCA_DH\SM\20191027.mat,5729522,2026-04-02 13:24:45
Soil_Moisture\DDCA\DDCA_DH\SM\20191029.mat,6327275,2026-04-02 13:24:45
Soil_Moisture\DDCA\DDCA_DH\SM\20191020.mat,5264188,2026-04-02 13:24:44
Soil_Moisture\DDCA\DDCA_DH\SM\20191021.mat,6599290,2026-04-02 13:24:44
Soil_Moisture\DDCA\DDCA_DH\SM\20191022.mat,5319877,2026-04-02 13:24:44
Soil_Moisture\DDCA\DDCA_DH\SM\20191023.mat,5689011,2026-04-02 13:24:44
Soil_Moisture\DDCA\DDCA_DH\SM\20191024.mat,5225815,2026-04-02 13:24:44
Soil_Moisture\DDCA\DDCA_DH\SM\20191025.mat,5234190,2026-04-02 13:24:44
Soil_Moisture\DDCA\DDCA_DH\SM\20191028.mat,5033975,2026-04-02 13:24:44
Soil_Moisture\DDCA\DDCA_DH\SM\20191016.mat,6899746,2026-04-02 13:24:39
Soil_Moisture\DDCA\DDCA_DH\SM\20191017.mat,5407868,2026-04-02 13:24:39
Soil_Moisture\DDCA\DDCA_DH\SM\20191019.mat,5613763,2026-04-02 13:24:39
Soil_Moisture\DDCA\DDCA_DH\SM\20191018.mat,6185716,2026-04-02 13:24:38
Soil_Moisture\DDCA\DDCA_DH\SM\20191010.mat,5732392,2026-04-02 13:24:37
Soil_Moisture\DDCA\DDCA_DH\SM\20191012.mat,5547707,2026-04-02 13:24:37
Soil_Moisture\DDCA\DDCA_DH\SM\20191013.mat,6799087,2026-04-02 13:24:37
Soil_Moisture\DDCA\DDCA_DH\SM\20191015.mat,5981412,2026-04-02 13:24:37
Soil_Moisture\DDCA\DDCA_DH\SM\20191011.mat,6187109,2026-04-02 13:24:36
Soil_Moisture\DDCA\DDCA_DH\SM\20191014.mat,5743286,2026-04-02 13:24:36
Soil_Moisture\DDCA\DDCA_DH\SM\20191008.mat,7026864,2026-04-02 13:24:34
Soil_Moisture\DDCA\DDCA_DH\SM\20191007.mat,6219619,2026-04-02 13:24:33
Soil_Moisture\DDCA\DDCA_DH\SM\20191009.mat,5653695,2026-04-02 13:24:33
Soil_Moisture\DDCA\DDCA_DH\SM\20191006.mat,5763029,2026-04-02 13:24:32
Soil_Moisture\DDCA\DDCA_DH\SM\20191005.mat,7086399,2026-04-02 13:24:31
Soil_Moisture\DDCA\DDCA_DH\SM\20190930.mat,7257095,2026-04-02 13:24:29
Soil_Moisture\DDCA\DDCA_DH\SM\20191002.mat,6696347,2026-04-02 13:24:29
Soil_Moisture\DDCA\DDCA_DH\SM\20191003.mat,6410785,2026-04-02 13:24:29
Soil_Moisture\DDCA\DDCA_DH\SM\20191004.mat,5817472,2026-04-02 13:24:29
Soil_Moisture\DDCA\DDCA_DH\SM\20191001.mat,5905369,2026-04-02 13:24:28
Soil_Moisture\DDCA\DDCA_DH\SM\20190929.mat,6388675,2026-04-02 13:24:27
Soil_Moisture\DDCA\DDCA_DH\SM\20190927.mat,7269122,2026-04-02 13:24:26
Soil_Moisture\DDCA\DDCA_DH\SM\20190928.mat,6233959,2026-04-02 13:24:26
Soil_Moisture\DDCA\DDCA_DH\SM\20190914.mat,8262159,2026-04-02 13:24:25
Soil_Moisture\DDCA\DDCA_DH\SM\20190924.mat,6819614,2026-04-02 13:24:23
Soil_Moisture\DDCA\DDCA_DH\SM\20190925.mat,6655637,2026-04-02 13:24:22
Soil_Moisture\DDCA\DDCA_DH\SM\20190919.mat,7687642,2026-04-02 13:24:21
Soil_Moisture\DDCA\DDCA_DH\SM\20190922.mat,7658563,2026-04-02 13:24:21
Soil_Moisture\DDCA\DDCA_DH\SM\20190923.mat,6192544,2026-04-02 13:24:21
Soil_Moisture\DDCA\DDCA_DH\SM\20190926.mat,5988884,2026-04-02 13:24:21
Soil_Moisture\DDCA\DDCA_DH\SM\20190917.mat,7037639,2026-04-02 13:24:19
Soil_Moisture\DDCA\DDCA_DH\SM\20190916.mat,7062574,2026-04-02 13:24:18
Soil_Moisture\DDCA\DDCA_DH\SM\20190920.mat,6683104,2026-04-02 13:24:18
Soil_Moisture\DDCA\DDCA_DH\SM\20190918.mat,6445448,2026-04-02 13:24:17
Soil_Moisture\DDCA\DDCA_DH\SM\20190913.mat,7233729,2026-04-02 13:24:16
Soil_Moisture\DDCA\DDCA_DH\SM\20190915.mat,6269996,2026-04-02 13:24:15
Soil_Moisture\DDCA\DDCA_DH\SM\20190921.mat,6783647,2026-04-02 13:24:15
Soil_Moisture\DDCA\DDCA_DH\SM\20190911.mat,8187714,2026-04-02 13:24:13
Soil_Moisture\DDCA\DDCA_DH\SM\20190903.mat,8639193,2026-04-02 13:24:10
Soil_Moisture\DDCA\DDCA_DH\SM\20190904.mat,7662045,2026-04-02 13:24:09
Soil_Moisture\DDCA\DDCA_DH\SM\20190906.mat,7850172,2026-04-02 13:24:09
Soil_Moisture\DDCA\DDCA_DH\SM\20190908.mat,7671849,2026-04-02 13:24:09
Soil_Moisture\DDCA\DDCA_DH\SM\20190909.mat,7601273,2026-04-02 13:24:09
Soil_Moisture\DDCA\DDCA_DH\SM\20190912.mat,7211939,2026-04-02 13:24:09
Soil_Moisture\DDCA\DDCA_DH\SM\20190905.mat,7089030,2026-04-02 13:24:08
Soil_Moisture\DDCA\DDCA_DH\SM\20190907.mat,7137637,2026-04-02 13:24:08
Soil_Moisture\DDCA\DDCA_DH\SM\20190910.mat,6846907,2026-04-02 13:24:08
Soil_Moisture\DDCA\DDCA_DH\SM\20190902.mat,7311628,2026-04-02 13:24:02
Soil_Moisture\DDCA\DDCA_DH\SM\20190824.mat,8435609,2026-04-02 13:24:01
Soil_Moisture\DDCA\DDCA_DH\SM\20190826.mat,9008287,2026-04-02 13:24:01
Soil_Moisture\DDCA\DDCA_DH\SM\20190827.mat,8105145,2026-04-02 13:24:01
Soil_Moisture\DDCA\DDCA_DH\SM\20190829.mat,9101500,2026-04-02 13:24:01
Soil_Moisture\DDCA\DDCA_DH\SM\20190831.mat,8029030,2026-04-02 13:24:01
Soil_Moisture\DDCA\DDCA_DH\SM\20190901.mat,8091263,2026-04-02 13:24:01
Soil_Moisture\DDCA\DDCA_DH\SM\20190830.mat,7689268,2026-04-02 13:24:00
Soil_Moisture\DDCA\DDCA_DH\SM\20190821.mat,9514584,2026-04-02 13:23:59
Soil_Moisture\DDCA\DDCA_DH\SM\20190828.mat,7968515,2026-04-02 13:23:58
Soil_Moisture\DDCA\DDCA_DH\SM\20190822.mat,8011575,2026-04-02 13:23:57
Soil_Moisture\DDCA\DDCA_DH\SM\20190825.mat,7648195,2026-04-02 13:23:54
Soil_Moisture\DDCA\DDCA_DH\SM\20190816.mat,8803537,2026-04-02 13:23:53
Soil_Moisture\DDCA\DDCA_DH\SM\20190820.mat,8280670,2026-04-02 13:23:53
Soil_Moisture\DDCA\DDCA_DH\SM\20190819.mat,8476475,2026-04-02 13:23:52
Soil_Moisture\DDCA\DDCA_DH\SM\20190823.mat,8357781,2026-04-02 13:23:52
Soil_Moisture\DDCA\DDCA_DH\SM\20190813.mat,9812762,2026-04-02 13:23:51
Soil_Moisture\DDCA\DDCA_DH\SM\20190810.mat,9465584,2026-04-02 13:23:47
Soil_Moisture\DDCA\DDCA_DH\SM\20190817.mat,7934612,2026-04-02 13:23:47
Soil_Moisture\DDCA\DDCA_DH\SM\20190818.mat,9385331,2026-04-02 13:23:47
Soil_Moisture\DDCA\DDCA_DH\SM\20190812.mat,8187491,2026-04-02 13:23:46
Soil_Moisture\DDCA\DDCA_DH\SM\20190814.mat,8444023,2026-04-02 13:23:46
Soil_Moisture\DDCA\DDCA_DH\SM\20190815.mat,8666787,2026-04-02 13:23:46
Soil_Moisture\DDCA\DDCA_DH\SM\20190811.mat,7755108,2026-04-02 13:23:45
Soil_Moisture\DDCA\DDCA_DH\SM\20190805.mat,9890136,2026-04-02 13:23:42
Soil_Moisture\DDCA\DDCA_DH\SM\20190808.mat,8965967,2026-04-02 13:23:38
Soil_Moisture\DDCA\DDCA_DH\SM\20190802.mat,9642509,2026-04-02 13:23:37
Soil_Moisture\DDCA\DDCA_DH\SM\20190803.mat,8711992,2026-04-02 13:23:37
Soil_Moisture\DDCA\DDCA_DH\SM\20190807.mat,8690373,2026-04-02 13:23:37
Soil_Moisture\DDCA\DDCA_DH\SM\20190809.mat,8131898,2026-04-02 13:23:37
Soil_Moisture\DDCA\DDCA_DH\SM\20190804.mat,8570924,2026-04-02 13:23:36
Soil_Moisture\DDCA\DDCA_DH\SM\20190801.mat,8273055,2026-04-02 13:23:35
Soil_Moisture\DDCA\DDCA_DH\SM\20190731.mat,9106634,2026-04-02 13:23:34
Soil_Moisture\DDCA\DDCA_DH\SM\20190806.mat,6736081,2026-04-02 13:23:33
Soil_Moisture\DDCA\DDCA_DH\SM\20190729.mat,8681569,2026-04-02 13:23:31
Soil_Moisture\DDCA\DDCA_DH\SM\20190730.mat,8992860,2026-04-02 13:23:30
Soil_Moisture\DDCA\DDCA_DH\SM\20190726.mat,8739714,2026-04-02 13:23:28
Soil_Moisture\DDCA\DDCA_DH\SM\20190616.mat,8102153,2026-04-02 13:23:27
Soil_Moisture\DDCA\DDCA_DH\SM\20190725.mat,9636485,2026-04-02 13:23:27
Soil_Moisture\DDCA\DDCA_DH\SM\20190724.mat,8327325,2026-04-02 13:23:26
Soil_Moisture\DDCA\DDCA_DH\SM\20190728.mat,9910247,2026-04-02 13:23:26
Soil_Moisture\DDCA\DDCA_DH\SM\20190618.mat,8758578,2026-04-02 13:23:25
Soil_Moisture\DDCA\DDCA_DH\SM\20190617.mat,8144291,2026-04-02 13:23:24
Soil_Moisture\DDCA\DDCA_DH\SM\20190727.mat,8004431,2026-04-02 13:23:24
Soil_Moisture\DDCA\DDCA_DH\SM\20190615.mat,9076153,2026-04-02 13:23:21
Soil_Moisture\DDCA\DDCA_DH\SM\20190723.mat,1657865,2026-04-02 13:23:21
Soil_Moisture\DDCA\DDCA_DH\SM\20190619.mat,5351668,2026-04-02 13:23:19
Soil_Moisture\DDCA\DDCA_DH\SM\20190607.mat,8414810,2026-04-02 13:23:17
Soil_Moisture\DDCA\DDCA_DH\SM\20190605.mat,7716560,2026-04-02 13:23:16
Soil_Moisture\DDCA\DDCA_DH\SM\20190608.mat,7886051,2026-04-02 13:23:16
Soil_Moisture\DDCA\DDCA_DH\SM\20190610.mat,8728950,2026-04-02 13:23:16
Soil_Moisture\DDCA\DDCA_DH\SM\20190613.mat,8506355,2026-04-02 13:23:16
Soil_Moisture\DDCA\DDCA_DH\SM\20190609.mat,7471265,2026-04-02 13:23:13
Soil_Moisture\DDCA\DDCA_DH\SM\20190612.mat,6964294,2026-04-02 13:23:13
Soil_Moisture\DDCA\DDCA_DH\SM\20190614.mat,7778508,2026-04-02 13:23:13
Soil_Moisture\DDCA\DDCA_DH\SM\20190606.mat,7521660,2026-04-02 13:23:12
Soil_Moisture\DDCA\DDCA_DH\SM\20190611.mat,4662934,2026-04-02 13:23:12
Soil_Moisture\DDCA\DDCA_DH\SM\20190604.mat,8341087,2026-04-02 13:23:06
Soil_Moisture\DDCA\DDCA_DH\SM\20190530.mat,8431669,2026-04-02 13:23:05
Soil_Moisture\DDCA\DDCA_DH\SM\20190527.mat,7961233,2026-04-02 13:23:04
Soil_Moisture\DDCA\DDCA_DH\SM\20190528.mat,7816077,2026-04-02 13:23:04
Soil_Moisture\DDCA\DDCA_DH\SM\20190529.mat,7234134,2026-04-02 13:23:04
Soil_Moisture\DDCA\DDCA_DH\SM\20190531.mat,7474630,2026-04-02 13:23:04
Soil_Moisture\DDCA\DDCA_DH\SM\20190601.mat,7537510,2026-04-02 13:23:04
Soil_Moisture\DDCA\DDCA_DH\SM\20190602.mat,8788476,2026-04-02 13:23:04
Soil_Moisture\DDCA\DDCA_DH\SM\20190603.mat,7892442,2026-04-02 13:23:04
Soil_Moisture\DDCA\DDCA_DH\SM\20190526.mat,7452619,2026-04-02 13:23:03
Soil_Moisture\DDCA\DDCA_DH\SM\20190516.mat,7120693,2026-04-02 13:22:55
Soil_Moisture\DDCA\DDCA_DH\SM\20190517.mat,8082705,2026-04-02 13:22:55
Soil_Moisture\DDCA\DDCA_DH\SM\20190524.mat,7321153,2026-04-02 13:22:55
Soil_Moisture\DDCA\DDCA_DH\SM\20190525.mat,8397676,2026-04-02 13:22:55
Soil_Moisture\DDCA\DDCA_DH\SM\20190518.mat,7191762,2026-04-02 13:22:54
Soil_Moisture\DDCA\DDCA_DH\SM\20190519.mat,6209994,2026-04-02 13:22:54
Soil_Moisture\DDCA\DDCA_DH\SM\20190520.mat,7562041,2026-04-02 13:22:54
Soil_Moisture\DDCA\DDCA_DH\SM\20190521.mat,7009699,2026-04-02 13:22:54
Soil_Moisture\DDCA\DDCA_DH\SM\20190522.mat,8142883,2026-04-02 13:22:54
Soil_Moisture\DDCA\DDCA_DH\SM\20190523.mat,7202019,2026-04-02 13:22:54
Soil_Moisture\DDCA\DDCA_DH\SM\20190509.mat,7833600,2026-04-02 13:22:46
Soil_Moisture\DDCA\DDCA_DH\SM\20190511.mat,7470517,2026-04-02 13:22:46
Soil_Moisture\DDCA\DDCA_DH\SM\20190506.mat,7483403,2026-04-02 13:22:45
Soil_Moisture\DDCA\DDCA_DH\SM\20190507.mat,6688419,2026-04-02 13:22:45
Soil_Moisture\DDCA\DDCA_DH\SM\20190508.mat,6761038,2026-04-02 13:22:45
Soil_Moisture\DDCA\DDCA_DH\SM\20190510.mat,6511791,2026-04-02 13:22:45
Soil_Moisture\DDCA\DDCA_DH\SM\20190512.mat,7318359,2026-04-02 13:22:45
Soil_Moisture\DDCA\DDCA_DH\SM\20190513.mat,6778897,2026-04-02 13:22:45
Soil_Moisture\DDCA\DDCA_DH\SM\20190514.mat,7685196,2026-04-02 13:22:45
Soil_Moisture\DDCA\DDCA_DH\SM\20190515.mat,6970724,2026-04-02 13:22:45
Soil_Moisture\DDCA\DDCA_DH\SM\20190430.mat,6518503,2026-04-02 13:22:37
Soil_Moisture\DDCA\DDCA_DH\SM\20190501.mat,7405424,2026-04-02 13:22:37
Soil_Moisture\DDCA\DDCA_DH\SM\20190426.mat,6713199,2026-04-02 13:22:36
Soil_Moisture\DDCA\DDCA_DH\SM\20190427.mat,6236052,2026-04-02 13:22:36
Soil_Moisture\DDCA\DDCA_DH\SM\20190428.mat,7225373,2026-04-02 13:22:36
Soil_Moisture\DDCA\DDCA_DH\SM\20190429.mat,6397390,2026-04-02 13:22:36
Soil_Moisture\DDCA\DDCA_DH\SM\20190502.mat,6631635,2026-04-02 13:22:36
Soil_Moisture\DDCA\DDCA_DH\SM\20190503.mat,7124827,2026-04-02 13:22:36
Soil_Moisture\DDCA\DDCA_DH\SM\20190504.mat,6995899,2026-04-02 13:22:36
Soil_Moisture\DDCA\DDCA_DH\SM\20190505.mat,5687132,2026-04-02 13:22:36
Soil_Moisture\DDCA\DDCA_DH\SM\20190418.mat,6500044,2026-04-02 13:22:29
Soil_Moisture\DDCA\DDCA_DH\SM\20190416.mat,6182266,2026-04-02 13:22:28
Soil_Moisture\DDCA\DDCA_DH\SM\20190417.mat,6289482,2026-04-02 13:22:28
Soil_Moisture\DDCA\DDCA_DH\SM\20190419.mat,6082760,2026-04-02 13:22:28
Soil_Moisture\DDCA\DDCA_DH\SM\20190420.mat,6183406,2026-04-02 13:22:28
Soil_Moisture\DDCA\DDCA_DH\SM\20190421.mat,6192697,2026-04-02 13:22:28
Soil_Moisture\DDCA\DDCA_DH\SM\20190422.mat,6323756,2026-04-02 13:22:28
Soil_Moisture\DDCA\DDCA_DH\SM\20190423.mat,7287817,2026-04-02 13:22:28
Soil_Moisture\DDCA\DDCA_DH\SM\20190424.mat,6361765,2026-04-02 13:22:28
Soil_Moisture\DDCA\DDCA_DH\SM\20190425.mat,6865990,2026-04-02 13:22:28
Soil_Moisture\DDCA\DDCA_DH\SM\20190415.mat,6928657,2026-04-02 13:22:22
Soil_Moisture\DDCA\DDCA_DH\SM\20190407.mat,6781596,2026-04-02 13:22:21
Soil_Moisture\DDCA\DDCA_DH\SM\20190408.mat,6043927,2026-04-02 13:22:20
Soil_Moisture\DDCA\DDCA_DH\SM\20190409.mat,6571583,2026-04-02 13:22:20
Soil_Moisture\DDCA\DDCA_DH\SM\20190410.mat,6042660,2026-04-02 13:22:20
Soil_Moisture\DDCA\DDCA_DH\SM\20190411.mat,5931193,2026-04-02 13:22:20
Soil_Moisture\DDCA\DDCA_DH\SM\20190412.mat,6823899,2026-04-02 13:22:20
Soil_Moisture\DDCA\DDCA_DH\SM\20190413.mat,6044244,2026-04-02 13:22:20
Soil_Moisture\DDCA\DDCA_DH\SM\20190414.mat,6204697,2026-04-02 13:22:20
Soil_Moisture\DDCA\DDCA_DH\SM\20190406.mat,6063117,2026-04-02 13:22:19
Soil_Moisture\DDCA\DDCA_DH\SM\20190405.mat,5916366,2026-04-02 13:22:17
Soil_Moisture\DDCA\DDCA_DH\SM\20190404.mat,6626051,2026-04-02 13:22:16
Soil_Moisture\DDCA\DDCA_DH\SM\20190327.mat,6486041,2026-04-02 13:22:12
Soil_Moisture\DDCA\DDCA_DH\SM\20190328.mat,5744297,2026-04-02 13:22:12
Soil_Moisture\DDCA\DDCA_DH\SM\20190329.mat,5898703,2026-04-02 13:22:12
Soil_Moisture\DDCA\DDCA_DH\SM\20190330.mat,6584394,2026-04-02 13:22:12
Soil_Moisture\DDCA\DDCA_DH\SM\20190331.mat,5843194,2026-04-02 13:22:12
Soil_Moisture\DDCA\DDCA_DH\SM\20190401.mat,6387973,2026-04-02 13:22:12
Soil_Moisture\DDCA\DDCA_DH\SM\20190402.mat,6217276,2026-04-02 13:22:12
Soil_Moisture\DDCA\DDCA_DH\SM\20190403.mat,5773984,2026-04-02 13:22:12
Soil_Moisture\DDCA\DDCA_DH\SM\20190326.mat,5623400,2026-04-02 13:22:11
Soil_Moisture\DDCA\DDCA_DH\SM\20190325.mat,6001887,2026-04-02 13:22:09
Soil_Moisture\DDCA\DDCA_DH\SM\20190324.mat,6249735,2026-04-02 13:22:06
Soil_Moisture\DDCA\DDCA_DH\SM\20190318.mat,5521724,2026-04-02 13:22:05
Soil_Moisture\DDCA\DDCA_DH\SM\20190319.mat,6365885,2026-04-02 13:22:05
Soil_Moisture\DDCA\DDCA_DH\SM\20190323.mat,5721102,2026-04-02 13:22:05
Soil_Moisture\DDCA\DDCA_DH\SM\20190314.mat,6248611,2026-04-02 13:22:04
Soil_Moisture\DDCA\DDCA_DH\SM\20190315.mat,5579541,2026-04-02 13:22:04
Soil_Moisture\DDCA\DDCA_DH\SM\20190316.mat,6122836,2026-04-02 13:22:04
Soil_Moisture\DDCA\DDCA_DH\SM\20190317.mat,5852300,2026-04-02 13:22:04
Soil_Moisture\DDCA\DDCA_DH\SM\20190320.mat,5625741,2026-04-02 13:22:04
Soil_Moisture\DDCA\DDCA_DH\SM\20190322.mat,5075250,2026-04-02 13:22:04
Soil_Moisture\DDCA\DDCA_DH\SM\20190321.mat,5812484,2026-04-02 13:22:00
Soil_Moisture\DDCA\DDCA_DH\SM\20190313.mat,5626592,2026-04-02 13:21:59
Soil_Moisture\DDCA\DDCA_DH\SM\20190312.mat,5419322,2026-04-02 13:21:58
Soil_Moisture\DDCA\DDCA_DH\SM\20190305.mat,5348322,2026-04-02 13:21:56
Soil_Moisture\DDCA\DDCA_DH\SM\20190307.mat,5155885,2026-04-02 13:21:56
Soil_Moisture\DDCA\DDCA_DH\SM\20190308.mat,5903114,2026-04-02 13:21:56
Soil_Moisture\DDCA\DDCA_DH\SM\20190309.mat,5652398,2026-04-02 13:21:56
Soil_Moisture\DDCA\DDCA_DH\SM\20190310.mat,5334969,2026-04-02 13:21:56
Soil_Moisture\DDCA\DDCA_DH\SM\20190311.mat,6148544,2026-04-02 13:21:56
Soil_Moisture\DDCA\DDCA_DH\SM\20190304.mat,5147562,2026-04-02 13:21:55
Soil_Moisture\DDCA\DDCA_DH\SM\20190306.mat,6069946,2026-04-02 13:21:55
Soil_Moisture\DDCA\DDCA_DH\SM\20190302.mat,5078293,2026-04-02 13:21:54
Soil_Moisture\DDCA\DDCA_DH\SM\20190303.mat,5528196,2026-04-02 13:21:54
Soil_Moisture\DDCA\DDCA_DH\SM\20190227.mat,5143551,2026-04-02 13:21:51
Soil_Moisture\DDCA\DDCA_DH\SM\20190223.mat,5133650,2026-04-02 13:21:49
Soil_Moisture\DDCA\DDCA_DH\SM\20190224.mat,4988184,2026-04-02 13:21:49
Soil_Moisture\DDCA\DDCA_DH\SM\20190225.mat,4918143,2026-04-02 13:21:49
Soil_Moisture\DDCA\DDCA_DH\SM\20190226.mat,5781996,2026-04-02 13:21:49
Soil_Moisture\DDCA\DDCA_DH\SM\20190228.mat,5661367,2026-04-02 13:21:49
Soil_Moisture\DDCA\DDCA_DH\SM\20190301.mat,5390358,2026-04-02 13:21:49
Soil_Moisture\DDCA\DDCA_DH\SM\20190220.mat,5441292,2026-04-02 13:21:48
Soil_Moisture\DDCA\DDCA_DH\SM\20190221.mat,5241195,2026-04-02 13:21:48
Soil_Moisture\DDCA\DDCA_DH\SM\20190222.mat,4844915,2026-04-02 13:21:48
Soil_Moisture\DDCA\DDCA_DH\SM\20190214.mat,4704354,2026-04-02 13:21:45
Soil_Moisture\DDCA\DDCA_DH\SM\20190218.mat,5655242,2026-04-02 13:21:45
Soil_Moisture\DDCA\DDCA_DH\SM\20190219.mat,4934448,2026-04-02 13:21:45
Soil_Moisture\DDCA\DDCA_DH\SM\20190212.mat,5291240,2026-04-02 13:21:42
Soil_Moisture\DDCA\DDCA_DH\SM\20190215.mat,5495741,2026-04-02 13:21:42
Soil_Moisture\DDCA\DDCA_DH\SM\20190217.mat,4965510,2026-04-02 13:21:42
Soil_Moisture\DDCA\DDCA_DH\SM\20190208.mat,4467412,2026-04-02 13:21:41
Soil_Moisture\DDCA\DDCA_DH\SM\20190211.mat,4787563,2026-04-02 13:21:41
Soil_Moisture\DDCA\DDCA_DH\SM\20190213.mat,5107320,2026-04-02 13:21:41
Soil_Moisture\DDCA\DDCA_DH\SM\20190216.mat,4834994,2026-04-02 13:21:41
Soil_Moisture\DDCA\DDCA_DH\SM\20190209.mat,4513167,2026-04-02 13:21:40
Soil_Moisture\DDCA\DDCA_DH\SM\20190210.mat,5429065,2026-04-02 13:21:40
Soil_Moisture\DDCA\DDCA_DH\SM\20190206.mat,4331153,2026-04-02 13:21:37
Soil_Moisture\DDCA\DDCA_DH\SM\20190203.mat,4431740,2026-04-02 13:21:36
Soil_Moisture\DDCA\DDCA_DH\SM\20190129.mat,4370205,2026-04-02 13:21:35
Soil_Moisture\DDCA\DDCA_DH\SM\20190131.mat,4474476,2026-04-02 13:21:35
Soil_Moisture\DDCA\DDCA_DH\SM\20190201.mat,4574215,2026-04-02 13:21:35
Soil_Moisture\DDCA\DDCA_DH\SM\20190202.mat,4025212,2026-04-02 13:21:35
Soil_Moisture\DDCA\DDCA_DH\SM\20190204.mat,4446942,2026-04-02 13:21:35
Soil_Moisture\DDCA\DDCA_DH\SM\20190205.mat,4718537,2026-04-02 13:21:35
Soil_Moisture\DDCA\DDCA_DH\SM\20190207.mat,5008445,2026-04-02 13:21:35
Soil_Moisture\DDCA\DDCA_DH\SM\20190130.mat,5056732,2026-04-02 13:21:34
Soil_Moisture\DDCA\DDCA_DH\SM\20190125.mat,4949508,2026-04-02 13:21:32
Soil_Moisture\DDCA\DDCA_DH\SM\20190128.mat,4368731,2026-04-02 13:21:32
Soil_Moisture\DDCA\DDCA_DH\SM\20190127.mat,4898079,2026-04-02 13:21:30
Soil_Moisture\DDCA\DDCA_DH\SM\20190117.mat,5068171,2026-04-02 13:21:29
Soil_Moisture\DDCA\DDCA_DH\SM\20190119.mat,4966388,2026-04-02 13:21:29
Soil_Moisture\DDCA\DDCA_DH\SM\20190120.mat,4763130,2026-04-02 13:21:29
Soil_Moisture\DDCA\DDCA_DH\SM\20190122.mat,5134231,2026-04-02 13:21:29
Soil_Moisture\DDCA\DDCA_DH\SM\20190123.mat,4488159,2026-04-02 13:21:29
Soil_Moisture\DDCA\DDCA_DH\SM\20190124.mat,4642472,2026-04-02 13:21:29
Soil_Moisture\DDCA\DDCA_DH\SM\20190126.mat,4425295,2026-04-02 13:21:29
Soil_Moisture\DDCA\DDCA_DH\SM\20190121.mat,4415634,2026-04-02 13:21:28
Soil_Moisture\DDCA\DDCA_DH\SM\20190116.mat,4707525,2026-04-02 13:21:27
Soil_Moisture\DDCA\DDCA_DH\SM\20190115.mat,4577991,2026-04-02 13:21:25
Soil_Moisture\DDCA\DDCA_DH\SM\20190118.mat,4456558,2026-04-02 13:21:25
Soil_Moisture\DDCA\DDCA_DH\SM\20190112.mat,4849883,2026-04-02 13:21:23
Soil_Moisture\DDCA\DDCA_DH\SM\20190113.mat,3826207,2026-04-02 13:21:23
Soil_Moisture\DDCA\DDCA_DH\SM\20190106.mat,5315090,2026-04-02 13:21:22
Soil_Moisture\DDCA\DDCA_DH\SM\20190107.mat,4681333,2026-04-02 13:21:22
Soil_Moisture\DDCA\DDCA_DH\SM\20190108.mat,4801882,2026-04-02 13:21:22
Soil_Moisture\DDCA\DDCA_DH\SM\20190109.mat,5217792,2026-04-02 13:21:22
Soil_Moisture\DDCA\DDCA_DH\SM\20190110.mat,4523004,2026-04-02 13:21:22
Soil_Moisture\DDCA\DDCA_DH\SM\20190111.mat,5068676,2026-04-02 13:21:22
Soil_Moisture\DDCA\DDCA_DH\SM\20190114.mat,5219554,2026-04-02 13:21:22
Soil_Moisture\DDCA\DDCA_DH\SM\20190104.mat,4943448,2026-04-02 13:21:21
Soil_Moisture\DDCA\DDCA_DH\SM\20190103.mat,5116128,2026-04-02 13:21:19
Soil_Moisture\DDCA\DDCA_DH\SM\20190105.mat,4595382,2026-04-02 13:21:19
Soil_Moisture\DDCA\DDCA_DH\SM\20190102.mat,4640180,2026-04-02 13:21:18
Soil_Moisture\DDCA\DDCA_DH\SM\20190101.mat,4966554,2026-04-02 13:21:17
Soil_Moisture\DDCA\DDCA_DH\SM\20181227.mat,5336203,2026-04-02 13:21:16
Soil_Moisture\DDCA\DDCA_DH\SM\20181231.mat,477265,2026-04-02 13:21:16
Soil_Moisture\DDCA\DDCA_DH\SM\20181224.mat,5518757,2026-04-02 13:21:15
Soil_Moisture\DDCA\DDCA_DH\SM\20181226.mat,5032562,2026-04-02 13:21:15
Soil_Moisture\DDCA\DDCA_DH\SM\20181223.mat,5114190,2026-04-02 13:21:14
Soil_Moisture\DDCA\DDCA_DH\SM\20181225.mat,4865725,2026-04-02 13:21:14
Soil_Moisture\DDCA\DDCA_DH\SM\20181228.mat,477265,2026-04-02 13:21:14
Soil_Moisture\DDCA\DDCA_DH\SM\20181229.mat,477265,2026-04-02 13:21:14
Soil_Moisture\DDCA\DDCA_DH\SM\20181230.mat,477265,2026-04-02 13:21:14
Soil_Moisture\DDCA\DDCA_DH\SM\20181221.mat,5703656,2026-04-02 13:21:13
Soil_Moisture\DDCA\DDCA_DH\SM\20181220.mat,4830784,2026-04-02 13:21:12
Soil_Moisture\DDCA\DDCA_DH\SM\20181222.mat,4855865,2026-04-02 13:21:12
Soil_Moisture\DDCA\DDCA_DH\SM\20181219.mat,4717406,2026-04-02 13:21:11
Soil_Moisture\DDCA\DDCA_DH\SM\20181212.mat,4139855,2026-04-02 13:21:10
Soil_Moisture\DDCA\DDCA_DH\SM\20181216.mat,5168211,2026-04-02 13:21:10
Soil_Moisture\DDCA\DDCA_DH\SM\20181210.mat,5382068,2026-04-02 13:21:08
Soil_Moisture\DDCA\DDCA_DH\SM\20181213.mat,5636065,2026-04-02 13:21:08
Soil_Moisture\DDCA\DDCA_DH\SM\20181214.mat,4787089,2026-04-02 13:21:08
Soil_Moisture\DDCA\DDCA_DH\SM\20181215.mat,4822787,2026-04-02 13:21:08
Soil_Moisture\DDCA\DDCA_DH\SM\20181217.mat,4771302,2026-04-02 13:21:08
Soil_Moisture\DDCA\DDCA_DH\SM\20181218.mat,4694047,2026-04-02 13:21:08
Soil_Moisture\DDCA\DDCA_DH\SM\20181209.mat,4702653,2026-04-02 13:21:07
Soil_Moisture\DDCA\DDCA_DH\SM\20181211.mat,5103115,2026-04-02 13:21:07
Soil_Moisture\DDCA\DDCA_DH\SM\20181208.mat,5455310,2026-04-02 13:21:04
Soil_Moisture\DDCA\DDCA_DH\SM\20181203.mat,5063491,2026-04-02 13:21:03
Soil_Moisture\DDCA\DDCA_DH\SM\20181204.mat,4695527,2026-04-02 13:21:03
Soil_Moisture\DDCA\DDCA_DH\SM\20181205.mat,5572034,2026-04-02 13:21:03
Soil_Moisture\DDCA\DDCA_DH\SM\20181207.mat,4978979,2026-04-02 13:21:03
Soil_Moisture\DDCA\DDCA_DH\SM\20181206.mat,4734188,2026-04-02 13:21:02
Soil_Moisture\DDCA\DDCA_DH\SM\20181130.mat,5320203,2026-04-02 13:21:01
Soil_Moisture\DDCA\DDCA_DH\SM\20181201.mat,4590059,2026-04-02 13:21:01
Soil_Moisture\DDCA\DDCA_DH\SM\20181129.mat,4917713,2026-04-02 13:21:00
Soil_Moisture\DDCA\DDCA_DH\SM\20181202.mat,5312583,2026-04-02 13:21:00
Soil_Moisture\DDCA\DDCA_DH\SM\20181126.mat,4595087,2026-04-02 13:20:59
Soil_Moisture\DDCA\DDCA_DH\SM\20181127.mat,5298142,2026-04-02 13:20:59
Soil_Moisture\DDCA\DDCA_DH\SM\20181122.mat,5337966,2026-04-02 13:20:57
Soil_Moisture\DDCA\DDCA_DH\SM\20181124.mat,5308803,2026-04-02 13:20:57
Soil_Moisture\DDCA\DDCA_DH\SM\20181125.mat,5019660,2026-04-02 13:20:57
Soil_Moisture\DDCA\DDCA_DH\SM\20181128.mat,4241276,2026-04-02 13:20:57
Soil_Moisture\DDCA\DDCA_DH\SM\20181123.mat,3757842,2026-04-02 13:20:55
Soil_Moisture\DDCA\DDCA_DH\SM\20181118.mat,4578281,2026-04-02 13:20:54
Soil_Moisture\DDCA\DDCA_DH\SM\20181119.mat,5513137,2026-04-02 13:20:54
Soil_Moisture\DDCA\DDCA_DH\SM\20181120.mat,4633677,2026-04-02 13:20:54
Soil_Moisture\DDCA\DDCA_DH\SM\20181117.mat,5568547,2026-04-02 13:20:53
Soil_Moisture\DDCA\DDCA_DH\SM\20181121.mat,3982460,2026-04-02 13:20:53
Soil_Moisture\DDCA\DDCA_DH\SM\20181115.mat,4960265,2026-04-02 13:20:52
Soil_Moisture\DDCA\DDCA_DH\SM\20181116.mat,5633100,2026-04-02 13:20:52
Soil_Moisture\DDCA\DDCA_DH\SM\20181109.mat,5665430,2026-04-02 13:20:51
Soil_Moisture\DDCA\DDCA_DH\SM\20181113.mat,5210284,2026-04-02 13:20:49
Soil_Moisture\DDCA\DDCA_DH\SM\20181114.mat,5699761,2026-04-02 13:20:49
Soil_Moisture\DDCA\DDCA_DH\SM\20181108.mat,5904156,2026-04-02 13:20:48
Soil_Moisture\DDCA\DDCA_DH\SM\20181110.mat,4885749,2026-04-02 13:20:48
Soil_Moisture\DDCA\DDCA_DH\SM\20181111.mat,5867624,2026-04-02 13:20:48
Soil_Moisture\DDCA\DDCA_DH\SM\20181112.mat,5035952,2026-04-02 13:20:48
Soil_Moisture\DDCA\DDCA_DH\SM\20181105.mat,5508079,2026-04-02 13:20:47
Soil_Moisture\DDCA\DDCA_DH\SM\20181106.mat,5981436,2026-04-02 13:20:47
Soil_Moisture\DDCA\DDCA_DH\SM\20181107.mat,5221318,2026-04-02 13:20:47
Soil_Moisture\DDCA\DDCA_DH\SM\20181104.mat,5295419,2026-04-02 13:20:44
Soil_Moisture\DDCA\DDCA_DH\SM\20181102.mat,5187547,2026-04-02 13:20:43
Soil_Moisture\DDCA\DDCA_DH\SM\20181029.mat,6268950,2026-04-02 13:20:42
Soil_Moisture\DDCA\DDCA_DH\SM\20181103.mat,6183277,2026-04-02 13:20:42
Soil_Moisture\DDCA\DDCA_DH\SM\20181027.mat,5529993,2026-04-02 13:20:41
Soil_Moisture\DDCA\DDCA_DH\SM\20181028.mat,5700808,2026-04-02 13:20:41
Soil_Moisture\DDCA\DDCA_DH\SM\20181030.mat,5437982,2026-04-02 13:20:41
Soil_Moisture\DDCA\DDCA_DH\SM\20181031.mat,6159437,2026-04-02 13:20:41
Soil_Moisture\DDCA\DDCA_DH\SM\20181101.mat,5974392,2026-04-02 13:20:41
Soil_Moisture\DDCA\DDCA_DH\SM\20181026.mat,5966289,2026-04-02 13:20:40
Soil_Moisture\DDCA\DDCA_DH\SM\20181024.mat,6168982,2026-04-02 13:20:38
Soil_Moisture\DDCA\DDCA_DH\SM\20181025.mat,5383558,2026-04-02 13:20:37
Soil_Moisture\DDCA\DDCA_DH\SM\20181022.mat,5646930,2026-04-02 13:20:36
Soil_Moisture\DDCA\DDCA_DH\SM\20181023.mat,6353662,2026-04-02 13:20:36
Soil_Moisture\DDCA\DDCA_DH\SM\20181016.mat,6592567,2026-04-02 13:20:35
Soil_Moisture\DDCA\DDCA_DH\SM\20181020.mat,5916496,2026-04-02 13:20:34
Soil_Moisture\DDCA\DDCA_DH\SM\20181021.mat,6420572,2026-04-02 13:20:34
Soil_Moisture\DDCA\DDCA_DH\SM\20181018.mat,6680155,2026-04-02 13:20:33
Soil_Moisture\DDCA\DDCA_DH\SM\20181019.mat,5709432,2026-04-02 13:20:33
Soil_Moisture\DDCA\DDCA_DH\SM\20181017.mat,5560599,2026-04-02 13:20:32
Soil_Moisture\DDCA\DDCA_DH\SM\20181012.mat,6160494,2026-04-02 13:20:31
Soil_Moisture\DDCA\DDCA_DH\SM\20181013.mat,6679863,2026-04-02 13:20:31
Soil_Moisture\DDCA\DDCA_DH\SM\20181015.mat,6574557,2026-04-02 13:20:31
Soil_Moisture\DDCA\DDCA_DH\SM\20181014.mat,5774882,2026-04-02 13:20:30
Soil_Moisture\DDCA\DDCA_DH\SM\20181007.mat,6904706,2026-04-02 13:20:26
Soil_Moisture\DDCA\DDCA_DH\SM\20181008.mat,6423653,2026-04-02 13:20:26
Soil_Moisture\DDCA\DDCA_DH\SM\20181009.mat,5768204,2026-04-02 13:20:26
Soil_Moisture\DDCA\DDCA_DH\SM\20181010.mat,6901728,2026-04-02 13:20:26
Soil_Moisture\DDCA\DDCA_DH\SM\20181011.mat,5441762,2026-04-02 13:20:26
Soil_Moisture\DDCA\DDCA_DH\SM\20181005.mat,6911457,2026-04-02 13:20:25
Soil_Moisture\DDCA\DDCA_DH\SM\20181006.mat,6097524,2026-04-02 13:20:25
Soil_Moisture\DDCA\DDCA_DH\SM\20181004.mat,6504952,2026-04-02 13:20:24
Soil_Moisture\DDCA\DDCA_DH\SM\20181001.mat,6134301,2026-04-02 13:20:22
Soil_Moisture\DDCA\DDCA_DH\SM\20181003.mat,6126526,2026-04-02 13:20:22
Soil_Moisture\DDCA\DDCA_DH\SM\20181002.mat,7191675,2026-04-02 13:20:20
Soil_Moisture\DDCA\DDCA_DH\SM\20180926.mat,6688332,2026-04-02 13:20:19
Soil_Moisture\DDCA\DDCA_DH\SM\20180928.mat,6336876,2026-04-02 13:20:19
Soil_Moisture\DDCA\DDCA_DH\SM\20180930.mat,6895795,2026-04-02 13:20:19
Soil_Moisture\DDCA\DDCA_DH\SM\20180929.mat,7108433,2026-04-02 13:20:18
Soil_Moisture\DDCA\DDCA_DH\SM\20180927.mat,7153336,2026-04-02 13:20:17
Soil_Moisture\DDCA\DDCA_DH\SM\20180923.mat,6297422,2026-04-02 13:20:16
Soil_Moisture\DDCA\DDCA_DH\SM\20180925.mat,6338839,2026-04-02 13:20:16
Soil_Moisture\DDCA\DDCA_DH\SM\20180924.mat,7423472,2026-04-02 13:20:15
Soil_Moisture\DDCA\DDCA_DH\SM\20180916.mat,8040003,2026-04-02 13:20:12
Soil_Moisture\DDCA\DDCA_DH\SM\20180922.mat,7382356,2026-04-02 13:20:12
Soil_Moisture\DDCA\DDCA_DH\SM\20180915.mat,6828878,2026-04-02 13:20:11
Soil_Moisture\DDCA\DDCA_DH\SM\20180919.mat,7728292,2026-04-02 13:20:11
Soil_Moisture\DDCA\DDCA_DH\SM\20180921.mat,7098843,2026-04-02 13:20:11
Soil_Moisture\DDCA\DDCA_DH\SM\20180917.mat,6916242,2026-04-02 13:20:10
Soil_Moisture\DDCA\DDCA_DH\SM\20180920.mat,6683049,2026-04-02 13:20:10
Soil_Moisture\DDCA\DDCA_DH\SM\20180913.mat,7228716,2026-04-02 13:20:09
Soil_Moisture\DDCA\DDCA_DH\SM\20180918.mat,6420772,2026-04-02 13:20:08
Soil_Moisture\DDCA\DDCA_DH\SM\20180914.mat,8180332,2026-04-02 13:20:07
Soil_Moisture\DDCA\DDCA_DH\SM\20180905.mat,8382519,2026-04-02 13:20:04
Soil_Moisture\DDCA\DDCA_DH\SM\20180908.mat,8563974,2026-04-02 13:20:04
Soil_Moisture\DDCA\DDCA_DH\SM\20180911.mat,8312826,2026-04-02 13:20:03
Soil_Moisture\DDCA\DDCA_DH\SM\20180912.mat,7362361,2026-04-02 13:20:03
Soil_Moisture\DDCA\DDCA_DH\SM\20180903.mat,8854852,2026-04-02 13:20:01
Soil_Moisture\DDCA\DDCA_DH\SM\20180904.mat,8009681,2026-04-02 13:20:00
Soil_Moisture\DDCA\DDCA_DH\SM\20180906.mat,6722730,2026-04-02 13:20:00
Soil_Moisture\DDCA\DDCA_DH\SM\20180909.mat,7403269,2026-04-02 13:20:00
Soil_Moisture\DDCA\DDCA_DH\SM\20180910.mat,7603132,2026-04-02 13:20:00
Soil_Moisture\DDCA\DDCA_DH\SM\20180907.mat,7212370,2026-04-02 13:19:59
Soil_Moisture\DDCA\DDCA_DH\SM\20180828.mat,8835661,2026-04-02 13:19:57
Soil_Moisture\DDCA\DDCA_DH\SM\20180827.mat,8495675,2026-04-02 13:19:53
Soil_Moisture\DDCA\DDCA_DH\SM\20180825.mat,8432354,2026-04-02 13:19:52
Soil_Moisture\DDCA\DDCA_DH\SM\20180826.mat,9286254,2026-04-02 13:19:52
Soil_Moisture\DDCA\DDCA_DH\SM\20180829.mat,9221247,2026-04-02 13:19:52
Soil_Moisture\DDCA\DDCA_DH\SM\20180831.mat,9071457,2026-04-02 13:19:52
Soil_Moisture\DDCA\DDCA_DH\SM\20180901.mat,8050478,2026-04-02 13:19:52
Soil_Moisture\DDCA\DDCA_DH\SM\20180830.mat,7674930,2026-04-02 13:19:51
Soil_Moisture\DDCA\DDCA_DH\SM\20180902.mat,7175671,2026-04-02 13:19:50
Soil_Moisture\DDCA\DDCA_DH\SM\20180824.mat,8509315,2026-04-02 13:19:49
Soil_Moisture\DDCA\DDCA_DH\SM\20180822.mat,8089466,2026-04-02 13:19:42
Soil_Moisture\DDCA\DDCA_DH\SM\20180814.mat,8526525,2026-04-02 13:19:41
Soil_Moisture\DDCA\DDCA_DH\SM\20180815.mat,9945607,2026-04-02 13:19:41
Soil_Moisture\DDCA\DDCA_DH\SM\20180816.mat,8496961,2026-04-02 13:19:41
Soil_Moisture\DDCA\DDCA_DH\SM\20180818.mat,9772902,2026-04-02 13:19:41
Soil_Moisture\DDCA\DDCA_DH\SM\20180819.mat,8936044,2026-04-02 13:19:41
Soil_Moisture\DDCA\DDCA_DH\SM\20180820.mat,9227104,2026-04-02 13:19:41
Soil_Moisture\DDCA\DDCA_DH\SM\20180821.mat,9329208,2026-04-02 13:19:41
Soil_Moisture\DDCA\DDCA_DH\SM\20180823.mat,9492651,2026-04-02 13:19:41
Soil_Moisture\DDCA\DDCA_DH\SM\20180817.mat,8850836,2026-04-02 13:19:40
Soil_Moisture\DDCA\DDCA_DH\SM\20180810.mat,10149036,2026-04-02 13:19:34
Soil_Moisture\DDCA\DDCA_DH\SM\20180812.mat,9544852,2026-04-02 13:19:33
Soil_Moisture\DDCA\DDCA_DH\SM\20180811.mat,9329233,2026-04-02 13:19:32
Soil_Moisture\DDCA\DDCA_DH\SM\20180717.mat,9984523,2026-04-02 13:19:30
Soil_Moisture\DDCA\DDCA_DH\SM\20180805.mat,10249095,2026-04-02 13:19:30
Soil_Moisture\DDCA\DDCA_DH\SM\20180806.mat,8894306,2026-04-02 13:19:30
Soil_Moisture\DDCA\DDCA_DH\SM\20180807.mat,10238763,2026-04-02 13:19:30
Soil_Moisture\DDCA\DDCA_DH\SM\20180808.mat,9394703,2026-04-02 13:19:30
Soil_Moisture\DDCA\DDCA_DH\SM\20180813.mat,10028594,2026-04-02 13:19:30
Soil_Moisture\DDCA\DDCA_DH\SM\20180809.mat,9138681,2026-04-02 13:19:29
Soil_Moisture\DDCA\DDCA_DH\SM\20180801.mat,9284602,2026-04-02 13:19:20
Soil_Moisture\DDCA\DDCA_DH\SM\20180803.mat,9636885,2026-04-02 13:19:20
Soil_Moisture\DDCA\DDCA_DH\SM\20180729.mat,9081269,2026-04-02 13:19:19
Soil_Moisture\DDCA\DDCA_DH\SM\20180730.mat,10406519,2026-04-02 13:19:19
Soil_Moisture\DDCA\DDCA_DH\SM\20180731.mat,9665814,2026-04-02 13:19:19
Soil_Moisture\DDCA\DDCA_DH\SM\20180802.mat,10359652,2026-04-02 13:19:19
Soil_Moisture\DDCA\DDCA_DH\SM\20180804.mat,9737239,2026-04-02 13:19:19
Soil_Moisture\DDCA\DDCA_DH\SM\20180727.mat,9722693,2026-04-02 13:19:18
Soil_Moisture\DDCA\DDCA_DH\SM\20180728.mat,10160317,2026-04-02 13:19:17
Soil_Moisture\DDCA\DDCA_DH\SM\20180721.mat,9180499,2026-04-02 13:19:12
Soil_Moisture\DDCA\DDCA_DH\SM\20180726.mat,9620504,2026-04-02 13:19:10
Soil_Moisture\DDCA\DDCA_DH\SM\20180722.mat,10377056,2026-04-02 13:19:09
Soil_Moisture\DDCA\DDCA_DH\SM\20180718.mat,8863396,2026-04-02 13:19:08
Soil_Moisture\DDCA\DDCA_DH\SM\20180719.mat,9568637,2026-04-02 13:19:08
Soil_Moisture\DDCA\DDCA_DH\SM\20180720.mat,9977690,2026-04-02 13:19:08
Soil_Moisture\DDCA\DDCA_DH\SM\20180723.mat,9635519,2026-04-02 13:19:08
Soil_Moisture\DDCA\DDCA_DH\SM\20180724.mat,9402335,2026-04-02 13:19:08
Soil_Moisture\DDCA\DDCA_DH\SM\20180725.mat,9677701,2026-04-02 13:19:07
Soil_Moisture\DDCA\DDCA_DH\SM\20180707.mat,9200542,2026-04-02 13:18:58
Soil_Moisture\DDCA\DDCA_DH\SM\20180709.mat,9809233,2026-04-02 13:18:58
Soil_Moisture\DDCA\DDCA_DH\SM\20180710.mat,9152293,2026-04-02 13:18:58
Soil_Moisture\DDCA\DDCA_DH\SM\20180711.mat,9175544,2026-04-02 13:18:58
Soil_Moisture\DDCA\DDCA_DH\SM\20180713.mat,8994519,2026-04-02 13:18:58
Soil_Moisture\DDCA\DDCA_DH\SM\20180714.mat,10141766,2026-04-02 13:18:58
Soil_Moisture\DDCA\DDCA_DH\SM\20180715.mat,9524463,2026-04-02 13:18:58
Soil_Moisture\DDCA\DDCA_DH\SM\20180716.mat,9220799,2026-04-02 13:18:58
Soil_Moisture\DDCA\DDCA_DH\SM\20180708.mat,8780259,2026-04-02 13:18:57
Soil_Moisture\DDCA\DDCA_DH\SM\20180712.mat,10009905,2026-04-02 13:18:57
Soil_Moisture\DDCA\DDCA_DH\SM\20180629.mat,8833597,2026-04-02 13:18:50
Soil_Moisture\DDCA\DDCA_DH\SM\20180706.mat,9857490,2026-04-02 13:18:50
Soil_Moisture\DDCA\DDCA_DH\SM\20180705.mat,8743286,2026-04-02 13:18:49
Soil_Moisture\DDCA\DDCA_DH\SM\20180630.mat,8438396,2026-04-02 13:18:48
Soil_Moisture\DDCA\DDCA_DH\SM\20180701.mat,9339983,2026-04-02 13:18:47
Soil_Moisture\DDCA\DDCA_DH\SM\20180702.mat,8773032,2026-04-02 13:18:47
Soil_Moisture\DDCA\DDCA_DH\SM\20180703.mat,8866536,2026-04-02 13:18:47
Soil_Moisture\DDCA\DDCA_DH\SM\20180704.mat,9655147,2026-04-02 13:18:46
Soil_Moisture\DDCA\DDCA_DH\SM\20180626.mat,8286970,2026-04-02 13:18:45
Soil_Moisture\DDCA\DDCA_DH\SM\20180628.mat,7498310,2026-04-02 13:18:45
Soil_Moisture\DDCA\DDCA_DH\SM\20180627.mat,4858071,2026-04-02 13:18:42
Soil_Moisture\DDCA\DDCA_DH\SM\20180617.mat,8356530,2026-04-02 13:18:37
Soil_Moisture\DDCA\DDCA_DH\SM\20180618.mat,8697425,2026-04-02 13:18:37
Soil_Moisture\DDCA\DDCA_DH\SM\20180620.mat,8642746,2026-04-02 13:18:36
Soil_Moisture\DDCA\DDCA_DH\SM\20180621.mat,8397457,2026-04-02 13:18:36
Soil_Moisture\DDCA\DDCA_DH\SM\20180624.mat,8424942,2026-04-02 13:18:36
Soil_Moisture\DDCA\DDCA_DH\SM\20180625.mat,8571593,2026-04-02 13:18:36
Soil_Moisture\DDCA\DDCA_DH\SM\20180616.mat,8091926,2026-04-02 13:18:35
Soil_Moisture\DDCA\DDCA_DH\SM\20180619.mat,8029536,2026-04-02 13:18:35
Soil_Moisture\DDCA\DDCA_DH\SM\20180622.mat,7896242,2026-04-02 13:18:35
Soil_Moisture\DDCA\DDCA_DH\SM\20180623.mat,8846064,2026-04-02 13:18:35
Soil_Moisture\DDCA\DDCA_DH\SM\20180615.mat,8504384,2026-04-02 13:18:30
Soil_Moisture\DDCA\DDCA_DH\SM\20180612.mat,8898218,2026-04-02 13:18:27
Soil_Moisture\DDCA\DDCA_DH\SM\20180607.mat,8336581,2026-04-02 13:18:26
Soil_Moisture\DDCA\DDCA_DH\SM\20180608.mat,7795250,2026-04-02 13:18:26
Soil_Moisture\DDCA\DDCA_DH\SM\20180610.mat,8712360,2026-04-02 13:18:26
Soil_Moisture\DDCA\DDCA_DH\SM\20180614.mat,8002100,2026-04-02 13:18:26
Soil_Moisture\DDCA\DDCA_DH\SM\20180604.mat,8603401,2026-04-02 13:18:25
Soil_Moisture\DDCA\DDCA_DH\SM\20180609.mat,8115478,2026-04-02 13:18:25
Soil_Moisture\DDCA\DDCA_DH\SM\20180611.mat,7725630,2026-04-02 13:18:25
Soil_Moisture\DDCA\DDCA_DH\SM\20180613.mat,8090000,2026-04-02 13:18:25
Soil_Moisture\DDCA\DDCA_DH\SM\20180605.mat,7799970,2026-04-02 13:18:20
Soil_Moisture\DDCA\DDCA_DH\SM\20180606.mat,7738842,2026-04-02 13:18:20
Soil_Moisture\DDCA\DDCA_DH\SM\20180601.mat,7799384,2026-04-02 13:18:19
Soil_Moisture\DDCA\DDCA_DH\SM\20180530.mat,8136173,2026-04-02 13:18:18
Soil_Moisture\DDCA\DDCA_DH\SM\20180603.mat,7497311,2026-04-02 13:18:17
Soil_Moisture\DDCA\DDCA_DH\SM\20180527.mat,8341964,2026-04-02 13:18:16
Soil_Moisture\DDCA\DDCA_DH\SM\20180531.mat,7441915,2026-04-02 13:18:16
Soil_Moisture\DDCA\DDCA_DH\SM\20180602.mat,8310731,2026-04-02 13:18:16
Soil_Moisture\DDCA\DDCA_DH\SM\20180525.mat,8008819,2026-04-02 13:18:14
Soil_Moisture\DDCA\DDCA_DH\SM\20180529.mat,7442697,2026-04-02 13:18:11
Soil_Moisture\DDCA\DDCA_DH\SM\20180524.mat,7400313,2026-04-02 13:18:10
Soil_Moisture\DDCA\DDCA_DH\SM\20180526.mat,7172196,2026-04-02 13:18:10
Soil_Moisture\DDCA\DDCA_DH\SM\20180521.mat,7020299,2026-04-02 13:18:09
Soil_Moisture\DDCA\DDCA_DH\SM\20180522.mat,7582791,2026-04-02 13:18:09
Soil_Moisture\DDCA\DDCA_DH\SM\20180528.mat,7464348,2026-04-02 13:18:09
Soil_Moisture\DDCA\DDCA_DH\SM\20180523.mat,6994532,2026-04-02 13:18:08
Soil_Moisture\DDCA\DDCA_DH\SM\20180519.mat,7831153,2026-04-02 13:18:07
Soil_Moisture\DDCA\DDCA_DH\SM\20180520.mat,7000166,2026-04-02 13:18:04
Soil_Moisture\DDCA\DDCA_DH\SM\20180513.mat,6757584,2026-04-02 13:18:02
Soil_Moisture\DDCA\DDCA_DH\SM\20180516.mat,7151908,2026-04-02 13:18:02
Soil_Moisture\DDCA\DDCA_DH\SM\20180517.mat,7443231,2026-04-02 13:18:02
Soil_Moisture\DDCA\DDCA_DH\SM\20180518.mat,6710700,2026-04-02 13:18:02
Soil_Moisture\DDCA\DDCA_DH\SM\20180417.mat,6663309,2026-04-02 13:18:01
Soil_Moisture\DDCA\DDCA_DH\SM\20180515.mat,6385607,2026-04-02 13:18:01
Soil_Moisture\DDCA\DDCA_DH\SM\20180511.mat,7520828,2026-04-02 13:18:00
Soil_Moisture\DDCA\DDCA_DH\SM\20180512.mat,6701729,2026-04-02 13:18:00
Soil_Moisture\DDCA\DDCA_DH\SM\20180514.mat,7384207,2026-04-02 13:17:56
Soil_Moisture\DDCA\DDCA_DH\SM\20180506.mat,7098921,2026-04-02 13:17:54
Soil_Moisture\DDCA\DDCA_DH\SM\20180507.mat,6424510,2026-04-02 13:17:54
Soil_Moisture\DDCA\DDCA_DH\SM\20180509.mat,7295222,2026-04-02 13:17:54
Soil_Moisture\DDCA\DDCA_DH\SM\20180503.mat,7251017,2026-04-02 13:17:53
Soil_Moisture\DDCA\DDCA_DH\SM\20180504.mat,6419177,2026-04-02 13:17:53
Soil_Moisture\DDCA\DDCA_DH\SM\20180505.mat,6607266,2026-04-02 13:17:53
Soil_Moisture\DDCA\DDCA_DH\SM\20180508.mat,6961312,2026-04-02 13:17:53
Soil_Moisture\DDCA\DDCA_DH\SM\20180510.mat,6471894,2026-04-02 13:17:53
Soil_Moisture\DDCA\DDCA_DH\SM\20180502.mat,6316557,2026-04-02 13:17:48
Soil_Moisture\DDCA\DDCA_DH\SM\20180430.mat,6722249,2026-04-02 13:17:47
Soil_Moisture\DDCA\DDCA_DH\SM\20180424.mat,6125843,2026-04-02 13:17:46
Soil_Moisture\DDCA\DDCA_DH\SM\20180426.mat,6215481,2026-04-02 13:17:46
Soil_Moisture\DDCA\DDCA_DH\SM\20180501.mat,6870838,2026-04-02 13:17:46
Soil_Moisture\DDCA\DDCA_DH\SM\20180423.mat,6707535,2026-04-02 13:17:45
Soil_Moisture\DDCA\DDCA_DH\SM\20180427.mat,6352495,2026-04-02 13:17:45
Soil_Moisture\DDCA\DDCA_DH\SM\20180428.mat,6871212,2026-04-02 13:17:45
Soil_Moisture\DDCA\DDCA_DH\SM\20180429.mat,6229009,2026-04-02 13:17:45
Soil_Moisture\DDCA\DDCA_DH\SM\20180422.mat,6466764,2026-04-02 13:17:44
Soil_Moisture\DDCA\DDCA_DH\SM\20180421.mat,6039185,2026-04-02 13:17:41
Soil_Moisture\DDCA\DDCA_DH\SM\20180425.mat,7020800,2026-04-02 13:17:41
Soil_Moisture\DDCA\DDCA_DH\SM\20180416.mat,5909924,2026-04-02 13:17:38
Soil_Moisture\DDCA\DDCA_DH\SM\20180415.mat,6281236,2026-04-02 13:17:37
Soil_Moisture\DDCA\DDCA_DH\SM\20180420.mat,6541741,2026-04-02 13:17:37
Soil_Moisture\DDCA\DDCA_DH\SM\20180411.mat,5317758,2026-04-02 13:17:36
Soil_Moisture\DDCA\DDCA_DH\SM\20180412.mat,6296578,2026-04-02 13:17:36
Soil_Moisture\DDCA\DDCA_DH\SM\20180413.mat,5863424,2026-04-02 13:17:36
Soil_Moisture\DDCA\DDCA_DH\SM\20180414.mat,6311665,2026-04-02 13:17:36
Soil_Moisture\DDCA\DDCA_DH\SM\20180418.mat,5985519,2026-04-02 13:17:36
Soil_Moisture\DDCA\DDCA_DH\SM\20180419.mat,6145966,2026-04-02 13:17:36
Soil_Moisture\DDCA\DDCA_DH\SM\20180410.mat,5785831,2026-04-02 13:17:32
Soil_Moisture\DDCA\DDCA_DH\SM\20180331.mat,5557016,2026-04-02 13:17:29
Soil_Moisture\DDCA\DDCA_DH\SM\20180402.mat,5550637,2026-04-02 13:17:29
Soil_Moisture\DDCA\DDCA_DH\SM\20180403.mat,5782578,2026-04-02 13:17:29
Soil_Moisture\DDCA\DDCA_DH\SM\20180404.mat,6071508,2026-04-02 13:17:29
Soil_Moisture\DDCA\DDCA_DH\SM\20180405.mat,5602410,2026-04-02 13:17:29
Soil_Moisture\DDCA\DDCA_DH\SM\20180406.mat,6067383,2026-04-02 13:17:29
Soil_Moisture\DDCA\DDCA_DH\SM\20180407.mat,6178803,2026-04-02 13:17:29
Soil_Moisture\DDCA\DDCA_DH\SM\20180408.mat,5816872,2026-04-02 13:17:29
Soil_Moisture\DDCA\DDCA_DH\SM\20180409.mat,6495063,2026-04-02 13:17:29
Soil_Moisture\DDCA\DDCA_DH\SM\20180401.mat,6217277,2026-04-02 13:17:28
Soil_Moisture\DDCA\DDCA_DH\SM\20180322.mat,5787386,2026-04-02 13:17:22
Soil_Moisture\DDCA\DDCA_DH\SM\20180323.mat,5435311,2026-04-02 13:17:22
Soil_Moisture\DDCA\DDCA_DH\SM\20180325.mat,5398773,2026-04-02 13:17:22
Soil_Moisture\DDCA\DDCA_DH\SM\20180328.mat,5463268,2026-04-02 13:17:22
Soil_Moisture\DDCA\DDCA_DH\SM\20180329.mat,5862326,2026-04-02 13:17:22
Soil_Moisture\DDCA\DDCA_DH\SM\20180330.mat,5836771,2026-04-02 13:17:22
Soil_Moisture\DDCA\DDCA_DH\SM\20180321.mat,5613138,2026-04-02 13:17:21
Soil_Moisture\DDCA\DDCA_DH\SM\20180324.mat,6029641,2026-04-02 13:17:21
Soil_Moisture\DDCA\DDCA_DH\SM\20180326.mat,5605823,2026-04-02 13:17:21
Soil_Moisture\DDCA\DDCA_DH\SM\20180327.mat,5865837,2026-04-02 13:17:21
Soil_Moisture\DDCA\DDCA_DH\SM\20180320.mat,4200585,2026-04-02 13:17:19
Soil_Moisture\DDCA\DDCA_DH\SM\20180318.mat,4410105,2026-04-02 13:17:17
Soil_Moisture\DDCA\DDCA_DH\SM\20180319.mat,3984826,2026-04-02 13:17:16
Soil_Moisture\DDCA\DDCA_DH\SM\20180317.mat,5245103,2026-04-02 13:17:15
Soil_Moisture\DDCA\DDCA_DH\SM\20180311.mat,5595194,2026-04-02 13:17:14
Soil_Moisture\DDCA\DDCA_DH\SM\20180312.mat,5210262,2026-04-02 13:17:14
Soil_Moisture\DDCA\DDCA_DH\SM\20180313.mat,5619280,2026-04-02 13:17:14
Soil_Moisture\DDCA\DDCA_DH\SM\20180314.mat,5563191,2026-04-02 13:17:14
Soil_Moisture\DDCA\DDCA_DH\SM\20180315.mat,5296719,2026-04-02 13:17:14
Soil_Moisture\DDCA\DDCA_DH\SM\20180316.mat,5830763,2026-04-02 13:17:14
Soil_Moisture\DDCA\DDCA_DH\SM\20180308.mat,5281608,2026-04-02 13:17:12
Soil_Moisture\DDCA\DDCA_DH\SM\20180309.mat,4977779,2026-04-02 13:17:12
Soil_Moisture\DDCA\DDCA_DH\SM\20180310.mat,5417403,2026-04-02 13:17:12
Soil_Moisture\DDCA\DDCA_DH\SM\20180307.mat,5183006,2026-04-02 13:17:10
Soil_Moisture\DDCA\DDCA_DH\SM\20180301.mat,4358883,2026-04-02 13:17:08
Soil_Moisture\DDCA\DDCA_DH\SM\20180303.mat,5408615,2026-04-02 13:17:08
Soil_Moisture\DDCA\DDCA_DH\SM\20180306.mat,5542626,2026-04-02 13:17:08
Soil_Moisture\DDCA\DDCA_DH\SM\20180302.mat,5382713,2026-04-02 13:17:07
Soil_Moisture\DDCA\DDCA_DH\SM\20180304.mat,4364357,2026-04-02 13:17:07
Soil_Moisture\DDCA\DDCA_DH\SM\20180305.mat,5583321,2026-04-02 13:17:07
Soil_Moisture\DDCA\DDCA_DH\SM\20180226.mat,5312756,2026-04-02 13:17:06
Soil_Moisture\DDCA\DDCA_DH\SM\20180228.mat,5627190,2026-04-02 13:17:06
Soil_Moisture\DDCA\DDCA_DH\SM\20180225.mat,5448633,2026-04-02 13:17:05
Soil_Moisture\DDCA\DDCA_DH\SM\20180227.mat,5181336,2026-04-02 13:17:05
Soil_Moisture\DDCA\DDCA_DH\SM\20180221.mat,4930492,2026-04-02 13:17:03
Soil_Moisture\DDCA\DDCA_DH\SM\20180224.mat,4910773,2026-04-02 13:17:03
Soil_Moisture\DDCA\DDCA_DH\SM\20180222.mat,5222124,2026-04-02 13:17:02
Soil_Moisture\DDCA\DDCA_DH\SM\20180223.mat,5267735,2026-04-02 13:17:02
Soil_Moisture\DDCA\DDCA_DH\SM\20180219.mat,4979138,2026-04-02 13:17:01
Soil_Moisture\DDCA\DDCA_DH\SM\20180220.mat,5398102,2026-04-02 13:17:01
Soil_Moisture\DDCA\DDCA_DH\SM\20180218.mat,5203863,2026-04-02 13:17:00
Soil_Moisture\DDCA\DDCA_DH\SM\20180216.mat,4666302,2026-04-02 13:16:59
Soil_Moisture\DDCA\DDCA_DH\SM\20180217.mat,5225796,2026-04-02 13:16:59
Soil_Moisture\DDCA\DDCA_DH\SM\20180206.mat,4644210,2026-04-02 13:16:58
Soil_Moisture\DDCA\DDCA_DH\SM\20180213.mat,4656277,2026-04-02 13:16:57
Soil_Moisture\DDCA\DDCA_DH\SM\20180215.mat,4703653,2026-04-02 13:16:57
Soil_Moisture\DDCA\DDCA_DH\SM\20180214.mat,4936800,2026-04-02 13:16:56
Soil_Moisture\DDCA\DDCA_DH\SM\20180211.mat,4200768,2026-04-02 13:16:55
Soil_Moisture\DDCA\DDCA_DH\SM\20180212.mat,4509160,2026-04-02 13:16:55
Soil_Moisture\DDCA\DDCA_DH\SM\20180205.mat,4282302,2026-04-02 13:16:54
Soil_Moisture\DDCA\DDCA_DH\SM\20180207.mat,3610437,2026-04-02 13:16:54
Soil_Moisture\DDCA\DDCA_DH\SM\20180209.mat,2731455,2026-04-02 13:16:54
Soil_Moisture\DDCA\DDCA_DH\SM\20180210.mat,4330872,2026-04-02 13:16:54
Soil_Moisture\DDCA\DDCA_DH\SM\20180201.mat,4835679,2026-04-02 13:16:52
Soil_Moisture\DDCA\DDCA_DH\SM\20180208.mat,3632432,2026-04-02 13:16:52
Soil_Moisture\DDCA\DDCA_DH\SM\20180131.mat,4327581,2026-04-02 13:16:51
Soil_Moisture\DDCA\DDCA_DH\SM\20180204.mat,4795057,2026-04-02 13:16:51
Soil_Moisture\DDCA\DDCA_DH\SM\20180129.mat,4597189,2026-04-02 13:16:50
Soil_Moisture\DDCA\DDCA_DH\SM\20180202.mat,4510674,2026-04-02 13:16:50
Soil_Moisture\DDCA\DDCA_DH\SM\20180203.mat,4409212,2026-04-02 13:16:50
Soil_Moisture\DDCA\DDCA_DH\SM\20180125.mat,4481085,2026-04-02 13:16:48
Soil_Moisture\DDCA\DDCA_DH\SM\20180127.mat,4788520,2026-04-02 13:16:48
Soil_Moisture\DDCA\DDCA_DH\SM\20180128.mat,4305455,2026-04-02 13:16:48
Soil_Moisture\DDCA\DDCA_DH\SM\20180130.mat,4617543,2026-04-02 13:16:48
Soil_Moisture\DDCA\DDCA_DH\SM\20180124.mat,4888485,2026-04-02 13:16:46
Soil_Moisture\DDCA\DDCA_DH\SM\20180126.mat,4376685,2026-04-02 13:16:46
Soil_Moisture\DDCA\DDCA_DH\SM\20180107.mat,4129098,2026-04-02 13:16:45
Soil_Moisture\DDCA\DDCA_DH\SM\20180122.mat,4697475,2026-04-02 13:16:44
Soil_Moisture\DDCA\DDCA_DH\SM\20180123.mat,4382409,2026-04-02 13:16:44
Soil_Moisture\DDCA\DDCA_DH\SM\20180117.mat,4667669,2026-04-02 13:16:43
Soil_Moisture\DDCA\DDCA_DH\SM\20180119.mat,4880527,2026-04-02 13:16:43
Soil_Moisture\DDCA\DDCA_DH\SM\20180120.mat,4378870,2026-04-02 13:16:43
Soil_Moisture\DDCA\DDCA_DH\SM\20180121.mat,4663639,2026-04-02 13:16:43
Soil_Moisture\DDCA\DDCA_DH\SM\20180118.mat,4436437,2026-04-02 13:16:42
Soil_Moisture\DDCA\DDCA_DH\SM\20180116.mat,5032177,2026-04-02 13:16:41
Soil_Moisture\DDCA\DDCA_DH\SM\20180110.mat,3156776,2026-04-02 13:16:40
Soil_Moisture\DDCA\DDCA_DH\SM\20180114.mat,4924544,2026-04-02 13:16:39
Soil_Moisture\DDCA\DDCA_DH\SM\20180115.mat,4540874,2026-04-02 13:16:39
Soil_Moisture\DDCA\DDCA_DH\SM\20180104.mat,4179921,2026-04-02 13:16:38
Soil_Moisture\DDCA\DDCA_DH\SM\20180108.mat,3879945,2026-04-02 13:16:38
Soil_Moisture\DDCA\DDCA_DH\SM\20180109.mat,2838073,2026-04-02 13:16:38
Soil_Moisture\DDCA\DDCA_DH\SM\20180111.mat,3594529,2026-04-02 13:16:38
Soil_Moisture\DDCA\DDCA_DH\SM\20180113.mat,4790239,2026-04-02 13:16:38
Soil_Moisture\DDCA\DDCA_DH\SM\20180105.mat,4266890,2026-04-02 13:16:37
Soil_Moisture\DDCA\DDCA_DH\SM\20180106.mat,4571148,2026-04-02 13:16:37
Soil_Moisture\DDCA\DDCA_DH\SM\20180112.mat,3111696,2026-04-02 13:16:37
Soil_Moisture\DDCA\DDCA_DH\SM\20180101.mat,5049889,2026-04-02 13:16:34
Soil_Moisture\DDCA\DDCA_DH\SM\20180103.mat,5215200,2026-04-02 13:16:34
Soil_Moisture\DDCA\DDCA_DH\SM\20171221.mat,5023420,2026-04-02 13:16:33
Soil_Moisture\DDCA\DDCA_DH\SM\20180102.mat,4671849,2026-04-02 13:16:33
Soil_Moisture\DDCA\DDCA_DH\SM\20171224.mat,4611991,2026-04-02 13:16:32
Soil_Moisture\DDCA\DDCA_DH\SM\20171225.mat,4181037,2026-04-02 13:16:32
Soil_Moisture\DDCA\DDCA_DH\SM\20171226.mat,5283466,2026-04-02 13:16:32
Soil_Moisture\DDCA\DDCA_DH\SM\20171227.mat,4557664,2026-04-02 13:16:32
Soil_Moisture\DDCA\DDCA_DH\SM\20171228.mat,477265,2026-04-02 13:16:32
Soil_Moisture\DDCA\DDCA_DH\SM\20171229.mat,477265,2026-04-02 13:16:32
Soil_Moisture\DDCA\DDCA_DH\SM\20171230.mat,477265,2026-04-02 13:16:32
Soil_Moisture\DDCA\DDCA_DH\SM\20171231.mat,477265,2026-04-02 13:16:32
Soil_Moisture\DDCA\DDCA_DH\SM\20171219.mat,4329384,2026-04-02 13:16:30
Soil_Moisture\DDCA\DDCA_DH\SM\20171220.mat,4588992,2026-04-02 13:16:30
Soil_Moisture\DDCA\DDCA_DH\SM\20171222.mat,4296958,2026-04-02 13:16:30
Soil_Moisture\DDCA\DDCA_DH\SM\20171215.mat,4975101,2026-04-02 13:16:29
Soil_Moisture\DDCA\DDCA_DH\SM\20171223.mat,4645133,2026-04-02 13:16:29
Soil_Moisture\DDCA\DDCA_DH\SM\20171217.mat,4151359,2026-04-02 13:16:28
Soil_Moisture\DDCA\DDCA_DH\SM\20171218.mat,5214865,2026-04-02 13:16:28
Soil_Moisture\DDCA\DDCA_DH\SM\20171216.mat,4524854,2026-04-02 13:16:27
Soil_Moisture\DDCA\DDCA_DH\SM\20171214.mat,4225251,2026-04-02 13:16:25
Soil_Moisture\DDCA\DDCA_DH\SM\20171208.mat,4497086,2026-04-02 13:16:24
Soil_Moisture\DDCA\DDCA_DH\SM\20171210.mat,4842182,2026-04-02 13:16:24
Soil_Moisture\DDCA\DDCA_DH\SM\20171211.mat,4273792,2026-04-02 13:16:24
Soil_Moisture\DDCA\DDCA_DH\SM\20171212.mat,4549140,2026-04-02 13:16:24
Soil_Moisture\DDCA\DDCA_DH\SM\20171213.mat,4938743,2026-04-02 13:16:24
Soil_Moisture\DDCA\DDCA_DH\SM\20171204.mat,4441373,2026-04-02 13:16:22
Soil_Moisture\DDCA\DDCA_DH\SM\20171206.mat,4187911,2026-04-02 13:16:22
Soil_Moisture\DDCA\DDCA_DH\SM\20171207.mat,4521870,2026-04-02 13:16:22
Soil_Moisture\DDCA\DDCA_DH\SM\20171209.mat,4096960,2026-04-02 13:16:22
Soil_Moisture\DDCA\DDCA_DH\SM\20171130.mat,4480818,2026-04-02 13:16:20
Soil_Moisture\DDCA\DDCA_DH\SM\20171202.mat,5169595,2026-04-02 13:16:19
Soil_Moisture\DDCA\DDCA_DH\SM\20171203.mat,4203932,2026-04-02 13:16:19
Soil_Moisture\DDCA\DDCA_DH\SM\20171205.mat,4931282,2026-04-02 13:16:19
Soil_Moisture\DDCA\DDCA_DH\SM\20171124.mat,5167297,2026-04-02 13:16:18
Soil_Moisture\DDCA\DDCA_DH\SM\20171129.mat,4947924,2026-04-02 13:16:18
Soil_Moisture\DDCA\DDCA_DH\SM\20171201.mat,4096940,2026-04-02 13:16:18
Soil_Moisture\DDCA\DDCA_DH\SM\20171120.mat,4152090,2026-04-02 13:16:17
Soil_Moisture\DDCA\DDCA_DH\SM\20171126.mat,4523977,2026-04-02 13:16:17
Soil_Moisture\DDCA\DDCA_DH\SM\20171127.mat,4897468,2026-04-02 13:16:17
Soil_Moisture\DDCA\DDCA_DH\SM\20171128.mat,4139708,2026-04-02 13:16:17
Soil_Moisture\DDCA\DDCA_DH\SM\20171122.mat,4490130,2026-04-02 13:16:15
Soil_Moisture\DDCA\DDCA_DH\SM\20171119.mat,4890745,2026-04-02 13:16:14
Soil_Moisture\DDCA\DDCA_DH\SM\20171123.mat,4112352,2026-04-02 13:16:14
Soil_Moisture\DDCA\DDCA_DH\SM\20171121.mat,4959656,2026-04-02 13:16:13
Soil_Moisture\DDCA\DDCA_DH\SM\20171125.mat,4238160,2026-04-02 13:16:13
Soil_Moisture\DDCA\DDCA_DH\SM\20171116.mat,5939141,2026-04-02 13:16:11
Soil_Moisture\DDCA\DDCA_DH\SM\20171117.mat,5108042,2026-04-02 13:16:11
Soil_Moisture\DDCA\DDCA_DH\SM\20171118.mat,4520503,2026-04-02 13:16:11
Soil_Moisture\DDCA\DDCA_DH\SM\20171113.mat,5590061,2026-04-02 13:16:10
Soil_Moisture\DDCA\DDCA_DH\SM\20171115.mat,4738687,2026-04-02 13:16:10
Soil_Moisture\DDCA\DDCA_DH\SM\20171107.mat,4996343,2026-04-02 13:16:09
Soil_Moisture\DDCA\DDCA_DH\SM\20171114.mat,5324505,2026-04-02 13:16:09
Soil_Moisture\DDCA\DDCA_DH\SM\20171110.mat,5113740,2026-04-02 13:16:08
Soil_Moisture\DDCA\DDCA_DH\SM\20171111.mat,5434535,2026-04-02 13:16:08
Soil_Moisture\DDCA\DDCA_DH\SM\20171112.mat,4851427,2026-04-02 13:16:08
Soil_Moisture\DDCA\DDCA_DH\SM\20171105.mat,5867221,2026-04-02 13:16:05
Soil_Moisture\DDCA\DDCA_DH\SM\20171109.mat,5338394,2026-04-02 13:16:05
Soil_Moisture\DDCA\DDCA_DH\SM\20171103.mat,6045100,2026-04-02 13:16:04
Soil_Moisture\DDCA\DDCA_DH\SM\20171104.mat,5133007,2026-04-02 13:16:04
Soil_Moisture\DDCA\DDCA_DH\SM\20171106.mat,5627985,2026-04-02 13:16:04
Soil_Moisture\DDCA\DDCA_DH\SM\20171108.mat,6165640,2026-04-02 13:16:04
Soil_Moisture\DDCA\DDCA_DH\SM\20171101.mat,5653493,2026-04-02 13:16:03
Soil_Moisture\DDCA\DDCA_DH\SM\20171102.mat,5365449,2026-04-02 13:16:03
Soil_Moisture\DDCA\DDCA_DH\SM\20171031.mat,6377508,2026-04-02 13:16:02
Soil_Moisture\DDCA\DDCA_DH\SM\20171030.mat,5196477,2026-04-02 13:16:01
Soil_Moisture\DDCA\DDCA_DH\SM\20171029.mat,5829297,2026-04-02 13:15:59
Soil_Moisture\DDCA\DDCA_DH\SM\20171023.mat,6505611,2026-04-02 13:15:57
Soil_Moisture\DDCA\DDCA_DH\SM\20171024.mat,5736436,2026-04-02 13:15:57
Soil_Moisture\DDCA\DDCA_DH\SM\20171025.mat,5567207,2026-04-02 13:15:57
Soil_Moisture\DDCA\DDCA_DH\SM\20171027.mat,5326618,2026-04-02 13:15:57
Soil_Moisture\DDCA\DDCA_DH\SM\20171028.mat,6065073,2026-04-02 13:15:57
Soil_Moisture\DDCA\DDCA_DH\SM\20171021.mat,5907947,2026-04-02 13:15:56
Soil_Moisture\DDCA\DDCA_DH\SM\20171022.mat,5400467,2026-04-02 13:15:56
Soil_Moisture\DDCA\DDCA_DH\SM\20171026.mat,6245199,2026-04-02 13:15:56
Soil_Moisture\DDCA\DDCA_DH\SM\20171020.mat,6246388,2026-04-02 13:15:55
Soil_Moisture\DDCA\DDCA_DH\SM\20171012.mat,6426979,2026-04-02 13:15:53
Soil_Moisture\DDCA\DDCA_DH\SM\20171019.mat,5503454,2026-04-02 13:15:52
Soil_Moisture\DDCA\DDCA_DH\SM\20171018.mat,6348492,2026-04-02 13:15:51
Soil_Moisture\DDCA\DDCA_DH\SM\20171009.mat,5997847,2026-04-02 13:15:49
Soil_Moisture\DDCA\DDCA_DH\SM\20171010.mat,6123083,2026-04-02 13:15:49
Soil_Moisture\DDCA\DDCA_DH\SM\20171014.mat,5609302,2026-04-02 13:15:49
Soil_Moisture\DDCA\DDCA_DH\SM\20171015.mat,6717236,2026-04-02 13:15:49
Soil_Moisture\DDCA\DDCA_DH\SM\20171016.mat,6020324,2026-04-02 13:15:49
Soil_Moisture\DDCA\DDCA_DH\SM\20171011.mat,5721808,2026-04-02 13:15:48
Soil_Moisture\DDCA\DDCA_DH\SM\20171017.mat,5772974,2026-04-02 13:15:48
Soil_Moisture\DDCA\DDCA_DH\SM\20171008.mat,6154114,2026-04-02 13:15:47
Soil_Moisture\DDCA\DDCA_DH\SM\20171013.mat,6143730,2026-04-02 13:15:46
Soil_Moisture\DDCA\DDCA_DH\SM\20171006.mat,5781321,2026-04-02 13:15:43
Soil_Moisture\DDCA\DDCA_DH\SM\20171007.mat,6948168,2026-04-02 13:15:42
Soil_Moisture\DDCA\DDCA_DH\SM\20171002.mat,6782916,2026-04-02 13:15:41
Soil_Moisture\DDCA\DDCA_DH\SM\20171005.mat,6389742,2026-04-02 13:15:41
Soil_Moisture\DDCA\DDCA_DH\SM\20170928.mat,6011980,2026-04-02 13:15:40
Soil_Moisture\DDCA\DDCA_DH\SM\20170929.mat,7130850,2026-04-02 13:15:40
Soil_Moisture\DDCA\DDCA_DH\SM\20170930.mat,6619478,2026-04-02 13:15:40
Soil_Moisture\DDCA\DDCA_DH\SM\20171001.mat,6153484,2026-04-02 13:15:40
Soil_Moisture\DDCA\DDCA_DH\SM\20171003.mat,5953676,2026-04-02 13:15:40
Soil_Moisture\DDCA\DDCA_DH\SM\20171004.mat,6611145,2026-04-02 13:15:40
Soil_Moisture\DDCA\DDCA_DH\SM\20170927.mat,6543871,2026-04-02 13:15:39
Soil_Moisture\DDCA\DDCA_DH\SM\20170926.mat,6783632,2026-04-02 13:15:37
Soil_Moisture\DDCA\DDCA_DH\SM\20170918.mat,7076580,2026-04-02 13:15:32
Soil_Moisture\DDCA\DDCA_DH\SM\20170920.mat,6339203,2026-04-02 13:15:32
Soil_Moisture\DDCA\DDCA_DH\SM\20170921.mat,7460492,2026-04-02 13:15:32
Soil_Moisture\DDCA\DDCA_DH\SM\20170924.mat,6882178,2026-04-02 13:15:32
Soil_Moisture\DDCA\DDCA_DH\SM\20170925.mat,6196380,2026-04-02 13:15:32
Soil_Moisture\DDCA\DDCA_DH\SM\20170915.mat,6736557,2026-04-02 13:15:31
Soil_Moisture\DDCA\DDCA_DH\SM\20170916.mat,7188019,2026-04-02 13:15:31
Soil_Moisture\DDCA\DDCA_DH\SM\20170917.mat,6521497,2026-04-02 13:15:31
Soil_Moisture\DDCA\DDCA_DH\SM\20170919.mat,6763301,2026-04-02 13:15:31
Soil_Moisture\DDCA\DDCA_DH\SM\20170923.mat,6377751,2026-04-02 13:15:31
Soil_Moisture\DDCA\DDCA_DH\SM\20170922.mat,6669381,2026-04-02 13:15:28
Soil_Moisture\DDCA\DDCA_DH\SM\20170910.mat,7553165,2026-04-02 13:15:24
Soil_Moisture\DDCA\DDCA_DH\SM\20170905.mat,7877625,2026-04-02 13:15:23
Soil_Moisture\DDCA\DDCA_DH\SM\20170906.mat,7503761,2026-04-02 13:15:23
Soil_Moisture\DDCA\DDCA_DH\SM\20170908.mat,7682677,2026-04-02 13:15:23
Soil_Moisture\DDCA\DDCA_DH\SM\20170913.mat,7934251,2026-04-02 13:15:23
Soil_Moisture\DDCA\DDCA_DH\SM\20170907.mat,7140130,2026-04-02 13:15:22
Soil_Moisture\DDCA\DDCA_DH\SM\20170909.mat,6951595,2026-04-02 13:15:22
Soil_Moisture\DDCA\DDCA_DH\SM\20170911.mat,7342206,2026-04-02 13:15:22
Soil_Moisture\DDCA\DDCA_DH\SM\20170912.mat,6761451,2026-04-02 13:15:22
Soil_Moisture\DDCA\DDCA_DH\SM\20170914.mat,7227336,2026-04-02 13:15:22
Soil_Moisture\DDCA\DDCA_DH\SM\20170828.mat,8974363,2026-04-02 13:15:14
Soil_Moisture\DDCA\DDCA_DH\SM\20170831.mat,8118691,2026-04-02 13:15:14
Soil_Moisture\DDCA\DDCA_DH\SM\20170807.mat,10208381,2026-04-02 13:15:13
Soil_Moisture\DDCA\DDCA_DH\SM\20170827.mat,7689898,2026-04-02 13:15:13
Soil_Moisture\DDCA\DDCA_DH\SM\20170829.mat,8356360,2026-04-02 13:15:13
Soil_Moisture\DDCA\DDCA_DH\SM\20170830.mat,7463706,2026-04-02 13:15:13
Soil_Moisture\DDCA\DDCA_DH\SM\20170901.mat,7339865,2026-04-02 13:15:13
Soil_Moisture\DDCA\DDCA_DH\SM\20170902.mat,7904457,2026-04-02 13:15:13
Soil_Moisture\DDCA\DDCA_DH\SM\20170903.mat,7619961,2026-04-02 13:15:13
Soil_Moisture\DDCA\DDCA_DH\SM\20170904.mat,7085365,2026-04-02 13:15:13
Soil_Moisture\DDCA\DDCA_DH\SM\20170825.mat,8414647,2026-04-02 13:15:07
Soil_Moisture\DDCA\DDCA_DH\SM\20170826.mat,8160129,2026-04-02 13:15:07
Soil_Moisture\DDCA\DDCA_DH\SM\20170821.mat,8905583,2026-04-02 13:15:06
Soil_Moisture\DDCA\DDCA_DH\SM\20170820.mat,9590457,2026-04-02 13:15:05
Soil_Moisture\DDCA\DDCA_DH\SM\20170824.mat,8016936,2026-04-02 13:15:05
Soil_Moisture\DDCA\DDCA_DH\SM\20170819.mat,8274783,2026-04-02 13:15:04
Soil_Moisture\DDCA\DDCA_DH\SM\20170822.mat,7995783,2026-04-02 13:15:04
Soil_Moisture\DDCA\DDCA_DH\SM\20170823.mat,8717747,2026-04-02 13:15:04
Soil_Moisture\DDCA\DDCA_DH\SM\20170818.mat,9039240,2026-04-02 13:15:02
Soil_Moisture\DDCA\DDCA_DH\SM\20170815.mat,9379951,2026-04-02 13:14:58
Soil_Moisture\DDCA\DDCA_DH\SM\20170817.mat,8941699,2026-04-02 13:14:57
Soil_Moisture\DDCA\DDCA_DH\SM\20170812.mat,9615279,2026-04-02 13:14:56
Soil_Moisture\DDCA\DDCA_DH\SM\20170814.mat,8442524,2026-04-02 13:14:56
Soil_Moisture\DDCA\DDCA_DH\SM\20170816.mat,8694968,2026-04-02 13:14:56
Soil_Moisture\DDCA\DDCA_DH\SM\20170811.mat,8599379,2026-04-02 13:14:55
Soil_Moisture\DDCA\DDCA_DH\SM\20170813.mat,9844274,2026-04-02 13:14:55
Soil_Moisture\DDCA\DDCA_DH\SM\20170809.mat,9674176,2026-04-02 13:14:54
Soil_Moisture\DDCA\DDCA_DH\SM\20170810.mat,9593326,2026-04-02 13:14:52
Soil_Moisture\DDCA\DDCA_DH\SM\20170803.mat,9154767,2026-04-02 13:14:51
Soil_Moisture\DDCA\DDCA_DH\SM\20170802.mat,9183172,2026-04-02 13:14:46
Soil_Moisture\DDCA\DDCA_DH\SM\20170804.mat,10574382,2026-04-02 13:14:45
Soil_Moisture\DDCA\DDCA_DH\SM\20170808.mat,9477431,2026-04-02 13:14:45
Soil_Moisture\DDCA\DDCA_DH\SM\20170730.mat,9239024,2026-04-02 13:14:44
Soil_Moisture\DDCA\DDCA_DH\SM\20170731.mat,9485676,2026-04-02 13:14:44
Soil_Moisture\DDCA\DDCA_DH\SM\20170801.mat,9792264,2026-04-02 13:14:44
Soil_Moisture\DDCA\DDCA_DH\SM\20170805.mat,9906964,2026-04-02 13:14:44
Soil_Moisture\DDCA\DDCA_DH\SM\20170806.mat,9231623,2026-04-02 13:14:44
Soil_Moisture\DDCA\DDCA_DH\SM\20170724.mat,9090487,2026-04-02 13:14:37
Soil_Moisture\DDCA\DDCA_DH\SM\20170729.mat,9416603,2026-04-02 13:14:37
Soil_Moisture\DDCA\DDCA_DH\SM\20170727.mat,10163723,2026-04-02 13:14:36
Soil_Moisture\DDCA\DDCA_DH\SM\20170721.mat,9468654,2026-04-02 13:14:35
Soil_Moisture\DDCA\DDCA_DH\SM\20170723.mat,9744003,2026-04-02 13:14:35
Soil_Moisture\DDCA\DDCA_DH\SM\20170725.mat,10095444,2026-04-02 13:14:35
Soil_Moisture\DDCA\DDCA_DH\SM\20170722.mat,10460843,2026-04-02 13:14:34
Soil_Moisture\DDCA\DDCA_DH\SM\20170728.mat,9445543,2026-04-02 13:14:34
Soil_Moisture\DDCA\DDCA_DH\SM\20170719.mat,10380618,2026-04-02 13:14:33
Soil_Moisture\DDCA\DDCA_DH\SM\20170720.mat,9862115,2026-04-02 13:14:31
Soil_Moisture\DDCA\DDCA_DH\SM\20170726.mat,9194116,2026-04-02 13:14:29
Soil_Moisture\DDCA\DDCA_DH\SM\20170710.mat,8641132,2026-04-02 13:14:23
Soil_Moisture\DDCA\DDCA_DH\SM\20170716.mat,9335625,2026-04-02 13:14:23
Soil_Moisture\DDCA\DDCA_DH\SM\20170717.mat,9763207,2026-04-02 13:14:23
Soil_Moisture\DDCA\DDCA_DH\SM\20170718.mat,8977171,2026-04-02 13:14:23
Soil_Moisture\DDCA\DDCA_DH\SM\20170713.mat,9246948,2026-04-02 13:14:22
Soil_Moisture\DDCA\DDCA_DH\SM\20170715.mat,9517951,2026-04-02 13:14:22
Soil_Moisture\DDCA\DDCA_DH\SM\20170709.mat,9534855,2026-04-02 13:14:21
Soil_Moisture\DDCA\DDCA_DH\SM\20170711.mat,9991540,2026-04-02 13:14:21
Soil_Moisture\DDCA\DDCA_DH\SM\20170712.mat,9825170,2026-04-02 13:14:21
Soil_Moisture\DDCA\DDCA_DH\SM\20170708.mat,9298949,2026-04-02 13:14:19
Soil_Moisture\DDCA\DDCA_DH\SM\20170714.mat,9619330,2026-04-02 13:14:15
Soil_Moisture\DDCA\DDCA_DH\SM\20170707.mat,9179815,2026-04-02 13:14:14
Soil_Moisture\DDCA\DDCA_DH\SM\20170630.mat,8918455,2026-04-02 13:14:10
Soil_Moisture\DDCA\DDCA_DH\SM\20170701.mat,9106989,2026-04-02 13:14:10
Soil_Moisture\DDCA\DDCA_DH\SM\20170629.mat,8741891,2026-04-02 13:14:09
Soil_Moisture\DDCA\DDCA_DH\SM\20170705.mat,8957182,2026-04-02 13:14:09
Soil_Moisture\DDCA\DDCA_DH\SM\20170706.mat,9897492,2026-04-02 13:14:09
Soil_Moisture\DDCA\DDCA_DH\SM\20170702.mat,8241183,2026-04-02 13:14:08
Soil_Moisture\DDCA\DDCA_DH\SM\20170703.mat,9644703,2026-04-02 13:14:08
Soil_Moisture\DDCA\DDCA_DH\SM\20170704.mat,9354931,2026-04-02 13:14:08
Soil_Moisture\DDCA\DDCA_DH\SM\20170603.mat,7671046,2026-04-02 13:14:07
Soil_Moisture\DDCA\DDCA_DH\SM\20170628.mat,9463779,2026-04-02 13:14:06
Soil_Moisture\DDCA\DDCA_DH\SM\20170623.mat,8711795,2026-04-02 13:14:00
Soil_Moisture\DDCA\DDCA_DH\SM\20170627.mat,8543859,2026-04-02 13:13:59
Soil_Moisture\DDCA\DDCA_DH\SM\20170620.mat,9055815,2026-04-02 13:13:57
Soil_Moisture\DDCA\DDCA_DH\SM\20170621.mat,8172659,2026-04-02 13:13:57
Soil_Moisture\DDCA\DDCA_DH\SM\20170622.mat,8557499,2026-04-02 13:13:57
Soil_Moisture\DDCA\DDCA_DH\SM\20170624.mat,7899860,2026-04-02 13:13:57
Soil_Moisture\DDCA\DDCA_DH\SM\20170625.mat,9222675,2026-04-02 13:13:57
Soil_Moisture\DDCA\DDCA_DH\SM\20170626.mat,8459546,2026-04-02 13:13:57
Soil_Moisture\DDCA\DDCA_DH\SM\20170619.mat,7888135,2026-04-02 13:13:56
Soil_Moisture\DDCA\DDCA_DH\SM\20170610.mat,8301180,2026-04-02 13:13:48
Soil_Moisture\DDCA\DDCA_DH\SM\20170612.mat,8320592,2026-04-02 13:13:48
Soil_Moisture\DDCA\DDCA_DH\SM\20170614.mat,8217008,2026-04-02 13:13:48
Soil_Moisture\DDCA\DDCA_DH\SM\20170615.mat,8413401,2026-04-02 13:13:48
Soil_Moisture\DDCA\DDCA_DH\SM\20170617.mat,8937036,2026-04-02 13:13:48
Soil_Moisture\DDCA\DDCA_DH\SM\20170618.mat,8500453,2026-04-02 13:13:48
Soil_Moisture\DDCA\DDCA_DH\SM\20170611.mat,7888072,2026-04-02 13:13:47
Soil_Moisture\DDCA\DDCA_DH\SM\20170613.mat,7995753,2026-04-02 13:13:47
Soil_Moisture\DDCA\DDCA_DH\SM\20170616.mat,7636345,2026-04-02 13:13:47
Soil_Moisture\DDCA\DDCA_DH\SM\20170601.mat,8290919,2026-04-02 13:13:40
Soil_Moisture\DDCA\DDCA_DH\SM\20170604.mat,8459437,2026-04-02 13:13:40
Soil_Moisture\DDCA\DDCA_DH\SM\20170606.mat,8057735,2026-04-02 13:13:40
Soil_Moisture\DDCA\DDCA_DH\SM\20170602.mat,7915890,2026-04-02 13:13:39
Soil_Moisture\DDCA\DDCA_DH\SM\20170605.mat,7627635,2026-04-02 13:13:39
Soil_Moisture\DDCA\DDCA_DH\SM\20170607.mat,8093942,2026-04-02 13:13:39
Soil_Moisture\DDCA\DDCA_DH\SM\20170608.mat,7401682,2026-04-02 13:13:39
Soil_Moisture\DDCA\DDCA_DH\SM\20170609.mat,8623729,2026-04-02 13:13:39
Soil_Moisture\DDCA\DDCA_DH\SM\20170531.mat,7091620,2026-04-02 13:13:37
Soil_Moisture\DDCA\DDCA_DH\SM\20170524.mat,8147677,2026-04-02 13:13:31
Soil_Moisture\DDCA\DDCA_DH\SM\20170525.mat,7750717,2026-04-02 13:13:31
Soil_Moisture\DDCA\DDCA_DH\SM\20170527.mat,8135237,2026-04-02 13:13:31
Soil_Moisture\DDCA\DDCA_DH\SM\20170529.mat,7766089,2026-04-02 13:13:31
Soil_Moisture\DDCA\DDCA_DH\SM\20170521.mat,7724855,2026-04-02 13:13:30
Soil_Moisture\DDCA\DDCA_DH\SM\20170523.mat,7013862,2026-04-02 13:13:30
Soil_Moisture\DDCA\DDCA_DH\SM\20170526.mat,7367927,2026-04-02 13:13:30
Soil_Moisture\DDCA\DDCA_DH\SM\20170528.mat,7353189,2026-04-02 13:13:30
Soil_Moisture\DDCA\DDCA_DH\SM\20170530.mat,7763370,2026-04-02 13:13:30
Soil_Moisture\DDCA\DDCA_DH\SM\20170522.mat,7605509,2026-04-02 13:13:29
Soil_Moisture\DDCA\DDCA_DH\SM\20170519.mat,7944999,2026-04-02 13:13:26
Soil_Moisture\DDCA\DDCA_DH\SM\20170516.mat,7821659,2026-04-02 13:13:23
Soil_Moisture\DDCA\DDCA_DH\SM\20170513.mat,7468977,2026-04-02 13:13:22
Soil_Moisture\DDCA\DDCA_DH\SM\20170515.mat,6827332,2026-04-02 13:13:22
Soil_Moisture\DDCA\DDCA_DH\SM\20170518.mat,7324812,2026-04-02 13:13:22
Soil_Moisture\DDCA\DDCA_DH\SM\20170512.mat,6989167,2026-04-02 13:13:21
Soil_Moisture\DDCA\DDCA_DH\SM\20170514.mat,7300444,2026-04-02 13:13:21
Soil_Moisture\DDCA\DDCA_DH\SM\20170517.mat,7437411,2026-04-02 13:13:21
Soil_Moisture\DDCA\DDCA_DH\SM\20170520.mat,7214449,2026-04-02 13:13:21
Soil_Moisture\DDCA\DDCA_DH\SM\20170511.mat,7624360,2026-04-02 13:13:20
Soil_Moisture\DDCA\DDCA_DH\SM\20170504.mat,6686449,2026-04-02 13:13:13
Soil_Moisture\DDCA\DDCA_DH\SM\20170508.mat,7455698,2026-04-02 13:13:13
Soil_Moisture\DDCA\DDCA_DH\SM\20170509.mat,7171932,2026-04-02 13:13:13
Soil_Moisture\DDCA\DDCA_DH\SM\20170510.mat,7108829,2026-04-02 13:13:13
Soil_Moisture\DDCA\DDCA_DH\SM\20170501.mat,6737140,2026-04-02 13:13:12
Soil_Moisture\DDCA\DDCA_DH\SM\20170502.mat,6867430,2026-04-02 13:13:12
Soil_Moisture\DDCA\DDCA_DH\SM\20170503.mat,7273955,2026-04-02 13:13:12
Soil_Moisture\DDCA\DDCA_DH\SM\20170505.mat,7195766,2026-04-02 13:13:12
Soil_Moisture\DDCA\DDCA_DH\SM\20170506.mat,6947914,2026-04-02 13:13:12
Soil_Moisture\DDCA\DDCA_DH\SM\20170507.mat,6592370,2026-04-02 13:13:12
Soil_Moisture\DDCA\DDCA_DH\SM\20170430.mat,7106847,2026-04-02 13:13:05
Soil_Moisture\DDCA\DDCA_DH\SM\20170422.mat,6830865,2026-04-02 13:13:04
Soil_Moisture\DDCA\DDCA_DH\SM\20170423.mat,6456773,2026-04-02 13:13:04
Soil_Moisture\DDCA\DDCA_DH\SM\20170424.mat,6617229,2026-04-02 13:13:04
Soil_Moisture\DDCA\DDCA_DH\SM\20170425.mat,6896406,2026-04-02 13:13:04
Soil_Moisture\DDCA\DDCA_DH\SM\20170426.mat,6362707,2026-04-02 13:13:04
Soil_Moisture\DDCA\DDCA_DH\SM\20170427.mat,6916196,2026-04-02 13:13:04
Soil_Moisture\DDCA\DDCA_DH\SM\20170428.mat,6573710,2026-04-02 13:13:04
Soil_Moisture\DDCA\DDCA_DH\SM\20170429.mat,6353227,2026-04-02 13:13:04
Soil_Moisture\DDCA\DDCA_DH\SM\20170421.mat,6084459,2026-04-02 13:13:02
Soil_Moisture\DDCA\DDCA_DH\SM\20170419.mat,6673464,2026-04-02 13:12:59
Soil_Moisture\DDCA\DDCA_DH\SM\20170420.mat,6281384,2026-04-02 13:12:59
Soil_Moisture\DDCA\DDCA_DH\SM\20170417.mat,6588994,2026-04-02 13:12:57
Soil_Moisture\DDCA\DDCA_DH\SM\20170418.mat,6088547,2026-04-02 13:12:57
Soil_Moisture\DDCA\DDCA_DH\SM\20170415.mat,6055316,2026-04-02 13:12:56
Soil_Moisture\DDCA\DDCA_DH\SM\20170416.mat,6349281,2026-04-02 13:12:56
Soil_Moisture\DDCA\DDCA_DH\SM\20170411.mat,6513600,2026-04-02 13:12:55
Soil_Moisture\DDCA\DDCA_DH\SM\20170412.mat,6068281,2026-04-02 13:12:55
Soil_Moisture\DDCA\DDCA_DH\SM\20170413.mat,5892157,2026-04-02 13:12:55
Soil_Moisture\DDCA\DDCA_DH\SM\20170414.mat,6119276,2026-04-02 13:12:55
Soil_Moisture\DDCA\DDCA_DH\SM\20170409.mat,6420265,2026-04-02 13:12:53
Soil_Moisture\DDCA\DDCA_DH\SM\20170410.mat,5880173,2026-04-02 13:12:52
Soil_Moisture\DDCA\DDCA_DH\SM\20170408.mat,6185504,2026-04-02 13:12:50
Soil_Moisture\DDCA\DDCA_DH\SM\20170405.mat,5691542,2026-04-02 13:12:49
Soil_Moisture\DDCA\DDCA_DH\SM\20170406.mat,6527445,2026-04-02 13:12:49
Soil_Moisture\DDCA\DDCA_DH\SM\20170403.mat,6342062,2026-04-02 13:12:48
Soil_Moisture\DDCA\DDCA_DH\SM\20170404.mat,5874375,2026-04-02 13:12:48
Soil_Moisture\DDCA\DDCA_DH\SM\20170407.mat,5943953,2026-04-02 13:12:48
Soil_Moisture\DDCA\DDCA_DH\SM\20170401.mat,5996946,2026-04-02 13:12:47
Soil_Moisture\DDCA\DDCA_DH\SM\20170402.mat,5657809,2026-04-02 13:12:47
Soil_Moisture\DDCA\DDCA_DH\SM\20170331.mat,6014756,2026-04-02 13:12:46
Soil_Moisture\DDCA\DDCA_DH\SM\20170329.mat,6348514,2026-04-02 13:12:45
Soil_Moisture\DDCA\DDCA_DH\SM\20170328.mat,5571549,2026-04-02 13:12:44
Soil_Moisture\DDCA\DDCA_DH\SM\20170330.mat,5732876,2026-04-02 13:12:43
Soil_Moisture\DDCA\DDCA_DH\SM\20170324.mat,6098200,2026-04-02 13:12:41
Soil_Moisture\DDCA\DDCA_DH\SM\20170327.mat,5742897,2026-04-02 13:12:41
Soil_Moisture\DDCA\DDCA_DH\SM\20170325.mat,5547625,2026-04-02 13:12:40
Soil_Moisture\DDCA\DDCA_DH\SM\20170326.mat,6211557,2026-04-02 13:12:40
Soil_Moisture\DDCA\DDCA_DH\SM\20170322.mat,5710780,2026-04-02 13:12:39
Soil_Moisture\DDCA\DDCA_DH\SM\20170323.mat,5854398,2026-04-02 13:12:39
Soil_Moisture\DDCA\DDCA_DH\SM\20170319.mat,5521568,2026-04-02 13:12:38
Soil_Moisture\DDCA\DDCA_DH\SM\20170320.mat,5060789,2026-04-02 13:12:38
Soil_Moisture\DDCA\DDCA_DH\SM\20170317.mat,5336637,2026-04-02 13:12:36
Soil_Moisture\DDCA\DDCA_DH\SM\20170318.mat,5320142,2026-04-02 13:12:36
Soil_Moisture\DDCA\DDCA_DH\SM\20170321.mat,6062316,2026-04-02 13:12:35
Soil_Moisture\DDCA\DDCA_DH\SM\20170310.mat,5810285,2026-04-02 13:12:32
Soil_Moisture\DDCA\DDCA_DH\SM\20170313.mat,5833706,2026-04-02 13:12:32
Soil_Moisture\DDCA\DDCA_DH\SM\20170314.mat,5406709,2026-04-02 13:12:32
Soil_Moisture\DDCA\DDCA_DH\SM\20170315.mat,5579038,2026-04-02 13:12:32
Soil_Moisture\DDCA\DDCA_DH\SM\20170316.mat,5806082,2026-04-02 13:12:32
Soil_Moisture\DDCA\DDCA_DH\SM\20170307.mat,5448712,2026-04-02 13:12:31
Soil_Moisture\DDCA\DDCA_DH\SM\20170311.mat,5323507,2026-04-02 13:12:31
Soil_Moisture\DDCA\DDCA_DH\SM\20170312.mat,5184435,2026-04-02 13:12:31
Soil_Moisture\DDCA\DDCA_DH\SM\20170308.mat,5625148,2026-04-02 13:12:30
Soil_Moisture\DDCA\DDCA_DH\SM\20170309.mat,5176974,2026-04-02 13:12:30
Soil_Moisture\DDCA\DDCA_DH\SM\20170305.mat,5656497,2026-04-02 13:12:27
Soil_Moisture\DDCA\DDCA_DH\SM\20170224.mat,4768960,2026-04-02 13:12:25
Soil_Moisture\DDCA\DDCA_DH\SM\20170228.mat,5458425,2026-04-02 13:12:25
Soil_Moisture\DDCA\DDCA_DH\SM\20170302.mat,5632837,2026-04-02 13:12:25
Soil_Moisture\DDCA\DDCA_DH\SM\20170306.mat,5315322,2026-04-02 13:12:25
Soil_Moisture\DDCA\DDCA_DH\SM\20170225.mat,5513873,2026-04-02 13:12:24
Soil_Moisture\DDCA\DDCA_DH\SM\20170227.mat,5279294,2026-04-02 13:12:24
Soil_Moisture\DDCA\DDCA_DH\SM\20170301.mat,4941121,2026-04-02 13:12:24
Soil_Moisture\DDCA\DDCA_DH\SM\20170303.mat,5182551,2026-04-02 13:12:24
Soil_Moisture\DDCA\DDCA_DH\SM\20170304.mat,4958445,2026-04-02 13:12:24
Soil_Moisture\DDCA\DDCA_DH\SM\20170226.mat,5063762,2026-04-02 13:12:21
Soil_Moisture\DDCA\DDCA_DH\SM\20170223.mat,5038733,2026-04-02 13:12:20
Soil_Moisture\DDCA\DDCA_DH\SM\20170215.mat,4305483,2026-04-02 13:12:17
Soil_Moisture\DDCA\DDCA_DH\SM\20170216.mat,4610250,2026-04-02 13:12:17
Soil_Moisture\DDCA\DDCA_DH\SM\20170217.mat,5260971,2026-04-02 13:12:17
Soil_Moisture\DDCA\DDCA_DH\SM\20170218.mat,4995356,2026-04-02 13:12:17
Soil_Moisture\DDCA\DDCA_DH\SM\20170219.mat,5131127,2026-04-02 13:12:17
Soil_Moisture\DDCA\DDCA_DH\SM\20170220.mat,5317704,2026-04-02 13:12:17
Soil_Moisture\DDCA\DDCA_DH\SM\20170221.mat,4774691,2026-04-02 13:12:17
Soil_Moisture\DDCA\DDCA_DH\SM\20170222.mat,5494928,2026-04-02 13:12:17
Soil_Moisture\DDCA\DDCA_DH\SM\20170213.mat,4523383,2026-04-02 13:12:16
Soil_Moisture\DDCA\DDCA_DH\SM\20170214.mat,5274029,2026-04-02 13:12:16
Soil_Moisture\DDCA\DDCA_DH\SM\20170207.mat,4427890,2026-04-02 13:12:12
Soil_Moisture\DDCA\DDCA_DH\SM\20170211.mat,4893486,2026-04-02 13:12:12
Soil_Moisture\DDCA\DDCA_DH\SM\20170212.mat,5046131,2026-04-02 13:12:12
Soil_Moisture\DDCA\DDCA_DH\SM\20170203.mat,4482196,2026-04-02 13:12:11
Soil_Moisture\DDCA\DDCA_DH\SM\20170205.mat,4119397,2026-04-02 13:12:11
Soil_Moisture\DDCA\DDCA_DH\SM\20170206.mat,4858932,2026-04-02 13:12:11
Soil_Moisture\DDCA\DDCA_DH\SM\20170208.mat,4179499,2026-04-02 13:12:11
Soil_Moisture\DDCA\DDCA_DH\SM\20170209.mat,4852516,2026-04-02 13:12:11
Soil_Moisture\DDCA\DDCA_DH\SM\20170210.mat,4635063,2026-04-02 13:12:11
Soil_Moisture\DDCA\DDCA_DH\SM\20170204.mat,4695736,2026-04-02 13:12:10
Soil_Moisture\DDCA\DDCA_DH\SM\20170124.mat,4940430,2026-04-02 13:12:06
Soil_Moisture\DDCA\DDCA_DH\SM\20170125.mat,4278687,2026-04-02 13:12:06
Soil_Moisture\DDCA\DDCA_DH\SM\20170126.mat,4499124,2026-04-02 13:12:06
Soil_Moisture\DDCA\DDCA_DH\SM\20170127.mat,4419404,2026-04-02 13:12:06
Soil_Moisture\DDCA\DDCA_DH\SM\20170128.mat,4087574,2026-04-02 13:12:06
Soil_Moisture\DDCA\DDCA_DH\SM\20170129.mat,4871470,2026-04-02 13:12:06
Soil_Moisture\DDCA\DDCA_DH\SM\20170130.mat,4411889,2026-04-02 13:12:06
Soil_Moisture\DDCA\DDCA_DH\SM\20170131.mat,4159619,2026-04-02 13:12:06
Soil_Moisture\DDCA\DDCA_DH\SM\20170201.mat,4750732,2026-04-02 13:12:06
Soil_Moisture\DDCA\DDCA_DH\SM\20170202.mat,4313006,2026-04-02 13:12:06
Soil_Moisture\DDCA\DDCA_DH\SM\20170122.mat,4489824,2026-04-02 13:12:01
Soil_Moisture\DDCA\DDCA_DH\SM\20170123.mat,4247457,2026-04-02 13:12:01
Soil_Moisture\DDCA\DDCA_DH\SM\20170112.mat,4234906,2026-04-02 13:12:00
Soil_Moisture\DDCA\DDCA_DH\SM\20170113.mat,5015589,2026-04-02 13:12:00
Soil_Moisture\DDCA\DDCA_DH\SM\20170114.mat,4570860,2026-04-02 13:12:00
Soil_Moisture\DDCA\DDCA_DH\SM\20170115.mat,3553414,2026-04-02 13:12:00
Soil_Moisture\DDCA\DDCA_DH\SM\20170117.mat,2695291,2026-04-02 13:12:00
Soil_Moisture\DDCA\DDCA_DH\SM\20170118.mat,3748430,2026-04-02 13:12:00
Soil_Moisture\DDCA\DDCA_DH\SM\20170119.mat,3826306,2026-04-02 13:12:00
Soil_Moisture\DDCA\DDCA_DH\SM\20170120.mat,4170965,2026-04-02 13:12:00
Soil_Moisture\DDCA\DDCA_DH\SM\20170121.mat,4954158,2026-04-02 13:12:00
Soil_Moisture\DDCA\DDCA_DH\SM\20170111.mat,4847591,2026-04-02 13:11:59
Soil_Moisture\DDCA\DDCA_DH\SM\20170116.mat,2627214,2026-04-02 13:11:59
Soil_Moisture\DDCA\DDCA_DH\SM\20170109.mat,4448156,2026-04-02 13:11:58
Soil_Moisture\DDCA\DDCA_DH\SM\20170108.mat,5093733,2026-04-02 13:11:55
Soil_Moisture\DDCA\DDCA_DH\SM\20170110.mat,3281964,2026-04-02 13:11:55
Soil_Moisture\DDCA\DDCA_DH\SM\20161226.mat,5592960,2026-04-02 13:11:54
Soil_Moisture\DDCA\DDCA_DH\SM\20170103.mat,4965175,2026-04-02 13:11:54
Soil_Moisture\DDCA\DDCA_DH\SM\20170105.mat,5091063,2026-04-02 13:11:54
Soil_Moisture\DDCA\DDCA_DH\SM\20170107.mat,4378617,2026-04-02 13:11:54
Soil_Moisture\DDCA\DDCA_DH\SM\20170101.mat,4741740,2026-04-02 13:11:53
Soil_Moisture\DDCA\DDCA_DH\SM\20170102.mat,4668951,2026-04-02 13:11:53
Soil_Moisture\DDCA\DDCA_DH\SM\20170104.mat,4144520,2026-04-02 13:11:53
Soil_Moisture\DDCA\DDCA_DH\SM\20170106.mat,4664492,2026-04-02 13:11:53
Soil_Moisture\DDCA\DDCA_DH\SM\20161231.mat,477265,2026-04-02 13:11:52
Soil_Moisture\DDCA\DDCA_DH\SM\20161230.mat,477265,2026-04-02 13:11:51
Soil_Moisture\DDCA\DDCA_DH\SM\20161228.mat,477265,2026-04-02 13:11:50
Soil_Moisture\DDCA\DDCA_DH\SM\20161229.mat,477265,2026-04-02 13:11:50
Soil_Moisture\DDCA\DDCA_DH\SM\20161227.mat,477265,2026-04-02 13:11:49
Soil_Moisture\DDCA\DDCA_DH\SM\20161220.mat,5548411,2026-04-02 13:11:48
Soil_Moisture\DDCA\DDCA_DH\SM\20161221.mat,5075483,2026-04-02 13:11:48
Soil_Moisture\DDCA\DDCA_DH\SM\20161222.mat,4737270,2026-04-02 13:11:48
Soil_Moisture\DDCA\DDCA_DH\SM\20161223.mat,5639224,2026-04-02 13:11:48
Soil_Moisture\DDCA\DDCA_DH\SM\20161224.mat,4862899,2026-04-02 13:11:48
Soil_Moisture\DDCA\DDCA_DH\SM\20161225.mat,5070309,2026-04-02 13:11:48
Soil_Moisture\DDCA\DDCA_DH\SM\20161215.mat,5583767,2026-04-02 13:11:47
Soil_Moisture\DDCA\DDCA_DH\SM\20161217.mat,4992536,2026-04-02 13:11:47
Soil_Moisture\DDCA\DDCA_DH\SM\20161218.mat,5425685,2026-04-02 13:11:47
Soil_Moisture\DDCA\DDCA_DH\SM\20161219.mat,4752431,2026-04-02 13:11:47
Soil_Moisture\DDCA\DDCA_DH\SM\20161216.mat,4181606,2026-04-02 13:11:46
Soil_Moisture\DDCA\DDCA_DH\SM\20161214.mat,4647866,2026-04-02 13:11:44
Soil_Moisture\DDCA\DDCA_DH\SM\20161206.mat,4632989,2026-04-02 13:11:42
Soil_Moisture\DDCA\DDCA_DH\SM\20161207.mat,5567124,2026-04-02 13:11:42
Soil_Moisture\DDCA\DDCA_DH\SM\20161213.mat,5019221,2026-04-02 13:11:42
Soil_Moisture\DDCA\DDCA_DH\SM\20161208.mat,4730796,2026-04-02 13:11:41
Soil_Moisture\DDCA\DDCA_DH\SM\20161209.mat,4970684,2026-04-02 13:11:41
Soil_Moisture\DDCA\DDCA_DH\SM\20161211.mat,4647688,2026-04-02 13:11:41
Soil_Moisture\DDCA\DDCA_DH\SM\20161212.mat,5220972,2026-04-02 13:11:41
Soil_Moisture\DDCA\DDCA_DH\SM\20161205.mat,4984062,2026-04-02 13:11:40
Soil_Moisture\DDCA\DDCA_DH\SM\20161210.mat,5389697,2026-04-02 13:11:40
Soil_Moisture\DDCA\DDCA_DH\SM\20161204.mat,5452172,2026-04-02 13:11:39
Soil_Moisture\DDCA\DDCA_DH\SM\20161203.mat,4628485,2026-04-02 13:11:38
Soil_Moisture\DDCA\DDCA_DH\SM\20161202.mat,5351588,2026-04-02 13:11:36
Soil_Moisture\DDCA\DDCA_DH\SM\20161125.mat,4569283,2026-04-02 13:11:35
Soil_Moisture\DDCA\DDCA_DH\SM\20161201.mat,4927260,2026-04-02 13:11:35
Soil_Moisture\DDCA\DDCA_DH\SM\20161126.mat,5368819,2026-04-02 13:11:34
Soil_Moisture\DDCA\DDCA_DH\SM\20161127.mat,4883844,2026-04-02 13:11:34
Soil_Moisture\DDCA\DDCA_DH\SM\20161128.mat,4571513,2026-04-02 13:11:34
Soil_Moisture\DDCA\DDCA_DH\SM\20161129.mat,5516548,2026-04-02 13:11:34
Soil_Moisture\DDCA\DDCA_DH\SM\20161130.mat,4651081,2026-04-02 13:11:34
Soil_Moisture\DDCA\DDCA_DH\SM\20161122.mat,4669072,2026-04-02 13:11:33
Soil_Moisture\DDCA\DDCA_DH\SM\20161124.mat,5344218,2026-04-02 13:11:33
Soil_Moisture\DDCA\DDCA_DH\SM\20161123.mat,4943404,2026-04-02 13:11:32
Soil_Moisture\DDCA\DDCA_DH\SM\20161121.mat,5519321,2026-04-02 13:11:29
Soil_Moisture\DDCA\DDCA_DH\SM\20161013.mat,5688118,2026-04-02 13:11:28
Soil_Moisture\DDCA\DDCA_DH\SM\20161116.mat,5953642,2026-04-02 13:11:28
Soil_Moisture\DDCA\DDCA_DH\SM\20161118.mat,5383161,2026-04-02 13:11:28
Soil_Moisture\DDCA\DDCA_DH\SM\20161119.mat,4951024,2026-04-02 13:11:28
Soil_Moisture\DDCA\DDCA_DH\SM\20161120.mat,4588224,2026-04-02 13:11:28
Soil_Moisture\DDCA\DDCA_DH\SM\20161113.mat,6015512,2026-04-02 13:11:27
Soil_Moisture\DDCA\DDCA_DH\SM\20161114.mat,5127632,2026-04-02 13:11:27
Soil_Moisture\DDCA\DDCA_DH\SM\20161115.mat,5221302,2026-04-02 13:11:27
Soil_Moisture\DDCA\DDCA_DH\SM\20161117.mat,4608348,2026-04-02 13:11:27
Soil_Moisture\DDCA\DDCA_DH\SM\20161112.mat,4865384,2026-04-02 13:11:24
Soil_Moisture\DDCA\DDCA_DH\SM\20161109.mat,5010910,2026-04-02 13:11:23
Soil_Moisture\DDCA\DDCA_DH\SM\20161111.mat,5505645,2026-04-02 13:11:23
Soil_Moisture\DDCA\DDCA_DH\SM\20161105.mat,6200115,2026-04-02 13:11:22
Soil_Moisture\DDCA\DDCA_DH\SM\20161106.mat,5300809,2026-04-02 13:11:22
Soil_Moisture\DDCA\DDCA_DH\SM\20161107.mat,5422881,2026-04-02 13:11:22
Soil_Moisture\DDCA\DDCA_DH\SM\20161110.mat,5727752,2026-04-02 13:11:22
Soil_Moisture\DDCA\DDCA_DH\SM\20161108.mat,6084448,2026-04-02 13:11:21
Soil_Moisture\DDCA\DDCA_DH\SM\20161104.mat,5062080,2026-04-02 13:11:20
Soil_Moisture\DDCA\DDCA_DH\SM\20161103.mat,5653062,2026-04-02 13:11:19
Soil_Moisture\DDCA\DDCA_DH\SM\20161102.mat,5899194,2026-04-02 13:11:18
Soil_Moisture\DDCA\DDCA_DH\SM\20161101.mat,4846850,2026-04-02 13:11:17
Soil_Moisture\DDCA\DDCA_DH\SM\20161024.mat,4790896,2026-04-02 13:11:15
Soil_Moisture\DDCA\DDCA_DH\SM\20161028.mat,6332074,2026-04-02 13:11:15
Soil_Moisture\DDCA\DDCA_DH\SM\20161029.mat,5487984,2026-04-02 13:11:15
Soil_Moisture\DDCA\DDCA_DH\SM\20161030.mat,5548426,2026-04-02 13:11:15
Soil_Moisture\DDCA\DDCA_DH\SM\20161023.mat,6465239,2026-04-02 13:11:14
Soil_Moisture\DDCA\DDCA_DH\SM\20161025.mat,6058614,2026-04-02 13:11:14
Soil_Moisture\DDCA\DDCA_DH\SM\20161027.mat,5233880,2026-04-02 13:11:14
Soil_Moisture\DDCA\DDCA_DH\SM\20161031.mat,6368959,2026-04-02 13:11:13
Soil_Moisture\DDCA\DDCA_DH\SM\20161026.mat,5788992,2026-04-02 13:11:12
Soil_Moisture\DDCA\DDCA_DH\SM\20161015.mat,6796945,2026-04-02 13:11:08
Soil_Moisture\DDCA\DDCA_DH\SM\20161019.mat,4669990,2026-04-02 13:11:08
Soil_Moisture\DDCA\DDCA_DH\SM\20161020.mat,6543332,2026-04-02 13:11:08
Soil_Moisture\DDCA\DDCA_DH\SM\20161021.mat,5696485,2026-04-02 13:11:08
Soil_Moisture\DDCA\DDCA_DH\SM\20161022.mat,5718395,2026-04-02 13:11:08
Soil_Moisture\DDCA\DDCA_DH\SM\20161012.mat,6773832,2026-04-02 13:11:07
Soil_Moisture\DDCA\DDCA_DH\SM\20161014.mat,6024592,2026-04-02 13:11:07
Soil_Moisture\DDCA\DDCA_DH\SM\20161016.mat,5268318,2026-04-02 13:11:07
Soil_Moisture\DDCA\DDCA_DH\SM\20161017.mat,6273624,2026-04-02 13:11:07
Soil_Moisture\DDCA\DDCA_DH\SM\20161018.mat,5992482,2026-04-02 13:11:06
Soil_Moisture\DDCA\DDCA_DH\SM\20161011.mat,5688675,2026-04-02 13:11:01
Soil_Moisture\DDCA\DDCA_DH\SM\20161002.mat,6523203,2026-04-02 13:11:00
Soil_Moisture\DDCA\DDCA_DH\SM\20161003.mat,6036115,2026-04-02 13:11:00
Soil_Moisture\DDCA\DDCA_DH\SM\20161004.mat,7101779,2026-04-02 13:11:00
Soil_Moisture\DDCA\DDCA_DH\SM\20161005.mat,6241719,2026-04-02 13:11:00
Soil_Moisture\DDCA\DDCA_DH\SM\20161006.mat,6373481,2026-04-02 13:11:00
Soil_Moisture\DDCA\DDCA_DH\SM\20161007.mat,7018738,2026-04-02 13:11:00
Soil_Moisture\DDCA\DDCA_DH\SM\20161008.mat,5801266,2026-04-02 13:11:00
Soil_Moisture\DDCA\DDCA_DH\SM\20161009.mat,6521515,2026-04-02 13:11:00
Soil_Moisture\DDCA\DDCA_DH\SM\20161010.mat,6236191,2026-04-02 13:11:00
Soil_Moisture\DDCA\DDCA_DH\SM\20161001.mat,6874105,2026-04-02 13:10:58
Soil_Moisture\DDCA\DDCA_DH\SM\20160926.mat,6978375,2026-04-02 13:10:55
Soil_Moisture\DDCA\DDCA_DH\SM\20160929.mat,7378879,2026-04-02 13:10:53
Soil_Moisture\DDCA\DDCA_DH\SM\20160930.mat,6165619,2026-04-02 13:10:53
Soil_Moisture\DDCA\DDCA_DH\SM\20160923.mat,7129008,2026-04-02 13:10:52
Soil_Moisture\DDCA\DDCA_DH\SM\20160924.mat,6740597,2026-04-02 13:10:52
Soil_Moisture\DDCA\DDCA_DH\SM\20160925.mat,6241174,2026-04-02 13:10:52
Soil_Moisture\DDCA\DDCA_DH\SM\20160928.mat,1654039,2026-04-02 13:10:52
Soil_Moisture\DDCA\DDCA_DH\SM\20160920.mat,6778374,2026-04-02 13:10:51
Soil_Moisture\DDCA\DDCA_DH\SM\20160921.mat,6798565,2026-04-02 13:10:51
Soil_Moisture\DDCA\DDCA_DH\SM\20160922.mat,6331417,2026-04-02 13:10:51
Soil_Moisture\DDCA\DDCA_DH\SM\20160917.mat,6523058,2026-04-02 13:10:47
Soil_Moisture\DDCA\DDCA_DH\SM\20160914.mat,6624748,2026-04-02 13:10:46
Soil_Moisture\DDCA\DDCA_DH\SM\20160915.mat,7324800,2026-04-02 13:10:46
Soil_Moisture\DDCA\DDCA_DH\SM\20160916.mat,6970860,2026-04-02 13:10:46
Soil_Moisture\DDCA\DDCA_DH\SM\20160910.mat,8021828,2026-04-02 13:10:45
Soil_Moisture\DDCA\DDCA_DH\SM\20160918.mat,7581740,2026-04-02 13:10:45
Soil_Moisture\DDCA\DDCA_DH\SM\20160907.mat,7699329,2026-04-02 13:10:44
Soil_Moisture\DDCA\DDCA_DH\SM\20160913.mat,6481074,2026-04-02 13:10:44
Soil_Moisture\DDCA\DDCA_DH\SM\20160919.mat,6479777,2026-04-02 13:10:44
Soil_Moisture\DDCA\DDCA_DH\SM\20160912.mat,7242902,2026-04-02 13:10:43
Soil_Moisture\DDCA\DDCA_DH\SM\20160904.mat,7801340,2026-04-02 13:10:38
Soil_Moisture\DDCA\DDCA_DH\SM\20160902.mat,8734976,2026-04-02 13:10:37
Soil_Moisture\DDCA\DDCA_DH\SM\20160903.mat,7608860,2026-04-02 13:10:37
Soil_Moisture\DDCA\DDCA_DH\SM\20160905.mat,6862881,2026-04-02 13:10:37
Soil_Moisture\DDCA\DDCA_DH\SM\20160909.mat,6812157,2026-04-02 13:10:37
Soil_Moisture\DDCA\DDCA_DH\SM\20160911.mat,6990482,2026-04-02 13:10:37
Soil_Moisture\DDCA\DDCA_DH\SM\20160906.mat,1844831,2026-04-02 13:10:35
Soil_Moisture\DDCA\DDCA_DH\SM\20160908.mat,7375013,2026-04-02 13:10:34
Soil_Moisture\DDCA\DDCA_DH\SM\20160825.mat,9531672,2026-04-02 13:10:31
Soil_Moisture\DDCA\DDCA_DH\SM\20160828.mat,9520519,2026-04-02 13:10:30
Soil_Moisture\DDCA\DDCA_DH\SM\20160830.mat,8276078,2026-04-02 13:10:30
Soil_Moisture\DDCA\DDCA_DH\SM\20160823.mat,8896204,2026-04-02 13:10:29
Soil_Moisture\DDCA\DDCA_DH\SM\20160826.mat,8523675,2026-04-02 13:10:29
Soil_Moisture\DDCA\DDCA_DH\SM\20160829.mat,7584139,2026-04-02 13:10:28
Soil_Moisture\DDCA\DDCA_DH\SM\20160831.mat,8036824,2026-04-02 13:10:28
Soil_Moisture\DDCA\DDCA_DH\SM\20160901.mat,7009345,2026-04-02 13:10:28
Soil_Moisture\DDCA\DDCA_DH\SM\20160824.mat,8198094,2026-04-02 13:10:27
Soil_Moisture\DDCA\DDCA_DH\SM\20160827.mat,8624747,2026-04-02 13:10:27
Soil_Moisture\DDCA\DDCA_DH\SM\20160822.mat,7982344,2026-04-02 13:10:23
Soil_Moisture\DDCA\DDCA_DH\SM\20160819.mat,9377142,2026-04-02 13:10:19
Soil_Moisture\DDCA\DDCA_DH\SM\20160820.mat,10390605,2026-04-02 13:10:19
Soil_Moisture\DDCA\DDCA_DH\SM\20160821.mat,8315679,2026-04-02 13:10:19
Soil_Moisture\DDCA\DDCA_DH\SM\20160815.mat,9693712,2026-04-02 13:10:18
Soil_Moisture\DDCA\DDCA_DH\SM\20160816.mat,8557355,2026-04-02 13:10:18
Soil_Moisture\DDCA\DDCA_DH\SM\20160817.mat,10424735,2026-04-02 13:10:18
Soil_Moisture\DDCA\DDCA_DH\SM\20160818.mat,9418116,2026-04-02 13:10:18
Soil_Moisture\DDCA\DDCA_DH\SM\20160814.mat,9829967,2026-04-02 13:10:17
Soil_Moisture\DDCA\DDCA_DH\SM\20160813.mat,8673464,2026-04-02 13:10:16
Soil_Moisture\DDCA\DDCA_DH\SM\20160812.mat,10269288,2026-04-02 13:10:15
Soil_Moisture\DDCA\DDCA_DH\SM\20160804.mat,11039064,2026-04-02 13:10:11
Soil_Moisture\DDCA\DDCA_DH\SM\20160809.mat,10912459,2026-04-02 13:10:11
Soil_Moisture\DDCA\DDCA_DH\SM\20160806.mat,10141698,2026-04-02 13:10:10
Soil_Moisture\DDCA\DDCA_DH\SM\20160805.mat,9834315,2026-04-02 13:10:06
Soil_Moisture\DDCA\DDCA_DH\SM\20160807.mat,10232545,2026-04-02 13:10:06
Soil_Moisture\DDCA\DDCA_DH\SM\20160808.mat,9323091,2026-04-02 13:10:06
Soil_Moisture\DDCA\DDCA_DH\SM\20160810.mat,9897874,2026-04-02 13:10:06
Soil_Moisture\DDCA\DDCA_DH\SM\20160803.mat,9783825,2026-04-02 13:10:05
Soil_Moisture\DDCA\DDCA_DH\SM\20160811.mat,9702527,2026-04-02 13:10:05
Soil_Moisture\DDCA\DDCA_DH\SM\20160802.mat,9989984,2026-04-02 13:10:04
Soil_Moisture\DDCA\DDCA_DH\SM\20160724.mat,10808422,2026-04-02 13:09:54
Soil_Moisture\DDCA\DDCA_DH\SM\20160726.mat,9622694,2026-04-02 13:09:54
Soil_Moisture\DDCA\DDCA_DH\SM\20160727.mat,10975038,2026-04-02 13:09:54
Soil_Moisture\DDCA\DDCA_DH\SM\20160728.mat,9234759,2026-04-02 13:09:54
Soil_Moisture\DDCA\DDCA_DH\SM\20160729.mat,10267505,2026-04-02 13:09:54
Soil_Moisture\DDCA\DDCA_DH\SM\20160730.mat,9562481,2026-04-02 13:09:54
Soil_Moisture\DDCA\DDCA_DH\SM\20160731.mat,9460489,2026-04-02 13:09:54
Soil_Moisture\DDCA\DDCA_DH\SM\20160723.mat,9233206,2026-04-02 13:09:53
Soil_Moisture\DDCA\DDCA_DH\SM\20160725.mat,9739501,2026-04-02 13:09:53
Soil_Moisture\DDCA\DDCA_DH\SM\20160801.mat,11022585,2026-04-02 13:09:53
Soil_Moisture\DDCA\DDCA_DH\SM\20160719.mat,10723790,2026-04-02 13:09:44
Soil_Moisture\DDCA\DDCA_DH\SM\20160713.mat,9553371,2026-04-02 13:09:42
Soil_Moisture\DDCA\DDCA_DH\SM\20160714.mat,9927210,2026-04-02 13:09:42
Soil_Moisture\DDCA\DDCA_DH\SM\20160716.mat,10557038,2026-04-02 13:09:42
Soil_Moisture\DDCA\DDCA_DH\SM\20160717.mat,9502870,2026-04-02 13:09:42
Soil_Moisture\DDCA\DDCA_DH\SM\20160718.mat,9460741,2026-04-02 13:09:42
Soil_Moisture\DDCA\DDCA_DH\SM\20160720.mat,9769043,2026-04-02 13:09:42
Soil_Moisture\DDCA\DDCA_DH\SM\20160722.mat,10155768,2026-04-02 13:09:42
Soil_Moisture\DDCA\DDCA_DH\SM\20160715.mat,9096904,2026-04-02 13:09:41
Soil_Moisture\DDCA\DDCA_DH\SM\20160721.mat,10063521,2026-04-02 13:09:41
Soil_Moisture\DDCA\DDCA_DH\SM\20160711.mat,10587289,2026-04-02 13:09:34
Soil_Moisture\DDCA\DDCA_DH\SM\20160712.mat,9540644,2026-04-02 13:09:32
Soil_Moisture\DDCA\DDCA_DH\SM\20160704.mat,9276841,2026-04-02 13:09:31
Soil_Moisture\DDCA\DDCA_DH\SM\20160706.mat,9667926,2026-04-02 13:09:31
Soil_Moisture\DDCA\DDCA_DH\SM\20160707.mat,8830184,2026-04-02 13:09:31
Soil_Moisture\DDCA\DDCA_DH\SM\20160708.mat,10233412,2026-04-02 13:09:31
Soil_Moisture\DDCA\DDCA_DH\SM\20160709.mat,9277411,2026-04-02 13:09:31
Soil_Moisture\DDCA\DDCA_DH\SM\20160710.mat,9131349,2026-04-02 13:09:31
Soil_Moisture\DDCA\DDCA_DH\SM\20160705.mat,9551434,2026-04-02 13:09:29
Soil_Moisture\DDCA\DDCA_DH\SM\20160703.mat,10221461,2026-04-02 13:09:28
Soil_Moisture\DDCA\DDCA_DH\SM\20160630.mat,9855413,2026-04-02 13:09:22
Soil_Moisture\DDCA\DDCA_DH\SM\20160702.mat,8663594,2026-04-02 13:09:21
Soil_Moisture\DDCA\DDCA_DH\SM\20160626.mat,8906591,2026-04-02 13:09:20
Soil_Moisture\DDCA\DDCA_DH\SM\20160627.mat,9222632,2026-04-02 13:09:20
Soil_Moisture\DDCA\DDCA_DH\SM\20160628.mat,9263899,2026-04-02 13:09:20
Soil_Moisture\DDCA\DDCA_DH\SM\20160629.mat,8475976,2026-04-02 13:09:20
Soil_Moisture\DDCA\DDCA_DH\SM\20160701.mat,8898214,2026-04-02 13:09:20
Soil_Moisture\DDCA\DDCA_DH\SM\20160623.mat,8029084,2026-04-02 13:09:19
Soil_Moisture\DDCA\DDCA_DH\SM\20160624.mat,8571023,2026-04-02 13:09:19
Soil_Moisture\DDCA\DDCA_DH\SM\20160625.mat,9914283,2026-04-02 13:09:15
Soil_Moisture\DDCA\DDCA_DH\SM\20160619.mat,8945021,2026-04-02 13:09:12
Soil_Moisture\DDCA\DDCA_DH\SM\20160618.mat,8491515,2026-04-02 13:09:11
Soil_Moisture\DDCA\DDCA_DH\SM\20160620.mat,8541975,2026-04-02 13:09:11
Soil_Moisture\DDCA\DDCA_DH\SM\20160622.mat,9492029,2026-04-02 13:09:10
Soil_Moisture\DDCA\DDCA_DH\SM\20160614.mat,9196338,2026-04-02 13:09:09
Soil_Moisture\DDCA\DDCA_DH\SM\20160621.mat,8186523,2026-04-02 13:09:09
Soil_Moisture\DDCA\DDCA_DH\SM\20160616.mat,8303012,2026-04-02 13:09:08
Soil_Moisture\DDCA\DDCA_DH\SM\20160617.mat,8455835,2026-04-02 13:09:08
Soil_Moisture\DDCA\DDCA_DH\SM\20160611.mat,8699924,2026-04-02 13:09:07
Soil_Moisture\DDCA\DDCA_DH\SM\20160615.mat,8080665,2026-04-02 13:09:07
Soil_Moisture\DDCA\DDCA_DH\SM\20160610.mat,8262780,2026-04-02 13:09:02
Soil_Moisture\DDCA\DDCA_DH\SM\20160603.mat,8551341,2026-04-02 13:09:00
Soil_Moisture\DDCA\DDCA_DH\SM\20160609.mat,9199896,2026-04-02 13:09:00
Soil_Moisture\DDCA\DDCA_DH\SM\20160612.mat,8566477,2026-04-02 13:09:00
Soil_Moisture\DDCA\DDCA_DH\SM\20160613.mat,7923359,2026-04-02 13:09:00
Soil_Moisture\DDCA\DDCA_DH\SM\20160606.mat,8615444,2026-04-02 13:08:59
Soil_Moisture\DDCA\DDCA_DH\SM\20160608.mat,8103951,2026-04-02 13:08:59
Soil_Moisture\DDCA\DDCA_DH\SM\20160607.mat,8032170,2026-04-02 13:08:58
Soil_Moisture\DDCA\DDCA_DH\SM\20160605.mat,7751409,2026-04-02 13:08:57
Soil_Moisture\DDCA\DDCA_DH\SM\20160604.mat,8361433,2026-04-02 13:08:54
Soil_Moisture\DDCA\DDCA_DH\SM\20160602.mat,7981039,2026-04-02 13:08:53
Soil_Moisture\DDCA\DDCA_DH\SM\20160526.mat,8364253,2026-04-02 13:08:51
Soil_Moisture\DDCA\DDCA_DH\SM\20160527.mat,8157966,2026-04-02 13:08:51
Soil_Moisture\DDCA\DDCA_DH\SM\20160529.mat,8799344,2026-04-02 13:08:48
Soil_Moisture\DDCA\DDCA_DH\SM\20160531.mat,7878289,2026-04-02 13:08:48
Soil_Moisture\DDCA\DDCA_DH\SM\20160521.mat,8400318,2026-04-02 13:08:47
Soil_Moisture\DDCA\DDCA_DH\SM\20160524.mat,8793876,2026-04-02 13:08:47
Soil_Moisture\DDCA\DDCA_DH\SM\20160525.mat,7720789,2026-04-02 13:08:47
Soil_Moisture\DDCA\DDCA_DH\SM\20160528.mat,7501752,2026-04-02 13:08:47
Soil_Moisture\DDCA\DDCA_DH\SM\20160530.mat,7766808,2026-04-02 13:08:47
Soil_Moisture\DDCA\DDCA_DH\SM\20160601.mat,8327590,2026-04-02 13:08:46
Soil_Moisture\DDCA\DDCA_DH\SM\20160523.mat,7532512,2026-04-02 13:08:41
Soil_Moisture\DDCA\DDCA_DH\SM\20160518.mat,7972434,2026-04-02 13:08:40
Soil_Moisture\DDCA\DDCA_DH\SM\20160516.mat,8232259,2026-04-02 13:08:39
Soil_Moisture\DDCA\DDCA_DH\SM\20160519.mat,7859096,2026-04-02 13:08:39
Soil_Moisture\DDCA\DDCA_DH\SM\20160513.mat,7931690,2026-04-02 13:08:38
Soil_Moisture\DDCA\DDCA_DH\SM\20160520.mat,7194750,2026-04-02 13:08:38
Soil_Moisture\DDCA\DDCA_DH\SM\20160522.mat,7459694,2026-04-02 13:08:38
Soil_Moisture\DDCA\DDCA_DH\SM\20160515.mat,7107720,2026-04-02 13:08:37
Soil_Moisture\DDCA\DDCA_DH\SM\20160517.mat,7405474,2026-04-02 13:08:37
Soil_Moisture\DDCA\DDCA_DH\SM\20160514.mat,7043926,2026-04-02 13:08:34
Soil_Moisture\DDCA\DDCA_DH\SM\20160508.mat,7906840,2026-04-02 13:08:33
Soil_Moisture\DDCA\DDCA_DH\SM\20160505.mat,7563726,2026-04-02 13:08:31
Soil_Moisture\DDCA\DDCA_DH\SM\20160510.mat,7589065,2026-04-02 13:08:31
Soil_Moisture\DDCA\DDCA_DH\SM\20160506.mat,6706069,2026-04-02 13:08:29
Soil_Moisture\DDCA\DDCA_DH\SM\20160507.mat,6844814,2026-04-02 13:08:29
Soil_Moisture\DDCA\DDCA_DH\SM\20160509.mat,6986849,2026-04-02 13:08:29
Soil_Moisture\DDCA\DDCA_DH\SM\20160511.mat,7441277,2026-04-02 13:08:28
Soil_Moisture\DDCA\DDCA_DH\SM\20160512.mat,6792160,2026-04-02 13:08:28
Soil_Moisture\DDCA\DDCA_DH\SM\20160503.mat,7034438,2026-04-02 13:08:27
Soil_Moisture\DDCA\DDCA_DH\SM\20160504.mat,6518435,2026-04-02 13:08:27
Soil_Moisture\DDCA\DDCA_DH\SM\20160427.mat,7287697,2026-04-02 13:08:21
Soil_Moisture\DDCA\DDCA_DH\SM\20160429.mat,6618596,2026-04-02 13:08:21
Soil_Moisture\DDCA\DDCA_DH\SM\20160430.mat,2650235,2026-04-02 13:08:21
Soil_Moisture\DDCA\DDCA_DH\SM\20160502.mat,1865150,2026-04-02 13:08:21
Soil_Moisture\DDCA\DDCA_DH\SM\20160424.mat,7032153,2026-04-02 13:08:20
Soil_Moisture\DDCA\DDCA_DH\SM\20160425.mat,6323902,2026-04-02 13:08:20
Soil_Moisture\DDCA\DDCA_DH\SM\20160426.mat,4410366,2026-04-02 13:08:20
Soil_Moisture\DDCA\DDCA_DH\SM\20160428.mat,6455627,2026-04-02 13:08:20
Soil_Moisture\DDCA\DDCA_DH\SM\20160422.mat,7228680,2026-04-02 13:08:19
Soil_Moisture\DDCA\DDCA_DH\SM\20160423.mat,6371972,2026-04-02 13:08:18
Soil_Moisture\DDCA\DDCA_DH\SM\20160419.mat,7090398,2026-04-02 13:08:17
Soil_Moisture\DDCA\DDCA_DH\SM\20160420.mat,6288835,2026-04-02 13:08:16
Soil_Moisture\DDCA\DDCA_DH\SM\20160421.mat,6446757,2026-04-02 13:08:15
Soil_Moisture\DDCA\DDCA_DH\SM\20160416.mat,6855809,2026-04-02 13:08:14
Soil_Moisture\DDCA\DDCA_DH\SM\20160417.mat,6596264,2026-04-02 13:08:14
Soil_Moisture\DDCA\DDCA_DH\SM\20160418.mat,6167814,2026-04-02 13:08:14
Soil_Moisture\DDCA\DDCA_DH\SM\20160414.mat,6949479,2026-04-02 13:08:13
Soil_Moisture\DDCA\DDCA_DH\SM\20160415.mat,6213677,2026-04-02 13:08:13
Soil_Moisture\DDCA\DDCA_DH\SM\20160412.mat,5799552,2026-04-02 13:08:12
Soil_Moisture\DDCA\DDCA_DH\SM\20160413.mat,5968895,2026-04-02 13:08:10
Soil_Moisture\DDCA\DDCA_DH\SM\20160408.mat,6648918,2026-04-02 13:08:07
Soil_Moisture\DDCA\DDCA_DH\SM\20160409.mat,6386274,2026-04-02 13:08:07
Soil_Moisture\DDCA\DDCA_DH\SM\20160407.mat,6073447,2026-04-02 13:08:06
Soil_Moisture\DDCA\DDCA_DH\SM\20160411.mat,6838033,2026-04-02 13:08:06
Soil_Moisture\DDCA\DDCA_DH\SM\20160402.mat,5732500,2026-04-02 13:08:05
Soil_Moisture\DDCA\DDCA_DH\SM\20160405.mat,5180842,2026-04-02 13:08:05
Soil_Moisture\DDCA\DDCA_DH\SM\20160406.mat,6818694,2026-04-02 13:08:05
Soil_Moisture\DDCA\DDCA_DH\SM\20160410.mat,6012450,2026-04-02 13:08:05
Soil_Moisture\DDCA\DDCA_DH\SM\20160403.mat,6566690,2026-04-02 13:08:04
Soil_Moisture\DDCA\DDCA_DH\SM\20160404.mat,5775492,2026-04-02 13:08:04
Soil_Moisture\DDCA\DDCA_DH\SM\20160401.mat,6078742,2026-04-02 13:08:01
Soil_Moisture\DDCA\DDCA_DH\SM\20160329.mat,6434634,2026-04-02 13:08:00
Soil_Moisture\DDCA\DDCA_DH\SM\20160331.mat,6367596,2026-04-02 13:08:00
Soil_Moisture\DDCA\DDCA_DH\SM\20160323.mat,6191001,2026-04-02 13:07:59
Soil_Moisture\DDCA\DDCA_DH\SM\20160326.mat,6384002,2026-04-02 13:07:59
Soil_Moisture\DDCA\DDCA_DH\SM\20160328.mat,5800973,2026-04-02 13:07:59
Soil_Moisture\DDCA\DDCA_DH\SM\20160324.mat,5893836,2026-04-02 13:07:57
Soil_Moisture\DDCA\DDCA_DH\SM\20160322.mat,5559988,2026-04-02 13:07:56
Soil_Moisture\DDCA\DDCA_DH\SM\20160330.mat,5744256,2026-04-02 13:07:56
Soil_Moisture\DDCA\DDCA_DH\SM\20160325.mat,5547004,2026-04-02 13:07:55
Soil_Moisture\DDCA\DDCA_DH\SM\20160327.mat,5557194,2026-04-02 13:07:55
Soil_Moisture\DDCA\DDCA_DH\SM\20160317.mat,5415000,2026-04-02 13:07:49
Soil_Moisture\DDCA\DDCA_DH\SM\20160318.mat,6243163,2026-04-02 13:07:49
Soil_Moisture\DDCA\DDCA_DH\SM\20160321.mat,6363551,2026-04-02 13:07:49
Soil_Moisture\DDCA\DDCA_DH\SM\20160312.mat,5477995,2026-04-02 13:07:48
Soil_Moisture\DDCA\DDCA_DH\SM\20160313.mat,6135027,2026-04-02 13:07:48
Soil_Moisture\DDCA\DDCA_DH\SM\20160314.mat,5400828,2026-04-02 13:07:48
Soil_Moisture\DDCA\DDCA_DH\SM\20160315.mat,6087840,2026-04-02 13:07:48
Soil_Moisture\DDCA\DDCA_DH\SM\20160316.mat,5716658,2026-04-02 13:07:48
Soil_Moisture\DDCA\DDCA_DH\SM\20160319.mat,5398135,2026-04-02 13:07:48
Soil_Moisture\DDCA\DDCA_DH\SM\20160320.mat,5703329,2026-04-02 13:07:48
Soil_Moisture\DDCA\DDCA_DH\SM\20160311.mat,5136884,2026-04-02 13:07:45
Soil_Moisture\DDCA\DDCA_DH\SM\20160309.mat,5192113,2026-04-02 13:07:42
Soil_Moisture\DDCA\DDCA_DH\SM\20160310.mat,5972893,2026-04-02 13:07:42
Soil_Moisture\DDCA\DDCA_DH\SM\20160302.mat,5686785,2026-04-02 13:07:41
Soil_Moisture\DDCA\DDCA_DH\SM\20160303.mat,4403265,2026-04-02 13:07:41
Soil_Moisture\DDCA\DDCA_DH\SM\20160304.mat,5186757,2026-04-02 13:07:41
Soil_Moisture\DDCA\DDCA_DH\SM\20160305.mat,5846278,2026-04-02 13:07:41
Soil_Moisture\DDCA\DDCA_DH\SM\20160306.mat,5096693,2026-04-02 13:07:41
Soil_Moisture\DDCA\DDCA_DH\SM\20160307.mat,5819045,2026-04-02 13:07:41
Soil_Moisture\DDCA\DDCA_DH\SM\20160308.mat,5385732,2026-04-02 13:07:41
Soil_Moisture\DDCA\DDCA_DH\SM\20160301.mat,4879396,2026-04-02 13:07:40
Soil_Moisture\DDCA\DDCA_DH\SM\20160228.mat,5553460,2026-04-02 13:07:37
Soil_Moisture\DDCA\DDCA_DH\SM\20160229.mat,5081078,2026-04-02 13:07:37
Soil_Moisture\DDCA\DDCA_DH\SM\20160222.mat,4646789,2026-04-02 13:07:36
Soil_Moisture\DDCA\DDCA_DH\SM\20160224.mat,4569844,2026-04-02 13:07:35
Soil_Moisture\DDCA\DDCA_DH\SM\20160227.mat,4786862,2026-04-02 13:07:35
Soil_Moisture\DDCA\DDCA_DH\SM\20160223.mat,5506928,2026-04-02 13:07:34
Soil_Moisture\DDCA\DDCA_DH\SM\20160225.mat,5049630,2026-04-02 13:07:34
Soil_Moisture\DDCA\DDCA_DH\SM\20160226.mat,5602145,2026-04-02 13:07:34
Soil_Moisture\DDCA\DDCA_DH\SM\20160218.mat,5335329,2026-04-02 13:07:33
Soil_Moisture\DDCA\DDCA_DH\SM\20160219.mat,4169547,2026-04-02 13:07:33
Soil_Moisture\DDCA\DDCA_DH\SM\20160221.mat,4851544,2026-04-02 13:07:33
Soil_Moisture\DDCA\DDCA_DH\SM\20160220.mat,5386839,2026-04-02 13:07:32
Soil_Moisture\DDCA\DDCA_DH\SM\20160216.mat,4318168,2026-04-02 13:07:30
Soil_Moisture\DDCA\DDCA_DH\SM\20160217.mat,4856324,2026-04-02 13:07:30
Soil_Moisture\DDCA\DDCA_DH\SM\20160212.mat,5228390,2026-04-02 13:07:28
Soil_Moisture\DDCA\DDCA_DH\SM\20160214.mat,4463625,2026-04-02 13:07:28
Soil_Moisture\DDCA\DDCA_DH\SM\20160215.mat,5287328,2026-04-02 13:07:28
Soil_Moisture\DDCA\DDCA_DH\SM\20160210.mat,5166995,2026-04-02 13:07:27
Soil_Moisture\DDCA\DDCA_DH\SM\20160213.mat,4597856,2026-04-02 13:07:27
Soil_Moisture\DDCA\DDCA_DH\SM\20160208.mat,4022071,2026-04-02 13:07:26
Soil_Moisture\DDCA\DDCA_DH\SM\20160209.mat,4455489,2026-04-02 13:07:26
Soil_Moisture\DDCA\DDCA_DH\SM\20160207.mat,4944928,2026-04-02 13:07:25
Soil_Moisture\DDCA\DDCA_DH\SM\20160211.mat,4319615,2026-04-02 13:07:25
Soil_Moisture\DDCA\DDCA_DH\SM\20160203.mat,3954023,2026-04-02 13:07:24
Soil_Moisture\DDCA\DDCA_DH\SM\20160205.mat,4335419,2026-04-02 13:07:24
Soil_Moisture\DDCA\DDCA_DH\SM\20160206.mat,4055119,2026-04-02 13:07:24
Soil_Moisture\DDCA\DDCA_DH\SM\20160204.mat,4895778,2026-04-02 13:07:23
Soil_Moisture\DDCA\DDCA_DH\SM\20160131.mat,4119298,2026-04-02 13:07:20
Soil_Moisture\DDCA\DDCA_DH\SM\20160202.mat,4612520,2026-04-02 13:07:20
Soil_Moisture\DDCA\DDCA_DH\SM\20160125.mat,4857060,2026-04-02 13:07:19
Soil_Moisture\DDCA\DDCA_DH\SM\20160126.mat,4017665,2026-04-02 13:07:19
Soil_Moisture\DDCA\DDCA_DH\SM\20160127.mat,4911352,2026-04-02 13:07:19
Soil_Moisture\DDCA\DDCA_DH\SM\20160128.mat,4425215,2026-04-02 13:07:19
Soil_Moisture\DDCA\DDCA_DH\SM\20160129.mat,4108139,2026-04-02 13:07:19
Soil_Moisture\DDCA\DDCA_DH\SM\20160130.mat,4974568,2026-04-02 13:07:19
Soil_Moisture\DDCA\DDCA_DH\SM\20160201.mat,4479526,2026-04-02 13:07:19
Soil_Moisture\DDCA\DDCA_DH\SM\20160123.mat,4241348,2026-04-02 13:07:18
Soil_Moisture\DDCA\DDCA_DH\SM\20160124.mat,4516982,2026-04-02 13:07:18
Soil_Moisture\DDCA\DDCA_DH\SM\20160121.mat,4176763,2026-04-02 13:07:16
Soil_Moisture\DDCA\DDCA_DH\SM\20160122.mat,5056457,2026-04-02 13:07:16
Soil_Moisture\DDCA\DDCA_DH\SM\20160117.mat,4972669,2026-04-02 13:07:14
Soil_Moisture\DDCA\DDCA_DH\SM\20160116.mat,4623114,2026-04-02 13:07:13
Soil_Moisture\DDCA\DDCA_DH\SM\20160119.mat,4958124,2026-04-02 13:07:13
Soil_Moisture\DDCA\DDCA_DH\SM\20160120.mat,4542993,2026-04-02 13:07:13
Soil_Moisture\DDCA\DDCA_DH\SM\20160112.mat,4648170,2026-04-02 13:07:12
Soil_Moisture\DDCA\DDCA_DH\SM\20160113.mat,4241725,2026-04-02 13:07:12
Soil_Moisture\DDCA\DDCA_DH\SM\20160114.mat,5172473,2026-04-02 13:07:12
Soil_Moisture\DDCA\DDCA_DH\SM\20160115.mat,4337823,2026-04-02 13:07:12
Soil_Moisture\DDCA\DDCA_DH\SM\20160118.mat,4129160,2026-04-02 13:07:12
Soil_Moisture\DDCA\DDCA_DH\SM\20160111.mat,5043176,2026-04-02 13:07:11
Soil_Moisture\DDCA\DDCA_DH\SM\20160105.mat,4292152,2026-04-02 13:07:07
Soil_Moisture\DDCA\DDCA_DH\SM\20160106.mat,5247120,2026-04-02 13:07:07
Soil_Moisture\DDCA\DDCA_DH\SM\20160108.mat,4632570,2026-04-02 13:07:07
Soil_Moisture\DDCA\DDCA_DH\SM\20160109.mat,5064058,2026-04-02 13:07:07
Soil_Moisture\DDCA\DDCA_DH\SM\20160110.mat,4216846,2026-04-02 13:07:07
Soil_Moisture\DDCA\DDCA_DH\SM\20160101.mat,5310776,2026-04-02 13:07:06
Soil_Moisture\DDCA\DDCA_DH\SM\20160102.mat,4281145,2026-04-02 13:07:06
Soil_Moisture\DDCA\DDCA_DH\SM\20160103.mat,5104503,2026-04-02 13:07:06
Soil_Moisture\DDCA\DDCA_DH\SM\20160104.mat,4304049,2026-04-02 13:07:06
Soil_Moisture\DDCA\DDCA_DH\SM\20160107.mat,4430423,2026-04-02 13:07:06
Soil_Moisture\DDCA\DDCA_DH\SM\20151230.mat,477265,2026-04-02 13:07:04
Soil_Moisture\DDCA\DDCA_DH\SM\20151231.mat,477265,2026-04-02 13:07:04
Soil_Moisture\DDCA\DDCA_DH\SM\20151225.mat,3284134,2026-04-02 13:07:02
Soil_Moisture\DDCA\DDCA_DH\SM\20151221.mat,5204341,2026-04-02 13:07:01
Soil_Moisture\DDCA\DDCA_DH\SM\20151222.mat,4338083,2026-04-02 13:07:01
Soil_Moisture\DDCA\DDCA_DH\SM\20151224.mat,3362093,2026-04-02 13:07:01
Soil_Moisture\DDCA\DDCA_DH\SM\20151226.mat,3790631,2026-04-02 13:07:01
Soil_Moisture\DDCA\DDCA_DH\SM\20151227.mat,4824615,2026-04-02 13:07:01
Soil_Moisture\DDCA\DDCA_DH\SM\20151218.mat,4994090,2026-04-02 13:07:00
Soil_Moisture\DDCA\DDCA_DH\SM\20151220.mat,4267889,2026-04-02 13:07:00
Soil_Moisture\DDCA\DDCA_DH\SM\20151223.mat,4600807,2026-04-02 13:07:00
Soil_Moisture\DDCA\DDCA_DH\SM\20151228.mat,477265,2026-04-02 13:07:00
Soil_Moisture\DDCA\DDCA_DH\SM\20151229.mat,477265,2026-04-02 13:07:00
Soil_Moisture\DDCA\DDCA_DH\SM\20151219.mat,4610427,2026-04-02 13:06:59
Soil_Moisture\DDCA\DDCA_DH\SM\20151217.mat,1177619,2026-04-02 13:06:57
Soil_Moisture\DDCA\DDCA_DH\SM\20151206.mat,4263389,2026-04-02 13:06:56
Soil_Moisture\DDCA\DDCA_DH\SM\20151209.mat,4122901,2026-04-02 13:06:56
Soil_Moisture\DDCA\DDCA_DH\SM\20151211.mat,4390474,2026-04-02 13:06:56
Soil_Moisture\DDCA\DDCA_DH\SM\20151212.mat,4224872,2026-04-02 13:06:56
Soil_Moisture\DDCA\DDCA_DH\SM\20151213.mat,4746286,2026-04-02 13:06:56
Soil_Moisture\DDCA\DDCA_DH\SM\20151214.mat,4273563,2026-04-02 13:06:56
Soil_Moisture\DDCA\DDCA_DH\SM\20151215.mat,1366174,2026-04-02 13:06:56
Soil_Moisture\DDCA\DDCA_DH\SM\20151208.mat,4864432,2026-04-02 13:06:55
Soil_Moisture\DDCA\DDCA_DH\SM\20151207.mat,4511523,2026-04-02 13:06:54
Soil_Moisture\DDCA\DDCA_DH\SM\20151210.mat,4340953,2026-04-02 13:06:54
Soil_Moisture\DDCA\DDCA_DH\SM\20151205.mat,5096576,2026-04-02 13:06:53
Soil_Moisture\DDCA\DDCA_DH\SM\20151203.mat,4508818,2026-04-02 13:06:52
Soil_Moisture\DDCA\DDCA_DH\SM\20151204.mat,4180243,2026-04-02 13:06:52
Soil_Moisture\DDCA\DDCA_DH\SM\20151125.mat,4531344,2026-04-02 13:06:49
Soil_Moisture\DDCA\DDCA_DH\SM\20151126.mat,4026805,2026-04-02 13:06:49
Soil_Moisture\DDCA\DDCA_DH\SM\20151127.mat,5062118,2026-04-02 13:06:49
Soil_Moisture\DDCA\DDCA_DH\SM\20151128.mat,4151054,2026-04-02 13:06:49
Soil_Moisture\DDCA\DDCA_DH\SM\20151129.mat,4352321,2026-04-02 13:06:49
Soil_Moisture\DDCA\DDCA_DH\SM\20151202.mat,4903543,2026-04-02 13:06:49
Soil_Moisture\DDCA\DDCA_DH\SM\20151130.mat,4651933,2026-04-02 13:06:48
Soil_Moisture\DDCA\DDCA_DH\SM\20151201.mat,4008709,2026-04-02 13:06:48
Soil_Moisture\DDCA\DDCA_DH\SM\20151122.mat,4863735,2026-04-02 13:06:47
Soil_Moisture\DDCA\DDCA_DH\SM\20151123.mat,4013787,2026-04-02 13:06:47
Soil_Moisture\DDCA\DDCA_DH\SM\20151124.mat,4940635,2026-04-02 13:06:47
Soil_Moisture\DDCA\DDCA_DH\SM\20151121.mat,4452802,2026-04-02 13:06:46
Soil_Moisture\DDCA\DDCA_DH\SM\20151120.mat,4175833,2026-04-02 13:06:43
Soil_Moisture\DDCA\DDCA_DH\SM\20151111.mat,5812694,2026-04-02 13:06:41
Soil_Moisture\DDCA\DDCA_DH\SM\20151113.mat,5007250,2026-04-02 13:06:41
Soil_Moisture\DDCA\DDCA_DH\SM\20151114.mat,4399025,2026-04-02 13:06:41
Soil_Moisture\DDCA\DDCA_DH\SM\20151115.mat,4480794,2026-04-02 13:06:41
Soil_Moisture\DDCA\DDCA_DH\SM\20151116.mat,5618160,2026-04-02 13:06:41
Soil_Moisture\DDCA\DDCA_DH\SM\20151117.mat,5230487,2026-04-02 13:06:41
Soil_Moisture\DDCA\DDCA_DH\SM\20151118.mat,4108213,2026-04-02 13:06:41
Soil_Moisture\DDCA\DDCA_DH\SM\20151119.mat,5106266,2026-04-02 13:06:41
Soil_Moisture\DDCA\DDCA_DH\SM\20151110.mat,4580228,2026-04-02 13:06:40
Soil_Moisture\DDCA\DDCA_DH\SM\20151112.mat,4699028,2026-04-02 13:06:40
Soil_Moisture\DDCA\DDCA_DH\SM\20151109.mat,5460738,2026-04-02 13:06:37
Soil_Moisture\DDCA\DDCA_DH\SM\20151104.mat,4990962,2026-04-02 13:06:35
Soil_Moisture\DDCA\DDCA_DH\SM\20151107.mat,4812223,2026-04-02 13:06:35
Soil_Moisture\DDCA\DDCA_DH\SM\20151108.mat,5925821,2026-04-02 13:06:35
Soil_Moisture\DDCA\DDCA_DH\SM\20151030.mat,4209902,2026-04-02 13:06:34
Soil_Moisture\DDCA\DDCA_DH\SM\20151031.mat,5164173,2026-04-02 13:06:34
Soil_Moisture\DDCA\DDCA_DH\SM\20151101.mat,5851885,2026-04-02 13:06:34
Soil_Moisture\DDCA\DDCA_DH\SM\20151102.mat,4861702,2026-04-02 13:06:34
Soil_Moisture\DDCA\DDCA_DH\SM\20151103.mat,6138182,2026-04-02 13:06:34
Soil_Moisture\DDCA\DDCA_DH\SM\20151105.mat,5300664,2026-04-02 13:06:34
Soil_Moisture\DDCA\DDCA_DH\SM\20151106.mat,5841380,2026-04-02 13:06:34
Soil_Moisture\DDCA\DDCA_DH\SM\20151029.mat,6131902,2026-04-02 13:06:29
Soil_Moisture\DDCA\DDCA_DH\SM\20151020.mat,5742977,2026-04-02 13:06:28
Soil_Moisture\DDCA\DDCA_DH\SM\20151021.mat,6426992,2026-04-02 13:06:28
Soil_Moisture\DDCA\DDCA_DH\SM\20151022.mat,5273623,2026-04-02 13:06:28
Soil_Moisture\DDCA\DDCA_DH\SM\20151023.mat,6444609,2026-04-02 13:06:28
Soil_Moisture\DDCA\DDCA_DH\SM\20151024.mat,6009383,2026-04-02 13:06:28
Soil_Moisture\DDCA\DDCA_DH\SM\20151025.mat,5010241,2026-04-02 13:06:28
Soil_Moisture\DDCA\DDCA_DH\SM\20151026.mat,6386861,2026-04-02 13:06:28
Soil_Moisture\DDCA\DDCA_DH\SM\20151027.mat,5229046,2026-04-02 13:06:28
Soil_Moisture\DDCA\DDCA_DH\SM\20151028.mat,5399213,2026-04-02 13:06:28
Soil_Moisture\DDCA\DDCA_DH\SM\20151019.mat,5531682,2026-04-02 13:06:25
Soil_Moisture\DDCA\DDCA_DH\SM\20151018.mat,6687695,2026-04-02 13:06:22
Soil_Moisture\DDCA\DDCA_DH\SM\20151010.mat,6821040,2026-04-02 13:06:21
Soil_Moisture\DDCA\DDCA_DH\SM\20151011.mat,5735446,2026-04-02 13:06:21
Soil_Moisture\DDCA\DDCA_DH\SM\20151013.mat,6586479,2026-04-02 13:06:21
Soil_Moisture\DDCA\DDCA_DH\SM\20151014.mat,5521063,2026-04-02 13:06:21
Soil_Moisture\DDCA\DDCA_DH\SM\20151017.mat,5290753,2026-04-02 13:06:21
Soil_Moisture\DDCA\DDCA_DH\SM\20151009.mat,5541290,2026-04-02 13:06:20
Soil_Moisture\DDCA\DDCA_DH\SM\20151012.mat,5948401,2026-04-02 13:06:20
Soil_Moisture\DDCA\DDCA_DH\SM\20151016.mat,6321284,2026-04-02 13:06:20
Soil_Moisture\DDCA\DDCA_DH\SM\20151008.mat,6571767,2026-04-02 13:06:19
Soil_Moisture\DDCA\DDCA_DH\SM\20151015.mat,6603623,2026-04-02 13:06:17
Soil_Moisture\DDCA\DDCA_DH\SM\20151007.mat,6866802,2026-04-02 13:06:14
Soil_Moisture\DDCA\DDCA_DH\SM\20151002.mat,7165290,2026-04-02 13:06:13
Soil_Moisture\DDCA\DDCA_DH\SM\20151004.mat,6246837,2026-04-02 13:06:13
Soil_Moisture\DDCA\DDCA_DH\SM\20151006.mat,5914126,2026-04-02 13:06:13
Soil_Moisture\DDCA\DDCA_DH\SM\20150928.mat,6360169,2026-04-02 13:06:12
Soil_Moisture\DDCA\DDCA_DH\SM\20150929.mat,7089941,2026-04-02 13:06:12
Soil_Moisture\DDCA\DDCA_DH\SM\20150930.mat,7017749,2026-04-02 13:06:12
Soil_Moisture\DDCA\DDCA_DH\SM\20151001.mat,5839810,2026-04-02 13:06:12
Soil_Moisture\DDCA\DDCA_DH\SM\20151003.mat,6073639,2026-04-02 13:06:12
Soil_Moisture\DDCA\DDCA_DH\SM\20151005.mat,6940190,2026-04-02 13:06:12
Soil_Moisture\DDCA\DDCA_DH\SM\20150927.mat,7233659,2026-04-02 13:06:08
Soil_Moisture\DDCA\DDCA_DH\SM\20150925.mat,6505575,2026-04-02 13:06:07
Soil_Moisture\DDCA\DDCA_DH\SM\20150919.mat,7565131,2026-04-02 13:06:05
Soil_Moisture\DDCA\DDCA_DH\SM\20150926.mat,5748515,2026-04-02 13:06:05
Soil_Moisture\DDCA\DDCA_DH\SM\20150920.mat,6780327,2026-04-02 13:06:04
Soil_Moisture\DDCA\DDCA_DH\SM\20150921.mat,7393256,2026-04-02 13:06:04
Soil_Moisture\DDCA\DDCA_DH\SM\20150922.mat,7363288,2026-04-02 13:06:04
Soil_Moisture\DDCA\DDCA_DH\SM\20150923.mat,6203705,2026-04-02 13:06:04
Soil_Moisture\DDCA\DDCA_DH\SM\20150924.mat,7425254,2026-04-02 13:06:04
Soil_Moisture\DDCA\DDCA_DH\SM\20150918.mat,6956195,2026-04-02 13:06:03
Soil_Moisture\DDCA\DDCA_DH\SM\20150917.mat,6847082,2026-04-02 13:06:01
Soil_Moisture\DDCA\DDCA_DH\SM\20150914.mat,7967742,2026-04-02 13:06:00
Soil_Moisture\DDCA\DDCA_DH\SM\20150916.mat,7811038,2026-04-02 13:06:00
Soil_Moisture\DDCA\DDCA_DH\SM\20150913.mat,7821944,2026-04-02 13:05:58
Soil_Moisture\DDCA\DDCA_DH\SM\20150915.mat,6598399,2026-04-02 13:05:57
Soil_Moisture\DDCA\DDCA_DH\SM\20150904.mat,6564588,2026-04-02 13:05:56
Soil_Moisture\DDCA\DDCA_DH\SM\20150912.mat,7311088,2026-04-02 13:05:56
Soil_Moisture\DDCA\DDCA_DH\SM\20150903.mat,8603090,2026-04-02 13:05:55
Soil_Moisture\DDCA\DDCA_DH\SM\20150911.mat,8134658,2026-04-02 13:05:55
Soil_Moisture\DDCA\DDCA_DH\SM\20150908.mat,8357403,2026-04-02 13:05:54
Soil_Moisture\DDCA\DDCA_DH\SM\20150905.mat,8141454,2026-04-02 13:05:53
Soil_Moisture\DDCA\DDCA_DH\SM\20150906.mat,8371232,2026-04-02 13:05:52
Soil_Moisture\DDCA\DDCA_DH\SM\20150907.mat,7006804,2026-04-02 13:05:51
Soil_Moisture\DDCA\DDCA_DH\SM\20150909.mat,7371050,2026-04-02 13:05:50
Soil_Moisture\DDCA\DDCA_DH\SM\20150910.mat,7369956,2026-04-02 13:05:50
Soil_Moisture\DDCA\DDCA_DH\SM\20150902.mat,7691420,2026-04-02 13:05:49
Soil_Moisture\DDCA\DDCA_DH\SM\20150823.mat,9329047,2026-04-02 13:05:46
Soil_Moisture\DDCA\DDCA_DH\SM\20150825.mat,8190831,2026-04-02 13:05:43
Soil_Moisture\DDCA\DDCA_DH\SM\20150826.mat,9088702,2026-04-02 13:05:43
Soil_Moisture\DDCA\DDCA_DH\SM\20150827.mat,8313749,2026-04-02 13:05:43
Soil_Moisture\DDCA\DDCA_DH\SM\20150828.mat,8636429,2026-04-02 13:05:43
Soil_Moisture\DDCA\DDCA_DH\SM\20150829.mat,9101665,2026-04-02 13:05:43
Soil_Moisture\DDCA\DDCA_DH\SM\20150901.mat,7879350,2026-04-02 13:05:43
Soil_Moisture\DDCA\DDCA_DH\SM\20150830.mat,7375369,2026-04-02 13:05:42
Soil_Moisture\DDCA\DDCA_DH\SM\20150831.mat,8794624,2026-04-02 13:05:42
Soil_Moisture\DDCA\DDCA_DH\SM\20150824.mat,7220903,2026-04-02 13:05:40
Soil_Moisture\DDCA\DDCA_DH\SM\20150821.mat,9468040,2026-04-02 13:05:35
Soil_Moisture\DDCA\DDCA_DH\SM\20150820.mat,9106236,2026-04-02 13:05:34
Soil_Moisture\DDCA\DDCA_DH\SM\20150814.mat,8253222,2026-04-02 13:05:33
Soil_Moisture\DDCA\DDCA_DH\SM\20150822.mat,7849743,2026-04-02 13:05:33
Soil_Moisture\DDCA\DDCA_DH\SM\20150813.mat,9801519,2026-04-02 13:05:32
Soil_Moisture\DDCA\DDCA_DH\SM\20150815.mat,9870057,2026-04-02 13:05:32
Soil_Moisture\DDCA\DDCA_DH\SM\20150816.mat,8107427,2026-04-02 13:05:32
Soil_Moisture\DDCA\DDCA_DH\SM\20150818.mat,9639389,2026-04-02 13:05:32
Soil_Moisture\DDCA\DDCA_DH\SM\20150819.mat,8797855,2026-04-02 13:05:32
Soil_Moisture\DDCA\DDCA_DH\SM\20150817.mat,8581903,2026-04-02 13:05:31
Soil_Moisture\DDCA\DDCA_DH\SM\20150805.mat,10219024,2026-04-02 13:05:28
Soil_Moisture\DDCA\DDCA_DH\SM\20150812.mat,9308584,2026-04-02 13:05:24
Soil_Moisture\DDCA\DDCA_DH\SM\20150810.mat,9875316,2026-04-02 13:05:23
Soil_Moisture\DDCA\DDCA_DH\SM\20150811.mat,9151702,2026-04-02 13:05:22
Soil_Moisture\DDCA\DDCA_DH\SM\20150803.mat,9507952,2026-04-02 13:05:21
Soil_Moisture\DDCA\DDCA_DH\SM\20150804.mat,8162482,2026-04-02 13:05:21
Soil_Moisture\DDCA\DDCA_DH\SM\20150806.mat,8561977,2026-04-02 13:05:21
Soil_Moisture\DDCA\DDCA_DH\SM\20150807.mat,10106379,2026-04-02 13:05:21
Soil_Moisture\DDCA\DDCA_DH\SM\20150808.mat,8623410,2026-04-02 13:05:20
Soil_Moisture\DDCA\DDCA_DH\SM\20150809.mat,8865902,2026-04-02 13:05:20
Soil_Moisture\DDCA\DDCA_DH\SM\20150729.mat,8887114,2026-04-02 13:05:17
Soil_Moisture\DDCA\DDCA_DH\SM\20150731.mat,9571577,2026-04-02 13:05:12
Soil_Moisture\DDCA\DDCA_DH\SM\20150802.mat,10172908,2026-04-02 13:05:11
Soil_Moisture\DDCA\DDCA_DH\SM\20150724.mat,9186403,2026-04-02 13:05:10
Soil_Moisture\DDCA\DDCA_DH\SM\20150725.mat,10266609,2026-04-02 13:05:10
Soil_Moisture\DDCA\DDCA_DH\SM\20150726.mat,9611022,2026-04-02 13:05:10
Soil_Moisture\DDCA\DDCA_DH\SM\20150727.mat,9512684,2026-04-02 13:05:10
Soil_Moisture\DDCA\DDCA_DH\SM\20150730.mat,10315939,2026-04-02 13:05:10
Soil_Moisture\DDCA\DDCA_DH\SM\20150728.mat,8015130,2026-04-02 13:05:09
Soil_Moisture\DDCA\DDCA_DH\SM\20150801.mat,7957384,2026-04-02 13:05:09
Soil_Moisture\DDCA\DDCA_DH\SM\20150722.mat,10407259,2026-04-02 13:05:04
Soil_Moisture\DDCA\DDCA_DH\SM\20150714.mat,9317865,2026-04-02 13:05:02
Soil_Moisture\DDCA\DDCA_DH\SM\20150718.mat,9269158,2026-04-02 13:05:02
Soil_Moisture\DDCA\DDCA_DH\SM\20150723.mat,9017976,2026-04-02 13:05:01
Soil_Moisture\DDCA\DDCA_DH\SM\20150720.mat,10175235,2026-04-02 13:05:00
Soil_Moisture\DDCA\DDCA_DH\SM\20150717.mat,10008995,2026-04-02 13:04:59
Soil_Moisture\DDCA\DDCA_DH\SM\20150719.mat,9233145,2026-04-02 13:04:59
Soil_Moisture\DDCA\DDCA_DH\SM\20150715.mat,9377321,2026-04-02 13:04:58
Soil_Moisture\DDCA\DDCA_DH\SM\20150716.mat,8628781,2026-04-02 13:04:58
Soil_Moisture\DDCA\DDCA_DH\SM\20150721.mat,8989779,2026-04-02 13:04:58
Soil_Moisture\DDCA\DDCA_DH\SM\20150708.mat,8685904,2026-04-02 13:04:54
Soil_Moisture\DDCA\DDCA_DH\SM\20150713.mat,8090347,2026-04-02 13:04:52
Soil_Moisture\DDCA\DDCA_DH\SM\20150705.mat,8419710,2026-04-02 13:04:49
Soil_Moisture\DDCA\DDCA_DH\SM\20150706.mat,9918914,2026-04-02 13:04:49
Soil_Moisture\DDCA\DDCA_DH\SM\20150712.mat,9816689,2026-04-02 13:04:49
Soil_Moisture\DDCA\DDCA_DH\SM\20150707.mat,8451115,2026-04-02 13:04:48
Soil_Moisture\DDCA\DDCA_DH\SM\20150709.mat,9756506,2026-04-02 13:04:48
Soil_Moisture\DDCA\DDCA_DH\SM\20150710.mat,9008042,2026-04-02 13:04:48
Soil_Moisture\DDCA\DDCA_DH\SM\20150711.mat,9056846,2026-04-02 13:04:48
Soil_Moisture\DDCA\DDCA_DH\SM\20150704.mat,9719833,2026-04-02 13:04:46
Soil_Moisture\DDCA\DDCA_DH\SM\20150630.mat,8630311,2026-04-02 13:04:44
Soil_Moisture\DDCA\DDCA_DH\SM\20150629.mat,8897959,2026-04-02 13:04:40
Soil_Moisture\DDCA\DDCA_DH\SM\20150628.mat,9766800,2026-04-02 13:04:39
Soil_Moisture\DDCA\DDCA_DH\SM\20150703.mat,8966466,2026-04-02 13:04:39
Soil_Moisture\DDCA\DDCA_DH\SM\20150626.mat,9627380,2026-04-02 13:04:38
Soil_Moisture\DDCA\DDCA_DH\SM\20150701.mat,9575327,2026-04-02 13:04:38
Soil_Moisture\DDCA\DDCA_DH\SM\20150702.mat,8840552,2026-04-02 13:04:38
Soil_Moisture\DDCA\DDCA_DH\SM\20150623.mat,9325399,2026-04-02 13:04:37
Soil_Moisture\DDCA\DDCA_DH\SM\20150627.mat,8266389,2026-04-02 13:04:37
Soil_Moisture\DDCA\DDCA_DH\SM\20150625.mat,8206446,2026-04-02 13:04:35
Soil_Moisture\DDCA\DDCA_DH\SM\20150620.mat,9188529,2026-04-02 13:04:30
Soil_Moisture\DDCA\DDCA_DH\SM\20150624.mat,8509085,2026-04-02 13:04:30
Soil_Moisture\DDCA\DDCA_DH\SM\20150618.mat,8693644,2026-04-02 13:04:29
Soil_Moisture\DDCA\DDCA_DH\SM\20150622.mat,8056562,2026-04-02 13:04:29
Soil_Moisture\DDCA\DDCA_DH\SM\20150619.mat,7500423,2026-04-02 13:04:27
Soil_Moisture\DDCA\DDCA_DH\SM\20150615.mat,9006481,2026-04-02 13:04:25
Soil_Moisture\DDCA\DDCA_DH\SM\20150621.mat,8538344,2026-04-02 13:04:25
Soil_Moisture\DDCA\DDCA_DH\SM\20150607.mat,8658510,2026-04-02 13:04:24
Soil_Moisture\DDCA\DDCA_DH\SM\20150609.mat,8413253,2026-04-02 13:04:24
Soil_Moisture\DDCA\DDCA_DH\SM\20150612.mat,9292983,2026-04-02 13:04:24
Soil_Moisture\DDCA\DDCA_DH\SM\20150614.mat,8250298,2026-04-02 13:04:20
Soil_Moisture\DDCA\DDCA_DH\SM\20150617.mat,1618502,2026-04-02 13:04:20
Soil_Moisture\DDCA\DDCA_DH\SM\20150613.mat,8224225,2026-04-02 13:04:18
Soil_Moisture\DDCA\DDCA_DH\SM\20150608.mat,7861180,2026-04-02 13:04:16
Soil_Moisture\DDCA\DDCA_DH\SM\20150611.mat,7052378,2026-04-02 13:04:15
Soil_Moisture\DDCA\DDCA_DH\SM\20150616.mat,4439237,2026-04-02 13:04:15
Soil_Moisture\DDCA\DDCA_DH\SM\20150610.mat,8755576,2026-04-02 13:04:14
Soil_Moisture\DDCA\DDCA_DH\SM\20150530.mat,8254021,2026-04-02 13:04:11
Soil_Moisture\DDCA\DDCA_DH\SM\20150606.mat,7991890,2026-04-02 13:04:11
Soil_Moisture\DDCA\DDCA_DH\SM\20150602.mat,8151195,2026-04-02 13:04:09
Soil_Moisture\DDCA\DDCA_DH\SM\20150527.mat,8529517,2026-04-02 13:04:07
Soil_Moisture\DDCA\DDCA_DH\SM\20150604.mat,8943512,2026-04-02 13:04:06
Soil_Moisture\DDCA\DDCA_DH\SM\20150605.mat,7864198,2026-04-02 13:04:06
Soil_Moisture\DDCA\DDCA_DH\SM\20150521.mat,7192339,2026-04-02 13:04:05
Soil_Moisture\DDCA\DDCA_DH\SM\20150528.mat,7476750,2026-04-02 13:04:04
Soil_Moisture\DDCA\DDCA_DH\SM\20150531.mat,7465157,2026-04-02 13:04:04
Soil_Moisture\DDCA\DDCA_DH\SM\20150601.mat,8036523,2026-04-02 13:04:04
Soil_Moisture\DDCA\DDCA_DH\SM\20150603.mat,6326769,2026-04-02 13:04:04
Soil_Moisture\DDCA\DDCA_DH\SM\20150529.mat,7621260,2026-04-02 13:04:00
Soil_Moisture\DDCA\DDCA_DH\SM\20150517.mat,7666915,2026-04-02 13:03:57
Soil_Moisture\DDCA\DDCA_DH\SM\20150519.mat,8046146,2026-04-02 13:03:57
Soil_Moisture\DDCA\DDCA_DH\SM\20150522.mat,7857602,2026-04-02 13:03:57
Soil_Moisture\DDCA\DDCA_DH\SM\20150525.mat,8134088,2026-04-02 13:03:57
Soil_Moisture\DDCA\DDCA_DH\SM\20150526.mat,7252605,2026-04-02 13:03:56
Soil_Moisture\DDCA\DDCA_DH\SM\20150516.mat,7270363,2026-04-02 13:03:55
Soil_Moisture\DDCA\DDCA_DH\SM\20150518.mat,6851959,2026-04-02 13:03:54
Soil_Moisture\DDCA\DDCA_DH\SM\20150520.mat,6679963,2026-04-02 13:03:54
Soil_Moisture\DDCA\DDCA_DH\SM\20150523.mat,7015643,2026-04-02 13:03:54
Soil_Moisture\DDCA\DDCA_DH\SM\20150515.mat,5346601,2026-04-02 13:03:50
Soil_Moisture\DDCA\DDCA_DH\SM\20150524.mat,7636294,2026-04-02 13:03:50
Soil_Moisture\DDCA\DDCA_DH\SM\20150514.mat,1474549,2026-04-02 13:03:46
Soil_Moisture\DDCA\DDCA_DH\SM\20150504.mat,6574829,2026-04-02 13:03:45
Soil_Moisture\DDCA\DDCA_DH\SM\20150505.mat,6630676,2026-04-02 13:03:45
Soil_Moisture\DDCA\DDCA_DH\SM\20150506.mat,6937436,2026-04-02 13:03:45
Soil_Moisture\DDCA\DDCA_DH\SM\20150507.mat,6419461,2026-04-02 13:03:45
Soil_Moisture\DDCA\DDCA_DH\SM\20150508.mat,7020493,2026-04-02 13:03:45
Soil_Moisture\DDCA\DDCA_DH\SM\20150509.mat,7346245,2026-04-02 13:03:45
Soil_Moisture\DDCA\DDCA_DH\SM\20150510.mat,5339185,2026-04-02 13:03:45
Soil_Moisture\DDCA\DDCA_DH\SM\20150511.mat,7645970,2026-04-02 13:03:45
Soil_Moisture\DDCA\DDCA_DH\SM\20150512.mat,4551620,2026-04-02 13:03:45
Soil_Moisture\DDCA\DDCA_DH\SM\20150503.mat,6863239,2026-04-02 13:03:44
Soil_Moisture\DDCA\DDCA_DH\SM\20150501.mat,6995934,2026-04-02 13:03:38
Soil_Moisture\DDCA\DDCA_DH\SM\20150502.mat,5871383,2026-04-02 13:03:38
Soil_Moisture\DDCA\DDCA_DH\SM\20150422.mat,6608601,2026-04-02 13:03:37
Soil_Moisture\DDCA\DDCA_DH\SM\20150425.mat,7002900,2026-04-02 13:03:37
Soil_Moisture\DDCA\DDCA_DH\SM\20150426.mat,6281595,2026-04-02 13:03:37
Soil_Moisture\DDCA\DDCA_DH\SM\20150427.mat,6350466,2026-04-02 13:03:37
Soil_Moisture\DDCA\DDCA_DH\SM\20150428.mat,6886512,2026-04-02 13:03:37
Soil_Moisture\DDCA\DDCA_DH\SM\20150429.mat,6222227,2026-04-02 13:03:37
Soil_Moisture\DDCA\DDCA_DH\SM\20150430.mat,6776672,2026-04-02 13:03:37
Soil_Moisture\DDCA\DDCA_DH\SM\20150421.mat,5922666,2026-04-02 13:03:35
Soil_Moisture\DDCA\DDCA_DH\SM\20150424.mat,6086210,2026-04-02 13:03:35
Soil_Moisture\DDCA\DDCA_DH\SM\20150423.mat,6785168,2026-04-02 13:03:33
Soil_Moisture\DDCA\DDCA_DH\SM\20150412.mat,6511548,2026-04-02 13:03:28
Soil_Moisture\DDCA\DDCA_DH\SM\20150413.mat,5865524,2026-04-02 13:03:28
Soil_Moisture\DDCA\DDCA_DH\SM\20150414.mat,6461354,2026-04-02 13:03:28
Soil_Moisture\DDCA\DDCA_DH\SM\20150415.mat,6535608,2026-04-02 13:03:28
Soil_Moisture\DDCA\DDCA_DH\SM\20150417.mat,6564948,2026-04-02 13:03:28
Soil_Moisture\DDCA\DDCA_DH\SM\20150418.mat,6124308,2026-04-02 13:03:28
Soil_Moisture\DDCA\DDCA_DH\SM\20150419.mat,6232277,2026-04-02 13:03:28
Soil_Moisture\DDCA\DDCA_DH\SM\20150420.mat,6715252,2026-04-02 13:03:28
Soil_Moisture\DDCA\DDCA_DH\SM\20150411.mat,6080167,2026-04-02 13:03:27
Soil_Moisture\DDCA\DDCA_DH\SM\20150416.mat,5947861,2026-04-02 13:03:27
Soil_Moisture\DDCA\DDCA_DH\SM\20150405.mat,5648647,2026-04-02 13:03:21
Soil_Moisture\DDCA\DDCA_DH\SM\20150407.mat,6348285,2026-04-02 13:03:21
Soil_Moisture\DDCA\DDCA_DH\SM\20150410.mat,5899701,2026-04-02 13:03:21
Soil_Moisture\DDCA\DDCA_DH\SM\20150401.mat,6529261,2026-04-02 13:03:20
Soil_Moisture\DDCA\DDCA_DH\SM\20150404.mat,6333830,2026-04-02 13:03:20
Soil_Moisture\DDCA\DDCA_DH\SM\20150406.mat,6337468,2026-04-02 13:03:20
Soil_Moisture\DDCA\DDCA_DH\SM\20150408.mat,5807844,2026-04-02 13:03:20
Soil_Moisture\DDCA\DDCA_DH\SM\20150409.mat,6685287,2026-04-02 13:03:20
Soil_Moisture\DDCA\DDCA_DH\SM\20150402.mat,5689809,2026-04-02 13:03:19
Soil_Moisture\DDCA\DDCA_DH\SM\20150403.mat,5172945,2026-04-02 13:03:19
Soil_Moisture\DDCA\DDCA_DH\MM\SM_dh_m_2017.mat,99710081,2026-04-02 13:03:13
Soil_Moisture\DDCA\DDCA_DH\MM\SM_dh_m_2018.mat,99351032,2026-04-02 13:03:13
Soil_Moisture\DDCA\DDCA_DH\MM\SM_dh_m_2019.mat,98481667,2026-04-02 13:03:13
Soil_Moisture\DDCA\DDCA_DH\MM\SM_dh_m_2015.mat,99147974,2026-04-02 13:03:12
Soil_Moisture\DDCA\DDCA_DH\MM\SM_dh_m_2016.mat,100604942,2026-04-02 13:03:12
Soil_Moisture\DDCA\DDCA_DH\MM\SM_dh_m_2020.mat,100101556,2026-04-02 13:03:12
Soil_Moisture\DDCA\DDCA_DH\MM\SM_dh_m_2021.mat,99506135,2026-04-02 13:03:12
Soil_Moisture\DDCA\DDCA_DH\MM\DH_modis_2016.mat,63230367,2026-04-02 13:01:47
Soil_Moisture\DDCA\DDCA_DH\MM\DH_modis_2021.mat,62207292,2026-04-02 13:01:47
Soil_Moisture\DDCA\DDCA_DH\MM\DH_modis_2015.mat,61918853,2026-04-02 13:01:46
Soil_Moisture\DDCA\DDCA_DH\MM\DH_modis_2017.mat,63209985,2026-04-02 13:01:46
Soil_Moisture\DDCA\DDCA_DH\MM\DH_modis_2018.mat,63092292,2026-04-02 13:01:46
Soil_Moisture\DDCA\DDCA_DH\MM\DH_modis_2019.mat,59795022,2026-04-02 13:01:46
Soil_Moisture\DDCA\DDCA_DH\MM\DH_modis_2020.mat,62809758,2026-04-02 13:01:46
Soil_Moisture\DDCA\DDCA_DH\H\20221223.mat,2212990,2026-04-02 13:00:55
Soil_Moisture\DDCA\DDCA_DH\H\20221224.mat,2597443,2026-04-02 13:00:55
Soil_Moisture\DDCA\DDCA_DH\H\20221225.mat,2248785,2026-04-02 13:00:55
Soil_Moisture\DDCA\DDCA_DH\H\20221226.mat,2127354,2026-04-02 13:00:55
Soil_Moisture\DDCA\DDCA_DH\H\20221227.mat,2592800,2026-04-02 13:00:55
Soil_Moisture\DDCA\DDCA_DH\H\20221230.mat,332929,2026-04-02 13:00:55
Soil_Moisture\DDCA\DDCA_DH\H\20221231.mat,332929,2026-04-02 13:00:55
Soil_Moisture\DDCA\DDCA_DH\H\20221219.mat,2698035,2026-04-02 13:00:54
Soil_Moisture\DDCA\DDCA_DH\H\20221220.mat,1963710,2026-04-02 13:00:54
Soil_Moisture\DDCA\DDCA_DH\H\20221221.mat,1986964,2026-04-02 13:00:54
Soil_Moisture\DDCA\DDCA_DH\H\20221228.mat,332929,2026-04-02 13:00:54
Soil_Moisture\DDCA\DDCA_DH\H\20221229.mat,332929,2026-04-02 13:00:54
Soil_Moisture\DDCA\DDCA_DH\H\20221208.mat,2510801,2026-04-02 13:00:53
Soil_Moisture\DDCA\DDCA_DH\H\20221209.mat,2185817,2026-04-02 13:00:53
Soil_Moisture\DDCA\DDCA_DH\H\20221210.mat,2152638,2026-04-02 13:00:53
Soil_Moisture\DDCA\DDCA_DH\H\20221211.mat,2640587,2026-04-02 13:00:53
Soil_Moisture\DDCA\DDCA_DH\H\20221212.mat,2067633,2026-04-02 13:00:53
Soil_Moisture\DDCA\DDCA_DH\H\20221213.mat,2376909,2026-04-02 13:00:53
Soil_Moisture\DDCA\DDCA_DH\H\20221214.mat,2025508,2026-04-02 13:00:53
Soil_Moisture\DDCA\DDCA_DH\H\20221215.mat,1989388,2026-04-02 13:00:53
Soil_Moisture\DDCA\DDCA_DH\H\20221216.mat,2552045,2026-04-02 13:00:53
Soil_Moisture\DDCA\DDCA_DH\H\20221217.mat,2142412,2026-04-02 13:00:53
Soil_Moisture\DDCA\DDCA_DH\H\20221218.mat,1756478,2026-04-02 13:00:53
Soil_Moisture\DDCA\DDCA_DH\H\20221222.mat,2558610,2026-04-02 13:00:53
Soil_Moisture\DDCA\DDCA_DH\H\20221206.mat,2463323,2026-04-02 13:00:50
Soil_Moisture\DDCA\DDCA_DH\H\20221207.mat,2200064,2026-04-02 13:00:50
Soil_Moisture\DDCA\DDCA_DH\H\20221121.mat,2115354,2026-04-02 13:00:48
Soil_Moisture\DDCA\DDCA_DH\H\20221122.mat,2147311,2026-04-02 13:00:48
Soil_Moisture\DDCA\DDCA_DH\H\20221123.mat,2240149,2026-04-02 13:00:48
Soil_Moisture\DDCA\DDCA_DH\H\20221124.mat,2100251,2026-04-02 13:00:48
Soil_Moisture\DDCA\DDCA_DH\H\20221125.mat,2467259,2026-04-02 13:00:48
Soil_Moisture\DDCA\DDCA_DH\H\20221126.mat,2093225,2026-04-02 13:00:48
Soil_Moisture\DDCA\DDCA_DH\H\20221127.mat,2296503,2026-04-02 13:00:48
Soil_Moisture\DDCA\DDCA_DH\H\20221128.mat,2412013,2026-04-02 13:00:48
Soil_Moisture\DDCA\DDCA_DH\H\20221129.mat,2123853,2026-04-02 13:00:48
Soil_Moisture\DDCA\DDCA_DH\H\20221130.mat,2459544,2026-04-02 13:00:48
Soil_Moisture\DDCA\DDCA_DH\H\20221201.mat,2229893,2026-04-02 13:00:48
Soil_Moisture\DDCA\DDCA_DH\H\20221202.mat,1818186,2026-04-02 13:00:48
Soil_Moisture\DDCA\DDCA_DH\H\20221203.mat,2287487,2026-04-02 13:00:48
Soil_Moisture\DDCA\DDCA_DH\H\20221204.mat,2143555,2026-04-02 13:00:48
Soil_Moisture\DDCA\DDCA_DH\H\20221205.mat,2343584,2026-04-02 13:00:48
Soil_Moisture\DDCA\DDCA_DH\H\20221114.mat,2526909,2026-04-02 13:00:45
Soil_Moisture\DDCA\DDCA_DH\H\20221119.mat,1729267,2026-04-02 13:00:45
Soil_Moisture\DDCA\DDCA_DH\H\20221120.mat,2432632,2026-04-02 13:00:45
Soil_Moisture\DDCA\DDCA_DH\H\20221105.mat,2599771,2026-04-02 13:00:44
Soil_Moisture\DDCA\DDCA_DH\H\20221106.mat,2834523,2026-04-02 13:00:44
Soil_Moisture\DDCA\DDCA_DH\H\20221107.mat,2593667,2026-04-02 13:00:44
Soil_Moisture\DDCA\DDCA_DH\H\20221108.mat,2322701,2026-04-02 13:00:44
Soil_Moisture\DDCA\DDCA_DH\H\20221109.mat,3052787,2026-04-02 13:00:44
Soil_Moisture\DDCA\DDCA_DH\H\20221110.mat,2453787,2026-04-02 13:00:44
Soil_Moisture\DDCA\DDCA_DH\H\20221111.mat,2569738,2026-04-02 13:00:44
Soil_Moisture\DDCA\DDCA_DH\H\20221112.mat,2755319,2026-04-02 13:00:44
Soil_Moisture\DDCA\DDCA_DH\H\20221113.mat,2060176,2026-04-02 13:00:44
Soil_Moisture\DDCA\DDCA_DH\H\20221115.mat,2579530,2026-04-02 13:00:44
Soil_Moisture\DDCA\DDCA_DH\H\20221116.mat,1476471,2026-04-02 13:00:44
Soil_Moisture\DDCA\DDCA_DH\H\20221118.mat,523357,2026-04-02 13:00:44
Soil_Moisture\DDCA\DDCA_DH\H\20221103.mat,2669687,2026-04-02 13:00:42
Soil_Moisture\DDCA\DDCA_DH\H\20221104.mat,2899235,2026-04-02 13:00:42
Soil_Moisture\DDCA\DDCA_DH\H\20221021.mat,3035736,2026-04-02 13:00:40
Soil_Moisture\DDCA\DDCA_DH\H\20221022.mat,2279397,2026-04-02 13:00:40
Soil_Moisture\DDCA\DDCA_DH\H\20221023.mat,2690432,2026-04-02 13:00:40
Soil_Moisture\DDCA\DDCA_DH\H\20221024.mat,3290451,2026-04-02 13:00:40
Soil_Moisture\DDCA\DDCA_DH\H\20221027.mat,3053950,2026-04-02 13:00:40
Soil_Moisture\DDCA\DDCA_DH\H\20221029.mat,2639345,2026-04-02 13:00:40
Soil_Moisture\DDCA\DDCA_DH\H\20221030.mat,2848028,2026-04-02 13:00:40
Soil_Moisture\DDCA\DDCA_DH\H\20221031.mat,2642656,2026-04-02 13:00:40
Soil_Moisture\DDCA\DDCA_DH\H\20221101.mat,2999867,2026-04-02 13:00:40
Soil_Moisture\DDCA\DDCA_DH\H\20221102.mat,2609269,2026-04-02 13:00:40
Soil_Moisture\DDCA\DDCA_DH\H\20221020.mat,2581316,2026-04-02 13:00:39
Soil_Moisture\DDCA\DDCA_DH\H\20221025.mat,2704515,2026-04-02 13:00:39
Soil_Moisture\DDCA\DDCA_DH\H\20221026.mat,2820204,2026-04-02 13:00:39
Soil_Moisture\DDCA\DDCA_DH\H\20221028.mat,2705754,2026-04-02 13:00:39
Soil_Moisture\DDCA\DDCA_DH\H\20221019.mat,3133981,2026-04-02 13:00:38
Soil_Moisture\DDCA\DDCA_DH\H\20221018.mat,2878628,2026-04-02 13:00:37
Soil_Moisture\DDCA\DDCA_DH\H\20221016.mat,2559147,2026-04-02 13:00:36
Soil_Moisture\DDCA\DDCA_DH\H\20221017.mat,2764566,2026-04-02 13:00:36
Soil_Moisture\DDCA\DDCA_DH\H\20221013.mat,2591732,2026-04-02 13:00:35
Soil_Moisture\DDCA\DDCA_DH\H\20221015.mat,2697015,2026-04-02 13:00:35
Soil_Moisture\DDCA\DDCA_DH\H\20221005.mat,3156260,2026-04-02 13:00:34
Soil_Moisture\DDCA\DDCA_DH\H\20221006.mat,3014353,2026-04-02 13:00:34
Soil_Moisture\DDCA\DDCA_DH\H\20221007.mat,2799938,2026-04-02 13:00:34
Soil_Moisture\DDCA\DDCA_DH\H\20221008.mat,3393736,2026-04-02 13:00:34
Soil_Moisture\DDCA\DDCA_DH\H\20221009.mat,2470996,2026-04-02 13:00:34
Soil_Moisture\DDCA\DDCA_DH\H\20221010.mat,2881631,2026-04-02 13:00:34
Soil_Moisture\DDCA\DDCA_DH\H\20221011.mat,3182252,2026-04-02 13:00:34
Soil_Moisture\DDCA\DDCA_DH\H\20221012.mat,2629745,2026-04-02 13:00:34
Soil_Moisture\DDCA\DDCA_DH\H\20221014.mat,2965423,2026-04-02 13:00:34
Soil_Moisture\DDCA\DDCA_DH\H\20221004.mat,2641869,2026-04-02 13:00:33
Soil_Moisture\DDCA\DDCA_DH\H\20220929.mat,2999376,2026-04-02 13:00:32
Soil_Moisture\DDCA\DDCA_DH\H\20221001.mat,2841074,2026-04-02 13:00:32
Soil_Moisture\DDCA\DDCA_DH\H\20220930.mat,3306944,2026-04-02 13:00:31
Soil_Moisture\DDCA\DDCA_DH\H\20221002.mat,3000349,2026-04-02 13:00:31
Soil_Moisture\DDCA\DDCA_DH\H\20220925.mat,3253049,2026-04-02 13:00:30
Soil_Moisture\DDCA\DDCA_DH\H\20220928.mat,2646898,2026-04-02 13:00:30
Soil_Moisture\DDCA\DDCA_DH\H\20221003.mat,3217178,2026-04-02 13:00:30
Soil_Moisture\DDCA\DDCA_DH\H\20220805.mat,4015086,2026-04-02 13:00:29
Soil_Moisture\DDCA\DDCA_DH\H\20220923.mat,2827147,2026-04-02 13:00:29
Soil_Moisture\DDCA\DDCA_DH\H\20220924.mat,2773391,2026-04-02 13:00:29
Soil_Moisture\DDCA\DDCA_DH\H\20220926.mat,3066550,2026-04-02 13:00:29
Soil_Moisture\DDCA\DDCA_DH\H\20220804.mat,4706531,2026-04-02 13:00:28
Soil_Moisture\DDCA\DDCA_DH\H\20220806.mat,615553,2026-04-02 13:00:28
Soil_Moisture\DDCA\DDCA_DH\H\20220927.mat,824534,2026-04-02 13:00:28
Soil_Moisture\DDCA\DDCA_DH\H\20220801.mat,4603526,2026-04-02 13:00:27
Soil_Moisture\DDCA\DDCA_DH\H\20220802.mat,5224791,2026-04-02 13:00:27
Soil_Moisture\DDCA\DDCA_DH\H\20220731.mat,4961128,2026-04-02 13:00:26
Soil_Moisture\DDCA\DDCA_DH\H\20220803.mat,4787419,2026-04-02 13:00:26
Soil_Moisture\DDCA\DDCA_DH\H\20220726.mat,4840470,2026-04-02 13:00:24
Soil_Moisture\DDCA\DDCA_DH\H\20220727.mat,4787404,2026-04-02 13:00:24
Soil_Moisture\DDCA\DDCA_DH\H\20220728.mat,5004892,2026-04-02 13:00:24
Soil_Moisture\DDCA\DDCA_DH\H\20220730.mat,4930425,2026-04-02 13:00:24
Soil_Moisture\DDCA\DDCA_DH\H\20220723.mat,5039400,2026-04-02 13:00:23
Soil_Moisture\DDCA\DDCA_DH\H\20220724.mat,4657197,2026-04-02 13:00:23
Soil_Moisture\DDCA\DDCA_DH\H\20220729.mat,4482949,2026-04-02 13:00:23
Soil_Moisture\DDCA\DDCA_DH\H\20220722.mat,4791782,2026-04-02 13:00:22
Soil_Moisture\DDCA\DDCA_DH\H\20220725.mat,5298056,2026-04-02 13:00:22
Soil_Moisture\DDCA\DDCA_DH\H\20220721.mat,4849666,2026-04-02 13:00:19
Soil_Moisture\DDCA\DDCA_DH\H\20220719.mat,4690353,2026-04-02 13:00:18
Soil_Moisture\DDCA\DDCA_DH\H\20220712.mat,5319014,2026-04-02 13:00:16
Soil_Moisture\DDCA\DDCA_DH\H\20220713.mat,4791146,2026-04-02 13:00:16
Soil_Moisture\DDCA\DDCA_DH\H\20220714.mat,4896260,2026-04-02 13:00:16
Soil_Moisture\DDCA\DDCA_DH\H\20220715.mat,4987134,2026-04-02 13:00:16
Soil_Moisture\DDCA\DDCA_DH\H\20220716.mat,4528379,2026-04-02 13:00:16
Soil_Moisture\DDCA\DDCA_DH\H\20220718.mat,4809802,2026-04-02 13:00:16
Soil_Moisture\DDCA\DDCA_DH\H\20220720.mat,5037565,2026-04-02 13:00:16
Soil_Moisture\DDCA\DDCA_DH\H\20220709.mat,4889011,2026-04-02 13:00:15
Soil_Moisture\DDCA\DDCA_DH\H\20220710.mat,4431195,2026-04-02 13:00:15
Soil_Moisture\DDCA\DDCA_DH\H\20220711.mat,4548116,2026-04-02 13:00:15
Soil_Moisture\DDCA\DDCA_DH\H\20220717.mat,4958063,2026-04-02 13:00:15
Soil_Moisture\DDCA\DDCA_DH\H\20220708.mat,4381134,2026-04-02 13:00:11
Soil_Moisture\DDCA\DDCA_DH\H\20220630.mat,4298082,2026-04-02 13:00:10
Soil_Moisture\DDCA\DDCA_DH\H\20220707.mat,4863815,2026-04-02 13:00:10
Soil_Moisture\DDCA\DDCA_DH\H\20220702.mat,4529180,2026-04-02 13:00:09
Soil_Moisture\DDCA\DDCA_DH\H\20220704.mat,5122655,2026-04-02 13:00:09
Soil_Moisture\DDCA\DDCA_DH\H\20220705.mat,4626252,2026-04-02 13:00:09
Soil_Moisture\DDCA\DDCA_DH\H\20220706.mat,4736013,2026-04-02 13:00:09
Soil_Moisture\DDCA\DDCA_DH\H\20220628.mat,4626219,2026-04-02 13:00:08
Soil_Moisture\DDCA\DDCA_DH\H\20220629.mat,4385293,2026-04-02 13:00:08
Soil_Moisture\DDCA\DDCA_DH\H\20220703.mat,4405777,2026-04-02 13:00:08
Soil_Moisture\DDCA\DDCA_DH\H\20220627.mat,3439889,2026-04-02 13:00:07
Soil_Moisture\DDCA\DDCA_DH\H\20220701.mat,4972565,2026-04-02 13:00:07
Soil_Moisture\DDCA\DDCA_DH\H\20220626.mat,5094255,2026-04-02 13:00:06
Soil_Moisture\DDCA\DDCA_DH\H\20220617.mat,3688664,2026-04-02 13:00:03
Soil_Moisture\DDCA\DDCA_DH\H\20220618.mat,4323463,2026-04-02 13:00:03
Soil_Moisture\DDCA\DDCA_DH\H\20220619.mat,4292597,2026-04-02 13:00:03
Soil_Moisture\DDCA\DDCA_DH\H\20220620.mat,3590198,2026-04-02 13:00:03
Soil_Moisture\DDCA\DDCA_DH\H\20220621.mat,4202174,2026-04-02 13:00:03
Soil_Moisture\DDCA\DDCA_DH\H\20220622.mat,4077674,2026-04-02 13:00:03
Soil_Moisture\DDCA\DDCA_DH\H\20220623.mat,4756777,2026-04-02 13:00:03
Soil_Moisture\DDCA\DDCA_DH\H\20220624.mat,4300766,2026-04-02 13:00:03
Soil_Moisture\DDCA\DDCA_DH\H\20220625.mat,4215975,2026-04-02 13:00:03
Soil_Moisture\DDCA\DDCA_DH\H\20220615.mat,4469566,2026-04-02 13:00:02
Soil_Moisture\DDCA\DDCA_DH\H\20220616.mat,3858173,2026-04-02 13:00:02
Soil_Moisture\DDCA\DDCA_DH\H\20220614.mat,3867754,2026-04-02 12:59:59
Soil_Moisture\DDCA\DDCA_DH\H\20220610.mat,4483866,2026-04-02 12:59:58
Soil_Moisture\DDCA\DDCA_DH\H\20220611.mat,2875803,2026-04-02 12:59:58
Soil_Moisture\DDCA\DDCA_DH\H\20220612.mat,4187049,2026-04-02 12:59:58
Soil_Moisture\DDCA\DDCA_DH\H\20220613.mat,3699780,2026-04-02 12:59:58
Soil_Moisture\DDCA\DDCA_DH\H\20220603.mat,3328246,2026-04-02 12:59:57
Soil_Moisture\DDCA\DDCA_DH\H\20220604.mat,2555636,2026-04-02 12:59:57
Soil_Moisture\DDCA\DDCA_DH\H\20220605.mat,3494911,2026-04-02 12:59:57
Soil_Moisture\DDCA\DDCA_DH\H\20220606.mat,3615105,2026-04-02 12:59:57
Soil_Moisture\DDCA\DDCA_DH\H\20220607.mat,4196286,2026-04-02 12:59:57
Soil_Moisture\DDCA\DDCA_DH\H\20220608.mat,3766257,2026-04-02 12:59:57
Soil_Moisture\DDCA\DDCA_DH\H\20220601.mat,3597713,2026-04-02 12:59:56
Soil_Moisture\DDCA\DDCA_DH\H\20220602.mat,4137759,2026-04-02 12:59:56
Soil_Moisture\DDCA\DDCA_DH\H\20220529.mat,3458627,2026-04-02 12:59:54
Soil_Moisture\DDCA\DDCA_DH\H\20220531.mat,3589924,2026-04-02 12:59:54
Soil_Moisture\DDCA\DDCA_DH\H\20220609.mat,3759421,2026-04-02 12:59:54
Soil_Moisture\DDCA\DDCA_DH\H\20220530.mat,4021721,2026-04-02 12:59:53
Soil_Moisture\DDCA\DDCA_DH\H\20220524.mat,3460001,2026-04-02 12:59:52
Soil_Moisture\DDCA\DDCA_DH\H\20220519.mat,3628389,2026-04-02 12:59:51
Soil_Moisture\DDCA\DDCA_DH\H\20220527.mat,3717677,2026-04-02 12:59:51
Soil_Moisture\DDCA\DDCA_DH\H\20220528.mat,3352035,2026-04-02 12:59:51
Soil_Moisture\DDCA\DDCA_DH\H\20220517.mat,3786812,2026-04-02 12:59:50
Soil_Moisture\DDCA\DDCA_DH\H\20220518.mat,3243745,2026-04-02 12:59:50
Soil_Moisture\DDCA\DDCA_DH\H\20220520.mat,3432365,2026-04-02 12:59:50
Soil_Moisture\DDCA\DDCA_DH\H\20220521.mat,3316080,2026-04-02 12:59:50
Soil_Moisture\DDCA\DDCA_DH\H\20220522.mat,3834203,2026-04-02 12:59:50
Soil_Moisture\DDCA\DDCA_DH\H\20220523.mat,3425935,2026-04-02 12:59:50
Soil_Moisture\DDCA\DDCA_DH\H\20220525.mat,4037961,2026-04-02 12:59:50
Soil_Moisture\DDCA\DDCA_DH\H\20220526.mat,3395268,2026-04-02 12:59:50
Soil_Moisture\DDCA\DDCA_DH\H\20220513.mat,3100812,2026-04-02 12:59:49
Soil_Moisture\DDCA\DDCA_DH\H\20220515.mat,3304152,2026-04-02 12:59:49
Soil_Moisture\DDCA\DDCA_DH\H\20220516.mat,3383036,2026-04-02 12:59:49
Soil_Moisture\DDCA\DDCA_DH\H\20220514.mat,3322554,2026-04-02 12:59:46
Soil_Moisture\DDCA\DDCA_DH\H\20220509.mat,3740502,2026-04-02 12:59:45
Soil_Moisture\DDCA\DDCA_DH\H\20220503.mat,3290112,2026-04-02 12:59:44
Soil_Moisture\DDCA\DDCA_DH\H\20220504.mat,2169590,2026-04-02 12:59:44
Soil_Moisture\DDCA\DDCA_DH\H\20220505.mat,3083186,2026-04-02 12:59:44
Soil_Moisture\DDCA\DDCA_DH\H\20220511.mat,3557450,2026-04-02 12:59:44
Soil_Moisture\DDCA\DDCA_DH\H\20220512.mat,3467132,2026-04-02 12:59:44
Soil_Moisture\DDCA\DDCA_DH\H\20220429.mat,2886784,2026-04-02 12:59:43
Soil_Moisture\DDCA\DDCA_DH\H\20220501.mat,2877321,2026-04-02 12:59:43
Soil_Moisture\DDCA\DDCA_DH\H\20220502.mat,2910362,2026-04-02 12:59:43
Soil_Moisture\DDCA\DDCA_DH\H\20220506.mat,3023170,2026-04-02 12:59:43
Soil_Moisture\DDCA\DDCA_DH\H\20220507.mat,3040036,2026-04-02 12:59:43
Soil_Moisture\DDCA\DDCA_DH\H\20220508.mat,3037805,2026-04-02 12:59:43
Soil_Moisture\DDCA\DDCA_DH\H\20220510.mat,3300374,2026-04-02 12:59:43
Soil_Moisture\DDCA\DDCA_DH\H\20220428.mat,2549102,2026-04-02 12:59:42
Soil_Moisture\DDCA\DDCA_DH\H\20220430.mat,3176404,2026-04-02 12:59:42
Soil_Moisture\DDCA\DDCA_DH\H\20220427.mat,3030879,2026-04-02 12:59:41
Soil_Moisture\DDCA\DDCA_DH\H\20220426.mat,3183360,2026-04-02 12:59:40
Soil_Moisture\DDCA\DDCA_DH\H\20220424.mat,3063790,2026-04-02 12:59:39
Soil_Moisture\DDCA\DDCA_DH\H\20220420.mat,3318706,2026-04-02 12:59:38
Soil_Moisture\DDCA\DDCA_DH\H\20220422.mat,2617159,2026-04-02 12:59:38
Soil_Moisture\DDCA\DDCA_DH\H\20220411.mat,2730024,2026-04-02 12:59:37
Soil_Moisture\DDCA\DDCA_DH\H\20220412.mat,3202378,2026-04-02 12:59:37
Soil_Moisture\DDCA\DDCA_DH\H\20220413.mat,2841457,2026-04-02 12:59:37
Soil_Moisture\DDCA\DDCA_DH\H\20220414.mat,2944685,2026-04-02 12:59:37
Soil_Moisture\DDCA\DDCA_DH\H\20220415.mat,3254750,2026-04-02 12:59:37
Soil_Moisture\DDCA\DDCA_DH\H\20220416.mat,2726838,2026-04-02 12:59:37
Soil_Moisture\DDCA\DDCA_DH\H\20220417.mat,3176995,2026-04-02 12:59:37
Soil_Moisture\DDCA\DDCA_DH\H\20220418.mat,3057420,2026-04-02 12:59:37
Soil_Moisture\DDCA\DDCA_DH\H\20220419.mat,2903615,2026-04-02 12:59:37
Soil_Moisture\DDCA\DDCA_DH\H\20220421.mat,2931487,2026-04-02 12:59:37
Soil_Moisture\DDCA\DDCA_DH\H\20220423.mat,2832886,2026-04-02 12:59:37
Soil_Moisture\DDCA\DDCA_DH\H\20220425.mat,3329250,2026-04-02 12:59:37
Soil_Moisture\DDCA\DDCA_DH\H\20220409.mat,2867759,2026-04-02 12:59:34
Soil_Moisture\DDCA\DDCA_DH\H\20220410.mat,2773859,2026-04-02 12:59:34
Soil_Moisture\DDCA\DDCA_DH\H\20220331.mat,2719060,2026-04-02 12:59:32
Soil_Moisture\DDCA\DDCA_DH\H\20220404.mat,3042900,2026-04-02 12:59:32
Soil_Moisture\DDCA\DDCA_DH\H\20220408.mat,2855128,2026-04-02 12:59:32
Soil_Moisture\DDCA\DDCA_DH\H\20220327.mat,2466187,2026-04-02 12:59:31
Soil_Moisture\DDCA\DDCA_DH\H\20220328.mat,2657317,2026-04-02 12:59:31
Soil_Moisture\DDCA\DDCA_DH\H\20220329.mat,2737950,2026-04-02 12:59:31
Soil_Moisture\DDCA\DDCA_DH\H\20220330.mat,2979369,2026-04-02 12:59:31
Soil_Moisture\DDCA\DDCA_DH\H\20220401.mat,2930144,2026-04-02 12:59:31
Soil_Moisture\DDCA\DDCA_DH\H\20220402.mat,2827417,2026-04-02 12:59:31
Soil_Moisture\DDCA\DDCA_DH\H\20220403.mat,1880634,2026-04-02 12:59:31
Soil_Moisture\DDCA\DDCA_DH\H\20220405.mat,2716030,2026-04-02 12:59:31
Soil_Moisture\DDCA\DDCA_DH\H\20220406.mat,2806517,2026-04-02 12:59:31
Soil_Moisture\DDCA\DDCA_DH\H\20220407.mat,3242984,2026-04-02 12:59:31
Soil_Moisture\DDCA\DDCA_DH\H\20220326.mat,2639150,2026-04-02 12:59:30
Soil_Moisture\DDCA\DDCA_DH\H\20220325.mat,2557637,2026-04-02 12:59:29
Soil_Moisture\DDCA\DDCA_DH\H\20220323.mat,2547090,2026-04-02 12:59:28
Soil_Moisture\DDCA\DDCA_DH\H\20220324.mat,2545761,2026-04-02 12:59:28
Soil_Moisture\DDCA\DDCA_DH\H\20220322.mat,3073669,2026-04-02 12:59:27
Soil_Moisture\DDCA\DDCA_DH\H\20220313.mat,2423839,2026-04-02 12:59:26
Soil_Moisture\DDCA\DDCA_DH\H\20220314.mat,2871189,2026-04-02 12:59:26
Soil_Moisture\DDCA\DDCA_DH\H\20220315.mat,2555417,2026-04-02 12:59:26
Soil_Moisture\DDCA\DDCA_DH\H\20220316.mat,2813490,2026-04-02 12:59:26
Soil_Moisture\DDCA\DDCA_DH\H\20220317.mat,2658700,2026-04-02 12:59:26
Soil_Moisture\DDCA\DDCA_DH\H\20220318.mat,2534737,2026-04-02 12:59:26
Soil_Moisture\DDCA\DDCA_DH\H\20220319.mat,2427797,2026-04-02 12:59:26
Soil_Moisture\DDCA\DDCA_DH\H\20220321.mat,2696513,2026-04-02 12:59:26
Soil_Moisture\DDCA\DDCA_DH\H\20220310.mat,2477599,2026-04-02 12:59:25
Soil_Moisture\DDCA\DDCA_DH\H\20220312.mat,2473362,2026-04-02 12:59:25
Soil_Moisture\DDCA\DDCA_DH\H\20220320.mat,1811935,2026-04-02 12:59:25
Soil_Moisture\DDCA\DDCA_DH\H\20220307.mat,2505185,2026-04-02 12:59:24
Soil_Moisture\DDCA\DDCA_DH\H\20220308.mat,2771726,2026-04-02 12:59:24
Soil_Moisture\DDCA\DDCA_DH\H\20220309.mat,1536384,2026-04-02 12:59:24
Soil_Moisture\DDCA\DDCA_DH\H\20220311.mat,2863823,2026-04-02 12:59:24
Soil_Moisture\DDCA\DDCA_DH\H\20220221.mat,2372789,2026-04-02 12:59:21
Soil_Moisture\DDCA\DDCA_DH\H\20220224.mat,2446800,2026-04-02 12:59:21
Soil_Moisture\DDCA\DDCA_DH\H\20220226.mat,2838244,2026-04-02 12:59:21
Soil_Moisture\DDCA\DDCA_DH\H\20220227.mat,2307460,2026-04-02 12:59:21
Soil_Moisture\DDCA\DDCA_DH\H\20220228.mat,2785995,2026-04-02 12:59:21
Soil_Moisture\DDCA\DDCA_DH\H\20220301.mat,2603261,2026-04-02 12:59:21
Soil_Moisture\DDCA\DDCA_DH\H\20220302.mat,2484918,2026-04-02 12:59:21
Soil_Moisture\DDCA\DDCA_DH\H\20220303.mat,2810078,2026-04-02 12:59:21
Soil_Moisture\DDCA\DDCA_DH\H\20220304.mat,2198435,2026-04-02 12:59:21
Soil_Moisture\DDCA\DDCA_DH\H\20220305.mat,2630930,2026-04-02 12:59:21
Soil_Moisture\DDCA\DDCA_DH\H\20220306.mat,2802300,2026-04-02 12:59:21
Soil_Moisture\DDCA\DDCA_DH\H\20220222.mat,2440900,2026-04-02 12:59:20
Soil_Moisture\DDCA\DDCA_DH\H\20220223.mat,2835876,2026-04-02 12:59:20
Soil_Moisture\DDCA\DDCA_DH\H\20220225.mat,2596458,2026-04-02 12:59:20
Soil_Moisture\DDCA\DDCA_DH\H\20220219.mat,2322987,2026-04-02 12:59:18
Soil_Moisture\DDCA\DDCA_DH\H\20220220.mat,2727358,2026-04-02 12:59:18
Soil_Moisture\DDCA\DDCA_DH\H\20220217.mat,2481578,2026-04-02 12:59:17
Soil_Moisture\DDCA\DDCA_DH\H\20220218.mat,2835126,2026-04-02 12:59:17
Soil_Moisture\DDCA\DDCA_DH\H\20220207.mat,2582479,2026-04-02 12:59:16
Soil_Moisture\DDCA\DDCA_DH\H\20220209.mat,2356240,2026-04-02 12:59:16
Soil_Moisture\DDCA\DDCA_DH\H\20220210.mat,2695969,2026-04-02 12:59:16
Soil_Moisture\DDCA\DDCA_DH\H\20220211.mat,2283614,2026-04-02 12:59:16
Soil_Moisture\DDCA\DDCA_DH\H\20220213.mat,2472521,2026-04-02 12:59:16
Soil_Moisture\DDCA\DDCA_DH\H\20220214.mat,2367829,2026-04-02 12:59:16
Soil_Moisture\DDCA\DDCA_DH\H\20220215.mat,1394346,2026-04-02 12:59:16
Soil_Moisture\DDCA\DDCA_DH\H\20220216.mat,2356912,2026-04-02 12:59:16
Soil_Moisture\DDCA\DDCA_DH\H\20220131.mat,2212025,2026-04-02 12:59:15
Soil_Moisture\DDCA\DDCA_DH\H\20220206.mat,2200157,2026-04-02 12:59:15
Soil_Moisture\DDCA\DDCA_DH\H\20220208.mat,2227292,2026-04-02 12:59:15
Soil_Moisture\DDCA\DDCA_DH\H\20220212.mat,2589819,2026-04-02 12:59:15
Soil_Moisture\DDCA\DDCA_DH\H\20220204.mat,2484302,2026-04-02 12:59:14
Soil_Moisture\DDCA\DDCA_DH\H\20220205.mat,2339367,2026-04-02 12:59:14
Soil_Moisture\DDCA\DDCA_DH\H\20220203.mat,2234401,2026-04-02 12:59:13
Soil_Moisture\DDCA\DDCA_DH\H\20220125.mat,2295382,2026-04-02 12:59:12
Soil_Moisture\DDCA\DDCA_DH\H\20220127.mat,2475014,2026-04-02 12:59:12
Soil_Moisture\DDCA\DDCA_DH\H\20220128.mat,2339615,2026-04-02 12:59:12
Soil_Moisture\DDCA\DDCA_DH\H\20220129.mat,2177819,2026-04-02 12:59:12
Soil_Moisture\DDCA\DDCA_DH\H\20220130.mat,2581508,2026-04-02 12:59:12
Soil_Moisture\DDCA\DDCA_DH\H\20220201.mat,2304555,2026-04-02 12:59:12
Soil_Moisture\DDCA\DDCA_DH\H\20220202.mat,2356123,2026-04-02 12:59:12
Soil_Moisture\DDCA\DDCA_DH\H\20220120.mat,2367843,2026-04-02 12:59:11
Soil_Moisture\DDCA\DDCA_DH\H\20220121.mat,2193264,2026-04-02 12:59:11
Soil_Moisture\DDCA\DDCA_DH\H\20220123.mat,2236484,2026-04-02 12:59:11
Soil_Moisture\DDCA\DDCA_DH\H\20220126.mat,2208845,2026-04-02 12:59:11
Soil_Moisture\DDCA\DDCA_DH\H\20220118.mat,2232341,2026-04-02 12:59:10
Soil_Moisture\DDCA\DDCA_DH\H\20220119.mat,2491848,2026-04-02 12:59:10
Soil_Moisture\DDCA\DDCA_DH\H\20220124.mat,2363827,2026-04-02 12:59:10
Soil_Moisture\DDCA\DDCA_DH\H\20220105.mat,2302748,2026-04-02 12:59:08
Soil_Moisture\DDCA\DDCA_DH\H\20220111.mat,2577997,2026-04-02 12:59:08
Soil_Moisture\DDCA\DDCA_DH\H\20220114.mat,2712449,2026-04-02 12:59:08
Soil_Moisture\DDCA\DDCA_DH\H\20220116.mat,2433225,2026-04-02 12:59:08
Soil_Moisture\DDCA\DDCA_DH\H\20220117.mat,2622499,2026-04-02 12:59:08
Soil_Moisture\DDCA\DDCA_DH\H\20220122.mat,2605084,2026-04-02 12:59:08
Soil_Moisture\DDCA\DDCA_DH\H\20220104.mat,2554226,2026-04-02 12:59:07
Soil_Moisture\DDCA\DDCA_DH\H\20220110.mat,2336399,2026-04-02 12:59:07
Soil_Moisture\DDCA\DDCA_DH\H\20220113.mat,2270158,2026-04-02 12:59:07
Soil_Moisture\DDCA\DDCA_DH\H\20220115.mat,2353057,2026-04-02 12:59:07
Soil_Moisture\DDCA\DDCA_DH\H\20220103.mat,2635525,2026-04-02 12:59:06
Soil_Moisture\DDCA\DDCA_DH\H\20220106.mat,2796022,2026-04-02 12:59:06
Soil_Moisture\DDCA\DDCA_DH\H\20220107.mat,2399238,2026-04-02 12:59:06
Soil_Moisture\DDCA\DDCA_DH\H\20220108.mat,2479953,2026-04-02 12:59:06
Soil_Moisture\DDCA\DDCA_DH\H\20220109.mat,2712808,2026-04-02 12:59:06
Soil_Moisture\DDCA\DDCA_DH\H\20220112.mat,2500548,2026-04-02 12:59:06
Soil_Moisture\DDCA\DDCA_DH\H\20220102.mat,2370501,2026-04-02 12:59:05
Soil_Moisture\DDCA\DDCA_DH\H\20220101.mat,2872096,2026-04-02 12:59:04
Soil_Moisture\DDCA\DDCA_DH\H\20211224.mat,2499839,2026-04-02 12:59:03
Soil_Moisture\DDCA\DDCA_DH\H\20211227.mat,2163459,2026-04-02 12:59:03
Soil_Moisture\DDCA\DDCA_DH\H\20211218.mat,2452096,2026-04-02 12:59:02
Soil_Moisture\DDCA\DDCA_DH\H\20211219.mat,2091280,2026-04-02 12:59:02
Soil_Moisture\DDCA\DDCA_DH\H\20211220.mat,2188390,2026-04-02 12:59:02
Soil_Moisture\DDCA\DDCA_DH\H\20211221.mat,2529339,2026-04-02 12:59:02
Soil_Moisture\DDCA\DDCA_DH\H\20211222.mat,2212076,2026-04-02 12:59:02
Soil_Moisture\DDCA\DDCA_DH\H\20211223.mat,2382903,2026-04-02 12:59:02
Soil_Moisture\DDCA\DDCA_DH\H\20211225.mat,2234039,2026-04-02 12:59:02
Soil_Moisture\DDCA\DDCA_DH\H\20211226.mat,2516461,2026-04-02 12:59:02
Soil_Moisture\DDCA\DDCA_DH\H\20211229.mat,238696,2026-04-02 12:59:02
Soil_Moisture\DDCA\DDCA_DH\H\20211231.mat,238696,2026-04-02 12:59:02
Soil_Moisture\DDCA\DDCA_DH\H\20211215.mat,2348789,2026-04-02 12:59:01
Soil_Moisture\DDCA\DDCA_DH\H\20211216.mat,2449866,2026-04-02 12:59:01
Soil_Moisture\DDCA\DDCA_DH\H\20211228.mat,238696,2026-04-02 12:59:01
Soil_Moisture\DDCA\DDCA_DH\H\20211230.mat,238696,2026-04-02 12:59:01
Soil_Moisture\DDCA\DDCA_DH\H\20211203.mat,2260378,2026-04-02 12:59:00
Soil_Moisture\DDCA\DDCA_DH\H\20211217.mat,2186952,2026-04-02 12:59:00
Soil_Moisture\DDCA\DDCA_DH\H\20211208.mat,1978235,2026-04-02 12:58:59
Soil_Moisture\DDCA\DDCA_DH\H\20211212.mat,1918051,2026-04-02 12:58:59
Soil_Moisture\DDCA\DDCA_DH\H\20211213.mat,2587037,2026-04-02 12:58:59
Soil_Moisture\DDCA\DDCA_DH\H\20211214.mat,2161902,2026-04-02 12:58:59
Soil_Moisture\DDCA\DDCA_DH\H\20211204.mat,2177362,2026-04-02 12:58:58
Soil_Moisture\DDCA\DDCA_DH\H\20211205.mat,2576942,2026-04-02 12:58:58
Soil_Moisture\DDCA\DDCA_DH\H\20211206.mat,2091200,2026-04-02 12:58:58
Soil_Moisture\DDCA\DDCA_DH\H\20211207.mat,2338757,2026-04-02 12:58:58
Soil_Moisture\DDCA\DDCA_DH\H\20211209.mat,2170811,2026-04-02 12:58:58
Soil_Moisture\DDCA\DDCA_DH\H\20211210.mat,2461400,2026-04-02 12:58:58
Soil_Moisture\DDCA\DDCA_DH\H\20211211.mat,2226073,2026-04-02 12:58:58
Soil_Moisture\DDCA\DDCA_DH\H\20211130.mat,2422987,2026-04-02 12:58:57
Soil_Moisture\DDCA\DDCA_DH\H\20211201.mat,2148935,2026-04-02 12:58:57
Soil_Moisture\DDCA\DDCA_DH\H\20211202.mat,2443471,2026-04-02 12:58:57
Soil_Moisture\DDCA\DDCA_DH\H\20211128.mat,2120076,2026-04-02 12:58:56
Soil_Moisture\DDCA\DDCA_DH\H\20211127.mat,2558245,2026-04-02 12:58:55
Soil_Moisture\DDCA\DDCA_DH\H\20211129.mat,2318076,2026-04-02 12:58:55
Soil_Moisture\DDCA\DDCA_DH\H\20211118.mat,2158813,2026-04-02 12:58:54
Soil_Moisture\DDCA\DDCA_DH\H\20211119.mat,2574921,2026-04-02 12:58:54
Soil_Moisture\DDCA\DDCA_DH\H\20211120.mat,2124225,2026-04-02 12:58:54
Soil_Moisture\DDCA\DDCA_DH\H\20211121.mat,2325162,2026-04-02 12:58:54
Soil_Moisture\DDCA\DDCA_DH\H\20211122.mat,2438079,2026-04-02 12:58:54
Soil_Moisture\DDCA\DDCA_DH\H\20211123.mat,2150712,2026-04-02 12:58:54
Soil_Moisture\DDCA\DDCA_DH\H\20211124.mat,2426854,2026-04-02 12:58:54
Soil_Moisture\DDCA\DDCA_DH\H\20211125.mat,2266829,2026-04-02 12:58:54
Soil_Moisture\DDCA\DDCA_DH\H\20211126.mat,2156436,2026-04-02 12:58:54
Soil_Moisture\DDCA\DDCA_DH\H\20211116.mat,2786256,2026-04-02 12:58:53
Soil_Moisture\DDCA\DDCA_DH\H\20211117.mat,2652053,2026-04-02 12:58:53
Soil_Moisture\DDCA\DDCA_DH\H\20211112.mat,2432710,2026-04-02 12:58:52
Soil_Moisture\DDCA\DDCA_DH\H\20211113.mat,2608238,2026-04-02 12:58:52
Soil_Moisture\DDCA\DDCA_DH\H\20211114.mat,2777302,2026-04-02 12:58:52
Soil_Moisture\DDCA\DDCA_DH\H\20211115.mat,2471261,2026-04-02 12:58:52
Soil_Moisture\DDCA\DDCA_DH\H\20211029.mat,3046155,2026-04-02 12:58:50
Soil_Moisture\DDCA\DDCA_DH\H\20211107.mat,2582572,2026-04-02 12:58:50
Soil_Moisture\DDCA\DDCA_DH\H\20211109.mat,2742315,2026-04-02 12:58:50
Soil_Moisture\DDCA\DDCA_DH\H\20211111.mat,2956912,2026-04-02 12:58:50
Soil_Moisture\DDCA\DDCA_DH\H\20211030.mat,2665836,2026-04-02 12:58:49
Soil_Moisture\DDCA\DDCA_DH\H\20211102.mat,2535291,2026-04-02 12:58:49
Soil_Moisture\DDCA\DDCA_DH\H\20211103.mat,3088339,2026-04-02 12:58:49
Soil_Moisture\DDCA\DDCA_DH\H\20211104.mat,2544226,2026-04-02 12:58:49
Soil_Moisture\DDCA\DDCA_DH\H\20211106.mat,2928050,2026-04-02 12:58:49
Soil_Moisture\DDCA\DDCA_DH\H\20211108.mat,2557178,2026-04-02 12:58:49
Soil_Moisture\DDCA\DDCA_DH\H\20211110.mat,2339761,2026-04-02 12:58:49
Soil_Moisture\DDCA\DDCA_DH\H\20211028.mat,2814349,2026-04-02 12:58:48
Soil_Moisture\DDCA\DDCA_DH\H\20211031.mat,3043957,2026-04-02 12:58:48
Soil_Moisture\DDCA\DDCA_DH\H\20211101.mat,2886105,2026-04-02 12:58:48
Soil_Moisture\DDCA\DDCA_DH\H\20211105.mat,2747054,2026-04-02 12:58:48
Soil_Moisture\DDCA\DDCA_DH\H\20211027.mat,2632496,2026-04-02 12:58:46
Soil_Moisture\DDCA\DDCA_DH\H\20211026.mat,3202307,2026-04-02 12:58:45
Soil_Moisture\DDCA\DDCA_DH\H\20211018.mat,3315989,2026-04-02 12:58:44
Soil_Moisture\DDCA\DDCA_DH\H\20211019.mat,2748294,2026-04-02 12:58:44
Soil_Moisture\DDCA\DDCA_DH\H\20211022.mat,2777895,2026-04-02 12:58:44
Soil_Moisture\DDCA\DDCA_DH\H\20211023.mat,3150613,2026-04-02 12:58:44
Soil_Moisture\DDCA\DDCA_DH\H\20211024.mat,2975966,2026-04-02 12:58:44
Soil_Moisture\DDCA\DDCA_DH\H\20211025.mat,2477511,2026-04-02 12:58:44
Soil_Moisture\DDCA\DDCA_DH\H\20211011.mat,2908397,2026-04-02 12:58:43
Soil_Moisture\DDCA\DDCA_DH\H\20211012.mat,3017515,2026-04-02 12:58:43
Soil_Moisture\DDCA\DDCA_DH\H\20211013.mat,3291751,2026-04-02 12:58:43
Soil_Moisture\DDCA\DDCA_DH\H\20211014.mat,2057601,2026-04-02 12:58:43
Soil_Moisture\DDCA\DDCA_DH\H\20211016.mat,3188052,2026-04-02 12:58:43
Soil_Moisture\DDCA\DDCA_DH\H\20211017.mat,2721565,2026-04-02 12:58:43
Soil_Moisture\DDCA\DDCA_DH\H\20211020.mat,2943481,2026-04-02 12:58:43
Soil_Moisture\DDCA\DDCA_DH\H\20211021.mat,2821046,2026-04-02 12:58:43
Soil_Moisture\DDCA\DDCA_DH\H\20211010.mat,3410409,2026-04-02 12:58:42
Soil_Moisture\DDCA\DDCA_DH\H\20211015.mat,2720757,2026-04-02 12:58:40
Soil_Moisture\DDCA\DDCA_DH\H\20210930.mat,3433198,2026-04-02 12:58:38
Soil_Moisture\DDCA\DDCA_DH\H\20211001.mat,2961101,2026-04-02 12:58:38
Soil_Moisture\DDCA\DDCA_DH\H\20211002.mat,3625974,2026-04-02 12:58:38
Soil_Moisture\DDCA\DDCA_DH\H\20211003.mat,3069556,2026-04-02 12:58:38
Soil_Moisture\DDCA\DDCA_DH\H\20211004.mat,3167532,2026-04-02 12:58:38
Soil_Moisture\DDCA\DDCA_DH\H\20211005.mat,3471522,2026-04-02 12:58:38
Soil_Moisture\DDCA\DDCA_DH\H\20211006.mat,3074491,2026-04-02 12:58:38
Soil_Moisture\DDCA\DDCA_DH\H\20211007.mat,3388156,2026-04-02 12:58:38
Soil_Moisture\DDCA\DDCA_DH\H\20211008.mat,3299104,2026-04-02 12:58:38
Soil_Moisture\DDCA\DDCA_DH\H\20211009.mat,2818636,2026-04-02 12:58:38
Soil_Moisture\DDCA\DDCA_DH\H\20210925.mat,3286443,2026-04-02 12:58:37
Soil_Moisture\DDCA\DDCA_DH\H\20210926.mat,3375356,2026-04-02 12:58:37
Soil_Moisture\DDCA\DDCA_DH\H\20210927.mat,3716828,2026-04-02 12:58:37
Soil_Moisture\DDCA\DDCA_DH\H\20210928.mat,3269811,2026-04-02 12:58:37
Soil_Moisture\DDCA\DDCA_DH\H\20210929.mat,3608367,2026-04-02 12:58:37
Soil_Moisture\DDCA\DDCA_DH\H\20210921.mat,3885963,2026-04-02 12:58:35
Soil_Moisture\DDCA\DDCA_DH\H\20210924.mat,3861401,2026-04-02 12:58:33
Soil_Moisture\DDCA\DDCA_DH\H\20210911.mat,4221930,2026-04-02 12:58:32
Soil_Moisture\DDCA\DDCA_DH\H\20210912.mat,3720207,2026-04-02 12:58:32
Soil_Moisture\DDCA\DDCA_DH\H\20210914.mat,4139295,2026-04-02 12:58:32
Soil_Moisture\DDCA\DDCA_DH\H\20210915.mat,3421096,2026-04-02 12:58:32
Soil_Moisture\DDCA\DDCA_DH\H\20210916.mat,4189187,2026-04-02 12:58:32
Soil_Moisture\DDCA\DDCA_DH\H\20210918.mat,3637527,2026-04-02 12:58:32
Soil_Moisture\DDCA\DDCA_DH\H\20210919.mat,3843836,2026-04-02 12:58:32
Soil_Moisture\DDCA\DDCA_DH\H\20210920.mat,3568339,2026-04-02 12:58:32
Soil_Moisture\DDCA\DDCA_DH\H\20210922.mat,3818784,2026-04-02 12:58:32
Soil_Moisture\DDCA\DDCA_DH\H\20210923.mat,3168109,2026-04-02 12:58:32
Soil_Moisture\DDCA\DDCA_DH\H\20210913.mat,4037913,2026-04-02 12:58:31
Soil_Moisture\DDCA\DDCA_DH\H\20210917.mat,3592985,2026-04-02 12:58:31
Soil_Moisture\DDCA\DDCA_DH\H\20210909.mat,3364651,2026-04-02 12:58:28
Soil_Moisture\DDCA\DDCA_DH\H\20210910.mat,3762228,2026-04-02 12:58:28
Soil_Moisture\DDCA\DDCA_DH\H\20210828.mat,4257499,2026-04-02 12:58:25
Soil_Moisture\DDCA\DDCA_DH\H\20210829.mat,4509368,2026-04-02 12:58:25
Soil_Moisture\DDCA\DDCA_DH\H\20210831.mat,4447726,2026-04-02 12:58:25
Soil_Moisture\DDCA\DDCA_DH\H\20210902.mat,3841250,2026-04-02 12:58:25
Soil_Moisture\DDCA\DDCA_DH\H\20210903.mat,4336167,2026-04-02 12:58:25
Soil_Moisture\DDCA\DDCA_DH\H\20210904.mat,3844704,2026-04-02 12:58:25
Soil_Moisture\DDCA\DDCA_DH\H\20210905.mat,4108179,2026-04-02 12:58:25
Soil_Moisture\DDCA\DDCA_DH\H\20210906.mat,4224367,2026-04-02 12:58:25
Soil_Moisture\DDCA\DDCA_DH\H\20210907.mat,3549315,2026-04-02 12:58:25
Soil_Moisture\DDCA\DDCA_DH\H\20210908.mat,4355687,2026-04-02 12:58:25
Soil_Moisture\DDCA\DDCA_DH\H\20210830.mat,3406368,2026-04-02 12:58:24
Soil_Moisture\DDCA\DDCA_DH\H\20210901.mat,3906099,2026-04-02 12:58:24
Soil_Moisture\DDCA\DDCA_DH\H\20210817.mat,3899309,2026-04-02 12:58:19
Soil_Moisture\DDCA\DDCA_DH\H\20210818.mat,4673890,2026-04-02 12:58:19
Soil_Moisture\DDCA\DDCA_DH\H\20210819.mat,4270793,2026-04-02 12:58:19
Soil_Moisture\DDCA\DDCA_DH\H\20210820.mat,4428408,2026-04-02 12:58:19
Soil_Moisture\DDCA\DDCA_DH\H\20210821.mat,4649074,2026-04-02 12:58:19
Soil_Moisture\DDCA\DDCA_DH\H\20210822.mat,3935399,2026-04-02 12:58:19
Soil_Moisture\DDCA\DDCA_DH\H\20210823.mat,4483535,2026-04-02 12:58:19
Soil_Moisture\DDCA\DDCA_DH\H\20210824.mat,3834504,2026-04-02 12:58:19
Soil_Moisture\DDCA\DDCA_DH\H\20210825.mat,4040990,2026-04-02 12:58:19
Soil_Moisture\DDCA\DDCA_DH\H\20210826.mat,4506962,2026-04-02 12:58:19
Soil_Moisture\DDCA\DDCA_DH\H\20210827.mat,4094682,2026-04-02 12:58:19
Soil_Moisture\DDCA\DDCA_DH\H\20210815.mat,4728727,2026-04-02 12:58:14
Soil_Moisture\DDCA\DDCA_DH\H\20210816.mat,4303192,2026-04-02 12:58:14
Soil_Moisture\DDCA\DDCA_DH\H\20210805.mat,4808243,2026-04-02 12:58:13
Soil_Moisture\DDCA\DDCA_DH\H\20210808.mat,4011989,2026-04-02 12:58:13
Soil_Moisture\DDCA\DDCA_DH\H\20210809.mat,4272128,2026-04-02 12:58:13
Soil_Moisture\DDCA\DDCA_DH\H\20210810.mat,4741860,2026-04-02 12:58:13
Soil_Moisture\DDCA\DDCA_DH\H\20210811.mat,4332210,2026-04-02 12:58:13
Soil_Moisture\DDCA\DDCA_DH\H\20210812.mat,4471441,2026-04-02 12:58:13
Soil_Moisture\DDCA\DDCA_DH\H\20210813.mat,4840539,2026-04-02 12:58:13
Soil_Moisture\DDCA\DDCA_DH\H\20210814.mat,4051242,2026-04-02 12:58:13
Soil_Moisture\DDCA\DDCA_DH\H\20210804.mat,4590890,2026-04-02 12:58:12
Soil_Moisture\DDCA\DDCA_DH\H\20210806.mat,4173862,2026-04-02 12:58:12
Soil_Moisture\DDCA\DDCA_DH\H\20210807.mat,4798814,2026-04-02 12:58:11
Soil_Moisture\DDCA\DDCA_DH\H\20210729.mat,4252893,2026-04-02 12:58:07
Soil_Moisture\DDCA\DDCA_DH\H\20210731.mat,4493910,2026-04-02 12:58:07
Soil_Moisture\DDCA\DDCA_DH\H\20210801.mat,4383579,2026-04-02 12:58:07
Soil_Moisture\DDCA\DDCA_DH\H\20210802.mat,4443489,2026-04-02 12:58:07
Soil_Moisture\DDCA\DDCA_DH\H\20210803.mat,4441810,2026-04-02 12:58:07
Soil_Moisture\DDCA\DDCA_DH\H\20210725.mat,4919688,2026-04-02 12:58:06
Soil_Moisture\DDCA\DDCA_DH\H\20210726.mat,4476273,2026-04-02 12:58:06
Soil_Moisture\DDCA\DDCA_DH\H\20210727.mat,4260645,2026-04-02 12:58:06
Soil_Moisture\DDCA\DDCA_DH\H\20210728.mat,4916194,2026-04-02 12:58:06
Soil_Moisture\DDCA\DDCA_DH\H\20210730.mat,4886046,2026-04-02 12:58:06
Soil_Moisture\DDCA\DDCA_DH\H\20210723.mat,4528078,2026-04-02 12:58:02
Soil_Moisture\DDCA\DDCA_DH\H\20210724.mat,4407120,2026-04-02 12:58:02
Soil_Moisture\DDCA\DDCA_DH\H\20210716.mat,4371596,2026-04-02 12:58:01
Soil_Moisture\DDCA\DDCA_DH\H\20210717.mat,4848138,2026-04-02 12:58:01
Soil_Moisture\DDCA\DDCA_DH\H\20210718.mat,4427259,2026-04-02 12:58:01
Soil_Moisture\DDCA\DDCA_DH\H\20210719.mat,4529084,2026-04-02 12:58:01
Soil_Moisture\DDCA\DDCA_DH\H\20210720.mat,4936872,2026-04-02 12:58:01
Soil_Moisture\DDCA\DDCA_DH\H\20210721.mat,4291081,2026-04-02 12:58:01
Soil_Moisture\DDCA\DDCA_DH\H\20210722.mat,4935996,2026-04-02 12:58:01
Soil_Moisture\DDCA\DDCA_DH\H\20210715.mat,4448760,2026-04-02 12:58:00
Soil_Moisture\DDCA\DDCA_DH\H\20210710.mat,4353385,2026-04-02 12:57:56
Soil_Moisture\DDCA\DDCA_DH\H\20210711.mat,4524956,2026-04-02 12:57:56
Soil_Moisture\DDCA\DDCA_DH\H\20210712.mat,4836959,2026-04-02 12:57:56
Soil_Moisture\DDCA\DDCA_DH\H\20210713.mat,4221146,2026-04-02 12:57:56
Soil_Moisture\DDCA\DDCA_DH\H\20210714.mat,4898694,2026-04-02 12:57:56
Soil_Moisture\DDCA\DDCA_DH\H\20210705.mat,4203051,2026-04-02 12:57:55
Soil_Moisture\DDCA\DDCA_DH\H\20210706.mat,4856281,2026-04-02 12:57:55
Soil_Moisture\DDCA\DDCA_DH\H\20210707.mat,4394732,2026-04-02 12:57:55
Soil_Moisture\DDCA\DDCA_DH\H\20210708.mat,4216773,2026-04-02 12:57:55
Soil_Moisture\DDCA\DDCA_DH\H\20210709.mat,4792552,2026-04-02 12:57:55
Soil_Moisture\DDCA\DDCA_DH\H\20210704.mat,4726740,2026-04-02 12:57:52
Soil_Moisture\DDCA\DDCA_DH\H\20210625.mat,4441511,2026-04-02 12:57:50
Soil_Moisture\DDCA\DDCA_DH\H\20210626.mat,4411552,2026-04-02 12:57:50
Soil_Moisture\DDCA\DDCA_DH\H\20210629.mat,4313819,2026-04-02 12:57:50
Soil_Moisture\DDCA\DDCA_DH\H\20210701.mat,4701070,2026-04-02 12:57:50
Soil_Moisture\DDCA\DDCA_DH\H\20210703.mat,4415810,2026-04-02 12:57:50
Soil_Moisture\DDCA\DDCA_DH\H\20210627.mat,4124728,2026-04-02 12:57:49
Soil_Moisture\DDCA\DDCA_DH\H\20210628.mat,4786785,2026-04-02 12:57:49
Soil_Moisture\DDCA\DDCA_DH\H\20210630.mat,4059270,2026-04-02 12:57:49
Soil_Moisture\DDCA\DDCA_DH\H\20210702.mat,4274590,2026-04-02 12:57:49
Soil_Moisture\DDCA\DDCA_DH\H\20210624.mat,4212737,2026-04-02 12:57:48
Soil_Moisture\DDCA\DDCA_DH\H\20210623.mat,4658390,2026-04-02 12:57:47
Soil_Moisture\DDCA\DDCA_DH\H\20210618.mat,4567162,2026-04-02 12:57:45
Soil_Moisture\DDCA\DDCA_DH\H\20210615.mat,4489301,2026-04-02 12:57:44
Soil_Moisture\DDCA\DDCA_DH\H\20210616.mat,4060371,2026-04-02 12:57:44
Soil_Moisture\DDCA\DDCA_DH\H\20210617.mat,4303193,2026-04-02 12:57:44
Soil_Moisture\DDCA\DDCA_DH\H\20210619.mat,4094417,2026-04-02 12:57:44
Soil_Moisture\DDCA\DDCA_DH\H\20210620.mat,4761566,2026-04-02 12:57:44
Soil_Moisture\DDCA\DDCA_DH\H\20210621.mat,4251929,2026-04-02 12:57:44
Soil_Moisture\DDCA\DDCA_DH\H\20210622.mat,4242613,2026-04-02 12:57:44
Soil_Moisture\DDCA\DDCA_DH\H\20210612.mat,4610041,2026-04-02 12:57:43
Soil_Moisture\DDCA\DDCA_DH\H\20210614.mat,4107475,2026-04-02 12:57:43
Soil_Moisture\DDCA\DDCA_DH\H\20210613.mat,4081962,2026-04-02 12:57:42
Soil_Moisture\DDCA\DDCA_DH\H\20210604.mat,4459171,2026-04-02 12:57:39
Soil_Moisture\DDCA\DDCA_DH\H\20210610.mat,4429197,2026-04-02 12:57:39
Soil_Moisture\DDCA\DDCA_DH\H\20210611.mat,3927551,2026-04-02 12:57:39
Soil_Moisture\DDCA\DDCA_DH\H\20210531.mat,3758377,2026-04-02 12:57:38
Soil_Moisture\DDCA\DDCA_DH\H\20210602.mat,4241462,2026-04-02 12:57:38
Soil_Moisture\DDCA\DDCA_DH\H\20210603.mat,3819805,2026-04-02 12:57:38
Soil_Moisture\DDCA\DDCA_DH\H\20210605.mat,3952395,2026-04-02 12:57:38
Soil_Moisture\DDCA\DDCA_DH\H\20210606.mat,3906577,2026-04-02 12:57:38
Soil_Moisture\DDCA\DDCA_DH\H\20210607.mat,4345474,2026-04-02 12:57:38
Soil_Moisture\DDCA\DDCA_DH\H\20210608.mat,3908240,2026-04-02 12:57:38
Soil_Moisture\DDCA\DDCA_DH\H\20210609.mat,4165614,2026-04-02 12:57:38
Soil_Moisture\DDCA\DDCA_DH\H\20210530.mat,4139904,2026-04-02 12:57:37
Soil_Moisture\DDCA\DDCA_DH\H\20210601.mat,4060162,2026-04-02 12:57:37
Soil_Moisture\DDCA\DDCA_DH\H\20210529.mat,3850110,2026-04-02 12:57:35
Soil_Moisture\DDCA\DDCA_DH\H\20210526.mat,3471826,2026-04-02 12:57:34
Soil_Moisture\DDCA\DDCA_DH\H\20210528.mat,3719106,2026-04-02 12:57:33
Soil_Moisture\DDCA\DDCA_DH\H\20210518.mat,3598879,2026-04-02 12:57:32
Soil_Moisture\DDCA\DDCA_DH\H\20210520.mat,3701788,2026-04-02 12:57:32
Soil_Moisture\DDCA\DDCA_DH\H\20210522.mat,4056609,2026-04-02 12:57:32
Soil_Moisture\DDCA\DDCA_DH\H\20210523.mat,3696983,2026-04-02 12:57:32
Soil_Moisture\DDCA\DDCA_DH\H\20210524.mat,3961479,2026-04-02 12:57:32
Soil_Moisture\DDCA\DDCA_DH\H\20210525.mat,4121248,2026-04-02 12:57:32
Soil_Moisture\DDCA\DDCA_DH\H\20210527.mat,4264529,2026-04-02 12:57:32
Soil_Moisture\DDCA\DDCA_DH\H\20210516.mat,3859313,2026-04-02 12:57:31
Soil_Moisture\DDCA\DDCA_DH\H\20210517.mat,3955611,2026-04-02 12:57:31
Soil_Moisture\DDCA\DDCA_DH\H\20210519.mat,4159430,2026-04-02 12:57:31
Soil_Moisture\DDCA\DDCA_DH\H\20210521.mat,3732262,2026-04-02 12:57:31
Soil_Moisture\DDCA\DDCA_DH\H\20210515.mat,3594739,2026-04-02 12:57:30
Soil_Moisture\DDCA\DDCA_DH\H\20210513.mat,3662271,2026-04-02 12:57:28
Soil_Moisture\DDCA\DDCA_DH\H\20210509.mat,3880512,2026-04-02 12:57:27
Soil_Moisture\DDCA\DDCA_DH\H\20210511.mat,3812069,2026-04-02 12:57:27
Soil_Moisture\DDCA\DDCA_DH\H\20210514.mat,3956283,2026-04-02 12:57:27
Soil_Moisture\DDCA\DDCA_DH\H\20210507.mat,3381979,2026-04-02 12:57:26
Soil_Moisture\DDCA\DDCA_DH\H\20210505.mat,3465582,2026-04-02 12:57:25
Soil_Moisture\DDCA\DDCA_DH\H\20210506.mat,3712443,2026-04-02 12:57:25
Soil_Moisture\DDCA\DDCA_DH\H\20210508.mat,3641768,2026-04-02 12:57:25
Soil_Moisture\DDCA\DDCA_DH\H\20210510.mat,3503892,2026-04-02 12:57:25
Soil_Moisture\DDCA\DDCA_DH\H\20210512.mat,3601137,2026-04-02 12:57:25
Soil_Moisture\DDCA\DDCA_DH\H\20210502.mat,3299918,2026-04-02 12:57:24
Soil_Moisture\DDCA\DDCA_DH\H\20210503.mat,3814486,2026-04-02 12:57:24
Soil_Moisture\DDCA\DDCA_DH\H\20210504.mat,3379614,2026-04-02 12:57:24
Soil_Moisture\DDCA\DDCA_DH\H\20210430.mat,3524196,2026-04-02 12:57:23
Soil_Moisture\DDCA\DDCA_DH\H\20210501.mat,3585832,2026-04-02 12:57:23
Soil_Moisture\DDCA\DDCA_DH\H\20210428.mat,3533099,2026-04-02 12:57:22
Soil_Moisture\DDCA\DDCA_DH\H\20210429.mat,3193182,2026-04-02 12:57:22
Soil_Moisture\DDCA\DDCA_DH\H\20210420.mat,3365710,2026-04-02 12:57:21
Soil_Moisture\DDCA\DDCA_DH\H\20210423.mat,3448165,2026-04-02 12:57:20
Soil_Moisture\DDCA\DDCA_DH\H\20210425.mat,3607456,2026-04-02 12:57:19
Soil_Moisture\DDCA\DDCA_DH\H\20210426.mat,3204544,2026-04-02 12:57:19
Soil_Moisture\DDCA\DDCA_DH\H\20210427.mat,3268011,2026-04-02 12:57:19
Soil_Moisture\DDCA\DDCA_DH\H\20210418.mat,2957601,2026-04-02 12:57:18
Soil_Moisture\DDCA\DDCA_DH\H\20210419.mat,3159010,2026-04-02 12:57:18
Soil_Moisture\DDCA\DDCA_DH\H\20210421.mat,3076241,2026-04-02 12:57:18
Soil_Moisture\DDCA\DDCA_DH\H\20210422.mat,3314865,2026-04-02 12:57:18
Soil_Moisture\DDCA\DDCA_DH\H\20210424.mat,3116370,2026-04-02 12:57:18
Soil_Moisture\DDCA\DDCA_DH\H\20210416.mat,3023461,2026-04-02 12:57:17
Soil_Moisture\DDCA\DDCA_DH\H\20210417.mat,3430779,2026-04-02 12:57:17
Soil_Moisture\DDCA\DDCA_DH\H\20210412.mat,3228248,2026-04-02 12:57:16
Soil_Moisture\DDCA\DDCA_DH\H\20210413.mat,3002156,2026-04-02 12:57:16
Soil_Moisture\DDCA\DDCA_DH\H\20210414.mat,3198166,2026-04-02 12:57:16
Soil_Moisture\DDCA\DDCA_DH\H\20210415.mat,3255482,2026-04-02 12:57:16
Soil_Moisture\DDCA\DDCA_DH\H\20210410.mat,2775024,2026-04-02 12:57:14
Soil_Moisture\DDCA\DDCA_DH\H\20210411.mat,3062597,2026-04-02 12:57:14
Soil_Moisture\DDCA\DDCA_DH\H\20210402.mat,2874959,2026-04-02 12:57:13
Soil_Moisture\DDCA\DDCA_DH\H\20210409.mat,3288233,2026-04-02 12:57:13
Soil_Moisture\DDCA\DDCA_DH\H\20210404.mat,3134979,2026-04-02 12:57:12
Soil_Moisture\DDCA\DDCA_DH\H\20210405.mat,2922190,2026-04-02 12:57:12
Soil_Moisture\DDCA\DDCA_DH\H\20210407.mat,3181800,2026-04-02 12:57:12
Soil_Moisture\DDCA\DDCA_DH\H\20210408.mat,2846606,2026-04-02 12:57:12
Soil_Moisture\DDCA\DDCA_DH\H\20210328.mat,2798873,2026-04-02 12:57:11
Soil_Moisture\DDCA\DDCA_DH\H\20210331.mat,2884886,2026-04-02 12:57:11
Soil_Moisture\DDCA\DDCA_DH\H\20210401.mat,3210791,2026-04-02 12:57:11
Soil_Moisture\DDCA\DDCA_DH\H\20210403.mat,2995733,2026-04-02 12:57:11
Soil_Moisture\DDCA\DDCA_DH\H\20210406.mat,3129093,2026-04-02 12:57:11
Soil_Moisture\DDCA\DDCA_DH\H\20210327.mat,3008904,2026-04-02 12:57:10
Soil_Moisture\DDCA\DDCA_DH\H\20210330.mat,3008724,2026-04-02 12:57:10
Soil_Moisture\DDCA\DDCA_DH\H\20210326.mat,2898079,2026-04-02 12:57:09
Soil_Moisture\DDCA\DDCA_DH\H\20210329.mat,3020819,2026-04-02 12:57:09
Soil_Moisture\DDCA\DDCA_DH\H\20210322.mat,2906474,2026-04-02 12:57:08
Soil_Moisture\DDCA\DDCA_DH\H\20210323.mat,2781838,2026-04-02 12:57:08
Soil_Moisture\DDCA\DDCA_DH\H\20210324.mat,3100553,2026-04-02 12:57:08
Soil_Moisture\DDCA\DDCA_DH\H\20210325.mat,2746995,2026-04-02 12:57:07
Soil_Moisture\DDCA\DDCA_DH\H\20210320.mat,2707303,2026-04-02 12:57:06
Soil_Moisture\DDCA\DDCA_DH\H\20210321.mat,2956987,2026-04-02 12:57:06
Soil_Moisture\DDCA\DDCA_DH\H\20210310.mat,2513960,2026-04-02 12:57:05
Soil_Moisture\DDCA\DDCA_DH\H\20210312.mat,2619881,2026-04-02 12:57:05
Soil_Moisture\DDCA\DDCA_DH\H\20210314.mat,2826385,2026-04-02 12:57:05
Soil_Moisture\DDCA\DDCA_DH\H\20210315.mat,2526722,2026-04-02 12:57:05
Soil_Moisture\DDCA\DDCA_DH\H\20210316.mat,3052140,2026-04-02 12:57:05
Soil_Moisture\DDCA\DDCA_DH\H\20210317.mat,2414431,2026-04-02 12:57:05
Soil_Moisture\DDCA\DDCA_DH\H\20210318.mat,2826950,2026-04-02 12:57:05
Soil_Moisture\DDCA\DDCA_DH\H\20210319.mat,2938533,2026-04-02 12:57:05
Soil_Moisture\DDCA\DDCA_DH\H\20210313.mat,2791007,2026-04-02 12:57:04
Soil_Moisture\DDCA\DDCA_DH\H\20210308.mat,2434376,2026-04-02 12:57:03
Soil_Moisture\DDCA\DDCA_DH\H\20210309.mat,2443288,2026-04-02 12:57:03
Soil_Moisture\DDCA\DDCA_DH\H\20210311.mat,2894541,2026-04-02 12:57:03
Soil_Moisture\DDCA\DDCA_DH\H\20210307.mat,2590893,2026-04-02 12:57:02
Soil_Moisture\DDCA\DDCA_DH\H\20210202.mat,2340163,2026-04-02 12:57:01
Soil_Moisture\DDCA\DDCA_DH\H\20210304.mat,2583830,2026-04-02 12:57:01
Soil_Moisture\DDCA\DDCA_DH\H\20210305.mat,2843954,2026-04-02 12:57:01
Soil_Moisture\DDCA\DDCA_DH\H\20210228.mat,2947886,2026-04-02 12:57:00
Soil_Moisture\DDCA\DDCA_DH\H\20210301.mat,2555371,2026-04-02 12:57:00
Soil_Moisture\DDCA\DDCA_DH\H\20210302.mat,2697934,2026-04-02 12:57:00
Soil_Moisture\DDCA\DDCA_DH\H\20210303.mat,2837798,2026-04-02 12:57:00
Soil_Moisture\DDCA\DDCA_DH\H\20210306.mat,2830871,2026-04-02 12:57:00
Soil_Moisture\DDCA\DDCA_DH\H\20210225.mat,2752952,2026-04-02 12:56:59
Soil_Moisture\DDCA\DDCA_DH\H\20210226.mat,2760554,2026-04-02 12:56:59
Soil_Moisture\DDCA\DDCA_DH\H\20210227.mat,2536704,2026-04-02 12:56:59
Soil_Moisture\DDCA\DDCA_DH\H\20210220.mat,2861264,2026-04-02 12:56:58
Soil_Moisture\DDCA\DDCA_DH\H\20210222.mat,2616737,2026-04-02 12:56:58
Soil_Moisture\DDCA\DDCA_DH\H\20210223.mat,2744732,2026-04-02 12:56:58
Soil_Moisture\DDCA\DDCA_DH\H\20210224.mat,2495004,2026-04-02 12:56:58
Soil_Moisture\DDCA\DDCA_DH\H\20210219.mat,2460415,2026-04-02 12:56:57
Soil_Moisture\DDCA\DDCA_DH\H\20210221.mat,2475465,2026-04-02 12:56:57
Soil_Moisture\DDCA\DDCA_DH\H\20210215.mat,2576107,2026-04-02 12:56:56
Soil_Moisture\DDCA\DDCA_DH\H\20210218.mat,2667787,2026-04-02 12:56:56
Soil_Moisture\DDCA\DDCA_DH\H\20210213.mat,2306996,2026-04-02 12:56:55
Soil_Moisture\DDCA\DDCA_DH\H\20210216.mat,2347108,2026-04-02 12:56:55
Soil_Moisture\DDCA\DDCA_DH\H\20210217.mat,2655490,2026-04-02 12:56:55
Soil_Moisture\DDCA\DDCA_DH\H\20210211.mat,2070951,2026-04-02 12:56:54
Soil_Moisture\DDCA\DDCA_DH\H\20210212.mat,2478732,2026-04-02 12:56:54
Soil_Moisture\DDCA\DDCA_DH\H\20210214.mat,2532392,2026-04-02 12:56:54
Soil_Moisture\DDCA\DDCA_DH\H\20210203.mat,2254964,2026-04-02 12:56:53
Soil_Moisture\DDCA\DDCA_DH\H\20210205.mat,2229380,2026-04-02 12:56:53
Soil_Moisture\DDCA\DDCA_DH\H\20210207.mat,2429558,2026-04-02 12:56:53
Soil_Moisture\DDCA\DDCA_DH\H\20210208.mat,2287902,2026-04-02 12:56:53
Soil_Moisture\DDCA\DDCA_DH\H\20210209.mat,2538741,2026-04-02 12:56:53
Soil_Moisture\DDCA\DDCA_DH\H\20210210.mat,2455486,2026-04-02 12:56:53
Soil_Moisture\DDCA\DDCA_DH\H\20210206.mat,2447363,2026-04-02 12:56:52
Soil_Moisture\DDCA\DDCA_DH\H\20210123.mat,2331057,2026-04-02 12:56:51
Soil_Moisture\DDCA\DDCA_DH\H\20210130.mat,2428740,2026-04-02 12:56:51
Soil_Moisture\DDCA\DDCA_DH\H\20210201.mat,2515455,2026-04-02 12:56:51
Soil_Moisture\DDCA\DDCA_DH\H\20210125.mat,2323308,2026-04-02 12:56:50
Soil_Moisture\DDCA\DDCA_DH\H\20210127.mat,2567501,2026-04-02 12:56:50
Soil_Moisture\DDCA\DDCA_DH\H\20210129.mat,2426679,2026-04-02 12:56:50
Soil_Moisture\DDCA\DDCA_DH\H\20210131.mat,2130842,2026-04-02 12:56:50
Soil_Moisture\DDCA\DDCA_DH\H\20210204.mat,2571604,2026-04-02 12:56:50
Soil_Moisture\DDCA\DDCA_DH\H\20210121.mat,2312023,2026-04-02 12:56:49
Soil_Moisture\DDCA\DDCA_DH\H\20210122.mat,2361735,2026-04-02 12:56:49
Soil_Moisture\DDCA\DDCA_DH\H\20210124.mat,2551978,2026-04-02 12:56:49
Soil_Moisture\DDCA\DDCA_DH\H\20210126.mat,2285343,2026-04-02 12:56:49
Soil_Moisture\DDCA\DDCA_DH\H\20210128.mat,2233355,2026-04-02 12:56:49
Soil_Moisture\DDCA\DDCA_DH\H\20210118.mat,2318893,2026-04-02 12:56:48
Soil_Moisture\DDCA\DDCA_DH\H\20210120.mat,2270273,2026-04-02 12:56:48
Soil_Moisture\DDCA\DDCA_DH\H\20210115.mat,2396710,2026-04-02 12:56:47
Soil_Moisture\DDCA\DDCA_DH\H\20210116.mat,2295438,2026-04-02 12:56:47
Soil_Moisture\DDCA\DDCA_DH\H\20210119.mat,2603616,2026-04-02 12:56:47
Soil_Moisture\DDCA\DDCA_DH\H\20210108.mat,2624441,2026-04-02 12:56:46
Soil_Moisture\DDCA\DDCA_DH\H\20210112.mat,2345830,2026-04-02 12:56:46
Soil_Moisture\DDCA\DDCA_DH\H\20210117.mat,2036462,2026-04-02 12:56:46
Soil_Moisture\DDCA\DDCA_DH\H\20210104.mat,2359424,2026-04-02 12:56:45
Soil_Moisture\DDCA\DDCA_DH\H\20210107.mat,2416337,2026-04-02 12:56:45
Soil_Moisture\DDCA\DDCA_DH\H\20210109.mat,2436457,2026-04-02 12:56:45
Soil_Moisture\DDCA\DDCA_DH\H\20210110.mat,2372716,2026-04-02 12:56:45
Soil_Moisture\DDCA\DDCA_DH\H\20210111.mat,2478816,2026-04-02 12:56:45
Soil_Moisture\DDCA\DDCA_DH\H\20210113.mat,2507643,2026-04-02 12:56:45
Soil_Moisture\DDCA\DDCA_DH\H\20210114.mat,2521078,2026-04-02 12:56:45
Soil_Moisture\DDCA\DDCA_DH\H\20210101.mat,2552553,2026-04-02 12:56:44
Soil_Moisture\DDCA\DDCA_DH\H\20210102.mat,2383548,2026-04-02 12:56:44
Soil_Moisture\DDCA\DDCA_DH\H\20210105.mat,2528403,2026-04-02 12:56:44
Soil_Moisture\DDCA\DDCA_DH\H\20210106.mat,2549971,2026-04-02 12:56:44
Soil_Moisture\DDCA\DDCA_DH\H\20201223.mat,2627953,2026-04-02 12:56:43
Soil_Moisture\DDCA\DDCA_DH\H\20210103.mat,2689011,2026-04-02 12:56:43
Soil_Moisture\DDCA\DDCA_DH\H\20201225.mat,2237780,2026-04-02 12:56:42
Soil_Moisture\DDCA\DDCA_DH\H\20201231.mat,238696,2026-04-02 12:56:42
Soil_Moisture\DDCA\DDCA_DH\H\20201224.mat,2427307,2026-04-02 12:56:41
Soil_Moisture\DDCA\DDCA_DH\H\20201228.mat,238696,2026-04-02 12:56:41
Soil_Moisture\DDCA\DDCA_DH\H\20201222.mat,2359848,2026-04-02 12:56:40
Soil_Moisture\DDCA\DDCA_DH\H\20201226.mat,2802262,2026-04-02 12:56:40
Soil_Moisture\DDCA\DDCA_DH\H\20201227.mat,238696,2026-04-02 12:56:40
Soil_Moisture\DDCA\DDCA_DH\H\20201229.mat,238696,2026-04-02 12:56:40
Soil_Moisture\DDCA\DDCA_DH\H\20201230.mat,238696,2026-04-02 12:56:40
Soil_Moisture\DDCA\DDCA_DH\H\20201211.mat,2302826,2026-04-02 12:56:39
Soil_Moisture\DDCA\DDCA_DH\H\20201214.mat,2149630,2026-04-02 12:56:39
Soil_Moisture\DDCA\DDCA_DH\H\20201215.mat,2390020,2026-04-02 12:56:39
Soil_Moisture\DDCA\DDCA_DH\H\20201216.mat,2230626,2026-04-02 12:56:39
Soil_Moisture\DDCA\DDCA_DH\H\20201217.mat,2235080,2026-04-02 12:56:39
Soil_Moisture\DDCA\DDCA_DH\H\20201218.mat,2694304,2026-04-02 12:56:39
Soil_Moisture\DDCA\DDCA_DH\H\20201219.mat,2331213,2026-04-02 12:56:39
Soil_Moisture\DDCA\DDCA_DH\H\20201220.mat,1614957,2026-04-02 12:56:39
Soil_Moisture\DDCA\DDCA_DH\H\20201221.mat,2269265,2026-04-02 12:56:39
Soil_Moisture\DDCA\DDCA_DH\H\20201205.mat,2506408,2026-04-02 12:56:38
Soil_Moisture\DDCA\DDCA_DH\H\20201209.mat,1935133,2026-04-02 12:56:38
Soil_Moisture\DDCA\DDCA_DH\H\20201210.mat,2660656,2026-04-02 12:56:38
Soil_Moisture\DDCA\DDCA_DH\H\20201212.mat,2376737,2026-04-02 12:56:38
Soil_Moisture\DDCA\DDCA_DH\H\20201213.mat,2541723,2026-04-02 12:56:38
Soil_Moisture\DDCA\DDCA_DH\H\20201206.mat,2288976,2026-04-02 12:56:37
Soil_Moisture\DDCA\DDCA_DH\H\20201208.mat,2374176,2026-04-02 12:56:37
Soil_Moisture\DDCA\DDCA_DH\H\20201202.mat,2611772,2026-04-02 12:56:36
Soil_Moisture\DDCA\DDCA_DH\H\20201203.mat,1616826,2026-04-02 12:56:36
Soil_Moisture\DDCA\DDCA_DH\H\20201204.mat,2234527,2026-04-02 12:56:36
Soil_Moisture\DDCA\DDCA_DH\H\20201124.mat,2609838,2026-04-02 12:56:35
Soil_Moisture\DDCA\DDCA_DH\H\20201128.mat,2019295,2026-04-02 12:56:35
Soil_Moisture\DDCA\DDCA_DH\H\20201130.mat,2347120,2026-04-02 12:56:35
Soil_Moisture\DDCA\DDCA_DH\H\20201201.mat,2105060,2026-04-02 12:56:35
Soil_Moisture\DDCA\DDCA_DH\H\20201207.mat,2473110,2026-04-02 12:56:35
Soil_Moisture\DDCA\DDCA_DH\H\20201125.mat,2239307,2026-04-02 12:56:34
Soil_Moisture\DDCA\DDCA_DH\H\20201126.mat,2293195,2026-04-02 12:56:34
Soil_Moisture\DDCA\DDCA_DH\H\20201127.mat,2343268,2026-04-02 12:56:34
Soil_Moisture\DDCA\DDCA_DH\H\20201129.mat,2450922,2026-04-02 12:56:34
Soil_Moisture\DDCA\DDCA_DH\H\20201121.mat,2468442,2026-04-02 12:56:33
Soil_Moisture\DDCA\DDCA_DH\H\20201115.mat,2436877,2026-04-02 12:56:32
Soil_Moisture\DDCA\DDCA_DH\H\20201116.mat,2948110,2026-04-02 12:56:32
Soil_Moisture\DDCA\DDCA_DH\H\20201118.mat,2327884,2026-04-02 12:56:32
Soil_Moisture\DDCA\DDCA_DH\H\20201122.mat,2222179,2026-04-02 12:56:32
Soil_Moisture\DDCA\DDCA_DH\H\20201123.mat,1968722,2026-04-02 12:56:32
Soil_Moisture\DDCA\DDCA_DH\H\20201113.mat,2743923,2026-04-02 12:56:31
Soil_Moisture\DDCA\DDCA_DH\H\20201114.mat,2641896,2026-04-02 12:56:31
Soil_Moisture\DDCA\DDCA_DH\H\20201117.mat,2058725,2026-04-02 12:56:31
Soil_Moisture\DDCA\DDCA_DH\H\20201119.mat,2503060,2026-04-02 12:56:31
Soil_Moisture\DDCA\DDCA_DH\H\20201120.mat,2022988,2026-04-02 12:56:31
Soil_Moisture\DDCA\DDCA_DH\H\20201109.mat,2278301,2026-04-02 12:56:30
Soil_Moisture\DDCA\DDCA_DH\H\20201111.mat,2809930,2026-04-02 12:56:30
Soil_Moisture\DDCA\DDCA_DH\H\20201112.mat,2525560,2026-04-02 12:56:30
Soil_Moisture\DDCA\DDCA_DH\H\20201107.mat,2181617,2026-04-02 12:56:29
Soil_Moisture\DDCA\DDCA_DH\H\20201110.mat,1995304,2026-04-02 12:56:29
Soil_Moisture\DDCA\DDCA_DH\H\20201029.mat,2839069,2026-04-02 12:56:28
Soil_Moisture\DDCA\DDCA_DH\H\20201103.mat,2977565,2026-04-02 12:56:28
Soil_Moisture\DDCA\DDCA_DH\H\20201106.mat,2786485,2026-04-02 12:56:28
Soil_Moisture\DDCA\DDCA_DH\H\20201101.mat,2644332,2026-04-02 12:56:27
Soil_Moisture\DDCA\DDCA_DH\H\20201102.mat,2563124,2026-04-02 12:56:27
Soil_Moisture\DDCA\DDCA_DH\H\20201104.mat,2669704,2026-04-02 12:56:27
Soil_Moisture\DDCA\DDCA_DH\H\20201105.mat,2919615,2026-04-02 12:56:27
Soil_Moisture\DDCA\DDCA_DH\H\20201108.mat,3146352,2026-04-02 12:56:27
Soil_Moisture\DDCA\DDCA_DH\H\20201025.mat,2834722,2026-04-02 12:56:26
Soil_Moisture\DDCA\DDCA_DH\H\20201026.mat,3051735,2026-04-02 12:56:26
Soil_Moisture\DDCA\DDCA_DH\H\20201030.mat,2568726,2026-04-02 12:56:26
Soil_Moisture\DDCA\DDCA_DH\H\20201031.mat,3257504,2026-04-02 12:56:26
Soil_Moisture\DDCA\DDCA_DH\H\20201027.mat,2419007,2026-04-02 12:56:25
Soil_Moisture\DDCA\DDCA_DH\H\20201028.mat,2899783,2026-04-02 12:56:25
Soil_Moisture\DDCA\DDCA_DH\H\20201021.mat,2692133,2026-04-02 12:56:24
Soil_Moisture\DDCA\DDCA_DH\H\20201022.mat,2676175,2026-04-02 12:56:24
Soil_Moisture\DDCA\DDCA_DH\H\20201023.mat,3307887,2026-04-02 12:56:24
Soil_Moisture\DDCA\DDCA_DH\H\20201024.mat,2682270,2026-04-02 12:56:24
Soil_Moisture\DDCA\DDCA_DH\H\20201018.mat,3118471,2026-04-02 12:56:22
Soil_Moisture\DDCA\DDCA_DH\H\20201019.mat,2772564,2026-04-02 12:56:22
Soil_Moisture\DDCA\DDCA_DH\H\20201020.mat,3050956,2026-04-02 12:56:22
Soil_Moisture\DDCA\DDCA_DH\H\20201012.mat,2960362,2026-04-02 12:56:21
Soil_Moisture\DDCA\DDCA_DH\H\20201013.mat,2972795,2026-04-02 12:56:21
Soil_Moisture\DDCA\DDCA_DH\H\20201015.mat,3387385,2026-04-02 12:56:21
Soil_Moisture\DDCA\DDCA_DH\H\20201016.mat,2739521,2026-04-02 12:56:21
Soil_Moisture\DDCA\DDCA_DH\H\20201017.mat,2890695,2026-04-02 12:56:21
Soil_Moisture\DDCA\DDCA_DH\H\20201006.mat,2131496,2026-04-02 12:56:20
Soil_Moisture\DDCA\DDCA_DH\H\20201010.mat,3022606,2026-04-02 12:56:20
Soil_Moisture\DDCA\DDCA_DH\H\20201011.mat,2841081,2026-04-02 12:56:20
Soil_Moisture\DDCA\DDCA_DH\H\20201014.mat,2746265,2026-04-02 12:56:20
Soil_Moisture\DDCA\DDCA_DH\H\20201007.mat,3559055,2026-04-02 12:56:19
Soil_Moisture\DDCA\DDCA_DH\H\20201008.mat,2839469,2026-04-02 12:56:19
Soil_Moisture\DDCA\DDCA_DH\H\20201009.mat,2362434,2026-04-02 12:56:19
Soil_Moisture\DDCA\DDCA_DH\H\20201002.mat,3364220,2026-04-02 12:56:18
Soil_Moisture\DDCA\DDCA_DH\H\20201004.mat,3190785,2026-04-02 12:56:18
Soil_Moisture\DDCA\DDCA_DH\H\20201005.mat,3159660,2026-04-02 12:56:18
Soil_Moisture\DDCA\DDCA_DH\H\20200927.mat,3333002,2026-04-02 12:56:16
Soil_Moisture\DDCA\DDCA_DH\H\20200929.mat,3297892,2026-04-02 12:56:16
Soil_Moisture\DDCA\DDCA_DH\H\20200930.mat,3010698,2026-04-02 12:56:16
Soil_Moisture\DDCA\DDCA_DH\H\20201003.mat,2998828,2026-04-02 12:56:16
Soil_Moisture\DDCA\DDCA_DH\H\20200920.mat,3128767,2026-04-02 12:56:15
Soil_Moisture\DDCA\DDCA_DH\H\20200923.mat,3150810,2026-04-02 12:56:15
Soil_Moisture\DDCA\DDCA_DH\H\20200928.mat,3007590,2026-04-02 12:56:15
Soil_Moisture\DDCA\DDCA_DH\H\20201001.mat,2828100,2026-04-02 12:56:15
Soil_Moisture\DDCA\DDCA_DH\H\20200921.mat,3823462,2026-04-02 12:56:14
Soil_Moisture\DDCA\DDCA_DH\H\20200922.mat,3181974,2026-04-02 12:56:14
Soil_Moisture\DDCA\DDCA_DH\H\20200926.mat,3332933,2026-04-02 12:56:14
Soil_Moisture\DDCA\DDCA_DH\H\20200914.mat,3340769,2026-04-02 12:56:13
Soil_Moisture\DDCA\DDCA_DH\H\20200919.mat,3516238,2026-04-02 12:56:13
Soil_Moisture\DDCA\DDCA_DH\H\20200924.mat,3508503,2026-04-02 12:56:13
Soil_Moisture\DDCA\DDCA_DH\H\20200925.mat,3152694,2026-04-02 12:56:13
Soil_Moisture\DDCA\DDCA_DH\H\20200918.mat,3477293,2026-04-02 12:56:12
Soil_Moisture\DDCA\DDCA_DH\H\20200915.mat,3277207,2026-04-02 12:56:11
Soil_Moisture\DDCA\DDCA_DH\H\20200916.mat,3695189,2026-04-02 12:56:11
Soil_Moisture\DDCA\DDCA_DH\H\20200912.mat,3299839,2026-04-02 12:56:10
Soil_Moisture\DDCA\DDCA_DH\H\20200913.mat,4013345,2026-04-02 12:56:10
Soil_Moisture\DDCA\DDCA_DH\H\20200904.mat,3515394,2026-04-02 12:56:09
Soil_Moisture\DDCA\DDCA_DH\H\20200917.mat,3093987,2026-04-02 12:56:09
Soil_Moisture\DDCA\DDCA_DH\H\20200906.mat,3496079,2026-04-02 12:56:08
Soil_Moisture\DDCA\DDCA_DH\H\20200910.mat,3626213,2026-04-02 12:56:08
Soil_Moisture\DDCA\DDCA_DH\H\20200911.mat,3649463,2026-04-02 12:56:08
Soil_Moisture\DDCA\DDCA_DH\H\20200902.mat,3931873,2026-04-02 12:56:07
Soil_Moisture\DDCA\DDCA_DH\H\20200907.mat,3438057,2026-04-02 12:56:07
Soil_Moisture\DDCA\DDCA_DH\H\20200909.mat,3459492,2026-04-02 12:56:07
Soil_Moisture\DDCA\DDCA_DH\H\20200831.mat,4117895,2026-04-02 12:56:06
Soil_Moisture\DDCA\DDCA_DH\H\20200903.mat,3968631,2026-04-02 12:56:06
Soil_Moisture\DDCA\DDCA_DH\H\20200905.mat,4307509,2026-04-02 12:56:06
Soil_Moisture\DDCA\DDCA_DH\H\20200830.mat,3717862,2026-04-02 12:56:05
Soil_Moisture\DDCA\DDCA_DH\H\20200901.mat,3769413,2026-04-02 12:56:05
Soil_Moisture\DDCA\DDCA_DH\H\20200908.mat,3811917,2026-04-02 12:56:05
Soil_Moisture\DDCA\DDCA_DH\H\20200826.mat,4234034,2026-04-02 12:56:02
Soil_Moisture\DDCA\DDCA_DH\H\20200827.mat,3824924,2026-04-02 12:56:02
Soil_Moisture\DDCA\DDCA_DH\H\20200824.mat,4023948,2026-04-02 12:56:01
Soil_Moisture\DDCA\DDCA_DH\H\20200825.mat,4139090,2026-04-02 12:56:01
Soil_Moisture\DDCA\DDCA_DH\H\20200828.mat,4660624,2026-04-02 12:56:01
Soil_Moisture\DDCA\DDCA_DH\H\20200829.mat,3809576,2026-04-02 12:56:01
Soil_Moisture\DDCA\DDCA_DH\H\20200819.mat,4203562,2026-04-02 12:56:00
Soil_Moisture\DDCA\DDCA_DH\H\20200820.mat,4915259,2026-04-02 12:56:00
Soil_Moisture\DDCA\DDCA_DH\H\20200821.mat,4074193,2026-04-02 12:56:00
Soil_Moisture\DDCA\DDCA_DH\H\20200822.mat,3927170,2026-04-02 12:56:00
Soil_Moisture\DDCA\DDCA_DH\H\20200823.mat,4420822,2026-04-02 12:56:00
Soil_Moisture\DDCA\DDCA_DH\H\20200818.mat,4647615,2026-04-02 12:55:58
Soil_Moisture\DDCA\DDCA_DH\H\20200812.mat,5254275,2026-04-02 12:55:55
Soil_Moisture\DDCA\DDCA_DH\H\20200813.mat,4503061,2026-04-02 12:55:55
Soil_Moisture\DDCA\DDCA_DH\H\20200816.mat,4440601,2026-04-02 12:55:55
Soil_Moisture\DDCA\DDCA_DH\H\20200817.mat,4452457,2026-04-02 12:55:55
Soil_Moisture\DDCA\DDCA_DH\H\20200811.mat,4368019,2026-04-02 12:55:54
Soil_Moisture\DDCA\DDCA_DH\H\20200814.mat,4192736,2026-04-02 12:55:54
Soil_Moisture\DDCA\DDCA_DH\H\20200815.mat,4801672,2026-04-02 12:55:54
Soil_Moisture\DDCA\DDCA_DH\H\20200808.mat,4644583,2026-04-02 12:55:53
Soil_Moisture\DDCA\DDCA_DH\H\20200809.mat,4589337,2026-04-02 12:55:53
Soil_Moisture\DDCA\DDCA_DH\H\20200810.mat,4628013,2026-04-02 12:55:53
Soil_Moisture\DDCA\DDCA_DH\H\20200807.mat,4998851,2026-04-02 12:55:52
Soil_Moisture\DDCA\DDCA_DH\H\20200805.mat,4439208,2026-04-02 12:55:51
Soil_Moisture\DDCA\DDCA_DH\H\20200804.mat,5222539,2026-04-02 12:55:49
Soil_Moisture\DDCA\DDCA_DH\H\20200806.mat,4404205,2026-04-02 12:55:49
Soil_Moisture\DDCA\DDCA_DH\H\20200717.mat,4469245,2026-04-02 12:55:48
Soil_Moisture\DDCA\DDCA_DH\H\20200727.mat,5236300,2026-04-02 12:55:48
Soil_Moisture\DDCA\DDCA_DH\H\20200801.mat,4684407,2026-04-02 12:55:48
Soil_Moisture\DDCA\DDCA_DH\H\20200802.mat,4920217,2026-04-02 12:55:48
Soil_Moisture\DDCA\DDCA_DH\H\20200803.mat,4347833,2026-04-02 12:55:48
Soil_Moisture\DDCA\DDCA_DH\H\20200729.mat,4523440,2026-04-02 12:55:47
Soil_Moisture\DDCA\DDCA_DH\H\20200731.mat,4696137,2026-04-02 12:55:47
Soil_Moisture\DDCA\DDCA_DH\H\20200728.mat,4342602,2026-04-02 12:55:46
Soil_Moisture\DDCA\DDCA_DH\H\20200730.mat,5025474,2026-04-02 12:55:46
Soil_Moisture\DDCA\DDCA_DH\H\20200722.mat,5007009,2026-04-02 12:55:42
Soil_Moisture\DDCA\DDCA_DH\H\20200723.mat,4630951,2026-04-02 12:55:42
Soil_Moisture\DDCA\DDCA_DH\H\20200724.mat,4671021,2026-04-02 12:55:42
Soil_Moisture\DDCA\DDCA_DH\H\20200725.mat,4878341,2026-04-02 12:55:42
Soil_Moisture\DDCA\DDCA_DH\H\20200726.mat,4432472,2026-04-02 12:55:42
Soil_Moisture\DDCA\DDCA_DH\H\20200718.mat,4291156,2026-04-02 12:55:41
Soil_Moisture\DDCA\DDCA_DH\H\20200719.mat,5073412,2026-04-02 12:55:41
Soil_Moisture\DDCA\DDCA_DH\H\20200720.mat,4705570,2026-04-02 12:55:41
Soil_Moisture\DDCA\DDCA_DH\H\20200721.mat,4475730,2026-04-02 12:55:41
Soil_Moisture\DDCA\DDCA_DH\H\20200716.mat,4565811,2026-04-02 12:55:39
Soil_Moisture\DDCA\DDCA_DH\H\20200715.mat,4496945,2026-04-02 12:55:37
Soil_Moisture\DDCA\DDCA_DH\H\20200710.mat,4208061,2026-04-02 12:55:36
Soil_Moisture\DDCA\DDCA_DH\H\20200711.mat,4131889,2026-04-02 12:55:36
Soil_Moisture\DDCA\DDCA_DH\H\20200712.mat,4288825,2026-04-02 12:55:36
Soil_Moisture\DDCA\DDCA_DH\H\20200713.mat,4089455,2026-04-02 12:55:36
Soil_Moisture\DDCA\DDCA_DH\H\20200714.mat,4587152,2026-04-02 12:55:36
Soil_Moisture\DDCA\DDCA_DH\H\20200706.mat,4776358,2026-04-02 12:55:35
Soil_Moisture\DDCA\DDCA_DH\H\20200707.mat,4337611,2026-04-02 12:55:35
Soil_Moisture\DDCA\DDCA_DH\H\20200708.mat,4275924,2026-04-02 12:55:35
Soil_Moisture\DDCA\DDCA_DH\H\20200709.mat,4588543,2026-04-02 12:55:35
Soil_Moisture\DDCA\DDCA_DH\H\20200704.mat,4448258,2026-04-02 12:55:34
Soil_Moisture\DDCA\DDCA_DH\H\20200705.mat,4069729,2026-04-02 12:55:34
Soil_Moisture\DDCA\DDCA_DH\H\20200703.mat,4907650,2026-04-02 12:55:32
Soil_Moisture\DDCA\DDCA_DH\H\20200625.mat,4850185,2026-04-02 12:55:31
Soil_Moisture\DDCA\DDCA_DH\H\20200701.mat,4486728,2026-04-02 12:55:31
Soil_Moisture\DDCA\DDCA_DH\H\20200702.mat,4075330,2026-04-02 12:55:31
Soil_Moisture\DDCA\DDCA_DH\H\20200630.mat,4386712,2026-04-02 12:55:30
Soil_Moisture\DDCA\DDCA_DH\H\20200624.mat,3975439,2026-04-02 12:55:29
Soil_Moisture\DDCA\DDCA_DH\H\20200628.mat,4212596,2026-04-02 12:55:29
Soil_Moisture\DDCA\DDCA_DH\H\20200622.mat,4508482,2026-04-02 12:55:28
Soil_Moisture\DDCA\DDCA_DH\H\20200623.mat,4394490,2026-04-02 12:55:28
Soil_Moisture\DDCA\DDCA_DH\H\20200626.mat,4242015,2026-04-02 12:55:28
Soil_Moisture\DDCA\DDCA_DH\H\20200627.mat,4072137,2026-04-02 12:55:28
Soil_Moisture\DDCA\DDCA_DH\H\20200629.mat,4263452,2026-04-02 12:55:28
Soil_Moisture\DDCA\DDCA_DH\H\20200621.mat,4206233,2026-04-02 12:55:27
Soil_Moisture\DDCA\DDCA_DH\H\20200620.mat,4572623,2026-04-02 12:55:24
Soil_Moisture\DDCA\DDCA_DH\H\20200614.mat,4223560,2026-04-02 12:55:23
Soil_Moisture\DDCA\DDCA_DH\H\20200617.mat,4772626,2026-04-02 12:55:23
Soil_Moisture\DDCA\DDCA_DH\H\20200619.mat,4121973,2026-04-02 12:55:23
Soil_Moisture\DDCA\DDCA_DH\H\20200613.mat,3558523,2026-04-02 12:55:22
Soil_Moisture\DDCA\DDCA_DH\H\20200615.mat,4255943,2026-04-02 12:55:22
Soil_Moisture\DDCA\DDCA_DH\H\20200616.mat,3916759,2026-04-02 12:55:22
Soil_Moisture\DDCA\DDCA_DH\H\20200618.mat,3543763,2026-04-02 12:55:22
Soil_Moisture\DDCA\DDCA_DH\H\20200610.mat,3703018,2026-04-02 12:55:21
Soil_Moisture\DDCA\DDCA_DH\H\20200612.mat,4200147,2026-04-02 12:55:21
Soil_Moisture\DDCA\DDCA_DH\H\20200608.mat,3792959,2026-04-02 12:55:20
Soil_Moisture\DDCA\DDCA_DH\H\20200609.mat,4643657,2026-04-02 12:55:20
Soil_Moisture\DDCA\DDCA_DH\H\20200611.mat,3206152,2026-04-02 12:55:20
Soil_Moisture\DDCA\DDCA_DH\H\20200606.mat,4101818,2026-04-02 12:55:18
Soil_Moisture\DDCA\DDCA_DH\H\20200526.mat,3147497,2026-04-02 12:55:16
Soil_Moisture\DDCA\DDCA_DH\H\20200529.mat,3957354,2026-04-02 12:55:16
Soil_Moisture\DDCA\DDCA_DH\H\20200530.mat,3958605,2026-04-02 12:55:16
Soil_Moisture\DDCA\DDCA_DH\H\20200531.mat,3650615,2026-04-02 12:55:16
Soil_Moisture\DDCA\DDCA_DH\H\20200601.mat,4365162,2026-04-02 12:55:16
Soil_Moisture\DDCA\DDCA_DH\H\20200602.mat,3937653,2026-04-02 12:55:16
Soil_Moisture\DDCA\DDCA_DH\H\20200603.mat,3604136,2026-04-02 12:55:16
Soil_Moisture\DDCA\DDCA_DH\H\20200604.mat,4269440,2026-04-02 12:55:16
Soil_Moisture\DDCA\DDCA_DH\H\20200605.mat,3966264,2026-04-02 12:55:16
Soil_Moisture\DDCA\DDCA_DH\H\20200607.mat,4099551,2026-04-02 12:55:16
Soil_Moisture\DDCA\DDCA_DH\H\20200525.mat,3820149,2026-04-02 12:55:15
Soil_Moisture\DDCA\DDCA_DH\H\20200527.mat,4114746,2026-04-02 12:55:15
Soil_Moisture\DDCA\DDCA_DH\H\20200528.mat,3815407,2026-04-02 12:55:15
Soil_Moisture\DDCA\DDCA_DH\H\20200524.mat,4329198,2026-04-02 12:55:12
Soil_Moisture\DDCA\DDCA_DH\H\20200512.mat,3541729,2026-04-02 12:55:09
Soil_Moisture\DDCA\DDCA_DH\H\20200514.mat,3719693,2026-04-02 12:55:09
Soil_Moisture\DDCA\DDCA_DH\H\20200515.mat,3418005,2026-04-02 12:55:09
Soil_Moisture\DDCA\DDCA_DH\H\20200516.mat,4142707,2026-04-02 12:55:09
Soil_Moisture\DDCA\DDCA_DH\H\20200517.mat,3685720,2026-04-02 12:55:09
Soil_Moisture\DDCA\DDCA_DH\H\20200518.mat,3407238,2026-04-02 12:55:09
Soil_Moisture\DDCA\DDCA_DH\H\20200519.mat,3967325,2026-04-02 12:55:09
Soil_Moisture\DDCA\DDCA_DH\H\20200520.mat,3667737,2026-04-02 12:55:09
Soil_Moisture\DDCA\DDCA_DH\H\20200521.mat,3787814,2026-04-02 12:55:09
Soil_Moisture\DDCA\DDCA_DH\H\20200522.mat,3837969,2026-04-02 12:55:09
Soil_Moisture\DDCA\DDCA_DH\H\20200523.mat,3518419,2026-04-02 12:55:09
Soil_Moisture\DDCA\DDCA_DH\H\20200509.mat,3560521,2026-04-02 12:55:08
Soil_Moisture\DDCA\DDCA_DH\H\20200510.mat,3551459,2026-04-02 12:55:08
Soil_Moisture\DDCA\DDCA_DH\H\20200511.mat,3860838,2026-04-02 12:55:08
Soil_Moisture\DDCA\DDCA_DH\H\20200513.mat,3731600,2026-04-02 12:55:08
Soil_Moisture\DDCA\DDCA_DH\H\20200430.mat,3870503,2026-04-02 12:55:04
Soil_Moisture\DDCA\DDCA_DH\H\20200501.mat,3473562,2026-04-02 12:55:03
Soil_Moisture\DDCA\DDCA_DH\H\20200506.mat,3621838,2026-04-02 12:55:03
Soil_Moisture\DDCA\DDCA_DH\H\20200508.mat,3945927,2026-04-02 12:55:03
Soil_Moisture\DDCA\DDCA_DH\H\20200406.mat,3269627,2026-04-02 12:55:02
Soil_Moisture\DDCA\DDCA_DH\H\20200426.mat,3327105,2026-04-02 12:55:02
Soil_Moisture\DDCA\DDCA_DH\H\20200427.mat,3562080,2026-04-02 12:55:02
Soil_Moisture\DDCA\DDCA_DH\H\20200429.mat,3263929,2026-04-02 12:55:02
Soil_Moisture\DDCA\DDCA_DH\H\20200503.mat,3741989,2026-04-02 12:55:02
Soil_Moisture\DDCA\DDCA_DH\H\20200504.mat,3447829,2026-04-02 12:55:02
Soil_Moisture\DDCA\DDCA_DH\H\20200505.mat,3569197,2026-04-02 12:55:02
Soil_Moisture\DDCA\DDCA_DH\H\20200507.mat,3352495,2026-04-02 12:55:02
Soil_Moisture\DDCA\DDCA_DH\H\20200424.mat,3389622,2026-04-02 12:55:01
Soil_Moisture\DDCA\DDCA_DH\H\20200428.mat,3196023,2026-04-02 12:55:01
Soil_Moisture\DDCA\DDCA_DH\H\20200502.mat,3408040,2026-04-02 12:55:01
Soil_Moisture\DDCA\DDCA_DH\H\20200425.mat,3605356,2026-04-02 12:55:00
Soil_Moisture\DDCA\DDCA_DH\H\20200420.mat,3320325,2026-04-02 12:54:57
Soil_Moisture\DDCA\DDCA_DH\H\20200422.mat,3779290,2026-04-02 12:54:57
Soil_Moisture\DDCA\DDCA_DH\H\20200423.mat,3318212,2026-04-02 12:54:57
Soil_Moisture\DDCA\DDCA_DH\H\20200415.mat,3024203,2026-04-02 12:54:56
Soil_Moisture\DDCA\DDCA_DH\H\20200416.mat,2898017,2026-04-02 12:54:56
Soil_Moisture\DDCA\DDCA_DH\H\20200418.mat,3228373,2026-04-02 12:54:56
Soil_Moisture\DDCA\DDCA_DH\H\20200419.mat,3482921,2026-04-02 12:54:56
Soil_Moisture\DDCA\DDCA_DH\H\20200411.mat,3349375,2026-04-02 12:54:55
Soil_Moisture\DDCA\DDCA_DH\H\20200413.mat,3095691,2026-04-02 12:54:55
Soil_Moisture\DDCA\DDCA_DH\H\20200414.mat,3611025,2026-04-02 12:54:55
Soil_Moisture\DDCA\DDCA_DH\H\20200417.mat,3469712,2026-04-02 12:54:55
Soil_Moisture\DDCA\DDCA_DH\H\20200421.mat,3198561,2026-04-02 12:54:55
Soil_Moisture\DDCA\DDCA_DH\H\20200405.mat,2624899,2026-04-02 12:54:54
Soil_Moisture\DDCA\DDCA_DH\H\20200412.mat,3191633,2026-04-02 12:54:54
Soil_Moisture\DDCA\DDCA_DH\H\20200409.mat,3239821,2026-04-02 12:54:53
Soil_Moisture\DDCA\DDCA_DH\H\20200410.mat,3089313,2026-04-02 12:54:53
Soil_Moisture\DDCA\DDCA_DH\H\20200329.mat,3391589,2026-04-02 12:54:52
Soil_Moisture\DDCA\DDCA_DH\H\20200408.mat,3214751,2026-04-02 12:54:51
Soil_Moisture\DDCA\DDCA_DH\H\20200330.mat,2874153,2026-04-02 12:54:50
Soil_Moisture\DDCA\DDCA_DH\H\20200331.mat,3121167,2026-04-02 12:54:50
Soil_Moisture\DDCA\DDCA_DH\H\20200401.mat,3227887,2026-04-02 12:54:50
Soil_Moisture\DDCA\DDCA_DH\H\20200403.mat,3259662,2026-04-02 12:54:50
Soil_Moisture\DDCA\DDCA_DH\H\20200404.mat,3084526,2026-04-02 12:54:50
Soil_Moisture\DDCA\DDCA_DH\H\20200326.mat,3125909,2026-04-02 12:54:49
Soil_Moisture\DDCA\DDCA_DH\H\20200327.mat,3009975,2026-04-02 12:54:49
Soil_Moisture\DDCA\DDCA_DH\H\20200328.mat,2918206,2026-04-02 12:54:49
Soil_Moisture\DDCA\DDCA_DH\H\20200402.mat,3010178,2026-04-02 12:54:49
Soil_Moisture\DDCA\DDCA_DH\H\20200407.mat,2876898,2026-04-02 12:54:49
Soil_Moisture\DDCA\DDCA_DH\H\20200324.mat,2540803,2026-04-02 12:54:48
Soil_Moisture\DDCA\DDCA_DH\H\20200325.mat,2938030,2026-04-02 12:54:48
Soil_Moisture\DDCA\DDCA_DH\H\20200321.mat,3355536,2026-04-02 12:54:46
Soil_Moisture\DDCA\DDCA_DH\H\20200322.mat,2855951,2026-04-02 12:54:46
Soil_Moisture\DDCA\DDCA_DH\H\20200323.mat,2876153,2026-04-02 12:54:46
Soil_Moisture\DDCA\DDCA_DH\H\20200311.mat,2781788,2026-04-02 12:54:44
Soil_Moisture\DDCA\DDCA_DH\H\20200312.mat,2748292,2026-04-02 12:54:44
Soil_Moisture\DDCA\DDCA_DH\H\20200313.mat,3211669,2026-04-02 12:54:44
Soil_Moisture\DDCA\DDCA_DH\H\20200314.mat,2787972,2026-04-02 12:54:44
Soil_Moisture\DDCA\DDCA_DH\H\20200315.mat,2952662,2026-04-02 12:54:44
Soil_Moisture\DDCA\DDCA_DH\H\20200316.mat,3046362,2026-04-02 12:54:44
Soil_Moisture\DDCA\DDCA_DH\H\20200317.mat,2830146,2026-04-02 12:54:44
Soil_Moisture\DDCA\DDCA_DH\H\20200318.mat,3060274,2026-04-02 12:54:44
Soil_Moisture\DDCA\DDCA_DH\H\20200319.mat,2740856,2026-04-02 12:54:44
Soil_Moisture\DDCA\DDCA_DH\H\20200309.mat,2643365,2026-04-02 12:54:43
Soil_Moisture\DDCA\DDCA_DH\H\20200320.mat,2826047,2026-04-02 12:54:43
Soil_Moisture\DDCA\DDCA_DH\H\20200307.mat,2862949,2026-04-02 12:54:42
Soil_Moisture\DDCA\DDCA_DH\H\20200310.mat,2995803,2026-04-02 12:54:42
Soil_Moisture\DDCA\DDCA_DH\H\20200305.mat,3142936,2026-04-02 12:54:41
Soil_Moisture\DDCA\DDCA_DH\H\20200308.mat,2940366,2026-04-02 12:54:41
Soil_Moisture\DDCA\DDCA_DH\H\20200303.mat,2682121,2026-04-02 12:54:40
Soil_Moisture\DDCA\DDCA_DH\H\20200225.mat,2552462,2026-04-02 12:54:39
Soil_Moisture\DDCA\DDCA_DH\H\20200227.mat,2603973,2026-04-02 12:54:39
Soil_Moisture\DDCA\DDCA_DH\H\20200302.mat,2907968,2026-04-02 12:54:39
Soil_Moisture\DDCA\DDCA_DH\H\20200306.mat,2511210,2026-04-02 12:54:39
Soil_Moisture\DDCA\DDCA_DH\H\20200220.mat,2651592,2026-04-02 12:54:38
Soil_Moisture\DDCA\DDCA_DH\H\20200221.mat,2736162,2026-04-02 12:54:38
Soil_Moisture\DDCA\DDCA_DH\H\20200223.mat,2789439,2026-04-02 12:54:38
Soil_Moisture\DDCA\DDCA_DH\H\20200226.mat,3030523,2026-04-02 12:54:38
Soil_Moisture\DDCA\DDCA_DH\H\20200301.mat,2640734,2026-04-02 12:54:38
Soil_Moisture\DDCA\DDCA_DH\H\20200304.mat,2574805,2026-04-02 12:54:38
Soil_Moisture\DDCA\DDCA_DH\H\20200222.mat,2552103,2026-04-02 12:54:37
Soil_Moisture\DDCA\DDCA_DH\H\20200228.mat,2760177,2026-04-02 12:54:37
Soil_Moisture\DDCA\DDCA_DH\H\20200229.mat,2841180,2026-04-02 12:54:37
Soil_Moisture\DDCA\DDCA_DH\H\20200216.mat,2506033,2026-04-02 12:54:35
Soil_Moisture\DDCA\DDCA_DH\H\20200218.mat,2934446,2026-04-02 12:54:35
Soil_Moisture\DDCA\DDCA_DH\H\20200211.mat,2430168,2026-04-02 12:54:34
Soil_Moisture\DDCA\DDCA_DH\H\20200212.mat,2196208,2026-04-02 12:54:34
Soil_Moisture\DDCA\DDCA_DH\H\20200217.mat,1973504,2026-04-02 12:54:34
Soil_Moisture\DDCA\DDCA_DH\H\20200219.mat,2347958,2026-04-02 12:54:34
Soil_Moisture\DDCA\DDCA_DH\H\20200224.mat,2593531,2026-04-02 12:54:34
Soil_Moisture\DDCA\DDCA_DH\H\20200210.mat,2824127,2026-04-02 12:54:33
Soil_Moisture\DDCA\DDCA_DH\H\20200213.mat,2507910,2026-04-02 12:54:33
Soil_Moisture\DDCA\DDCA_DH\H\20200214.mat,2450192,2026-04-02 12:54:33
Soil_Moisture\DDCA\DDCA_DH\H\20200215.mat,2705451,2026-04-02 12:54:33
Soil_Moisture\DDCA\DDCA_DH\H\20200206.mat,2214702,2026-04-02 12:54:32
Soil_Moisture\DDCA\DDCA_DH\H\20200207.mat,2507591,2026-04-02 12:54:32
Soil_Moisture\DDCA\DDCA_DH\H\20200208.mat,2342013,2026-04-02 12:54:32
Soil_Moisture\DDCA\DDCA_DH\H\20200209.mat,2227892,2026-04-02 12:54:32
Soil_Moisture\DDCA\DDCA_DH\H\20200204.mat,2319433,2026-04-02 12:54:31
Soil_Moisture\DDCA\DDCA_DH\H\20200205.mat,2485398,2026-04-02 12:54:31
Soil_Moisture\DDCA\DDCA_DH\H\20200202.mat,2631153,2026-04-02 12:54:29
Soil_Moisture\DDCA\DDCA_DH\H\20200203.mat,2225891,2026-04-02 12:54:29
Soil_Moisture\DDCA\DDCA_DH\H\20200120.mat,2381904,2026-04-02 12:54:28
Soil_Moisture\DDCA\DDCA_DH\H\20200123.mat,2045129,2026-04-02 12:54:28
Soil_Moisture\DDCA\DDCA_DH\H\20200125.mat,2612884,2026-04-02 12:54:28
Soil_Moisture\DDCA\DDCA_DH\H\20200127.mat,2319432,2026-04-02 12:54:28
Soil_Moisture\DDCA\DDCA_DH\H\20200128.mat,2495768,2026-04-02 12:54:28
Soil_Moisture\DDCA\DDCA_DH\H\20200129.mat,2239489,2026-04-02 12:54:28
Soil_Moisture\DDCA\DDCA_DH\H\20200130.mat,2503759,2026-04-02 12:54:28
Soil_Moisture\DDCA\DDCA_DH\H\20200131.mat,2363247,2026-04-02 12:54:28
Soil_Moisture\DDCA\DDCA_DH\H\20200201.mat,1733389,2026-04-02 12:54:28
Soil_Moisture\DDCA\DDCA_DH\H\20200121.mat,1940695,2026-04-02 12:54:27
Soil_Moisture\DDCA\DDCA_DH\H\20200122.mat,2197264,2026-04-02 12:54:27
Soil_Moisture\DDCA\DDCA_DH\H\20200124.mat,2256650,2026-04-02 12:54:27
Soil_Moisture\DDCA\DDCA_DH\H\20200126.mat,2253394,2026-04-02 12:54:27
Soil_Moisture\DDCA\DDCA_DH\H\20200113.mat,2308179,2026-04-02 12:54:25
Soil_Moisture\DDCA\DDCA_DH\H\20200118.mat,2282657,2026-04-02 12:54:25
Soil_Moisture\DDCA\DDCA_DH\H\20200119.mat,2377026,2026-04-02 12:54:25
Soil_Moisture\DDCA\DDCA_DH\H\20200106.mat,2623442,2026-04-02 12:54:24
Soil_Moisture\DDCA\DDCA_DH\H\20200111.mat,2425245,2026-04-02 12:54:24
Soil_Moisture\DDCA\DDCA_DH\H\20200114.mat,2580143,2026-04-02 12:54:24
Soil_Moisture\DDCA\DDCA_DH\H\20200117.mat,2571437,2026-04-02 12:54:24
Soil_Moisture\DDCA\DDCA_DH\H\20200105.mat,2346225,2026-04-02 12:54:23
Soil_Moisture\DDCA\DDCA_DH\H\20200107.mat,2472428,2026-04-02 12:54:23
Soil_Moisture\DDCA\DDCA_DH\H\20200108.mat,2338742,2026-04-02 12:54:23
Soil_Moisture\DDCA\DDCA_DH\H\20200109.mat,2717217,2026-04-02 12:54:23
Soil_Moisture\DDCA\DDCA_DH\H\20200110.mat,2323084,2026-04-02 12:54:23
Soil_Moisture\DDCA\DDCA_DH\H\20200112.mat,2602007,2026-04-02 12:54:23
Soil_Moisture\DDCA\DDCA_DH\H\20200115.mat,2431537,2026-04-02 12:54:23
Soil_Moisture\DDCA\DDCA_DH\H\20200116.mat,2302348,2026-04-02 12:54:23
Soil_Moisture\DDCA\DDCA_DH\H\20191227.mat,2593483,2026-04-02 12:54:22
Soil_Moisture\DDCA\DDCA_DH\H\20200102.mat,2353286,2026-04-02 12:54:22
Soil_Moisture\DDCA\DDCA_DH\H\20200101.mat,2835409,2026-04-02 12:54:21
Soil_Moisture\DDCA\DDCA_DH\H\20200103.mat,2462050,2026-04-02 12:54:21
Soil_Moisture\DDCA\DDCA_DH\H\20191221.mat,2536114,2026-04-02 12:54:20
Soil_Moisture\DDCA\DDCA_DH\H\20191225.mat,2252621,2026-04-02 12:54:20
Soil_Moisture\DDCA\DDCA_DH\H\20200104.mat,2623782,2026-04-02 12:54:20
Soil_Moisture\DDCA\DDCA_DH\H\20191220.mat,2280355,2026-04-02 12:54:19
Soil_Moisture\DDCA\DDCA_DH\H\20191222.mat,2370394,2026-04-02 12:54:19
Soil_Moisture\DDCA\DDCA_DH\H\20191223.mat,2234259,2026-04-02 12:54:19
Soil_Moisture\DDCA\DDCA_DH\H\20191224.mat,2310817,2026-04-02 12:54:19
Soil_Moisture\DDCA\DDCA_DH\H\20191226.mat,2364011,2026-04-02 12:54:19
Soil_Moisture\DDCA\DDCA_DH\H\20191229.mat,238696,2026-04-02 12:54:19
Soil_Moisture\DDCA\DDCA_DH\H\20191231.mat,238696,2026-04-02 12:54:19
Soil_Moisture\DDCA\DDCA_DH\H\20191228.mat,238696,2026-04-02 12:54:18
Soil_Moisture\DDCA\DDCA_DH\H\20191230.mat,238696,2026-04-02 12:54:18
Soil_Moisture\DDCA\DDCA_DH\H\20191208.mat,2547679,2026-04-02 12:54:16
Soil_Moisture\DDCA\DDCA_DH\H\20191210.mat,2315289,2026-04-02 12:54:16
Soil_Moisture\DDCA\DDCA_DH\H\20191211.mat,2473921,2026-04-02 12:54:16
Soil_Moisture\DDCA\DDCA_DH\H\20191212.mat,2050266,2026-04-02 12:54:16
Soil_Moisture\DDCA\DDCA_DH\H\20191213.mat,2502598,2026-04-02 12:54:16
Soil_Moisture\DDCA\DDCA_DH\H\20191214.mat,2329015,2026-04-02 12:54:16
Soil_Moisture\DDCA\DDCA_DH\H\20191215.mat,2188243,2026-04-02 12:54:16
Soil_Moisture\DDCA\DDCA_DH\H\20191216.mat,2491558,2026-04-02 12:54:16
Soil_Moisture\DDCA\DDCA_DH\H\20191217.mat,2204755,2026-04-02 12:54:16
Soil_Moisture\DDCA\DDCA_DH\H\20191218.mat,1855947,2026-04-02 12:54:16
Soil_Moisture\DDCA\DDCA_DH\H\20191219.mat,2509256,2026-04-02 12:54:16
Soil_Moisture\DDCA\DDCA_DH\H\20191205.mat,2475337,2026-04-02 12:54:15
Soil_Moisture\DDCA\DDCA_DH\H\20191206.mat,2155989,2026-04-02 12:54:15
Soil_Moisture\DDCA\DDCA_DH\H\20191207.mat,2171032,2026-04-02 12:54:15
Soil_Moisture\DDCA\DDCA_DH\H\20191209.mat,2201417,2026-04-02 12:54:15
Soil_Moisture\DDCA\DDCA_DH\H\20191202.mat,2293338,2026-04-02 12:54:13
Soil_Moisture\DDCA\DDCA_DH\H\20191122.mat,2527676,2026-04-02 12:54:12
Soil_Moisture\DDCA\DDCA_DH\H\20191123.mat,2145518,2026-04-02 12:54:12
Soil_Moisture\DDCA\DDCA_DH\H\20191125.mat,2455444,2026-04-02 12:54:12
Soil_Moisture\DDCA\DDCA_DH\H\20191126.mat,2182785,2026-04-02 12:54:12
Soil_Moisture\DDCA\DDCA_DH\H\20191129.mat,2138212,2026-04-02 12:54:12
Soil_Moisture\DDCA\DDCA_DH\H\20191130.mat,2531387,2026-04-02 12:54:12
Soil_Moisture\DDCA\DDCA_DH\H\20191203.mat,2448606,2026-04-02 12:54:12
Soil_Moisture\DDCA\DDCA_DH\H\20191204.mat,2216173,2026-04-02 12:54:12
Soil_Moisture\DDCA\DDCA_DH\H\20191119.mat,2440236,2026-04-02 12:54:11
Soil_Moisture\DDCA\DDCA_DH\H\20191120.mat,2096723,2026-04-02 12:54:11
Soil_Moisture\DDCA\DDCA_DH\H\20191121.mat,2063313,2026-04-02 12:54:11
Soil_Moisture\DDCA\DDCA_DH\H\20191124.mat,1861478,2026-04-02 12:54:11
Soil_Moisture\DDCA\DDCA_DH\H\20191127.mat,2448938,2026-04-02 12:54:11
Soil_Moisture\DDCA\DDCA_DH\H\20191201.mat,2155162,2026-04-02 12:54:11
Soil_Moisture\DDCA\DDCA_DH\H\20191128.mat,2281018,2026-04-02 12:54:09
Soil_Moisture\DDCA\DDCA_DH\H\20191104.mat,2801879,2026-04-02 12:54:07
Soil_Moisture\DDCA\DDCA_DH\H\20191107.mat,2599593,2026-04-02 12:54:07
Soil_Moisture\DDCA\DDCA_DH\H\20191108.mat,2648984,2026-04-02 12:54:07
Soil_Moisture\DDCA\DDCA_DH\H\20191109.mat,3042950,2026-04-02 12:54:07
Soil_Moisture\DDCA\DDCA_DH\H\20191111.mat,2495137,2026-04-02 12:54:07
Soil_Moisture\DDCA\DDCA_DH\H\20191112.mat,2342272,2026-04-02 12:54:07
Soil_Moisture\DDCA\DDCA_DH\H\20191113.mat,2058301,2026-04-02 12:54:07
Soil_Moisture\DDCA\DDCA_DH\H\20191115.mat,2267573,2026-04-02 12:54:07
Soil_Moisture\DDCA\DDCA_DH\H\20191116.mat,2521289,2026-04-02 12:54:07
Soil_Moisture\DDCA\DDCA_DH\H\20191117.mat,2875318,2026-04-02 12:54:07
Soil_Moisture\DDCA\DDCA_DH\H\20191118.mat,2173384,2026-04-02 12:54:07
Soil_Moisture\DDCA\DDCA_DH\H\20191105.mat,2490551,2026-04-02 12:54:06
Soil_Moisture\DDCA\DDCA_DH\H\20191106.mat,3117611,2026-04-02 12:54:06
Soil_Moisture\DDCA\DDCA_DH\H\20191110.mat,2446420,2026-04-02 12:54:06
Soil_Moisture\DDCA\DDCA_DH\H\20191114.mat,2877421,2026-04-02 12:54:06
Soil_Moisture\DDCA\DDCA_DH\H\20191102.mat,2585683,2026-04-02 12:54:04
Soil_Moisture\DDCA\DDCA_DH\H\20191103.mat,2880795,2026-04-02 12:54:04
Soil_Moisture\DDCA\DDCA_DH\H\20191020.mat,2649560,2026-04-02 12:54:02
Soil_Moisture\DDCA\DDCA_DH\H\20191023.mat,2862544,2026-04-02 12:54:02
Soil_Moisture\DDCA\DDCA_DH\H\20191026.mat,2982322,2026-04-02 12:54:02
Soil_Moisture\DDCA\DDCA_DH\H\20191028.mat,2557113,2026-04-02 12:54:02
Soil_Moisture\DDCA\DDCA_DH\H\20191029.mat,3197309,2026-04-02 12:54:02
Soil_Moisture\DDCA\DDCA_DH\H\20191030.mat,2677250,2026-04-02 12:54:02
Soil_Moisture\DDCA\DDCA_DH\H\20191031.mat,2757732,2026-04-02 12:54:02
Soil_Moisture\DDCA\DDCA_DH\H\20191101.mat,2545103,2026-04-02 12:54:02
Soil_Moisture\DDCA\DDCA_DH\H\20191019.mat,2825585,2026-04-02 12:54:01
Soil_Moisture\DDCA\DDCA_DH\H\20191021.mat,3315971,2026-04-02 12:54:01
Soil_Moisture\DDCA\DDCA_DH\H\20191022.mat,2676349,2026-04-02 12:54:01
Soil_Moisture\DDCA\DDCA_DH\H\20191024.mat,2636655,2026-04-02 12:54:01
Soil_Moisture\DDCA\DDCA_DH\H\20191025.mat,2641665,2026-04-02 12:54:01
Soil_Moisture\DDCA\DDCA_DH\H\20191027.mat,2887034,2026-04-02 12:54:01
Soil_Moisture\DDCA\DDCA_DH\H\20191018.mat,3101202,2026-04-02 12:54:00
Soil_Moisture\DDCA\DDCA_DH\H\20191015.mat,2996265,2026-04-02 12:53:59
Soil_Moisture\DDCA\DDCA_DH\H\20191016.mat,3465913,2026-04-02 12:53:59
Soil_Moisture\DDCA\DDCA_DH\H\20191017.mat,2719275,2026-04-02 12:53:58
Soil_Moisture\DDCA\DDCA_DH\H\20191007.mat,3118624,2026-04-02 12:53:57
Soil_Moisture\DDCA\DDCA_DH\H\20191011.mat,3108173,2026-04-02 12:53:57
Soil_Moisture\DDCA\DDCA_DH\H\20191013.mat,3405678,2026-04-02 12:53:57
Soil_Moisture\DDCA\DDCA_DH\H\20190930.mat,3643713,2026-04-02 12:53:56
Soil_Moisture\DDCA\DDCA_DH\H\20191005.mat,3555374,2026-04-02 12:53:56
Soil_Moisture\DDCA\DDCA_DH\H\20191006.mat,2896127,2026-04-02 12:53:56
Soil_Moisture\DDCA\DDCA_DH\H\20191008.mat,3526923,2026-04-02 12:53:56
Soil_Moisture\DDCA\DDCA_DH\H\20191009.mat,2841110,2026-04-02 12:53:56
Soil_Moisture\DDCA\DDCA_DH\H\20191010.mat,2867729,2026-04-02 12:53:56
Soil_Moisture\DDCA\DDCA_DH\H\20191012.mat,2783598,2026-04-02 12:53:56
Soil_Moisture\DDCA\DDCA_DH\H\20191014.mat,2887379,2026-04-02 12:53:56
Soil_Moisture\DDCA\DDCA_DH\H\20191002.mat,3354023,2026-04-02 12:53:55
Soil_Moisture\DDCA\DDCA_DH\H\20191004.mat,2921696,2026-04-02 12:53:55
Soil_Moisture\DDCA\DDCA_DH\H\20191001.mat,2972601,2026-04-02 12:53:54
Soil_Moisture\DDCA\DDCA_DH\H\20190929.mat,3197232,2026-04-02 12:53:53
Soil_Moisture\DDCA\DDCA_DH\H\20191003.mat,3230283,2026-04-02 12:53:52
Soil_Moisture\DDCA\DDCA_DH\H\20190925.mat,3345313,2026-04-02 12:53:51
Soil_Moisture\DDCA\DDCA_DH\H\20190927.mat,3645066,2026-04-02 12:53:51
Soil_Moisture\DDCA\DDCA_DH\H\20190928.mat,3138900,2026-04-02 12:53:51
Soil_Moisture\DDCA\DDCA_DH\H\20190917.mat,3531035,2026-04-02 12:53:50
Soil_Moisture\DDCA\DDCA_DH\H\20190921.mat,3403851,2026-04-02 12:53:50
Soil_Moisture\DDCA\DDCA_DH\H\20190922.mat,3841016,2026-04-02 12:53:50
Soil_Moisture\DDCA\DDCA_DH\H\20190924.mat,3416790,2026-04-02 12:53:50
Soil_Moisture\DDCA\DDCA_DH\H\20190926.mat,3005648,2026-04-02 12:53:50
Soil_Moisture\DDCA\DDCA_DH\H\20190914.mat,4140359,2026-04-02 12:53:49
Soil_Moisture\DDCA\DDCA_DH\H\20190916.mat,3534164,2026-04-02 12:53:49
Soil_Moisture\DDCA\DDCA_DH\H\20190918.mat,3232269,2026-04-02 12:53:49
Soil_Moisture\DDCA\DDCA_DH\H\20190920.mat,3354221,2026-04-02 12:53:49
Soil_Moisture\DDCA\DDCA_DH\H\20190923.mat,3110494,2026-04-02 12:53:49
Soil_Moisture\DDCA\DDCA_DH\H\20190913.mat,3619360,2026-04-02 12:53:48
Soil_Moisture\DDCA\DDCA_DH\H\20190915.mat,3146233,2026-04-02 12:53:48
Soil_Moisture\DDCA\DDCA_DH\H\20190911.mat,4100144,2026-04-02 12:53:46
Soil_Moisture\DDCA\DDCA_DH\H\20190912.mat,3621894,2026-04-02 12:53:46
Soil_Moisture\DDCA\DDCA_DH\H\20190910.mat,3435350,2026-04-02 12:53:45
Soil_Moisture\DDCA\DDCA_DH\H\20190919.mat,3850526,2026-04-02 12:53:45
Soil_Moisture\DDCA\DDCA_DH\H\20190904.mat,3842213,2026-04-02 12:53:44
Soil_Moisture\DDCA\DDCA_DH\H\20190903.mat,4322726,2026-04-02 12:53:43
Soil_Moisture\DDCA\DDCA_DH\H\20190906.mat,3929463,2026-04-02 12:53:43
Soil_Moisture\DDCA\DDCA_DH\H\20190907.mat,3577434,2026-04-02 12:53:43
Soil_Moisture\DDCA\DDCA_DH\H\20190909.mat,3816373,2026-04-02 12:53:43
Soil_Moisture\DDCA\DDCA_DH\H\20190829.mat,4554687,2026-04-02 12:53:42
Soil_Moisture\DDCA\DDCA_DH\H\20190901.mat,4059791,2026-04-02 12:53:42
Soil_Moisture\DDCA\DDCA_DH\H\20190902.mat,3664133,2026-04-02 12:53:42
Soil_Moisture\DDCA\DDCA_DH\H\20190905.mat,3546126,2026-04-02 12:53:42
Soil_Moisture\DDCA\DDCA_DH\H\20190908.mat,3835792,2026-04-02 12:53:42
Soil_Moisture\DDCA\DDCA_DH\H\20190831.mat,4015694,2026-04-02 12:53:41
Soil_Moisture\DDCA\DDCA_DH\H\20190828.mat,3984967,2026-04-02 12:53:40
Soil_Moisture\DDCA\DDCA_DH\H\20190830.mat,3853843,2026-04-02 12:53:40
Soil_Moisture\DDCA\DDCA_DH\H\20190826.mat,4505044,2026-04-02 12:53:39
Soil_Moisture\DDCA\DDCA_DH\H\20190817.mat,3971374,2026-04-02 12:53:36
Soil_Moisture\DDCA\DDCA_DH\H\20190818.mat,4698575,2026-04-02 12:53:36
Soil_Moisture\DDCA\DDCA_DH\H\20190822.mat,4016633,2026-04-02 12:53:36
Soil_Moisture\DDCA\DDCA_DH\H\20190824.mat,4226536,2026-04-02 12:53:36
Soil_Moisture\DDCA\DDCA_DH\H\20190827.mat,4060964,2026-04-02 12:53:36
Soil_Moisture\DDCA\DDCA_DH\H\20190816.mat,4411203,2026-04-02 12:53:35
Soil_Moisture\DDCA\DDCA_DH\H\20190819.mat,4251744,2026-04-02 12:53:35
Soil_Moisture\DDCA\DDCA_DH\H\20190820.mat,4147986,2026-04-02 12:53:35
Soil_Moisture\DDCA\DDCA_DH\H\20190821.mat,4764697,2026-04-02 12:53:35
Soil_Moisture\DDCA\DDCA_DH\H\20190823.mat,4181258,2026-04-02 12:53:35
Soil_Moisture\DDCA\DDCA_DH\H\20190825.mat,3829084,2026-04-02 12:53:34
Soil_Moisture\DDCA\DDCA_DH\H\20190815.mat,4338138,2026-04-02 12:53:32
Soil_Moisture\DDCA\DDCA_DH\H\20190805.mat,4949940,2026-04-02 12:53:29
Soil_Moisture\DDCA\DDCA_DH\H\20190806.mat,3369410,2026-04-02 12:53:29
Soil_Moisture\DDCA\DDCA_DH\H\20190807.mat,4348820,2026-04-02 12:53:29
Soil_Moisture\DDCA\DDCA_DH\H\20190808.mat,4488808,2026-04-02 12:53:29
Soil_Moisture\DDCA\DDCA_DH\H\20190809.mat,4074150,2026-04-02 12:53:29
Soil_Moisture\DDCA\DDCA_DH\H\20190810.mat,4739170,2026-04-02 12:53:29
Soil_Moisture\DDCA\DDCA_DH\H\20190811.mat,3884019,2026-04-02 12:53:29
Soil_Moisture\DDCA\DDCA_DH\H\20190812.mat,4091069,2026-04-02 12:53:29
Soil_Moisture\DDCA\DDCA_DH\H\20190813.mat,4913763,2026-04-02 12:53:29
Soil_Moisture\DDCA\DDCA_DH\H\20190814.mat,4231703,2026-04-02 12:53:29
Soil_Moisture\DDCA\DDCA_DH\H\20190804.mat,4291125,2026-04-02 12:53:28
Soil_Moisture\DDCA\DDCA_DH\H\20190801.mat,4145106,2026-04-02 12:53:24
Soil_Moisture\DDCA\DDCA_DH\H\20190802.mat,4825855,2026-04-02 12:53:24
Soil_Moisture\DDCA\DDCA_DH\H\20190803.mat,4367823,2026-04-02 12:53:24
Soil_Moisture\DDCA\DDCA_DH\H\20190725.mat,4823042,2026-04-02 12:53:23
Soil_Moisture\DDCA\DDCA_DH\H\20190728.mat,4961125,2026-04-02 12:53:23
Soil_Moisture\DDCA\DDCA_DH\H\20190729.mat,4346701,2026-04-02 12:53:23
Soil_Moisture\DDCA\DDCA_DH\H\20190730.mat,4499307,2026-04-02 12:53:23
Soil_Moisture\DDCA\DDCA_DH\H\20190731.mat,4560850,2026-04-02 12:53:23
Soil_Moisture\DDCA\DDCA_DH\H\20190726.mat,4382304,2026-04-02 12:53:22
Soil_Moisture\DDCA\DDCA_DH\H\20190727.mat,4004314,2026-04-02 12:53:22
Soil_Moisture\DDCA\DDCA_DH\H\20190724.mat,4171655,2026-04-02 12:53:21
Soil_Moisture\DDCA\DDCA_DH\H\20190618.mat,4395783,2026-04-02 12:53:20
Soil_Moisture\DDCA\DDCA_DH\H\20190619.mat,2681114,2026-04-02 12:53:20
Soil_Moisture\DDCA\DDCA_DH\H\20190723.mat,828050,2026-04-02 12:53:20
Soil_Moisture\DDCA\DDCA_DH\H\20190609.mat,3742588,2026-04-02 12:53:17
Soil_Moisture\DDCA\DDCA_DH\H\20190613.mat,4272454,2026-04-02 12:53:17
Soil_Moisture\DDCA\DDCA_DH\H\20190615.mat,4554569,2026-04-02 12:53:17
Soil_Moisture\DDCA\DDCA_DH\H\20190616.mat,4072405,2026-04-02 12:53:17
Soil_Moisture\DDCA\DDCA_DH\H\20190617.mat,4085027,2026-04-02 12:53:17
Soil_Moisture\DDCA\DDCA_DH\H\20190604.mat,4186765,2026-04-02 12:53:16
Soil_Moisture\DDCA\DDCA_DH\H\20190607.mat,4220282,2026-04-02 12:53:16
Soil_Moisture\DDCA\DDCA_DH\H\20190608.mat,3960175,2026-04-02 12:53:16
Soil_Moisture\DDCA\DDCA_DH\H\20190610.mat,4380562,2026-04-02 12:53:16
Soil_Moisture\DDCA\DDCA_DH\H\20190611.mat,2335552,2026-04-02 12:53:16
Soil_Moisture\DDCA\DDCA_DH\H\20190612.mat,3490669,2026-04-02 12:53:16
Soil_Moisture\DDCA\DDCA_DH\H\20190614.mat,3902396,2026-04-02 12:53:16
Soil_Moisture\DDCA\DDCA_DH\H\20190603.mat,3961482,2026-04-02 12:53:14
Soil_Moisture\DDCA\DDCA_DH\H\20190605.mat,3870392,2026-04-02 12:53:13
Soil_Moisture\DDCA\DDCA_DH\H\20190527.mat,3991653,2026-04-02 12:53:12
Soil_Moisture\DDCA\DDCA_DH\H\20190531.mat,3755730,2026-04-02 12:53:12
Soil_Moisture\DDCA\DDCA_DH\H\20190602.mat,4407590,2026-04-02 12:53:12
Soil_Moisture\DDCA\DDCA_DH\H\20190606.mat,3779910,2026-04-02 12:53:12
Soil_Moisture\DDCA\DDCA_DH\H\20190529.mat,3629815,2026-04-02 12:53:11
Soil_Moisture\DDCA\DDCA_DH\H\20190524.mat,3672014,2026-04-02 12:53:10
Soil_Moisture\DDCA\DDCA_DH\H\20190526.mat,3740705,2026-04-02 12:53:10
Soil_Moisture\DDCA\DDCA_DH\H\20190528.mat,3927027,2026-04-02 12:53:10
Soil_Moisture\DDCA\DDCA_DH\H\20190530.mat,4230535,2026-04-02 12:53:10
Soil_Moisture\DDCA\DDCA_DH\H\20190601.mat,3786310,2026-04-02 12:53:10
Soil_Moisture\DDCA\DDCA_DH\H\20190523.mat,3624697,2026-04-02 12:53:09
Soil_Moisture\DDCA\DDCA_DH\H\20190525.mat,4210951,2026-04-02 12:53:09
Soil_Moisture\DDCA\DDCA_DH\H\20190519.mat,3108867,2026-04-02 12:53:08
Soil_Moisture\DDCA\DDCA_DH\H\20190521.mat,3513084,2026-04-02 12:53:08
Soil_Moisture\DDCA\DDCA_DH\H\20190522.mat,4081800,2026-04-02 12:53:07
Soil_Moisture\DDCA\DDCA_DH\H\20190518.mat,3604470,2026-04-02 12:53:05
Soil_Moisture\DDCA\DDCA_DH\H\20190520.mat,3795252,2026-04-02 12:53:05
Soil_Moisture\DDCA\DDCA_DH\H\20190513.mat,3405586,2026-04-02 12:53:04
Soil_Moisture\DDCA\DDCA_DH\H\20190514.mat,3852814,2026-04-02 12:53:04
Soil_Moisture\DDCA\DDCA_DH\H\20190516.mat,3566626,2026-04-02 12:53:04
Soil_Moisture\DDCA\DDCA_DH\H\20190517.mat,4048942,2026-04-02 12:53:04
Soil_Moisture\DDCA\DDCA_DH\H\20190506.mat,3760309,2026-04-02 12:53:03
Soil_Moisture\DDCA\DDCA_DH\H\20190508.mat,3398050,2026-04-02 12:53:03
Soil_Moisture\DDCA\DDCA_DH\H\20190509.mat,3931134,2026-04-02 12:53:03
Soil_Moisture\DDCA\DDCA_DH\H\20190510.mat,3261967,2026-04-02 12:53:03
Soil_Moisture\DDCA\DDCA_DH\H\20190511.mat,3753426,2026-04-02 12:53:03
Soil_Moisture\DDCA\DDCA_DH\H\20190512.mat,3669073,2026-04-02 12:53:03
Soil_Moisture\DDCA\DDCA_DH\H\20190515.mat,3503748,2026-04-02 12:53:03
Soil_Moisture\DDCA\DDCA_DH\H\20190505.mat,2857004,2026-04-02 12:53:02
Soil_Moisture\DDCA\DDCA_DH\H\20190507.mat,3367089,2026-04-02 12:53:01
Soil_Moisture\DDCA\DDCA_DH\H\20190426.mat,3374437,2026-04-02 12:52:58
Soil_Moisture\DDCA\DDCA_DH\H\20190429.mat,3220599,2026-04-02 12:52:58
Soil_Moisture\DDCA\DDCA_DH\H\20190501.mat,3718371,2026-04-02 12:52:58
Soil_Moisture\DDCA\DDCA_DH\H\20190502.mat,3329931,2026-04-02 12:52:58
Soil_Moisture\DDCA\DDCA_DH\H\20190503.mat,3575634,2026-04-02 12:52:58
Soil_Moisture\DDCA\DDCA_DH\H\20190422.mat,3190289,2026-04-02 12:52:57
Soil_Moisture\DDCA\DDCA_DH\H\20190425.mat,3453262,2026-04-02 12:52:57
Soil_Moisture\DDCA\DDCA_DH\H\20190428.mat,3623440,2026-04-02 12:52:57
Soil_Moisture\DDCA\DDCA_DH\H\20190420.mat,3102822,2026-04-02 12:52:56
Soil_Moisture\DDCA\DDCA_DH\H\20190421.mat,3119311,2026-04-02 12:52:56
Soil_Moisture\DDCA\DDCA_DH\H\20190423.mat,3661606,2026-04-02 12:52:56
Soil_Moisture\DDCA\DDCA_DH\H\20190424.mat,3204404,2026-04-02 12:52:56
Soil_Moisture\DDCA\DDCA_DH\H\20190427.mat,3140660,2026-04-02 12:52:56
Soil_Moisture\DDCA\DDCA_DH\H\20190430.mat,3267024,2026-04-02 12:52:56
Soil_Moisture\DDCA\DDCA_DH\H\20190504.mat,3513612,2026-04-02 12:52:56
Soil_Moisture\DDCA\DDCA_DH\H\20190419.mat,3061526,2026-04-02 12:52:55
Soil_Moisture\DDCA\DDCA_DH\H\20190418.mat,3277232,2026-04-02 12:52:52
Soil_Moisture\DDCA\DDCA_DH\H\20190416.mat,3108692,2026-04-02 12:52:51
Soil_Moisture\DDCA\DDCA_DH\H\20190417.mat,3158279,2026-04-02 12:52:51
Soil_Moisture\DDCA\DDCA_DH\H\20190414.mat,3118058,2026-04-02 12:52:50
Soil_Moisture\DDCA\DDCA_DH\H\20190415.mat,3485690,2026-04-02 12:52:50
Soil_Moisture\DDCA\DDCA_DH\H\20190404.mat,3329085,2026-04-02 12:52:49
Soil_Moisture\DDCA\DDCA_DH\H\20190407.mat,3406303,2026-04-02 12:52:49
Soil_Moisture\DDCA\DDCA_DH\H\20190408.mat,3034840,2026-04-02 12:52:49
Soil_Moisture\DDCA\DDCA_DH\H\20190409.mat,3296599,2026-04-02 12:52:49
Soil_Moisture\DDCA\DDCA_DH\H\20190411.mat,2986566,2026-04-02 12:52:49
Soil_Moisture\DDCA\DDCA_DH\H\20190413.mat,3044024,2026-04-02 12:52:49
Soil_Moisture\DDCA\DDCA_DH\H\20190401.mat,3214077,2026-04-02 12:52:48
Soil_Moisture\DDCA\DDCA_DH\H\20190402.mat,3128212,2026-04-02 12:52:48
Soil_Moisture\DDCA\DDCA_DH\H\20190403.mat,2912085,2026-04-02 12:52:48
Soil_Moisture\DDCA\DDCA_DH\H\20190405.mat,2977327,2026-04-02 12:52:48
Soil_Moisture\DDCA\DDCA_DH\H\20190406.mat,3039975,2026-04-02 12:52:48
Soil_Moisture\DDCA\DDCA_DH\H\20190410.mat,3039882,2026-04-02 12:52:48
Soil_Moisture\DDCA\DDCA_DH\H\20190412.mat,3429681,2026-04-02 12:52:48
Soil_Moisture\DDCA\DDCA_DH\H\20190329.mat,2965234,2026-04-02 12:52:47
Soil_Moisture\DDCA\DDCA_DH\H\20190331.mat,2952171,2026-04-02 12:52:47
Soil_Moisture\DDCA\DDCA_DH\H\20190330.mat,3303925,2026-04-02 12:52:46
Soil_Moisture\DDCA\DDCA_DH\H\20190328.mat,2895127,2026-04-02 12:52:43
Soil_Moisture\DDCA\DDCA_DH\H\20190314.mat,3152776,2026-04-02 12:52:42
Soil_Moisture\DDCA\DDCA_DH\H\20190319.mat,3209232,2026-04-02 12:52:42
Soil_Moisture\DDCA\DDCA_DH\H\20190321.mat,2926069,2026-04-02 12:52:42
Soil_Moisture\DDCA\DDCA_DH\H\20190322.mat,2549119,2026-04-02 12:52:42
Soil_Moisture\DDCA\DDCA_DH\H\20190323.mat,2879097,2026-04-02 12:52:42
Soil_Moisture\DDCA\DDCA_DH\H\20190324.mat,3134022,2026-04-02 12:52:42
Soil_Moisture\DDCA\DDCA_DH\H\20190325.mat,3024269,2026-04-02 12:52:42
Soil_Moisture\DDCA\DDCA_DH\H\20190326.mat,2840013,2026-04-02 12:52:42
Soil_Moisture\DDCA\DDCA_DH\H\20190327.mat,3261788,2026-04-02 12:52:42
Soil_Moisture\DDCA\DDCA_DH\H\20190315.mat,2822922,2026-04-02 12:52:41
Soil_Moisture\DDCA\DDCA_DH\H\20190317.mat,2958054,2026-04-02 12:52:41
Soil_Moisture\DDCA\DDCA_DH\H\20190318.mat,2793053,2026-04-02 12:52:41
Soil_Moisture\DDCA\DDCA_DH\H\20190320.mat,2837744,2026-04-02 12:52:41
Soil_Moisture\DDCA\DDCA_DH\H\20190309.mat,2855983,2026-04-02 12:52:40
Soil_Moisture\DDCA\DDCA_DH\H\20190312.mat,2741944,2026-04-02 12:52:40
Soil_Moisture\DDCA\DDCA_DH\H\20190316.mat,3089590,2026-04-02 12:52:40
Soil_Moisture\DDCA\DDCA_DH\H\20190308.mat,2987817,2026-04-02 12:52:39
Soil_Moisture\DDCA\DDCA_DH\H\20190310.mat,2715720,2026-04-02 12:52:39
Soil_Moisture\DDCA\DDCA_DH\H\20190313.mat,2844725,2026-04-02 12:52:39
Soil_Moisture\DDCA\DDCA_DH\H\20190306.mat,3070506,2026-04-02 12:52:38
Soil_Moisture\DDCA\DDCA_DH\H\20190311.mat,3106570,2026-04-02 12:52:38
Soil_Moisture\DDCA\DDCA_DH\H\20190307.mat,2617768,2026-04-02 12:52:37
Soil_Moisture\DDCA\DDCA_DH\H\20190305.mat,2715298,2026-04-02 12:52:36
Soil_Moisture\DDCA\DDCA_DH\H\20190221.mat,2658210,2026-04-02 12:52:34
Soil_Moisture\DDCA\DDCA_DH\H\20190222.mat,2479123,2026-04-02 12:52:34
Soil_Moisture\DDCA\DDCA_DH\H\20190223.mat,2604899,2026-04-02 12:52:34
Soil_Moisture\DDCA\DDCA_DH\H\20190224.mat,2533136,2026-04-02 12:52:34
Soil_Moisture\DDCA\DDCA_DH\H\20190225.mat,2501051,2026-04-02 12:52:34
Soil_Moisture\DDCA\DDCA_DH\H\20190226.mat,2928175,2026-04-02 12:52:34
Soil_Moisture\DDCA\DDCA_DH\H\20190227.mat,2607495,2026-04-02 12:52:34
Soil_Moisture\DDCA\DDCA_DH\H\20190228.mat,2872416,2026-04-02 12:52:34
Soil_Moisture\DDCA\DDCA_DH\H\20190301.mat,2736730,2026-04-02 12:52:34
Soil_Moisture\DDCA\DDCA_DH\H\20190302.mat,2584251,2026-04-02 12:52:34
Soil_Moisture\DDCA\DDCA_DH\H\20190303.mat,2803345,2026-04-02 12:52:34
Soil_Moisture\DDCA\DDCA_DH\H\20190304.mat,2615412,2026-04-02 12:52:34
Soil_Moisture\DDCA\DDCA_DH\H\20190218.mat,2867925,2026-04-02 12:52:33
Soil_Moisture\DDCA\DDCA_DH\H\20190219.mat,2516547,2026-04-02 12:52:33
Soil_Moisture\DDCA\DDCA_DH\H\20190220.mat,2764862,2026-04-02 12:52:33
Soil_Moisture\DDCA\DDCA_DH\H\20190217.mat,2529060,2026-04-02 12:52:31
Soil_Moisture\DDCA\DDCA_DH\H\20190215.mat,2795173,2026-04-02 12:52:30
Soil_Moisture\DDCA\DDCA_DH\H\20190203.mat,2244089,2026-04-02 12:52:29
Soil_Moisture\DDCA\DDCA_DH\H\20190204.mat,2255626,2026-04-02 12:52:29
Soil_Moisture\DDCA\DDCA_DH\H\20190207.mat,2544540,2026-04-02 12:52:29
Soil_Moisture\DDCA\DDCA_DH\H\20190209.mat,2309441,2026-04-02 12:52:29
Soil_Moisture\DDCA\DDCA_DH\H\20190210.mat,2758262,2026-04-02 12:52:29
Soil_Moisture\DDCA\DDCA_DH\H\20190211.mat,2443238,2026-04-02 12:52:29
Soil_Moisture\DDCA\DDCA_DH\H\20190216.mat,2462089,2026-04-02 12:52:29
Soil_Moisture\DDCA\DDCA_DH\H\20190201.mat,2326242,2026-04-02 12:52:28
Soil_Moisture\DDCA\DDCA_DH\H\20190205.mat,2389967,2026-04-02 12:52:28
Soil_Moisture\DDCA\DDCA_DH\H\20190206.mat,2212147,2026-04-02 12:52:28
Soil_Moisture\DDCA\DDCA_DH\H\20190208.mat,2276842,2026-04-02 12:52:28
Soil_Moisture\DDCA\DDCA_DH\H\20190212.mat,2692105,2026-04-02 12:52:28
Soil_Moisture\DDCA\DDCA_DH\H\20190213.mat,2590441,2026-04-02 12:52:28
Soil_Moisture\DDCA\DDCA_DH\H\20190214.mat,2411028,2026-04-02 12:52:28
Soil_Moisture\DDCA\DDCA_DH\H\20190202.mat,2043639,2026-04-02 12:52:27
Soil_Moisture\DDCA\DDCA_DH\H\20190122.mat,2603054,2026-04-02 12:52:26
Soil_Moisture\DDCA\DDCA_DH\H\20190128.mat,2212479,2026-04-02 12:52:24
Soil_Moisture\DDCA\DDCA_DH\H\20190130.mat,2566192,2026-04-02 12:52:24
Soil_Moisture\DDCA\DDCA_DH\H\20190131.mat,2272556,2026-04-02 12:52:24
Soil_Moisture\DDCA\DDCA_DH\H\20190120.mat,2419558,2026-04-02 12:52:23
Soil_Moisture\DDCA\DDCA_DH\H\20190121.mat,2255363,2026-04-02 12:52:23
Soil_Moisture\DDCA\DDCA_DH\H\20190124.mat,2358995,2026-04-02 12:52:23
Soil_Moisture\DDCA\DDCA_DH\H\20190126.mat,2241401,2026-04-02 12:52:23
Soil_Moisture\DDCA\DDCA_DH\H\20190129.mat,2225847,2026-04-02 12:52:23
Soil_Moisture\DDCA\DDCA_DH\H\20190116.mat,2397092,2026-04-02 12:52:22
Soil_Moisture\DDCA\DDCA_DH\H\20190118.mat,2268169,2026-04-02 12:52:22
Soil_Moisture\DDCA\DDCA_DH\H\20190119.mat,2523759,2026-04-02 12:52:22
Soil_Moisture\DDCA\DDCA_DH\H\20190123.mat,2284947,2026-04-02 12:52:22
Soil_Moisture\DDCA\DDCA_DH\H\20190125.mat,2510829,2026-04-02 12:52:22
Soil_Moisture\DDCA\DDCA_DH\H\20190127.mat,2481628,2026-04-02 12:52:22
Soil_Moisture\DDCA\DDCA_DH\H\20190114.mat,2651828,2026-04-02 12:52:21
Soil_Moisture\DDCA\DDCA_DH\H\20190115.mat,2329658,2026-04-02 12:52:20
Soil_Moisture\DDCA\DDCA_DH\H\20190117.mat,2572261,2026-04-02 12:52:20
Soil_Moisture\DDCA\DDCA_DH\H\20190103.mat,2599435,2026-04-02 12:52:19
Soil_Moisture\DDCA\DDCA_DH\H\20190108.mat,2451812,2026-04-02 12:52:19
Soil_Moisture\DDCA\DDCA_DH\H\20190109.mat,2647429,2026-04-02 12:52:19
Soil_Moisture\DDCA\DDCA_DH\H\20190110.mat,2308554,2026-04-02 12:52:19
Soil_Moisture\DDCA\DDCA_DH\H\20190112.mat,2462995,2026-04-02 12:52:19
Soil_Moisture\DDCA\DDCA_DH\H\20190113.mat,1963645,2026-04-02 12:52:19
Soil_Moisture\DDCA\DDCA_DH\H\20190101.mat,2520269,2026-04-02 12:52:18
Soil_Moisture\DDCA\DDCA_DH\H\20190107.mat,2385898,2026-04-02 12:52:18
Soil_Moisture\DDCA\DDCA_DH\H\20190111.mat,2575329,2026-04-02 12:52:18
Soil_Moisture\DDCA\DDCA_DH\H\20181225.mat,2481583,2026-04-02 12:52:17
Soil_Moisture\DDCA\DDCA_DH\H\20181227.mat,2714414,2026-04-02 12:52:17
Soil_Moisture\DDCA\DDCA_DH\H\20190104.mat,2506155,2026-04-02 12:52:17
Soil_Moisture\DDCA\DDCA_DH\H\20190106.mat,2697297,2026-04-02 12:52:17
Soil_Moisture\DDCA\DDCA_DH\H\20181222.mat,2477045,2026-04-02 12:52:16
Soil_Moisture\DDCA\DDCA_DH\H\20181226.mat,2568327,2026-04-02 12:52:16
Soil_Moisture\DDCA\DDCA_DH\H\20190102.mat,2361336,2026-04-02 12:52:16
Soil_Moisture\DDCA\DDCA_DH\H\20190105.mat,2347230,2026-04-02 12:52:16
Soil_Moisture\DDCA\DDCA_DH\H\20181223.mat,2608565,2026-04-02 12:52:14
Soil_Moisture\DDCA\DDCA_DH\H\20181224.mat,2797531,2026-04-02 12:52:14
Soil_Moisture\DDCA\DDCA_DH\H\20181228.mat,238696,2026-04-02 12:52:14
Soil_Moisture\DDCA\DDCA_DH\H\20181229.mat,238696,2026-04-02 12:52:14
Soil_Moisture\DDCA\DDCA_DH\H\20181231.mat,238696,2026-04-02 12:52:14
Soil_Moisture\DDCA\DDCA_DH\H\20181213.mat,2858305,2026-04-02 12:52:13
Soil_Moisture\DDCA\DDCA_DH\H\20181215.mat,2455889,2026-04-02 12:52:13
Soil_Moisture\DDCA\DDCA_DH\H\20181218.mat,2389898,2026-04-02 12:52:13
Soil_Moisture\DDCA\DDCA_DH\H\20181219.mat,2393302,2026-04-02 12:52:13
Soil_Moisture\DDCA\DDCA_DH\H\20181220.mat,2467675,2026-04-02 12:52:13
Soil_Moisture\DDCA\DDCA_DH\H\20181221.mat,2891216,2026-04-02 12:52:13
Soil_Moisture\DDCA\DDCA_DH\H\20181230.mat,238696,2026-04-02 12:52:13
Soil_Moisture\DDCA\DDCA_DH\H\20181207.mat,2533888,2026-04-02 12:52:12
Soil_Moisture\DDCA\DDCA_DH\H\20181212.mat,2120413,2026-04-02 12:52:12
Soil_Moisture\DDCA\DDCA_DH\H\20181214.mat,2442409,2026-04-02 12:52:12
Soil_Moisture\DDCA\DDCA_DH\H\20181217.mat,2429970,2026-04-02 12:52:12
Soil_Moisture\DDCA\DDCA_DH\H\20181208.mat,2764849,2026-04-02 12:52:11
Soil_Moisture\DDCA\DDCA_DH\H\20181210.mat,2732783,2026-04-02 12:52:11
Soil_Moisture\DDCA\DDCA_DH\H\20181211.mat,2595913,2026-04-02 12:52:11
Soil_Moisture\DDCA\DDCA_DH\H\20181216.mat,2620057,2026-04-02 12:52:11
Soil_Moisture\DDCA\DDCA_DH\H\20181128.mat,2155212,2026-04-02 12:52:10
Soil_Moisture\DDCA\DDCA_DH\H\20181205.mat,2824589,2026-04-02 12:52:10
Soil_Moisture\DDCA\DDCA_DH\H\20181209.mat,2399748,2026-04-02 12:52:10
Soil_Moisture\DDCA\DDCA_DH\H\20181202.mat,2694643,2026-04-02 12:52:09
Soil_Moisture\DDCA\DDCA_DH\H\20181125.mat,2541045,2026-04-02 12:52:08
Soil_Moisture\DDCA\DDCA_DH\H\20181129.mat,2494918,2026-04-02 12:52:08
Soil_Moisture\DDCA\DDCA_DH\H\20181130.mat,2695447,2026-04-02 12:52:08
Soil_Moisture\DDCA\DDCA_DH\H\20181201.mat,2331592,2026-04-02 12:52:08
Soil_Moisture\DDCA\DDCA_DH\H\20181203.mat,2566207,2026-04-02 12:52:08
Soil_Moisture\DDCA\DDCA_DH\H\20181204.mat,2391566,2026-04-02 12:52:08
Soil_Moisture\DDCA\DDCA_DH\H\20181206.mat,2410006,2026-04-02 12:52:08
Soil_Moisture\DDCA\DDCA_DH\H\20181124.mat,2686578,2026-04-02 12:52:07
Soil_Moisture\DDCA\DDCA_DH\H\20181126.mat,2334552,2026-04-02 12:52:07
Soil_Moisture\DDCA\DDCA_DH\H\20181127.mat,2683951,2026-04-02 12:52:07
Soil_Moisture\DDCA\DDCA_DH\H\20181123.mat,1893537,2026-04-02 12:52:06
Soil_Moisture\DDCA\DDCA_DH\H\20181122.mat,2697501,2026-04-02 12:52:05
Soil_Moisture\DDCA\DDCA_DH\H\20181112.mat,2553366,2026-04-02 12:52:04
Soil_Moisture\DDCA\DDCA_DH\H\20181118.mat,2325416,2026-04-02 12:52:04
Soil_Moisture\DDCA\DDCA_DH\H\20181120.mat,2346519,2026-04-02 12:52:04
Soil_Moisture\DDCA\DDCA_DH\H\20181121.mat,2027382,2026-04-02 12:52:04
Soil_Moisture\DDCA\DDCA_DH\H\20181108.mat,2988070,2026-04-02 12:52:03
Soil_Moisture\DDCA\DDCA_DH\H\20181109.mat,2866882,2026-04-02 12:52:03
Soil_Moisture\DDCA\DDCA_DH\H\20181110.mat,2485186,2026-04-02 12:52:03
Soil_Moisture\DDCA\DDCA_DH\H\20181113.mat,2642452,2026-04-02 12:52:03
Soil_Moisture\DDCA\DDCA_DH\H\20181114.mat,2884781,2026-04-02 12:52:03
Soil_Moisture\DDCA\DDCA_DH\H\20181115.mat,2513199,2026-04-02 12:52:03
Soil_Moisture\DDCA\DDCA_DH\H\20181116.mat,2856705,2026-04-02 12:52:03
Soil_Moisture\DDCA\DDCA_DH\H\20181117.mat,2821017,2026-04-02 12:52:03
Soil_Moisture\DDCA\DDCA_DH\H\20181119.mat,2789963,2026-04-02 12:52:03
Soil_Moisture\DDCA\DDCA_DH\H\20181107.mat,2649866,2026-04-02 12:52:02
Soil_Moisture\DDCA\DDCA_DH\H\20181111.mat,2968976,2026-04-02 12:52:02
Soil_Moisture\DDCA\DDCA_DH\H\20181105.mat,2790896,2026-04-02 12:52:01
Soil_Moisture\DDCA\DDCA_DH\H\20181101.mat,3014612,2026-04-02 12:52:00
Soil_Moisture\DDCA\DDCA_DH\H\20181106.mat,3023435,2026-04-02 12:52:00
Soil_Moisture\DDCA\DDCA_DH\H\20181103.mat,3127865,2026-04-02 12:51:59
Soil_Moisture\DDCA\DDCA_DH\H\20181104.mat,2680554,2026-04-02 12:51:59
Soil_Moisture\DDCA\DDCA_DH\H\20181024.mat,3111833,2026-04-02 12:51:58
Soil_Moisture\DDCA\DDCA_DH\H\20181025.mat,2713901,2026-04-02 12:51:58
Soil_Moisture\DDCA\DDCA_DH\H\20181026.mat,3007897,2026-04-02 12:51:58
Soil_Moisture\DDCA\DDCA_DH\H\20181027.mat,2788809,2026-04-02 12:51:58
Soil_Moisture\DDCA\DDCA_DH\H\20181029.mat,3155543,2026-04-02 12:51:58
Soil_Moisture\DDCA\DDCA_DH\H\20181030.mat,2746459,2026-04-02 12:51:58
Soil_Moisture\DDCA\DDCA_DH\H\20181031.mat,3106303,2026-04-02 12:51:58
Soil_Moisture\DDCA\DDCA_DH\H\20181102.mat,2633182,2026-04-02 12:51:58
Soil_Moisture\DDCA\DDCA_DH\H\20181023.mat,3194026,2026-04-02 12:51:57
Soil_Moisture\DDCA\DDCA_DH\H\20181028.mat,2877613,2026-04-02 12:51:57
Soil_Moisture\DDCA\DDCA_DH\H\20181018.mat,3353385,2026-04-02 12:51:56
Soil_Moisture\DDCA\DDCA_DH\H\20181021.mat,3233612,2026-04-02 12:51:56
Soil_Moisture\DDCA\DDCA_DH\H\20181022.mat,2846609,2026-04-02 12:51:55
Soil_Moisture\DDCA\DDCA_DH\H\20181020.mat,2976160,2026-04-02 12:51:54
Soil_Moisture\DDCA\DDCA_DH\H\20181019.mat,2880941,2026-04-02 12:51:53
Soil_Moisture\DDCA\DDCA_DH\H\20181015.mat,3303437,2026-04-02 12:51:52
Soil_Moisture\DDCA\DDCA_DH\H\20181016.mat,3315555,2026-04-02 12:51:52
Soil_Moisture\DDCA\DDCA_DH\H\20181017.mat,2803610,2026-04-02 12:51:52
Soil_Moisture\DDCA\DDCA_DH\H\20181006.mat,3062312,2026-04-02 12:51:51
Soil_Moisture\DDCA\DDCA_DH\H\20181008.mat,3225008,2026-04-02 12:51:51
Soil_Moisture\DDCA\DDCA_DH\H\20181010.mat,3461514,2026-04-02 12:51:51
Soil_Moisture\DDCA\DDCA_DH\H\20181011.mat,2740804,2026-04-02 12:51:51
Soil_Moisture\DDCA\DDCA_DH\H\20181012.mat,3092193,2026-04-02 12:51:51
Soil_Moisture\DDCA\DDCA_DH\H\20181013.mat,3355231,2026-04-02 12:51:51
Soil_Moisture\DDCA\DDCA_DH\H\20181014.mat,2910472,2026-04-02 12:51:51
Soil_Moisture\DDCA\DDCA_DH\H\20181002.mat,3602959,2026-04-02 12:51:50
Soil_Moisture\DDCA\DDCA_DH\H\20181003.mat,3072605,2026-04-02 12:51:50
Soil_Moisture\DDCA\DDCA_DH\H\20181005.mat,3467158,2026-04-02 12:51:50
Soil_Moisture\DDCA\DDCA_DH\H\20181007.mat,3461310,2026-04-02 12:51:50
Soil_Moisture\DDCA\DDCA_DH\H\20181009.mat,2903535,2026-04-02 12:51:50
Soil_Moisture\DDCA\DDCA_DH\H\20180930.mat,3458781,2026-04-02 12:51:49
Soil_Moisture\DDCA\DDCA_DH\H\20181001.mat,3075043,2026-04-02 12:51:49
Soil_Moisture\DDCA\DDCA_DH\H\20181004.mat,3259796,2026-04-02 12:51:49
Soil_Moisture\DDCA\DDCA_DH\H\20180928.mat,3178162,2026-04-02 12:51:47
Soil_Moisture\DDCA\DDCA_DH\H\20180929.mat,3558078,2026-04-02 12:51:46
Soil_Moisture\DDCA\DDCA_DH\H\20180920.mat,3353677,2026-04-02 12:51:45
Soil_Moisture\DDCA\DDCA_DH\H\20180921.mat,3557815,2026-04-02 12:51:45
Soil_Moisture\DDCA\DDCA_DH\H\20180923.mat,3153959,2026-04-02 12:51:45
Soil_Moisture\DDCA\DDCA_DH\H\20180926.mat,3350156,2026-04-02 12:51:45
Soil_Moisture\DDCA\DDCA_DH\H\20180927.mat,3586331,2026-04-02 12:51:45
Soil_Moisture\DDCA\DDCA_DH\H\20180916.mat,4021747,2026-04-02 12:51:44
Soil_Moisture\DDCA\DDCA_DH\H\20180917.mat,3468468,2026-04-02 12:51:44
Soil_Moisture\DDCA\DDCA_DH\H\20180918.mat,3212260,2026-04-02 12:51:44
Soil_Moisture\DDCA\DDCA_DH\H\20180919.mat,3872697,2026-04-02 12:51:44
Soil_Moisture\DDCA\DDCA_DH\H\20180922.mat,3702474,2026-04-02 12:51:44
Soil_Moisture\DDCA\DDCA_DH\H\20180924.mat,3716567,2026-04-02 12:51:44
Soil_Moisture\DDCA\DDCA_DH\H\20180925.mat,3180094,2026-04-02 12:51:44
Soil_Moisture\DDCA\DDCA_DH\H\20180914.mat,4101036,2026-04-02 12:51:43
Soil_Moisture\DDCA\DDCA_DH\H\20180913.mat,3616577,2026-04-02 12:51:42
Soil_Moisture\DDCA\DDCA_DH\H\20180915.mat,3423589,2026-04-02 12:51:41
Soil_Moisture\DDCA\DDCA_DH\H\20180905.mat,4195357,2026-04-02 12:51:38
Soil_Moisture\DDCA\DDCA_DH\H\20180907.mat,3611057,2026-04-02 12:51:38
Soil_Moisture\DDCA\DDCA_DH\H\20180911.mat,4163731,2026-04-02 12:51:38
Soil_Moisture\DDCA\DDCA_DH\H\20180912.mat,3687724,2026-04-02 12:51:38
Soil_Moisture\DDCA\DDCA_DH\H\20180831.mat,4540104,2026-04-02 12:51:37
Soil_Moisture\DDCA\DDCA_DH\H\20180901.mat,4033085,2026-04-02 12:51:37
Soil_Moisture\DDCA\DDCA_DH\H\20180902.mat,3588095,2026-04-02 12:51:37
Soil_Moisture\DDCA\DDCA_DH\H\20180903.mat,4436397,2026-04-02 12:51:37
Soil_Moisture\DDCA\DDCA_DH\H\20180904.mat,4013852,2026-04-02 12:51:37
Soil_Moisture\DDCA\DDCA_DH\H\20180906.mat,3371779,2026-04-02 12:51:37
Soil_Moisture\DDCA\DDCA_DH\H\20180908.mat,4284028,2026-04-02 12:51:37
Soil_Moisture\DDCA\DDCA_DH\H\20180909.mat,3716571,2026-04-02 12:51:37
Soil_Moisture\DDCA\DDCA_DH\H\20180910.mat,3803325,2026-04-02 12:51:37
Soil_Moisture\DDCA\DDCA_DH\H\20180823.mat,4751068,2026-04-02 12:51:32
Soil_Moisture\DDCA\DDCA_DH\H\20180830.mat,3843159,2026-04-02 12:51:32
Soil_Moisture\DDCA\DDCA_DH\H\20180821.mat,4672734,2026-04-02 12:51:31
Soil_Moisture\DDCA\DDCA_DH\H\20180824.mat,4263405,2026-04-02 12:51:31
Soil_Moisture\DDCA\DDCA_DH\H\20180825.mat,4223826,2026-04-02 12:51:31
Soil_Moisture\DDCA\DDCA_DH\H\20180826.mat,4650097,2026-04-02 12:51:31
Soil_Moisture\DDCA\DDCA_DH\H\20180827.mat,4259358,2026-04-02 12:51:31
Soil_Moisture\DDCA\DDCA_DH\H\20180828.mat,4420217,2026-04-02 12:51:31
Soil_Moisture\DDCA\DDCA_DH\H\20180829.mat,4623796,2026-04-02 12:51:31
Soil_Moisture\DDCA\DDCA_DH\H\20180820.mat,4616745,2026-04-02 12:51:30
Soil_Moisture\DDCA\DDCA_DH\H\20180822.mat,4050348,2026-04-02 12:51:30
Soil_Moisture\DDCA\DDCA_DH\H\20180818.mat,4890404,2026-04-02 12:51:28
Soil_Moisture\DDCA\DDCA_DH\H\20180819.mat,4475617,2026-04-02 12:51:26
Soil_Moisture\DDCA\DDCA_DH\H\20180810.mat,5079512,2026-04-02 12:51:25
Soil_Moisture\DDCA\DDCA_DH\H\20180811.mat,4676719,2026-04-02 12:51:25
Soil_Moisture\DDCA\DDCA_DH\H\20180812.mat,4779405,2026-04-02 12:51:25
Soil_Moisture\DDCA\DDCA_DH\H\20180813.mat,5023299,2026-04-02 12:51:25
Soil_Moisture\DDCA\DDCA_DH\H\20180814.mat,4268377,2026-04-02 12:51:25
Soil_Moisture\DDCA\DDCA_DH\H\20180815.mat,4976264,2026-04-02 12:51:25
Soil_Moisture\DDCA\DDCA_DH\H\20180816.mat,4252963,2026-04-02 12:51:25
Soil_Moisture\DDCA\DDCA_DH\H\20180817.mat,4427085,2026-04-02 12:51:25
Soil_Moisture\DDCA\DDCA_DH\H\20180808.mat,4706114,2026-04-02 12:51:23
Soil_Moisture\DDCA\DDCA_DH\H\20180809.mat,4571805,2026-04-02 12:51:23
Soil_Moisture\DDCA\DDCA_DH\H\20180804.mat,4872678,2026-04-02 12:51:20
Soil_Moisture\DDCA\DDCA_DH\H\20180806.mat,4453336,2026-04-02 12:51:20
Soil_Moisture\DDCA\DDCA_DH\H\20180807.mat,5122022,2026-04-02 12:51:20
Soil_Moisture\DDCA\DDCA_DH\H\20180801.mat,4644615,2026-04-02 12:51:19
Soil_Moisture\DDCA\DDCA_DH\H\20180802.mat,5187046,2026-04-02 12:51:19
Soil_Moisture\DDCA\DDCA_DH\H\20180803.mat,4822855,2026-04-02 12:51:19
Soil_Moisture\DDCA\DDCA_DH\H\20180729.mat,4545421,2026-04-02 12:51:18
Soil_Moisture\DDCA\DDCA_DH\H\20180730.mat,5207045,2026-04-02 12:51:18
Soil_Moisture\DDCA\DDCA_DH\H\20180805.mat,5131092,2026-04-02 12:51:18
Soil_Moisture\DDCA\DDCA_DH\H\20180731.mat,4838874,2026-04-02 12:51:17
Soil_Moisture\DDCA\DDCA_DH\H\20180727.mat,4867032,2026-04-02 12:51:16
Soil_Moisture\DDCA\DDCA_DH\H\20180728.mat,5090366,2026-04-02 12:51:16
Soil_Moisture\DDCA\DDCA_DH\H\20180722.mat,5192495,2026-04-02 12:51:12
Soil_Moisture\DDCA\DDCA_DH\H\20180723.mat,4831656,2026-04-02 12:51:12
Soil_Moisture\DDCA\DDCA_DH\H\20180724.mat,4703498,2026-04-02 12:51:12
Soil_Moisture\DDCA\DDCA_DH\H\20180725.mat,4848241,2026-04-02 12:51:12
Soil_Moisture\DDCA\DDCA_DH\H\20180726.mat,4818338,2026-04-02 12:51:12
Soil_Moisture\DDCA\DDCA_DH\H\20180718.mat,4445371,2026-04-02 12:51:11
Soil_Moisture\DDCA\DDCA_DH\H\20180719.mat,4789260,2026-04-02 12:51:11
Soil_Moisture\DDCA\DDCA_DH\H\20180720.mat,5002260,2026-04-02 12:51:11
Soil_Moisture\DDCA\DDCA_DH\H\20180721.mat,4599603,2026-04-02 12:51:11
Soil_Moisture\DDCA\DDCA_DH\H\20180717.mat,4999636,2026-04-02 12:51:10
Soil_Moisture\DDCA\DDCA_DH\H\20180707.mat,4624904,2026-04-02 12:51:06
Soil_Moisture\DDCA\DDCA_DH\H\20180708.mat,4406416,2026-04-02 12:51:06
Soil_Moisture\DDCA\DDCA_DH\H\20180710.mat,4591261,2026-04-02 12:51:06
Soil_Moisture\DDCA\DDCA_DH\H\20180711.mat,4597850,2026-04-02 12:51:06
Soil_Moisture\DDCA\DDCA_DH\H\20180712.mat,5010953,2026-04-02 12:51:06
Soil_Moisture\DDCA\DDCA_DH\H\20180713.mat,4507733,2026-04-02 12:51:06
Soil_Moisture\DDCA\DDCA_DH\H\20180714.mat,5077627,2026-04-02 12:51:06
Soil_Moisture\DDCA\DDCA_DH\H\20180715.mat,4772094,2026-04-02 12:51:06
Soil_Moisture\DDCA\DDCA_DH\H\20180716.mat,4616724,2026-04-02 12:51:06
Soil_Moisture\DDCA\DDCA_DH\H\20180709.mat,4913887,2026-04-02 12:51:05
Soil_Moisture\DDCA\DDCA_DH\H\20180626.mat,4156553,2026-04-02 12:51:00
Soil_Moisture\DDCA\DDCA_DH\H\20180627.mat,2438601,2026-04-02 12:51:00
Soil_Moisture\DDCA\DDCA_DH\H\20180628.mat,3757791,2026-04-02 12:51:00
Soil_Moisture\DDCA\DDCA_DH\H\20180629.mat,4435106,2026-04-02 12:51:00
Soil_Moisture\DDCA\DDCA_DH\H\20180630.mat,4232479,2026-04-02 12:51:00
Soil_Moisture\DDCA\DDCA_DH\H\20180701.mat,4679225,2026-04-02 12:51:00
Soil_Moisture\DDCA\DDCA_DH\H\20180702.mat,4401938,2026-04-02 12:51:00
Soil_Moisture\DDCA\DDCA_DH\H\20180703.mat,4439523,2026-04-02 12:51:00
Soil_Moisture\DDCA\DDCA_DH\H\20180704.mat,4845535,2026-04-02 12:51:00
Soil_Moisture\DDCA\DDCA_DH\H\20180705.mat,4384388,2026-04-02 12:51:00
Soil_Moisture\DDCA\DDCA_DH\H\20180706.mat,4937933,2026-04-02 12:51:00
Soil_Moisture\DDCA\DDCA_DH\H\20180625.mat,4302535,2026-04-02 12:50:57
Soil_Moisture\DDCA\DDCA_DH\H\20180624.mat,4229075,2026-04-02 12:50:55
Soil_Moisture\DDCA\DDCA_DH\H\20180615.mat,4267435,2026-04-02 12:50:54
Soil_Moisture\DDCA\DDCA_DH\H\20180616.mat,4064417,2026-04-02 12:50:54
Soil_Moisture\DDCA\DDCA_DH\H\20180617.mat,4191488,2026-04-02 12:50:54
Soil_Moisture\DDCA\DDCA_DH\H\20180618.mat,4367866,2026-04-02 12:50:54
Soil_Moisture\DDCA\DDCA_DH\H\20180619.mat,4032394,2026-04-02 12:50:54
Soil_Moisture\DDCA\DDCA_DH\H\20180620.mat,4338113,2026-04-02 12:50:54
Soil_Moisture\DDCA\DDCA_DH\H\20180621.mat,4221790,2026-04-02 12:50:54
Soil_Moisture\DDCA\DDCA_DH\H\20180622.mat,3953438,2026-04-02 12:50:54
Soil_Moisture\DDCA\DDCA_DH\H\20180623.mat,4434626,2026-04-02 12:50:54
Soil_Moisture\DDCA\DDCA_DH\H\20180614.mat,4017997,2026-04-02 12:50:53
Soil_Moisture\DDCA\DDCA_DH\H\20180521.mat,3533600,2026-04-02 12:50:52
Soil_Moisture\DDCA\DDCA_DH\H\20180609.mat,4072538,2026-04-02 12:50:50
Soil_Moisture\DDCA\DDCA_DH\H\20180613.mat,4070633,2026-04-02 12:50:50
Soil_Moisture\DDCA\DDCA_DH\H\20180604.mat,4328033,2026-04-02 12:50:49
Soil_Moisture\DDCA\DDCA_DH\H\20180606.mat,3894776,2026-04-02 12:50:49
Soil_Moisture\DDCA\DDCA_DH\H\20180607.mat,4183174,2026-04-02 12:50:49
Soil_Moisture\DDCA\DDCA_DH\H\20180610.mat,4376529,2026-04-02 12:50:49
Soil_Moisture\DDCA\DDCA_DH\H\20180612.mat,4460996,2026-04-02 12:50:49
Soil_Moisture\DDCA\DDCA_DH\H\20180601.mat,3922275,2026-04-02 12:50:48
Soil_Moisture\DDCA\DDCA_DH\H\20180603.mat,3771706,2026-04-02 12:50:48
Soil_Moisture\DDCA\DDCA_DH\H\20180605.mat,3930170,2026-04-02 12:50:48
Soil_Moisture\DDCA\DDCA_DH\H\20180608.mat,3917061,2026-04-02 12:50:48
Soil_Moisture\DDCA\DDCA_DH\H\20180611.mat,3876379,2026-04-02 12:50:48
Soil_Moisture\DDCA\DDCA_DH\H\20180602.mat,4175200,2026-04-02 12:50:47
Soil_Moisture\DDCA\DDCA_DH\H\20180531.mat,3741970,2026-04-02 12:50:45
Soil_Moisture\DDCA\DDCA_DH\H\20180526.mat,3598616,2026-04-02 12:50:43
Soil_Moisture\DDCA\DDCA_DH\H\20180530.mat,4095030,2026-04-02 12:50:43
Soil_Moisture\DDCA\DDCA_DH\H\20180517.mat,3744277,2026-04-02 12:50:42
Soil_Moisture\DDCA\DDCA_DH\H\20180520.mat,3530653,2026-04-02 12:50:42
Soil_Moisture\DDCA\DDCA_DH\H\20180522.mat,3817014,2026-04-02 12:50:42
Soil_Moisture\DDCA\DDCA_DH\H\20180523.mat,3517690,2026-04-02 12:50:42
Soil_Moisture\DDCA\DDCA_DH\H\20180524.mat,3720506,2026-04-02 12:50:42
Soil_Moisture\DDCA\DDCA_DH\H\20180525.mat,4026902,2026-04-02 12:50:42
Soil_Moisture\DDCA\DDCA_DH\H\20180527.mat,4184539,2026-04-02 12:50:42
Soil_Moisture\DDCA\DDCA_DH\H\20180528.mat,3752822,2026-04-02 12:50:42
Soil_Moisture\DDCA\DDCA_DH\H\20180529.mat,3738286,2026-04-02 12:50:42
Soil_Moisture\DDCA\DDCA_DH\H\20180518.mat,3388001,2026-04-02 12:50:41
Soil_Moisture\DDCA\DDCA_DH\H\20180519.mat,3932438,2026-04-02 12:50:41
Soil_Moisture\DDCA\DDCA_DH\H\20180516.mat,3599887,2026-04-02 12:50:40
Soil_Moisture\DDCA\DDCA_DH\H\20180514.mat,3711943,2026-04-02 12:50:38
Soil_Moisture\DDCA\DDCA_DH\H\20180506.mat,3581793,2026-04-02 12:50:36
Soil_Moisture\DDCA\DDCA_DH\H\20180507.mat,3238173,2026-04-02 12:50:36
Soil_Moisture\DDCA\DDCA_DH\H\20180509.mat,3672352,2026-04-02 12:50:36
Soil_Moisture\DDCA\DDCA_DH\H\20180515.mat,3222405,2026-04-02 12:50:36
Soil_Moisture\DDCA\DDCA_DH\H\20180430.mat,3378111,2026-04-02 12:50:35
Soil_Moisture\DDCA\DDCA_DH\H\20180502.mat,3177933,2026-04-02 12:50:35
Soil_Moisture\DDCA\DDCA_DH\H\20180504.mat,3237463,2026-04-02 12:50:35
Soil_Moisture\DDCA\DDCA_DH\H\20180505.mat,3332134,2026-04-02 12:50:35
Soil_Moisture\DDCA\DDCA_DH\H\20180508.mat,3503525,2026-04-02 12:50:35
Soil_Moisture\DDCA\DDCA_DH\H\20180510.mat,3259544,2026-04-02 12:50:35
Soil_Moisture\DDCA\DDCA_DH\H\20180511.mat,3784004,2026-04-02 12:50:35
Soil_Moisture\DDCA\DDCA_DH\H\20180512.mat,3380965,2026-04-02 12:50:35
Soil_Moisture\DDCA\DDCA_DH\H\20180513.mat,3406079,2026-04-02 12:50:35
Soil_Moisture\DDCA\DDCA_DH\H\20180503.mat,3658070,2026-04-02 12:50:34
Soil_Moisture\DDCA\DDCA_DH\H\20180428.mat,3455732,2026-04-02 12:50:33
Soil_Moisture\DDCA\DDCA_DH\H\20180501.mat,3461113,2026-04-02 12:50:32
Soil_Moisture\DDCA\DDCA_DH\H\20180424.mat,3078376,2026-04-02 12:50:31
Soil_Moisture\DDCA\DDCA_DH\H\20180429.mat,3139520,2026-04-02 12:50:31
Soil_Moisture\DDCA\DDCA_DH\H\20180423.mat,3371183,2026-04-02 12:50:30
Soil_Moisture\DDCA\DDCA_DH\H\20180416.mat,2983832,2026-04-02 12:50:29
Soil_Moisture\DDCA\DDCA_DH\H\20180419.mat,3091672,2026-04-02 12:50:29
Soil_Moisture\DDCA\DDCA_DH\H\20180422.mat,3240175,2026-04-02 12:50:29
Soil_Moisture\DDCA\DDCA_DH\H\20180426.mat,3133659,2026-04-02 12:50:29
Soil_Moisture\DDCA\DDCA_DH\H\20180415.mat,3168686,2026-04-02 12:50:28
Soil_Moisture\DDCA\DDCA_DH\H\20180417.mat,3357290,2026-04-02 12:50:28
Soil_Moisture\DDCA\DDCA_DH\H\20180418.mat,3016357,2026-04-02 12:50:28
Soil_Moisture\DDCA\DDCA_DH\H\20180420.mat,3285003,2026-04-02 12:50:28
Soil_Moisture\DDCA\DDCA_DH\H\20180425.mat,3525241,2026-04-02 12:50:28
Soil_Moisture\DDCA\DDCA_DH\H\20180427.mat,3202668,2026-04-02 12:50:28
Soil_Moisture\DDCA\DDCA_DH\H\20180414.mat,3184917,2026-04-02 12:50:27
Soil_Moisture\DDCA\DDCA_DH\H\20180412.mat,3179023,2026-04-02 12:50:26
Soil_Moisture\DDCA\DDCA_DH\H\20180413.mat,2956434,2026-04-02 12:50:26
Soil_Moisture\DDCA\DDCA_DH\H\20180407.mat,3119395,2026-04-02 12:50:25
Soil_Moisture\DDCA\DDCA_DH\H\20180409.mat,3271243,2026-04-02 12:50:25
Soil_Moisture\DDCA\DDCA_DH\H\20180421.mat,3038601,2026-04-02 12:50:25
Soil_Moisture\DDCA\DDCA_DH\H\20180406.mat,3050616,2026-04-02 12:50:24
Soil_Moisture\DDCA\DDCA_DH\H\20180410.mat,2924231,2026-04-02 12:50:24
Soil_Moisture\DDCA\DDCA_DH\H\20180411.mat,2678293,2026-04-02 12:50:24
Soil_Moisture\DDCA\DDCA_DH\H\20180402.mat,2811922,2026-04-02 12:50:23
Soil_Moisture\DDCA\DDCA_DH\H\20180405.mat,2828279,2026-04-02 12:50:23
Soil_Moisture\DDCA\DDCA_DH\H\20180408.mat,2940551,2026-04-02 12:50:23
Soil_Moisture\DDCA\DDCA_DH\H\20180403.mat,2918230,2026-04-02 12:50:22
Soil_Moisture\DDCA\DDCA_DH\H\20180328.mat,2767288,2026-04-02 12:50:21
Soil_Moisture\DDCA\DDCA_DH\H\20180404.mat,3062784,2026-04-02 12:50:21
Soil_Moisture\DDCA\DDCA_DH\H\20180330.mat,2955472,2026-04-02 12:50:20
Soil_Moisture\DDCA\DDCA_DH\H\20180318.mat,2234856,2026-04-02 12:50:19
Soil_Moisture\DDCA\DDCA_DH\H\20180319.mat,2008538,2026-04-02 12:50:19
Soil_Moisture\DDCA\DDCA_DH\H\20180321.mat,2848552,2026-04-02 12:50:19
Soil_Moisture\DDCA\DDCA_DH\H\20180325.mat,2739628,2026-04-02 12:50:19
Soil_Moisture\DDCA\DDCA_DH\H\20180326.mat,2849941,2026-04-02 12:50:19
Soil_Moisture\DDCA\DDCA_DH\H\20180329.mat,2971130,2026-04-02 12:50:19
Soil_Moisture\DDCA\DDCA_DH\H\20180331.mat,2813462,2026-04-02 12:50:19
Soil_Moisture\DDCA\DDCA_DH\H\20180401.mat,3141073,2026-04-02 12:50:19
Soil_Moisture\DDCA\DDCA_DH\H\20180322.mat,2926236,2026-04-02 12:50:18
Soil_Moisture\DDCA\DDCA_DH\H\20180323.mat,2754974,2026-04-02 12:50:18
Soil_Moisture\DDCA\DDCA_DH\H\20180320.mat,2127943,2026-04-02 12:50:17
Soil_Moisture\DDCA\DDCA_DH\H\20180324.mat,3050108,2026-04-02 12:50:17
Soil_Moisture\DDCA\DDCA_DH\H\20180327.mat,2974723,2026-04-02 12:50:17
Soil_Moisture\DDCA\DDCA_DH\H\20180312.mat,2640866,2026-04-02 12:50:15
Soil_Moisture\DDCA\DDCA_DH\H\20180316.mat,2949658,2026-04-02 12:50:15
Soil_Moisture\DDCA\DDCA_DH\H\20180313.mat,2844202,2026-04-02 12:50:14
Soil_Moisture\DDCA\DDCA_DH\H\20180314.mat,2816023,2026-04-02 12:50:14
Soil_Moisture\DDCA\DDCA_DH\H\20180315.mat,2693961,2026-04-02 12:50:14
Soil_Moisture\DDCA\DDCA_DH\H\20180317.mat,2666644,2026-04-02 12:50:14
Soil_Moisture\DDCA\DDCA_DH\H\20180304.mat,2223836,2026-04-02 12:50:13
Soil_Moisture\DDCA\DDCA_DH\H\20180306.mat,2814174,2026-04-02 12:50:13
Soil_Moisture\DDCA\DDCA_DH\H\20180307.mat,2639269,2026-04-02 12:50:13
Soil_Moisture\DDCA\DDCA_DH\H\20180308.mat,2673456,2026-04-02 12:50:13
Soil_Moisture\DDCA\DDCA_DH\H\20180309.mat,2515971,2026-04-02 12:50:13
Soil_Moisture\DDCA\DDCA_DH\H\20180310.mat,2733322,2026-04-02 12:50:13
Soil_Moisture\DDCA\DDCA_DH\H\20180311.mat,2831686,2026-04-02 12:50:13
Soil_Moisture\DDCA\DDCA_DH\H\20180303.mat,2736438,2026-04-02 12:50:12
Soil_Moisture\DDCA\DDCA_DH\H\20180305.mat,2817816,2026-04-02 12:50:12
Soil_Moisture\DDCA\DDCA_DH\H\20180227.mat,2618765,2026-04-02 12:50:11
Soil_Moisture\DDCA\DDCA_DH\H\20180302.mat,2716800,2026-04-02 12:50:11
Soil_Moisture\DDCA\DDCA_DH\H\20180221.mat,2500280,2026-04-02 12:50:10
Soil_Moisture\DDCA\DDCA_DH\H\20180224.mat,2481311,2026-04-02 12:50:10
Soil_Moisture\DDCA\DDCA_DH\H\20180219.mat,2537980,2026-04-02 12:50:09
Soil_Moisture\DDCA\DDCA_DH\H\20180223.mat,2660034,2026-04-02 12:50:09
Soil_Moisture\DDCA\DDCA_DH\H\20180228.mat,2843946,2026-04-02 12:50:09
Soil_Moisture\DDCA\DDCA_DH\H\20180301.mat,2218586,2026-04-02 12:50:09
Soil_Moisture\DDCA\DDCA_DH\H\20180217.mat,2650679,2026-04-02 12:50:08
Soil_Moisture\DDCA\DDCA_DH\H\20180222.mat,2642763,2026-04-02 12:50:08
Soil_Moisture\DDCA\DDCA_DH\H\20180225.mat,2744489,2026-04-02 12:50:08
Soil_Moisture\DDCA\DDCA_DH\H\20180226.mat,2681657,2026-04-02 12:50:08
Soil_Moisture\DDCA\DDCA_DH\H\20180214.mat,2520250,2026-04-02 12:50:07
Soil_Moisture\DDCA\DDCA_DH\H\20180216.mat,2370425,2026-04-02 12:50:07
Soil_Moisture\DDCA\DDCA_DH\H\20180218.mat,2638984,2026-04-02 12:50:07
Soil_Moisture\DDCA\DDCA_DH\H\20180220.mat,2739056,2026-04-02 12:50:07
Soil_Moisture\DDCA\DDCA_DH\H\20180211.mat,2151013,2026-04-02 12:50:06
Soil_Moisture\DDCA\DDCA_DH\H\20180215.mat,2397009,2026-04-02 12:50:06
Soil_Moisture\DDCA\DDCA_DH\H\20180210.mat,2202732,2026-04-02 12:50:05
Soil_Moisture\DDCA\DDCA_DH\H\20180212.mat,2303183,2026-04-02 12:50:05
Soil_Moisture\DDCA\DDCA_DH\H\20180213.mat,2376453,2026-04-02 12:50:05
Soil_Moisture\DDCA\DDCA_DH\H\20180205.mat,2189347,2026-04-02 12:50:04
Soil_Moisture\DDCA\DDCA_DH\H\20180208.mat,1860056,2026-04-02 12:50:04
Soil_Moisture\DDCA\DDCA_DH\H\20180209.mat,1384090,2026-04-02 12:50:04
Soil_Moisture\DDCA\DDCA_DH\H\20180201.mat,2466741,2026-04-02 12:50:03
Soil_Moisture\DDCA\DDCA_DH\H\20180203.mat,2253039,2026-04-02 12:50:03
Soil_Moisture\DDCA\DDCA_DH\H\20180206.mat,2373341,2026-04-02 12:50:03
Soil_Moisture\DDCA\DDCA_DH\H\20180207.mat,1846366,2026-04-02 12:50:03
Soil_Moisture\DDCA\DDCA_DH\H\20180128.mat,2206949,2026-04-02 12:50:02
Soil_Moisture\DDCA\DDCA_DH\H\20180131.mat,2213684,2026-04-02 12:50:02
Soil_Moisture\DDCA\DDCA_DH\H\20180202.mat,2301507,2026-04-02 12:50:02
Soil_Moisture\DDCA\DDCA_DH\H\20180204.mat,2446376,2026-04-02 12:50:02
Soil_Moisture\DDCA\DDCA_DH\H\20180127.mat,2448296,2026-04-02 12:50:01
Soil_Moisture\DDCA\DDCA_DH\H\20180129.mat,2353837,2026-04-02 12:50:01
Soil_Moisture\DDCA\DDCA_DH\H\20180130.mat,2359072,2026-04-02 12:50:01
Soil_Moisture\DDCA\DDCA_DH\H\20180120.mat,2251471,2026-04-02 12:50:00
Soil_Moisture\DDCA\DDCA_DH\H\20180124.mat,2500525,2026-04-02 12:50:00
Soil_Moisture\DDCA\DDCA_DH\H\20180125.mat,2289785,2026-04-02 12:50:00
Soil_Moisture\DDCA\DDCA_DH\H\20180126.mat,2246701,2026-04-02 12:50:00
Soil_Moisture\DDCA\DDCA_DH\H\20180119.mat,2496717,2026-04-02 12:49:59
Soil_Moisture\DDCA\DDCA_DH\H\20180122.mat,2404016,2026-04-02 12:49:59
Soil_Moisture\DDCA\DDCA_DH\H\20180123.mat,2253225,2026-04-02 12:49:59
Soil_Moisture\DDCA\DDCA_DH\H\20180111.mat,1822375,2026-04-02 12:49:58
Soil_Moisture\DDCA\DDCA_DH\H\20180117.mat,2392006,2026-04-02 12:49:58
Soil_Moisture\DDCA\DDCA_DH\H\20180118.mat,2285223,2026-04-02 12:49:58
Soil_Moisture\DDCA\DDCA_DH\H\20180121.mat,2393873,2026-04-02 12:49:58
Soil_Moisture\DDCA\DDCA_DH\H\20180107.mat,2120628,2026-04-02 12:49:57
Soil_Moisture\DDCA\DDCA_DH\H\20180114.mat,2518247,2026-04-02 12:49:57
Soil_Moisture\DDCA\DDCA_DH\H\20180115.mat,2335126,2026-04-02 12:49:57
Soil_Moisture\DDCA\DDCA_DH\H\20180116.mat,2578731,2026-04-02 12:49:57
Soil_Moisture\DDCA\DDCA_DH\H\20180103.mat,2663056,2026-04-02 12:49:56
Soil_Moisture\DDCA\DDCA_DH\H\20180109.mat,1426998,2026-04-02 12:49:56
Soil_Moisture\DDCA\DDCA_DH\H\20180110.mat,1598411,2026-04-02 12:49:56
Soil_Moisture\DDCA\DDCA_DH\H\20180101.mat,2575450,2026-04-02 12:49:55
Soil_Moisture\DDCA\DDCA_DH\H\20180104.mat,2163359,2026-04-02 12:49:55
Soil_Moisture\DDCA\DDCA_DH\H\20180105.mat,2194059,2026-04-02 12:49:55
Soil_Moisture\DDCA\DDCA_DH\H\20180108.mat,1954911,2026-04-02 12:49:55
Soil_Moisture\DDCA\DDCA_DH\H\20180113.mat,2458034,2026-04-02 12:49:55
Soil_Moisture\DDCA\DDCA_DH\H\20171224.mat,2352639,2026-04-02 12:49:54
Soil_Moisture\DDCA\DDCA_DH\H\20171227.mat,2328677,2026-04-02 12:49:54
Soil_Moisture\DDCA\DDCA_DH\H\20180102.mat,2399300,2026-04-02 12:49:54
Soil_Moisture\DDCA\DDCA_DH\H\20180106.mat,2326275,2026-04-02 12:49:54
Soil_Moisture\DDCA\DDCA_DH\H\20180112.mat,1574422,2026-04-02 12:49:54
Soil_Moisture\DDCA\DDCA_DH\H\20171225.mat,2150539,2026-04-02 12:49:53
Soil_Moisture\DDCA\DDCA_DH\H\20171226.mat,2698099,2026-04-02 12:49:53
Soil_Moisture\DDCA\DDCA_DH\H\20171222.mat,2189329,2026-04-02 12:49:52
Soil_Moisture\DDCA\DDCA_DH\H\20171223.mat,2369135,2026-04-02 12:49:52
Soil_Moisture\DDCA\DDCA_DH\H\20171230.mat,238696,2026-04-02 12:49:52
Soil_Moisture\DDCA\DDCA_DH\H\20171231.mat,238696,2026-04-02 12:49:52
Soil_Moisture\DDCA\DDCA_DH\H\20171218.mat,2657676,2026-04-02 12:49:51
Soil_Moisture\DDCA\DDCA_DH\H\20171220.mat,2351237,2026-04-02 12:49:51
Soil_Moisture\DDCA\DDCA_DH\H\20171221.mat,2557057,2026-04-02 12:49:51
Soil_Moisture\DDCA\DDCA_DH\H\20171228.mat,238696,2026-04-02 12:49:51
Soil_Moisture\DDCA\DDCA_DH\H\20171229.mat,238696,2026-04-02 12:49:51
Soil_Moisture\DDCA\DDCA_DH\H\20171207.mat,2314116,2026-04-02 12:49:50
Soil_Moisture\DDCA\DDCA_DH\H\20171215.mat,2539036,2026-04-02 12:49:50
Soil_Moisture\DDCA\DDCA_DH\H\20171217.mat,2126561,2026-04-02 12:49:50
Soil_Moisture\DDCA\DDCA_DH\H\20171219.mat,2207410,2026-04-02 12:49:50
Soil_Moisture\DDCA\DDCA_DH\H\20171208.mat,2301110,2026-04-02 12:49:49
Soil_Moisture\DDCA\DDCA_DH\H\20171209.mat,2114960,2026-04-02 12:49:49
Soil_Moisture\DDCA\DDCA_DH\H\20171210.mat,2479576,2026-04-02 12:49:49
Soil_Moisture\DDCA\DDCA_DH\H\20171211.mat,2193765,2026-04-02 12:49:49
Soil_Moisture\DDCA\DDCA_DH\H\20171212.mat,2335191,2026-04-02 12:49:49
Soil_Moisture\DDCA\DDCA_DH\H\20171213.mat,2514931,2026-04-02 12:49:49
Soil_Moisture\DDCA\DDCA_DH\H\20171214.mat,2161213,2026-04-02 12:49:49
Soil_Moisture\DDCA\DDCA_DH\H\20171216.mat,2312727,2026-04-02 12:49:49
Soil_Moisture\DDCA\DDCA_DH\H\20171203.mat,2156111,2026-04-02 12:49:48
Soil_Moisture\DDCA\DDCA_DH\H\20171204.mat,2279066,2026-04-02 12:49:48
Soil_Moisture\DDCA\DDCA_DH\H\20171205.mat,2512491,2026-04-02 12:49:48
Soil_Moisture\DDCA\DDCA_DH\H\20171206.mat,2141324,2026-04-02 12:49:48
Soil_Moisture\DDCA\DDCA_DH\H\20171202.mat,2632122,2026-04-02 12:49:46
Soil_Moisture\DDCA\DDCA_DH\H\20171123.mat,2108359,2026-04-02 12:49:45
Soil_Moisture\DDCA\DDCA_DH\H\20171127.mat,2492403,2026-04-02 12:49:45
Soil_Moisture\DDCA\DDCA_DH\H\20171128.mat,2120139,2026-04-02 12:49:45
Soil_Moisture\DDCA\DDCA_DH\H\20171129.mat,2521328,2026-04-02 12:49:45
Soil_Moisture\DDCA\DDCA_DH\H\20171130.mat,2284726,2026-04-02 12:49:45
Soil_Moisture\DDCA\DDCA_DH\H\20171201.mat,2099316,2026-04-02 12:49:45
Soil_Moisture\DDCA\DDCA_DH\H\20171117.mat,2613177,2026-04-02 12:49:44
Soil_Moisture\DDCA\DDCA_DH\H\20171118.mat,2314355,2026-04-02 12:49:44
Soil_Moisture\DDCA\DDCA_DH\H\20171120.mat,2125726,2026-04-02 12:49:44
Soil_Moisture\DDCA\DDCA_DH\H\20171121.mat,2527051,2026-04-02 12:49:44
Soil_Moisture\DDCA\DDCA_DH\H\20171122.mat,2289601,2026-04-02 12:49:44
Soil_Moisture\DDCA\DDCA_DH\H\20171124.mat,2630823,2026-04-02 12:49:44
Soil_Moisture\DDCA\DDCA_DH\H\20171125.mat,2162856,2026-04-02 12:49:44
Soil_Moisture\DDCA\DDCA_DH\H\20171126.mat,2309851,2026-04-02 12:49:44
Soil_Moisture\DDCA\DDCA_DH\H\20171114.mat,2705921,2026-04-02 12:49:42
Soil_Moisture\DDCA\DDCA_DH\H\20171119.mat,2496997,2026-04-02 12:49:42
Soil_Moisture\DDCA\DDCA_DH\H\20171110.mat,2606238,2026-04-02 12:49:41
Soil_Moisture\DDCA\DDCA_DH\H\20171113.mat,2847841,2026-04-02 12:49:41
Soil_Moisture\DDCA\DDCA_DH\H\20171115.mat,2426890,2026-04-02 12:49:41
Soil_Moisture\DDCA\DDCA_DH\H\20171116.mat,3019472,2026-04-02 12:49:41
Soil_Moisture\DDCA\DDCA_DH\H\20171105.mat,2983532,2026-04-02 12:49:40
Soil_Moisture\DDCA\DDCA_DH\H\20171106.mat,2864430,2026-04-02 12:49:40
Soil_Moisture\DDCA\DDCA_DH\H\20171108.mat,3132906,2026-04-02 12:49:40
Soil_Moisture\DDCA\DDCA_DH\H\20171112.mat,2472075,2026-04-02 12:49:40
Soil_Moisture\DDCA\DDCA_DH\H\20171029.mat,2960824,2026-04-02 12:49:39
Soil_Moisture\DDCA\DDCA_DH\H\20171031.mat,3237348,2026-04-02 12:49:39
Soil_Moisture\DDCA\DDCA_DH\H\20171103.mat,3068595,2026-04-02 12:49:39
Soil_Moisture\DDCA\DDCA_DH\H\20171107.mat,2553886,2026-04-02 12:49:39
Soil_Moisture\DDCA\DDCA_DH\H\20171109.mat,2718777,2026-04-02 12:49:39
Soil_Moisture\DDCA\DDCA_DH\H\20171111.mat,2761287,2026-04-02 12:49:39
Soil_Moisture\DDCA\DDCA_DH\H\20171030.mat,2655967,2026-04-02 12:49:38
Soil_Moisture\DDCA\DDCA_DH\H\20171101.mat,2877687,2026-04-02 12:49:38
Soil_Moisture\DDCA\DDCA_DH\H\20171102.mat,2734233,2026-04-02 12:49:38
Soil_Moisture\DDCA\DDCA_DH\H\20171104.mat,2615445,2026-04-02 12:49:38
Soil_Moisture\DDCA\DDCA_DH\H\20171028.mat,3081974,2026-04-02 12:49:37
Soil_Moisture\DDCA\DDCA_DH\H\20171027.mat,2711398,2026-04-02 12:49:36
Soil_Moisture\DDCA\DDCA_DH\H\20171022.mat,2753325,2026-04-02 12:49:35
Soil_Moisture\DDCA\DDCA_DH\H\20171023.mat,3296409,2026-04-02 12:49:35
Soil_Moisture\DDCA\DDCA_DH\H\20171025.mat,2828632,2026-04-02 12:49:35
Soil_Moisture\DDCA\DDCA_DH\H\20171026.mat,3166732,2026-04-02 12:49:35
Soil_Moisture\DDCA\DDCA_DH\H\20171019.mat,2795585,2026-04-02 12:49:34
Soil_Moisture\DDCA\DDCA_DH\H\20171020.mat,3166331,2026-04-02 12:49:34
Soil_Moisture\DDCA\DDCA_DH\H\20171024.mat,2908658,2026-04-02 12:49:34
Soil_Moisture\DDCA\DDCA_DH\H\20171013.mat,3112391,2026-04-02 12:49:33
Soil_Moisture\DDCA\DDCA_DH\H\20171017.mat,2928156,2026-04-02 12:49:33
Soil_Moisture\DDCA\DDCA_DH\H\20171021.mat,2995530,2026-04-02 12:49:33
Soil_Moisture\DDCA\DDCA_DH\H\20171014.mat,2849474,2026-04-02 12:49:32
Soil_Moisture\DDCA\DDCA_DH\H\20171015.mat,3401304,2026-04-02 12:49:32
Soil_Moisture\DDCA\DDCA_DH\H\20171018.mat,3214697,2026-04-02 12:49:32
Soil_Moisture\DDCA\DDCA_DH\H\20171004.mat,3324624,2026-04-02 12:49:31
Soil_Moisture\DDCA\DDCA_DH\H\20171011.mat,2902573,2026-04-02 12:49:31
Soil_Moisture\DDCA\DDCA_DH\H\20171012.mat,3247470,2026-04-02 12:49:31
Soil_Moisture\DDCA\DDCA_DH\H\20171016.mat,3054213,2026-04-02 12:49:31
Soil_Moisture\DDCA\DDCA_DH\H\20171007.mat,3503932,2026-04-02 12:49:30
Soil_Moisture\DDCA\DDCA_DH\H\20171005.mat,3218353,2026-04-02 12:49:29
Soil_Moisture\DDCA\DDCA_DH\H\20171010.mat,3097825,2026-04-02 12:49:29
Soil_Moisture\DDCA\DDCA_DH\H\20170928.mat,3031983,2026-04-02 12:49:28
Soil_Moisture\DDCA\DDCA_DH\H\20171001.mat,3097280,2026-04-02 12:49:28
Soil_Moisture\DDCA\DDCA_DH\H\20171008.mat,3110962,2026-04-02 12:49:28
Soil_Moisture\DDCA\DDCA_DH\H\20170925.mat,3119858,2026-04-02 12:49:27
Soil_Moisture\DDCA\DDCA_DH\H\20170926.mat,3411827,2026-04-02 12:49:27
Soil_Moisture\DDCA\DDCA_DH\H\20170929.mat,3597562,2026-04-02 12:49:27
Soil_Moisture\DDCA\DDCA_DH\H\20171002.mat,3418505,2026-04-02 12:49:27
Soil_Moisture\DDCA\DDCA_DH\H\20171009.mat,3025716,2026-04-02 12:49:27
Soil_Moisture\DDCA\DDCA_DH\H\20170927.mat,3309354,2026-04-02 12:49:26
Soil_Moisture\DDCA\DDCA_DH\H\20170930.mat,3335394,2026-04-02 12:49:26
Soil_Moisture\DDCA\DDCA_DH\H\20171003.mat,2997957,2026-04-02 12:49:26
Soil_Moisture\DDCA\DDCA_DH\H\20171006.mat,2921041,2026-04-02 12:49:26
Soil_Moisture\DDCA\DDCA_DH\H\20170922.mat,3352409,2026-04-02 12:49:22
Soil_Moisture\DDCA\DDCA_DH\H\20170923.mat,3197885,2026-04-02 12:49:22
Soil_Moisture\DDCA\DDCA_DH\H\20170924.mat,3468465,2026-04-02 12:49:22
Soil_Moisture\DDCA\DDCA_DH\H\20170921.mat,3745411,2026-04-02 12:49:21
Soil_Moisture\DDCA\DDCA_DH\H\20170916.mat,3606202,2026-04-02 12:49:20
Soil_Moisture\DDCA\DDCA_DH\H\20170920.mat,3187139,2026-04-02 12:49:19
Soil_Moisture\DDCA\DDCA_DH\H\20170910.mat,3781504,2026-04-02 12:49:18
Soil_Moisture\DDCA\DDCA_DH\H\20170911.mat,3686355,2026-04-02 12:49:18
Soil_Moisture\DDCA\DDCA_DH\H\20170912.mat,3389463,2026-04-02 12:49:18
Soil_Moisture\DDCA\DDCA_DH\H\20170913.mat,3980988,2026-04-02 12:49:18
Soil_Moisture\DDCA\DDCA_DH\H\20170914.mat,3633340,2026-04-02 12:49:18
Soil_Moisture\DDCA\DDCA_DH\H\20170917.mat,3274204,2026-04-02 12:49:18
Soil_Moisture\DDCA\DDCA_DH\H\20170919.mat,3402928,2026-04-02 12:49:18
Soil_Moisture\DDCA\DDCA_DH\H\20170908.mat,3855665,2026-04-02 12:49:17
Soil_Moisture\DDCA\DDCA_DH\H\20170909.mat,3487717,2026-04-02 12:49:17
Soil_Moisture\DDCA\DDCA_DH\H\20170915.mat,3372349,2026-04-02 12:49:17
Soil_Moisture\DDCA\DDCA_DH\H\20170918.mat,3546087,2026-04-02 12:49:17
Soil_Moisture\DDCA\DDCA_DH\H\20170831.mat,4070982,2026-04-02 12:49:16
Soil_Moisture\DDCA\DDCA_DH\H\20170907.mat,3576854,2026-04-02 12:49:16
Soil_Moisture\DDCA\DDCA_DH\H\20170825.mat,4211680,2026-04-02 12:49:12
Soil_Moisture\DDCA\DDCA_DH\H\20170902.mat,3955145,2026-04-02 12:49:12
Soil_Moisture\DDCA\DDCA_DH\H\20170903.mat,3824061,2026-04-02 12:49:12
Soil_Moisture\DDCA\DDCA_DH\H\20170905.mat,3946634,2026-04-02 12:49:12
Soil_Moisture\DDCA\DDCA_DH\H\20170826.mat,4100384,2026-04-02 12:49:11
Soil_Moisture\DDCA\DDCA_DH\H\20170827.mat,3853104,2026-04-02 12:49:11
Soil_Moisture\DDCA\DDCA_DH\H\20170828.mat,4499190,2026-04-02 12:49:11
Soil_Moisture\DDCA\DDCA_DH\H\20170829.mat,4196732,2026-04-02 12:49:11
Soil_Moisture\DDCA\DDCA_DH\H\20170830.mat,3737870,2026-04-02 12:49:11
Soil_Moisture\DDCA\DDCA_DH\H\20170901.mat,3677979,2026-04-02 12:49:11
Soil_Moisture\DDCA\DDCA_DH\H\20170904.mat,3553117,2026-04-02 12:49:11
Soil_Moisture\DDCA\DDCA_DH\H\20170906.mat,3768973,2026-04-02 12:49:11
Soil_Moisture\DDCA\DDCA_DH\H\20170821.mat,4472626,2026-04-02 12:49:06
Soil_Moisture\DDCA\DDCA_DH\H\20170804.mat,5298559,2026-04-02 12:49:05
Soil_Moisture\DDCA\DDCA_DH\H\20170815.mat,4703627,2026-04-02 12:49:05
Soil_Moisture\DDCA\DDCA_DH\H\20170816.mat,4356367,2026-04-02 12:49:05
Soil_Moisture\DDCA\DDCA_DH\H\20170817.mat,4477518,2026-04-02 12:49:05
Soil_Moisture\DDCA\DDCA_DH\H\20170818.mat,4543474,2026-04-02 12:49:05
Soil_Moisture\DDCA\DDCA_DH\H\20170819.mat,4151172,2026-04-02 12:49:05
Soil_Moisture\DDCA\DDCA_DH\H\20170820.mat,4802164,2026-04-02 12:49:05
Soil_Moisture\DDCA\DDCA_DH\H\20170822.mat,3999713,2026-04-02 12:49:05
Soil_Moisture\DDCA\DDCA_DH\H\20170823.mat,4374031,2026-04-02 12:49:05
Soil_Moisture\DDCA\DDCA_DH\H\20170824.mat,4026005,2026-04-02 12:49:05
Soil_Moisture\DDCA\DDCA_DH\H\20170814.mat,4224564,2026-04-02 12:49:02
Soil_Moisture\DDCA\DDCA_DH\H\20170812.mat,4816952,2026-04-02 12:49:00
Soil_Moisture\DDCA\DDCA_DH\H\20170805.mat,4966278,2026-04-02 12:48:59
Soil_Moisture\DDCA\DDCA_DH\H\20170806.mat,4622691,2026-04-02 12:48:59
Soil_Moisture\DDCA\DDCA_DH\H\20170807.mat,5116480,2026-04-02 12:48:59
Soil_Moisture\DDCA\DDCA_DH\H\20170808.mat,4748585,2026-04-02 12:48:59
Soil_Moisture\DDCA\DDCA_DH\H\20170809.mat,4843820,2026-04-02 12:48:59
Soil_Moisture\DDCA\DDCA_DH\H\20170810.mat,4810611,2026-04-02 12:48:59
Soil_Moisture\DDCA\DDCA_DH\H\20170811.mat,4305675,2026-04-02 12:48:59
Soil_Moisture\DDCA\DDCA_DH\H\20170813.mat,4938263,2026-04-02 12:48:59
Soil_Moisture\DDCA\DDCA_DH\H\20170727.mat,5092809,2026-04-02 12:48:54
Soil_Moisture\DDCA\DDCA_DH\H\20170729.mat,4716401,2026-04-02 12:48:54
Soil_Moisture\DDCA\DDCA_DH\H\20170730.mat,4634161,2026-04-02 12:48:54
Soil_Moisture\DDCA\DDCA_DH\H\20170731.mat,4756425,2026-04-02 12:48:54
Soil_Moisture\DDCA\DDCA_DH\H\20170801.mat,4908256,2026-04-02 12:48:54
Soil_Moisture\DDCA\DDCA_DH\H\20170802.mat,4609161,2026-04-02 12:48:54
Soil_Moisture\DDCA\DDCA_DH\H\20170803.mat,4589488,2026-04-02 12:48:54
Soil_Moisture\DDCA\DDCA_DH\H\20170726.mat,4609232,2026-04-02 12:48:53
Soil_Moisture\DDCA\DDCA_DH\H\20170728.mat,4741077,2026-04-02 12:48:53
Soil_Moisture\DDCA\DDCA_DH\H\20170725.mat,5063804,2026-04-02 12:48:52
Soil_Moisture\DDCA\DDCA_DH\H\20170724.mat,4556949,2026-04-02 12:48:49
Soil_Moisture\DDCA\DDCA_DH\H\20170715.mat,4776172,2026-04-02 12:48:48
Soil_Moisture\DDCA\DDCA_DH\H\20170716.mat,4680713,2026-04-02 12:48:48
Soil_Moisture\DDCA\DDCA_DH\H\20170717.mat,4905652,2026-04-02 12:48:48
Soil_Moisture\DDCA\DDCA_DH\H\20170719.mat,5201403,2026-04-02 12:48:48
Soil_Moisture\DDCA\DDCA_DH\H\20170720.mat,4950882,2026-04-02 12:48:48
Soil_Moisture\DDCA\DDCA_DH\H\20170721.mat,4742916,2026-04-02 12:48:48
Soil_Moisture\DDCA\DDCA_DH\H\20170722.mat,5244244,2026-04-02 12:48:48
Soil_Moisture\DDCA\DDCA_DH\H\20170723.mat,4886102,2026-04-02 12:48:48
Soil_Moisture\DDCA\DDCA_DH\H\20170718.mat,4500855,2026-04-02 12:48:47
Soil_Moisture\DDCA\DDCA_DH\H\20170714.mat,4827462,2026-04-02 12:48:45
Soil_Moisture\DDCA\DDCA_DH\H\20170713.mat,4631124,2026-04-02 12:48:44
Soil_Moisture\DDCA\DDCA_DH\H\20170707.mat,4606173,2026-04-02 12:48:42
Soil_Moisture\DDCA\DDCA_DH\H\20170708.mat,4661581,2026-04-02 12:48:42
Soil_Moisture\DDCA\DDCA_DH\H\20170709.mat,4785374,2026-04-02 12:48:42
Soil_Moisture\DDCA\DDCA_DH\H\20170710.mat,4331674,2026-04-02 12:48:42
Soil_Moisture\DDCA\DDCA_DH\H\20170711.mat,5008787,2026-04-02 12:48:42
Soil_Moisture\DDCA\DDCA_DH\H\20170712.mat,4926859,2026-04-02 12:48:42
Soil_Moisture\DDCA\DDCA_DH\H\20170704.mat,4696093,2026-04-02 12:48:41
Soil_Moisture\DDCA\DDCA_DH\H\20170705.mat,4486964,2026-04-02 12:48:41
Soil_Moisture\DDCA\DDCA_DH\H\20170706.mat,4962154,2026-04-02 12:48:41
Soil_Moisture\DDCA\DDCA_DH\H\20170614.mat,4127370,2026-04-02 12:48:40
Soil_Moisture\DDCA\DDCA_DH\H\20170625.mat,4623614,2026-04-02 12:48:36
Soil_Moisture\DDCA\DDCA_DH\H\20170626.mat,4253720,2026-04-02 12:48:36
Soil_Moisture\DDCA\DDCA_DH\H\20170627.mat,4282884,2026-04-02 12:48:36
Soil_Moisture\DDCA\DDCA_DH\H\20170628.mat,4749752,2026-04-02 12:48:36
Soil_Moisture\DDCA\DDCA_DH\H\20170629.mat,4387465,2026-04-02 12:48:36
Soil_Moisture\DDCA\DDCA_DH\H\20170630.mat,4470971,2026-04-02 12:48:36
Soil_Moisture\DDCA\DDCA_DH\H\20170701.mat,4570924,2026-04-02 12:48:36
Soil_Moisture\DDCA\DDCA_DH\H\20170702.mat,4131302,2026-04-02 12:48:36
Soil_Moisture\DDCA\DDCA_DH\H\20170703.mat,4834299,2026-04-02 12:48:36
Soil_Moisture\DDCA\DDCA_DH\H\20170623.mat,4373533,2026-04-02 12:48:32
Soil_Moisture\DDCA\DDCA_DH\H\20170624.mat,3957634,2026-04-02 12:48:32
Soil_Moisture\DDCA\DDCA_DH\H\20170616.mat,3829410,2026-04-02 12:48:31
Soil_Moisture\DDCA\DDCA_DH\H\20170620.mat,4547448,2026-04-02 12:48:31
Soil_Moisture\DDCA\DDCA_DH\H\20170621.mat,4096568,2026-04-02 12:48:31
Soil_Moisture\DDCA\DDCA_DH\H\20170622.mat,4289318,2026-04-02 12:48:31
Soil_Moisture\DDCA\DDCA_DH\H\20170615.mat,4227325,2026-04-02 12:48:30
Soil_Moisture\DDCA\DDCA_DH\H\20170617.mat,4480282,2026-04-02 12:48:30
Soil_Moisture\DDCA\DDCA_DH\H\20170618.mat,4271182,2026-04-02 12:48:30
Soil_Moisture\DDCA\DDCA_DH\H\20170619.mat,3937875,2026-04-02 12:48:30
Soil_Moisture\DDCA\DDCA_DH\H\20170612.mat,4190990,2026-04-02 12:48:29
Soil_Moisture\DDCA\DDCA_DH\H\20170613.mat,4020029,2026-04-02 12:48:29
Soil_Moisture\DDCA\DDCA_DH\H\20170611.mat,3965936,2026-04-02 12:48:27
Soil_Moisture\DDCA\DDCA_DH\H\20170610.mat,4183817,2026-04-02 12:48:26
Soil_Moisture\DDCA\DDCA_DH\H\20170601.mat,4168044,2026-04-02 12:48:25
Soil_Moisture\DDCA\DDCA_DH\H\20170603.mat,3853579,2026-04-02 12:48:25
Soil_Moisture\DDCA\DDCA_DH\H\20170604.mat,4255040,2026-04-02 12:48:25
Soil_Moisture\DDCA\DDCA_DH\H\20170605.mat,3834362,2026-04-02 12:48:25
Soil_Moisture\DDCA\DDCA_DH\H\20170607.mat,4076867,2026-04-02 12:48:25
Soil_Moisture\DDCA\DDCA_DH\H\20170608.mat,3721371,2026-04-02 12:48:25
Soil_Moisture\DDCA\DDCA_DH\H\20170609.mat,4339925,2026-04-02 12:48:25
Soil_Moisture\DDCA\DDCA_DH\H\20170526.mat,3695739,2026-04-02 12:48:24
Soil_Moisture\DDCA\DDCA_DH\H\20170529.mat,3899448,2026-04-02 12:48:24
Soil_Moisture\DDCA\DDCA_DH\H\20170530.mat,3912575,2026-04-02 12:48:24
Soil_Moisture\DDCA\DDCA_DH\H\20170531.mat,3564676,2026-04-02 12:48:24
Soil_Moisture\DDCA\DDCA_DH\H\20170606.mat,4040595,2026-04-02 12:48:24
Soil_Moisture\DDCA\DDCA_DH\H\20170527.mat,4085850,2026-04-02 12:48:23
Soil_Moisture\DDCA\DDCA_DH\H\20170602.mat,3991451,2026-04-02 12:48:22
Soil_Moisture\DDCA\DDCA_DH\H\20170521.mat,3870563,2026-04-02 12:48:19
Soil_Moisture\DDCA\DDCA_DH\H\20170522.mat,3820723,2026-04-02 12:48:19
Soil_Moisture\DDCA\DDCA_DH\H\20170523.mat,3518312,2026-04-02 12:48:19
Soil_Moisture\DDCA\DDCA_DH\H\20170514.mat,3673501,2026-04-02 12:48:18
Soil_Moisture\DDCA\DDCA_DH\H\20170515.mat,3428091,2026-04-02 12:48:18
Soil_Moisture\DDCA\DDCA_DH\H\20170524.mat,4093732,2026-04-02 12:48:18
Soil_Moisture\DDCA\DDCA_DH\H\20170525.mat,3899050,2026-04-02 12:48:18
Soil_Moisture\DDCA\DDCA_DH\H\20170528.mat,3691496,2026-04-02 12:48:18
Soil_Moisture\DDCA\DDCA_DH\H\20170511.mat,3835109,2026-04-02 12:48:17
Soil_Moisture\DDCA\DDCA_DH\H\20170518.mat,3675709,2026-04-02 12:48:17
Soil_Moisture\DDCA\DDCA_DH\H\20170519.mat,3994659,2026-04-02 12:48:17
Soil_Moisture\DDCA\DDCA_DH\H\20170520.mat,3619860,2026-04-02 12:48:17
Soil_Moisture\DDCA\DDCA_DH\H\20170510.mat,3566855,2026-04-02 12:48:16
Soil_Moisture\DDCA\DDCA_DH\H\20170512.mat,3509689,2026-04-02 12:48:16
Soil_Moisture\DDCA\DDCA_DH\H\20170513.mat,3747261,2026-04-02 12:48:16
Soil_Moisture\DDCA\DDCA_DH\H\20170517.mat,3741426,2026-04-02 12:48:16
Soil_Moisture\DDCA\DDCA_DH\H\20170516.mat,3929234,2026-04-02 12:48:15
Soil_Moisture\DDCA\DDCA_DH\H\20170509.mat,3617888,2026-04-02 12:48:13
Soil_Moisture\DDCA\DDCA_DH\H\20170507.mat,3314533,2026-04-02 12:48:10
Soil_Moisture\DDCA\DDCA_DH\H\20170325.mat,2799070,2026-04-02 12:48:09
Soil_Moisture\DDCA\DDCA_DH\H\20170508.mat,3749514,2026-04-02 12:48:09
Soil_Moisture\DDCA\DDCA_DH\H\20170426.mat,3207230,2026-04-02 12:48:07
Soil_Moisture\DDCA\DDCA_DH\H\20170429.mat,3196742,2026-04-02 12:48:07
Soil_Moisture\DDCA\DDCA_DH\H\20170502.mat,3451250,2026-04-02 12:48:07
Soil_Moisture\DDCA\DDCA_DH\H\20170505.mat,3608423,2026-04-02 12:48:07
Soil_Moisture\DDCA\DDCA_DH\H\20170506.mat,3501282,2026-04-02 12:48:07
Soil_Moisture\DDCA\DDCA_DH\H\20170425.mat,3476962,2026-04-02 12:48:06
Soil_Moisture\DDCA\DDCA_DH\H\20170428.mat,3320194,2026-04-02 12:48:06
Soil_Moisture\DDCA\DDCA_DH\H\20170430.mat,3574761,2026-04-02 12:48:06
Soil_Moisture\DDCA\DDCA_DH\H\20170501.mat,3402891,2026-04-02 12:48:06
Soil_Moisture\DDCA\DDCA_DH\H\20170503.mat,3663349,2026-04-02 12:48:06
Soil_Moisture\DDCA\DDCA_DH\H\20170504.mat,3367207,2026-04-02 12:48:06
Soil_Moisture\DDCA\DDCA_DH\H\20170421.mat,3064925,2026-04-02 12:48:05
Soil_Moisture\DDCA\DDCA_DH\H\20170427.mat,3475614,2026-04-02 12:48:05
Soil_Moisture\DDCA\DDCA_DH\H\20170424.mat,3327559,2026-04-02 12:48:04
Soil_Moisture\DDCA\DDCA_DH\H\20170417.mat,3336355,2026-04-02 12:48:02
Soil_Moisture\DDCA\DDCA_DH\H\20170422.mat,3441760,2026-04-02 12:48:02
Soil_Moisture\DDCA\DDCA_DH\H\20170423.mat,3259586,2026-04-02 12:48:02
Soil_Moisture\DDCA\DDCA_DH\H\20170414.mat,3095968,2026-04-02 12:48:01
Soil_Moisture\DDCA\DDCA_DH\H\20170416.mat,3199606,2026-04-02 12:48:01
Soil_Moisture\DDCA\DDCA_DH\H\20170418.mat,3071202,2026-04-02 12:48:01
Soil_Moisture\DDCA\DDCA_DH\H\20170410.mat,2973219,2026-04-02 12:48:00
Soil_Moisture\DDCA\DDCA_DH\H\20170411.mat,3278947,2026-04-02 12:48:00
Soil_Moisture\DDCA\DDCA_DH\H\20170412.mat,3069329,2026-04-02 12:48:00
Soil_Moisture\DDCA\DDCA_DH\H\20170415.mat,3065055,2026-04-02 12:48:00
Soil_Moisture\DDCA\DDCA_DH\H\20170420.mat,3176505,2026-04-02 12:48:00
Soil_Moisture\DDCA\DDCA_DH\H\20170407.mat,3005184,2026-04-02 12:47:58
Soil_Moisture\DDCA\DDCA_DH\H\20170408.mat,3114359,2026-04-02 12:47:58
Soil_Moisture\DDCA\DDCA_DH\H\20170409.mat,3242095,2026-04-02 12:47:58
Soil_Moisture\DDCA\DDCA_DH\H\20170413.mat,2974931,2026-04-02 12:47:58
Soil_Moisture\DDCA\DDCA_DH\H\20170419.mat,3356583,2026-04-02 12:47:58
Soil_Moisture\DDCA\DDCA_DH\H\20170406.mat,3289862,2026-04-02 12:47:57
Soil_Moisture\DDCA\DDCA_DH\H\20170405.mat,2889986,2026-04-02 12:47:56
Soil_Moisture\DDCA\DDCA_DH\H\20170330.mat,2909874,2026-04-02 12:47:55
Soil_Moisture\DDCA\DDCA_DH\H\20170331.mat,3037760,2026-04-02 12:47:55
Soil_Moisture\DDCA\DDCA_DH\H\20170401.mat,3031764,2026-04-02 12:47:55
Soil_Moisture\DDCA\DDCA_DH\H\20170402.mat,2883608,2026-04-02 12:47:55
Soil_Moisture\DDCA\DDCA_DH\H\20170403.mat,3211817,2026-04-02 12:47:55
Soil_Moisture\DDCA\DDCA_DH\H\20170404.mat,2988510,2026-04-02 12:47:55
Soil_Moisture\DDCA\DDCA_DH\H\20170324.mat,3076046,2026-04-02 12:47:53
Soil_Moisture\DDCA\DDCA_DH\H\20170326.mat,3128075,2026-04-02 12:47:53
Soil_Moisture\DDCA\DDCA_DH\H\20170327.mat,2901168,2026-04-02 12:47:53
Soil_Moisture\DDCA\DDCA_DH\H\20170328.mat,2815939,2026-04-02 12:47:53
Soil_Moisture\DDCA\DDCA_DH\H\20170329.mat,3196245,2026-04-02 12:47:53
Soil_Moisture\DDCA\DDCA_DH\H\20170320.mat,2565026,2026-04-02 12:47:51
Soil_Moisture\DDCA\DDCA_DH\H\20170321.mat,3063909,2026-04-02 12:47:51
Soil_Moisture\DDCA\DDCA_DH\H\20170323.mat,2952452,2026-04-02 12:47:51
Soil_Moisture\DDCA\DDCA_DH\H\20170312.mat,2649291,2026-04-02 12:47:50
Soil_Moisture\DDCA\DDCA_DH\H\20170316.mat,2945204,2026-04-02 12:47:50
Soil_Moisture\DDCA\DDCA_DH\H\20170317.mat,2714201,2026-04-02 12:47:50
Soil_Moisture\DDCA\DDCA_DH\H\20170318.mat,2672212,2026-04-02 12:47:50
Soil_Moisture\DDCA\DDCA_DH\H\20170319.mat,2801785,2026-04-02 12:47:50
Soil_Moisture\DDCA\DDCA_DH\H\20170322.mat,2889443,2026-04-02 12:47:50
Soil_Moisture\DDCA\DDCA_DH\H\20170310.mat,2940806,2026-04-02 12:47:49
Soil_Moisture\DDCA\DDCA_DH\H\20170308.mat,2851996,2026-04-02 12:47:48
Soil_Moisture\DDCA\DDCA_DH\H\20170311.mat,2709674,2026-04-02 12:47:48
Soil_Moisture\DDCA\DDCA_DH\H\20170313.mat,2964108,2026-04-02 12:47:48
Soil_Moisture\DDCA\DDCA_DH\H\20170315.mat,2826150,2026-04-02 12:47:48
Soil_Moisture\DDCA\DDCA_DH\H\20170309.mat,2630946,2026-04-02 12:47:47
Soil_Moisture\DDCA\DDCA_DH\H\20170314.mat,2752003,2026-04-02 12:47:47
Soil_Moisture\DDCA\DDCA_DH\H\20170301.mat,2517719,2026-04-02 12:47:46
Soil_Moisture\DDCA\DDCA_DH\H\20170304.mat,2539785,2026-04-02 12:47:46
Soil_Moisture\DDCA\DDCA_DH\H\20170306.mat,2704105,2026-04-02 12:47:46
Soil_Moisture\DDCA\DDCA_DH\H\20170305.mat,2868445,2026-04-02 12:47:45
Soil_Moisture\DDCA\DDCA_DH\H\20170307.mat,2773751,2026-04-02 12:47:45
Soil_Moisture\DDCA\DDCA_DH\H\20170228.mat,2762789,2026-04-02 12:47:44
Soil_Moisture\DDCA\DDCA_DH\H\20170302.mat,2857429,2026-04-02 12:47:44
Soil_Moisture\DDCA\DDCA_DH\H\20170303.mat,2626817,2026-04-02 12:47:44
Soil_Moisture\DDCA\DDCA_DH\H\20170223.mat,2559896,2026-04-02 12:47:43
Soil_Moisture\DDCA\DDCA_DH\H\20170224.mat,2444261,2026-04-02 12:47:43
Soil_Moisture\DDCA\DDCA_DH\H\20170225.mat,2799746,2026-04-02 12:47:43
Soil_Moisture\DDCA\DDCA_DH\H\20170227.mat,2681176,2026-04-02 12:47:43
Soil_Moisture\DDCA\DDCA_DH\H\20170221.mat,2442584,2026-04-02 12:47:42
Soil_Moisture\DDCA\DDCA_DH\H\20170222.mat,2793060,2026-04-02 12:47:42
Soil_Moisture\DDCA\DDCA_DH\H\20170226.mat,2574296,2026-04-02 12:47:42
Soil_Moisture\DDCA\DDCA_DH\H\20170217.mat,2671778,2026-04-02 12:47:41
Soil_Moisture\DDCA\DDCA_DH\H\20170218.mat,2553261,2026-04-02 12:47:41
Soil_Moisture\DDCA\DDCA_DH\H\20170220.mat,2698325,2026-04-02 12:47:41
Soil_Moisture\DDCA\DDCA_DH\H\20170119.mat,1961928,2026-04-02 12:47:40
Soil_Moisture\DDCA\DDCA_DH\H\20170214.mat,2677162,2026-04-02 12:47:40
Soil_Moisture\DDCA\DDCA_DH\H\20170216.mat,2352694,2026-04-02 12:47:40
Soil_Moisture\DDCA\DDCA_DH\H\20170219.mat,2616828,2026-04-02 12:47:40
Soil_Moisture\DDCA\DDCA_DH\H\20170211.mat,2497852,2026-04-02 12:47:39
Soil_Moisture\DDCA\DDCA_DH\H\20170206.mat,2481933,2026-04-02 12:47:38
Soil_Moisture\DDCA\DDCA_DH\H\20170207.mat,2259677,2026-04-02 12:47:38
Soil_Moisture\DDCA\DDCA_DH\H\20170209.mat,2479152,2026-04-02 12:47:38
Soil_Moisture\DDCA\DDCA_DH\H\20170210.mat,2365328,2026-04-02 12:47:38
Soil_Moisture\DDCA\DDCA_DH\H\20170212.mat,2569886,2026-04-02 12:47:38
Soil_Moisture\DDCA\DDCA_DH\H\20170213.mat,2309951,2026-04-02 12:47:38
Soil_Moisture\DDCA\DDCA_DH\H\20170215.mat,2185888,2026-04-02 12:47:38
Soil_Moisture\DDCA\DDCA_DH\H\20170208.mat,2145088,2026-04-02 12:47:37
Soil_Moisture\DDCA\DDCA_DH\H\20170130.mat,2250788,2026-04-02 12:47:36
Soil_Moisture\DDCA\DDCA_DH\H\20170203.mat,2296578,2026-04-02 12:47:36
Soil_Moisture\DDCA\DDCA_DH\H\20170204.mat,2391515,2026-04-02 12:47:36
Soil_Moisture\DDCA\DDCA_DH\H\20170205.mat,2103763,2026-04-02 12:47:36
Soil_Moisture\DDCA\DDCA_DH\H\20170131.mat,2143113,2026-04-02 12:47:35
Soil_Moisture\DDCA\DDCA_DH\H\20170202.mat,2199757,2026-04-02 12:47:35
Soil_Moisture\DDCA\DDCA_DH\H\20170121.mat,2526034,2026-04-02 12:47:34
Soil_Moisture\DDCA\DDCA_DH\H\20170123.mat,2177261,2026-04-02 12:47:34
Soil_Moisture\DDCA\DDCA_DH\H\20170124.mat,2509531,2026-04-02 12:47:34
Soil_Moisture\DDCA\DDCA_DH\H\20170126.mat,2300212,2026-04-02 12:47:34
Soil_Moisture\DDCA\DDCA_DH\H\20170128.mat,2091393,2026-04-02 12:47:34
Soil_Moisture\DDCA\DDCA_DH\H\20170129.mat,2490231,2026-04-02 12:47:34
Soil_Moisture\DDCA\DDCA_DH\H\20170201.mat,2426558,2026-04-02 12:47:34
Soil_Moisture\DDCA\DDCA_DH\H\20170115.mat,1809552,2026-04-02 12:47:33
Soil_Moisture\DDCA\DDCA_DH\H\20170122.mat,2277007,2026-04-02 12:47:33
Soil_Moisture\DDCA\DDCA_DH\H\20170125.mat,2174590,2026-04-02 12:47:33
Soil_Moisture\DDCA\DDCA_DH\H\20170127.mat,2249519,2026-04-02 12:47:33
Soil_Moisture\DDCA\DDCA_DH\H\20170120.mat,2125695,2026-04-02 12:47:32
Soil_Moisture\DDCA\DDCA_DH\H\20170118.mat,1911126,2026-04-02 12:47:31
Soil_Moisture\DDCA\DDCA_DH\H\20170105.mat,2604650,2026-04-02 12:47:30
Soil_Moisture\DDCA\DDCA_DH\H\20170107.mat,2251589,2026-04-02 12:47:30
Soil_Moisture\DDCA\DDCA_DH\H\20170109.mat,2278144,2026-04-02 12:47:30
Soil_Moisture\DDCA\DDCA_DH\H\20170111.mat,2479450,2026-04-02 12:47:30
Soil_Moisture\DDCA\DDCA_DH\H\20170112.mat,2167897,2026-04-02 12:47:30
Soil_Moisture\DDCA\DDCA_DH\H\20170114.mat,2331512,2026-04-02 12:47:30
Soil_Moisture\DDCA\DDCA_DH\H\20170116.mat,1333825,2026-04-02 12:47:30
Soil_Moisture\DDCA\DDCA_DH\H\20170117.mat,1380496,2026-04-02 12:47:30
Soil_Moisture\DDCA\DDCA_DH\H\20170104.mat,2127107,2026-04-02 12:47:29
Soil_Moisture\DDCA\DDCA_DH\H\20170106.mat,2381350,2026-04-02 12:47:29
Soil_Moisture\DDCA\DDCA_DH\H\20170108.mat,2604736,2026-04-02 12:47:29
Soil_Moisture\DDCA\DDCA_DH\H\20170110.mat,1662084,2026-04-02 12:47:29
Soil_Moisture\DDCA\DDCA_DH\H\20170113.mat,2563385,2026-04-02 12:47:29
Soil_Moisture\DDCA\DDCA_DH\H\20170101.mat,2420431,2026-04-02 12:47:28
Soil_Moisture\DDCA\DDCA_DH\H\20170102.mat,2395336,2026-04-02 12:47:28
Soil_Moisture\DDCA\DDCA_DH\H\20170103.mat,2531817,2026-04-02 12:47:28
Soil_Moisture\DDCA\DDCA_DH\H\20161222.mat,2426793,2026-04-02 12:47:27
Soil_Moisture\DDCA\DDCA_DH\H\20161223.mat,2868124,2026-04-02 12:47:27
Soil_Moisture\DDCA\DDCA_DH\H\20161224.mat,2474808,2026-04-02 12:47:27
Soil_Moisture\DDCA\DDCA_DH\H\20161226.mat,2850564,2026-04-02 12:47:27
Soil_Moisture\DDCA\DDCA_DH\H\20161225.mat,2585015,2026-04-02 12:47:26
Soil_Moisture\DDCA\DDCA_DH\H\20161219.mat,2419058,2026-04-02 12:47:25
Soil_Moisture\DDCA\DDCA_DH\H\20161221.mat,2584802,2026-04-02 12:47:25
Soil_Moisture\DDCA\DDCA_DH\H\20161227.mat,238696,2026-04-02 12:47:25
Soil_Moisture\DDCA\DDCA_DH\H\20161230.mat,238696,2026-04-02 12:47:25
Soil_Moisture\DDCA\DDCA_DH\H\20161231.mat,238696,2026-04-02 12:47:25
Soil_Moisture\DDCA\DDCA_DH\H\20161216.mat,2120141,2026-04-02 12:47:24
Soil_Moisture\DDCA\DDCA_DH\H\20161218.mat,2756544,2026-04-02 12:47:24
Soil_Moisture\DDCA\DDCA_DH\H\20161220.mat,2824274,2026-04-02 12:47:24
Soil_Moisture\DDCA\DDCA_DH\H\20161228.mat,238696,2026-04-02 12:47:24
Soil_Moisture\DDCA\DDCA_DH\H\20161229.mat,238696,2026-04-02 12:47:24
Soil_Moisture\DDCA\DDCA_DH\H\20161208.mat,2402440,2026-04-02 12:47:23
Soil_Moisture\DDCA\DDCA_DH\H\20161211.mat,2370441,2026-04-02 12:47:23
Soil_Moisture\DDCA\DDCA_DH\H\20161203.mat,2356445,2026-04-02 12:47:22
Soil_Moisture\DDCA\DDCA_DH\H\20161206.mat,2360382,2026-04-02 12:47:22
Soil_Moisture\DDCA\DDCA_DH\H\20161207.mat,2829182,2026-04-02 12:47:22
Soil_Moisture\DDCA\DDCA_DH\H\20161209.mat,2528867,2026-04-02 12:47:22
Soil_Moisture\DDCA\DDCA_DH\H\20161210.mat,2736780,2026-04-02 12:47:22
Soil_Moisture\DDCA\DDCA_DH\H\20161212.mat,2656570,2026-04-02 12:47:22
Soil_Moisture\DDCA\DDCA_DH\H\20161214.mat,2375126,2026-04-02 12:47:22
Soil_Moisture\DDCA\DDCA_DH\H\20161215.mat,2841539,2026-04-02 12:47:22
Soil_Moisture\DDCA\DDCA_DH\H\20161217.mat,2545070,2026-04-02 12:47:22
Soil_Moisture\DDCA\DDCA_DH\H\20161202.mat,2718680,2026-04-02 12:47:21
Soil_Moisture\DDCA\DDCA_DH\H\20161204.mat,2771352,2026-04-02 12:47:21
Soil_Moisture\DDCA\DDCA_DH\H\20161205.mat,2533261,2026-04-02 12:47:21
Soil_Moisture\DDCA\DDCA_DH\H\20161201.mat,2503136,2026-04-02 12:47:20
Soil_Moisture\DDCA\DDCA_DH\H\20161213.mat,2550032,2026-04-02 12:47:20
Soil_Moisture\DDCA\DDCA_DH\H\20161130.mat,2367259,2026-04-02 12:47:19
Soil_Moisture\DDCA\DDCA_DH\H\20161028.mat,3210653,2026-04-02 12:47:18
Soil_Moisture\DDCA\DDCA_DH\H\20161128.mat,2331936,2026-04-02 12:47:18
Soil_Moisture\DDCA\DDCA_DH\H\20161129.mat,2799072,2026-04-02 12:47:18
Soil_Moisture\DDCA\DDCA_DH\H\20161117.mat,2347831,2026-04-02 12:47:17
Soil_Moisture\DDCA\DDCA_DH\H\20161118.mat,2738622,2026-04-02 12:47:17
Soil_Moisture\DDCA\DDCA_DH\H\20161119.mat,2513428,2026-04-02 12:47:17
Soil_Moisture\DDCA\DDCA_DH\H\20161122.mat,2376389,2026-04-02 12:47:17
Soil_Moisture\DDCA\DDCA_DH\H\20161125.mat,2329001,2026-04-02 12:47:17
Soil_Moisture\DDCA\DDCA_DH\H\20161126.mat,2731980,2026-04-02 12:47:17
Soil_Moisture\DDCA\DDCA_DH\H\20161116.mat,3020993,2026-04-02 12:47:16
Soil_Moisture\DDCA\DDCA_DH\H\20161120.mat,2346595,2026-04-02 12:47:16
Soil_Moisture\DDCA\DDCA_DH\H\20161121.mat,2806563,2026-04-02 12:47:16
Soil_Moisture\DDCA\DDCA_DH\H\20161124.mat,2716330,2026-04-02 12:47:16
Soil_Moisture\DDCA\DDCA_DH\H\20161127.mat,2485621,2026-04-02 12:47:16
Soil_Moisture\DDCA\DDCA_DH\H\20161114.mat,2617824,2026-04-02 12:47:15
Soil_Moisture\DDCA\DDCA_DH\H\20161115.mat,2663269,2026-04-02 12:47:15
Soil_Moisture\DDCA\DDCA_DH\H\20161123.mat,2518688,2026-04-02 12:47:15
Soil_Moisture\DDCA\DDCA_DH\H\20161113.mat,3058728,2026-04-02 12:47:14
Soil_Moisture\DDCA\DDCA_DH\H\20161031.mat,3229284,2026-04-02 12:47:12
Soil_Moisture\DDCA\DDCA_DH\H\20161104.mat,2580123,2026-04-02 12:47:12
Soil_Moisture\DDCA\DDCA_DH\H\20161109.mat,2548927,2026-04-02 12:47:12
Soil_Moisture\DDCA\DDCA_DH\H\20161112.mat,2494200,2026-04-02 12:47:12
Soil_Moisture\DDCA\DDCA_DH\H\20161030.mat,2819709,2026-04-02 12:47:11
Soil_Moisture\DDCA\DDCA_DH\H\20161101.mat,2465641,2026-04-02 12:47:11
Soil_Moisture\DDCA\DDCA_DH\H\20161102.mat,2992790,2026-04-02 12:47:11
Soil_Moisture\DDCA\DDCA_DH\H\20161103.mat,2865771,2026-04-02 12:47:11
Soil_Moisture\DDCA\DDCA_DH\H\20161105.mat,3144702,2026-04-02 12:47:11
Soil_Moisture\DDCA\DDCA_DH\H\20161106.mat,2693550,2026-04-02 12:47:11
Soil_Moisture\DDCA\DDCA_DH\H\20161107.mat,2755083,2026-04-02 12:47:11
Soil_Moisture\DDCA\DDCA_DH\H\20161108.mat,3086297,2026-04-02 12:47:11
Soil_Moisture\DDCA\DDCA_DH\H\20161110.mat,2915503,2026-04-02 12:47:11
Soil_Moisture\DDCA\DDCA_DH\H\20161111.mat,2792323,2026-04-02 12:47:11
Soil_Moisture\DDCA\DDCA_DH\H\20161029.mat,2790715,2026-04-02 12:47:09
Soil_Moisture\DDCA\DDCA_DH\H\20161027.mat,2666128,2026-04-02 12:47:07
Soil_Moisture\DDCA\DDCA_DH\H\20161014.mat,3047238,2026-04-02 12:47:06
Soil_Moisture\DDCA\DDCA_DH\H\20161016.mat,2683298,2026-04-02 12:47:06
Soil_Moisture\DDCA\DDCA_DH\H\20161017.mat,3177612,2026-04-02 12:47:06
Soil_Moisture\DDCA\DDCA_DH\H\20161018.mat,3036040,2026-04-02 12:47:06
Soil_Moisture\DDCA\DDCA_DH\H\20161019.mat,2382258,2026-04-02 12:47:06
Soil_Moisture\DDCA\DDCA_DH\H\20161020.mat,3308324,2026-04-02 12:47:06
Soil_Moisture\DDCA\DDCA_DH\H\20161021.mat,2885866,2026-04-02 12:47:06
Soil_Moisture\DDCA\DDCA_DH\H\20161022.mat,2906257,2026-04-02 12:47:06
Soil_Moisture\DDCA\DDCA_DH\H\20161023.mat,3270813,2026-04-02 12:47:06
Soil_Moisture\DDCA\DDCA_DH\H\20161024.mat,2433593,2026-04-02 12:47:06
Soil_Moisture\DDCA\DDCA_DH\H\20161025.mat,3062603,2026-04-02 12:47:06
Soil_Moisture\DDCA\DDCA_DH\H\20161026.mat,2938560,2026-04-02 12:47:06
Soil_Moisture\DDCA\DDCA_DH\H\20161015.mat,3437488,2026-04-02 12:47:05
Soil_Moisture\DDCA\DDCA_DH\H\20161011.mat,2890861,2026-04-02 12:47:03
Soil_Moisture\DDCA\DDCA_DH\H\20161012.mat,3418237,2026-04-02 12:47:03
Soil_Moisture\DDCA\DDCA_DH\H\20161013.mat,2888147,2026-04-02 12:47:03
Soil_Moisture\DDCA\DDCA_DH\H\20160925.mat,3146687,2026-04-02 12:47:01
Soil_Moisture\DDCA\DDCA_DH\H\20161001.mat,3458976,2026-04-02 12:47:01
Soil_Moisture\DDCA\DDCA_DH\H\20161002.mat,3289892,2026-04-02 12:47:01
Soil_Moisture\DDCA\DDCA_DH\H\20161003.mat,3062925,2026-04-02 12:47:01
Soil_Moisture\DDCA\DDCA_DH\H\20161004.mat,3584609,2026-04-02 12:47:01
Soil_Moisture\DDCA\DDCA_DH\H\20161005.mat,3159367,2026-04-02 12:47:01
Soil_Moisture\DDCA\DDCA_DH\H\20161006.mat,3223625,2026-04-02 12:47:01
Soil_Moisture\DDCA\DDCA_DH\H\20161008.mat,2940444,2026-04-02 12:47:01
Soil_Moisture\DDCA\DDCA_DH\H\20161009.mat,3291749,2026-04-02 12:47:01
Soil_Moisture\DDCA\DDCA_DH\H\20161010.mat,3165705,2026-04-02 12:47:01
Soil_Moisture\DDCA\DDCA_DH\H\20160929.mat,3713311,2026-04-02 12:47:00
Soil_Moisture\DDCA\DDCA_DH\H\20160930.mat,3115438,2026-04-02 12:47:00
Soil_Moisture\DDCA\DDCA_DH\H\20160924.mat,3393541,2026-04-02 12:46:59
Soil_Moisture\DDCA\DDCA_DH\H\20160928.mat,831244,2026-04-02 12:46:59
Soil_Moisture\DDCA\DDCA_DH\H\20161007.mat,3543415,2026-04-02 12:46:59
Soil_Moisture\DDCA\DDCA_DH\H\20160923.mat,3581217,2026-04-02 12:46:57
Soil_Moisture\DDCA\DDCA_DH\H\20160926.mat,3511760,2026-04-02 12:46:57
Soil_Moisture\DDCA\DDCA_DH\H\20160913.mat,3250562,2026-04-02 12:46:55
Soil_Moisture\DDCA\DDCA_DH\H\20160916.mat,3500499,2026-04-02 12:46:55
Soil_Moisture\DDCA\DDCA_DH\H\20160919.mat,3262840,2026-04-02 12:46:55
Soil_Moisture\DDCA\DDCA_DH\H\20160920.mat,3416434,2026-04-02 12:46:55
Soil_Moisture\DDCA\DDCA_DH\H\20160921.mat,3413400,2026-04-02 12:46:55
Soil_Moisture\DDCA\DDCA_DH\H\20160922.mat,3186157,2026-04-02 12:46:55
Soil_Moisture\DDCA\DDCA_DH\H\20160911.mat,3508745,2026-04-02 12:46:54
Soil_Moisture\DDCA\DDCA_DH\H\20160914.mat,3330565,2026-04-02 12:46:54
Soil_Moisture\DDCA\DDCA_DH\H\20160915.mat,3678195,2026-04-02 12:46:54
Soil_Moisture\DDCA\DDCA_DH\H\20160917.mat,3282078,2026-04-02 12:46:54
Soil_Moisture\DDCA\DDCA_DH\H\20160908.mat,3701477,2026-04-02 12:46:53
Soil_Moisture\DDCA\DDCA_DH\H\20160909.mat,3421756,2026-04-02 12:46:53
Soil_Moisture\DDCA\DDCA_DH\H\20160910.mat,4018451,2026-04-02 12:46:53
Soil_Moisture\DDCA\DDCA_DH\H\20160918.mat,3808790,2026-04-02 12:46:53
Soil_Moisture\DDCA\DDCA_DH\H\20160912.mat,3631178,2026-04-02 12:46:52
Soil_Moisture\DDCA\DDCA_DH\H\20160906.mat,924330,2026-04-02 12:46:51
Soil_Moisture\DDCA\DDCA_DH\H\20160907.mat,3858278,2026-04-02 12:46:51
Soil_Moisture\DDCA\DDCA_DH\H\20160808.mat,4676998,2026-04-02 12:46:47
Soil_Moisture\DDCA\DDCA_DH\H\20160826.mat,4285650,2026-04-02 12:46:47
Soil_Moisture\DDCA\DDCA_DH\H\20160827.mat,4328849,2026-04-02 12:46:47
Soil_Moisture\DDCA\DDCA_DH\H\20160828.mat,4779559,2026-04-02 12:46:47
Soil_Moisture\DDCA\DDCA_DH\H\20160829.mat,3809444,2026-04-02 12:46:47
Soil_Moisture\DDCA\DDCA_DH\H\20160830.mat,4150249,2026-04-02 12:46:47
Soil_Moisture\DDCA\DDCA_DH\H\20160831.mat,4042703,2026-04-02 12:46:47
Soil_Moisture\DDCA\DDCA_DH\H\20160901.mat,3519364,2026-04-02 12:46:47
Soil_Moisture\DDCA\DDCA_DH\H\20160902.mat,4380790,2026-04-02 12:46:47
Soil_Moisture\DDCA\DDCA_DH\H\20160903.mat,3822475,2026-04-02 12:46:47
Soil_Moisture\DDCA\DDCA_DH\H\20160904.mat,3915023,2026-04-02 12:46:47
Soil_Moisture\DDCA\DDCA_DH\H\20160905.mat,3447704,2026-04-02 12:46:47
Soil_Moisture\DDCA\DDCA_DH\H\20160825.mat,4782122,2026-04-02 12:46:44
Soil_Moisture\DDCA\DDCA_DH\H\20160822.mat,4006216,2026-04-02 12:46:42
Soil_Moisture\DDCA\DDCA_DH\H\20160823.mat,4469127,2026-04-02 12:46:42
Soil_Moisture\DDCA\DDCA_DH\H\20160824.mat,4118928,2026-04-02 12:46:42
Soil_Moisture\DDCA\DDCA_DH\H\20160817.mat,5223767,2026-04-02 12:46:41
Soil_Moisture\DDCA\DDCA_DH\H\20160818.mat,4726613,2026-04-02 12:46:41
Soil_Moisture\DDCA\DDCA_DH\H\20160819.mat,4707700,2026-04-02 12:46:41
Soil_Moisture\DDCA\DDCA_DH\H\20160820.mat,5209239,2026-04-02 12:46:41
Soil_Moisture\DDCA\DDCA_DH\H\20160821.mat,4173857,2026-04-02 12:46:41
Soil_Moisture\DDCA\DDCA_DH\H\20160815.mat,4867245,2026-04-02 12:46:40
Soil_Moisture\DDCA\DDCA_DH\H\20160816.mat,4291348,2026-04-02 12:46:40
Soil_Moisture\DDCA\DDCA_DH\H\20160812.mat,5146270,2026-04-02 12:46:37
Soil_Moisture\DDCA\DDCA_DH\H\20160814.mat,4926699,2026-04-02 12:46:37
Soil_Moisture\DDCA\DDCA_DH\H\20160809.mat,5467582,2026-04-02 12:46:36
Soil_Moisture\DDCA\DDCA_DH\H\20160813.mat,4352267,2026-04-02 12:46:36
Soil_Moisture\DDCA\DDCA_DH\H\20160805.mat,4947243,2026-04-02 12:46:35
Soil_Moisture\DDCA\DDCA_DH\H\20160806.mat,5086912,2026-04-02 12:46:35
Soil_Moisture\DDCA\DDCA_DH\H\20160810.mat,4969496,2026-04-02 12:46:35
Soil_Moisture\DDCA\DDCA_DH\H\20160811.mat,4863229,2026-04-02 12:46:35
Soil_Moisture\DDCA\DDCA_DH\H\20160807.mat,5140817,2026-04-02 12:46:34
Soil_Moisture\DDCA\DDCA_DH\H\20160802.mat,5020313,2026-04-02 12:46:33
Soil_Moisture\DDCA\DDCA_DH\H\20160729.mat,5146570,2026-04-02 12:46:30
Soil_Moisture\DDCA\DDCA_DH\H\20160730.mat,4800301,2026-04-02 12:46:30
Soil_Moisture\DDCA\DDCA_DH\H\20160731.mat,4747190,2026-04-02 12:46:30
Soil_Moisture\DDCA\DDCA_DH\H\20160801.mat,5527828,2026-04-02 12:46:30
Soil_Moisture\DDCA\DDCA_DH\H\20160803.mat,4914566,2026-04-02 12:46:30
Soil_Moisture\DDCA\DDCA_DH\H\20160804.mat,5542423,2026-04-02 12:46:30
Soil_Moisture\DDCA\DDCA_DH\H\20160724.mat,5413404,2026-04-02 12:46:29
Soil_Moisture\DDCA\DDCA_DH\H\20160727.mat,5502726,2026-04-02 12:46:29
Soil_Moisture\DDCA\DDCA_DH\H\20160728.mat,4642306,2026-04-02 12:46:29
Soil_Moisture\DDCA\DDCA_DH\H\20160722.mat,5093173,2026-04-02 12:46:26
Soil_Moisture\DDCA\DDCA_DH\H\20160726.mat,4831087,2026-04-02 12:46:25
Soil_Moisture\DDCA\DDCA_DH\H\20160725.mat,4894228,2026-04-02 12:46:24
Soil_Moisture\DDCA\DDCA_DH\H\20160716.mat,5288487,2026-04-02 12:46:22
Soil_Moisture\DDCA\DDCA_DH\H\20160719.mat,5377882,2026-04-02 12:46:22
Soil_Moisture\DDCA\DDCA_DH\H\20160720.mat,4903240,2026-04-02 12:46:22
Soil_Moisture\DDCA\DDCA_DH\H\20160723.mat,4630575,2026-04-02 12:46:22
Soil_Moisture\DDCA\DDCA_DH\H\20160714.mat,4982303,2026-04-02 12:46:21
Soil_Moisture\DDCA\DDCA_DH\H\20160715.mat,4562368,2026-04-02 12:46:21
Soil_Moisture\DDCA\DDCA_DH\H\20160717.mat,4769786,2026-04-02 12:46:21
Soil_Moisture\DDCA\DDCA_DH\H\20160718.mat,4741103,2026-04-02 12:46:21
Soil_Moisture\DDCA\DDCA_DH\H\20160721.mat,5042089,2026-04-02 12:46:21
Soil_Moisture\DDCA\DDCA_DH\H\20160712.mat,4790902,2026-04-02 12:46:20
Soil_Moisture\DDCA\DDCA_DH\H\20160713.mat,4793113,2026-04-02 12:46:20
Soil_Moisture\DDCA\DDCA_DH\H\20160705.mat,4791747,2026-04-02 12:46:16
Soil_Moisture\DDCA\DDCA_DH\H\20160706.mat,4855601,2026-04-02 12:46:16
Soil_Moisture\DDCA\DDCA_DH\H\20160707.mat,4428404,2026-04-02 12:46:16
Soil_Moisture\DDCA\DDCA_DH\H\20160703.mat,5138742,2026-04-02 12:46:15
Soil_Moisture\DDCA\DDCA_DH\H\20160704.mat,4657570,2026-04-02 12:46:15
Soil_Moisture\DDCA\DDCA_DH\H\20160708.mat,5131506,2026-04-02 12:46:15
Soil_Moisture\DDCA\DDCA_DH\H\20160709.mat,4660774,2026-04-02 12:46:15
Soil_Moisture\DDCA\DDCA_DH\H\20160710.mat,4576921,2026-04-02 12:46:15
Soil_Moisture\DDCA\DDCA_DH\H\20160711.mat,5311922,2026-04-02 12:46:15
Soil_Moisture\DDCA\DDCA_DH\H\20160629.mat,4254737,2026-04-02 12:46:14
Soil_Moisture\DDCA\DDCA_DH\H\20160630.mat,4940824,2026-04-02 12:46:12
Soil_Moisture\DDCA\DDCA_DH\H\20160622.mat,4758088,2026-04-02 12:46:11
Soil_Moisture\DDCA\DDCA_DH\H\20160624.mat,4299456,2026-04-02 12:46:11
Soil_Moisture\DDCA\DDCA_DH\H\20160621.mat,4104748,2026-04-02 12:46:09
Soil_Moisture\DDCA\DDCA_DH\H\20160701.mat,4472577,2026-04-02 12:46:09
Soil_Moisture\DDCA\DDCA_DH\H\20160702.mat,4347043,2026-04-02 12:46:09
Soil_Moisture\DDCA\DDCA_DH\H\20160623.mat,4039651,2026-04-02 12:46:08
Soil_Moisture\DDCA\DDCA_DH\H\20160627.mat,4623629,2026-04-02 12:46:07
Soil_Moisture\DDCA\DDCA_DH\H\20160625.mat,4982295,2026-04-02 12:46:06
Soil_Moisture\DDCA\DDCA_DH\H\20160620.mat,4288407,2026-04-02 12:46:05
Soil_Moisture\DDCA\DDCA_DH\H\20160626.mat,4471626,2026-04-02 12:46:05
Soil_Moisture\DDCA\DDCA_DH\H\20160628.mat,4653882,2026-04-02 12:46:05
Soil_Moisture\DDCA\DDCA_DH\H\20160619.mat,4489944,2026-04-02 12:46:04
Soil_Moisture\DDCA\DDCA_DH\H\20160611.mat,4367449,2026-04-02 12:46:00
Soil_Moisture\DDCA\DDCA_DH\H\20160612.mat,4303314,2026-04-02 12:46:00
Soil_Moisture\DDCA\DDCA_DH\H\20160614.mat,4615014,2026-04-02 12:46:00
Soil_Moisture\DDCA\DDCA_DH\H\20160617.mat,4248952,2026-04-02 12:46:00
Soil_Moisture\DDCA\DDCA_DH\H\20160618.mat,4265627,2026-04-02 12:46:00
Soil_Moisture\DDCA\DDCA_DH\H\20160607.mat,4041118,2026-04-02 12:45:59
Soil_Moisture\DDCA\DDCA_DH\H\20160608.mat,4068736,2026-04-02 12:45:59
Soil_Moisture\DDCA\DDCA_DH\H\20160609.mat,4617524,2026-04-02 12:45:59
Soil_Moisture\DDCA\DDCA_DH\H\20160610.mat,4145705,2026-04-02 12:45:59
Soil_Moisture\DDCA\DDCA_DH\H\20160613.mat,3980582,2026-04-02 12:45:59
Soil_Moisture\DDCA\DDCA_DH\H\20160615.mat,4057082,2026-04-02 12:45:59
Soil_Moisture\DDCA\DDCA_DH\H\20160616.mat,4162489,2026-04-02 12:45:59
Soil_Moisture\DDCA\DDCA_DH\H\20160602.mat,4011603,2026-04-02 12:45:56
Soil_Moisture\DDCA\DDCA_DH\H\20160605.mat,3891685,2026-04-02 12:45:55
Soil_Moisture\DDCA\DDCA_DH\H\20160606.mat,4321969,2026-04-02 12:45:55
Soil_Moisture\DDCA\DDCA_DH\H\20160603.mat,4289072,2026-04-02 12:45:54
Soil_Moisture\DDCA\DDCA_DH\H\20160604.mat,4200119,2026-04-02 12:45:54
Soil_Moisture\DDCA\DDCA_DH\H\20160524.mat,4417393,2026-04-02 12:45:53
Soil_Moisture\DDCA\DDCA_DH\H\20160526.mat,4198505,2026-04-02 12:45:53
Soil_Moisture\DDCA\DDCA_DH\H\20160527.mat,4104773,2026-04-02 12:45:53
Soil_Moisture\DDCA\DDCA_DH\H\20160528.mat,3778428,2026-04-02 12:45:53
Soil_Moisture\DDCA\DDCA_DH\H\20160531.mat,3960113,2026-04-02 12:45:53
Soil_Moisture\DDCA\DDCA_DH\H\20160601.mat,4197693,2026-04-02 12:45:53
Soil_Moisture\DDCA\DDCA_DH\H\20160530.mat,3915698,2026-04-02 12:45:52
Soil_Moisture\DDCA\DDCA_DH\H\20160523.mat,3782067,2026-04-02 12:45:50
Soil_Moisture\DDCA\DDCA_DH\H\20160521.mat,4221218,2026-04-02 12:45:49
Soil_Moisture\DDCA\DDCA_DH\H\20160525.mat,3886366,2026-04-02 12:45:49
Soil_Moisture\DDCA\DDCA_DH\H\20160529.mat,4425057,2026-04-02 12:45:49
Soil_Moisture\DDCA\DDCA_DH\H\20160522.mat,3757064,2026-04-02 12:45:48
Soil_Moisture\DDCA\DDCA_DH\H\20160518.mat,4007225,2026-04-02 12:45:47
Soil_Moisture\DDCA\DDCA_DH\H\20160519.mat,3950886,2026-04-02 12:45:47
Soil_Moisture\DDCA\DDCA_DH\H\20160520.mat,3615579,2026-04-02 12:45:47
Soil_Moisture\DDCA\DDCA_DH\H\20160511.mat,3744074,2026-04-02 12:45:46
Soil_Moisture\DDCA\DDCA_DH\H\20160513.mat,3997017,2026-04-02 12:45:46
Soil_Moisture\DDCA\DDCA_DH\H\20160514.mat,3555705,2026-04-02 12:45:46
Soil_Moisture\DDCA\DDCA_DH\H\20160515.mat,3579727,2026-04-02 12:45:46
Soil_Moisture\DDCA\DDCA_DH\H\20160516.mat,4153914,2026-04-02 12:45:46
Soil_Moisture\DDCA\DDCA_DH\H\20160517.mat,3722685,2026-04-02 12:45:46
Soil_Moisture\DDCA\DDCA_DH\H\20160509.mat,3513799,2026-04-02 12:45:45
Soil_Moisture\DDCA\DDCA_DH\H\20160510.mat,3807665,2026-04-02 12:45:45
Soil_Moisture\DDCA\DDCA_DH\H\20160512.mat,3414898,2026-04-02 12:45:45
Soil_Moisture\DDCA\DDCA_DH\H\20160507.mat,3444534,2026-04-02 12:45:43
Soil_Moisture\DDCA\DDCA_DH\H\20160508.mat,3981440,2026-04-02 12:45:43
Soil_Moisture\DDCA\DDCA_DH\H\20160503.mat,3550792,2026-04-02 12:45:42
Soil_Moisture\DDCA\DDCA_DH\H\20160506.mat,3386900,2026-04-02 12:45:41
Soil_Moisture\DDCA\DDCA_DH\H\20160429.mat,3331643,2026-04-02 12:45:40
Soil_Moisture\DDCA\DDCA_DH\H\20160502.mat,939371,2026-04-02 12:45:40
Soil_Moisture\DDCA\DDCA_DH\H\20160504.mat,3283835,2026-04-02 12:45:40
Soil_Moisture\DDCA\DDCA_DH\H\20160505.mat,3808643,2026-04-02 12:45:40
Soil_Moisture\DDCA\DDCA_DH\H\20160422.mat,3651249,2026-04-02 12:45:39
Soil_Moisture\DDCA\DDCA_DH\H\20160424.mat,3541932,2026-04-02 12:45:39
Soil_Moisture\DDCA\DDCA_DH\H\20160425.mat,3192658,2026-04-02 12:45:39
Soil_Moisture\DDCA\DDCA_DH\H\20160426.mat,2221579,2026-04-02 12:45:39
Soil_Moisture\DDCA\DDCA_DH\H\20160428.mat,3255541,2026-04-02 12:45:39
Soil_Moisture\DDCA\DDCA_DH\H\20160430.mat,1329836,2026-04-02 12:45:39
Soil_Moisture\DDCA\DDCA_DH\H\20160421.mat,3253621,2026-04-02 12:45:38
Soil_Moisture\DDCA\DDCA_DH\H\20160427.mat,3673016,2026-04-02 12:45:38
Soil_Moisture\DDCA\DDCA_DH\H\20160423.mat,3218828,2026-04-02 12:45:37
Soil_Moisture\DDCA\DDCA_DH\H\20160420.mat,3179884,2026-04-02 12:45:35
Soil_Moisture\DDCA\DDCA_DH\H\20160407.mat,3067647,2026-04-02 12:45:34
Soil_Moisture\DDCA\DDCA_DH\H\20160410.mat,3027671,2026-04-02 12:45:34
Soil_Moisture\DDCA\DDCA_DH\H\20160412.mat,2927480,2026-04-02 12:45:34
Soil_Moisture\DDCA\DDCA_DH\H\20160414.mat,3507519,2026-04-02 12:45:34
Soil_Moisture\DDCA\DDCA_DH\H\20160415.mat,3147804,2026-04-02 12:45:34
Soil_Moisture\DDCA\DDCA_DH\H\20160416.mat,3458689,2026-04-02 12:45:34
Soil_Moisture\DDCA\DDCA_DH\H\20160417.mat,3333262,2026-04-02 12:45:34
Soil_Moisture\DDCA\DDCA_DH\H\20160418.mat,3116681,2026-04-02 12:45:34
Soil_Moisture\DDCA\DDCA_DH\H\20160419.mat,3573217,2026-04-02 12:45:34
Soil_Moisture\DDCA\DDCA_DH\H\20160404.mat,2929942,2026-04-02 12:45:33
Soil_Moisture\DDCA\DDCA_DH\H\20160409.mat,3225796,2026-04-02 12:45:33
Soil_Moisture\DDCA\DDCA_DH\H\20160411.mat,3445437,2026-04-02 12:45:33
Soil_Moisture\DDCA\DDCA_DH\H\20160413.mat,3018123,2026-04-02 12:45:33
Soil_Moisture\DDCA\DDCA_DH\H\20160328.mat,2942948,2026-04-02 12:45:31
Soil_Moisture\DDCA\DDCA_DH\H\20160408.mat,3350930,2026-04-02 12:45:30
Soil_Moisture\DDCA\DDCA_DH\H\20160327.mat,2822163,2026-04-02 12:45:29
Soil_Moisture\DDCA\DDCA_DH\H\20160329.mat,3264499,2026-04-02 12:45:29
Soil_Moisture\DDCA\DDCA_DH\H\20160330.mat,2917185,2026-04-02 12:45:29
Soil_Moisture\DDCA\DDCA_DH\H\20160331.mat,3227562,2026-04-02 12:45:29
Soil_Moisture\DDCA\DDCA_DH\H\20160403.mat,3330231,2026-04-02 12:45:29
Soil_Moisture\DDCA\DDCA_DH\H\20160306.mat,2592870,2026-04-02 12:45:28
Soil_Moisture\DDCA\DDCA_DH\H\20160326.mat,3224156,2026-04-02 12:45:28
Soil_Moisture\DDCA\DDCA_DH\H\20160401.mat,3085209,2026-04-02 12:45:28
Soil_Moisture\DDCA\DDCA_DH\H\20160402.mat,2909981,2026-04-02 12:45:28
Soil_Moisture\DDCA\DDCA_DH\H\20160405.mat,2617150,2026-04-02 12:45:28
Soil_Moisture\DDCA\DDCA_DH\H\20160406.mat,3442302,2026-04-02 12:45:28
Soil_Moisture\DDCA\DDCA_DH\H\20160324.mat,2982982,2026-04-02 12:45:27
Soil_Moisture\DDCA\DDCA_DH\H\20160325.mat,2822016,2026-04-02 12:45:27
Soil_Moisture\DDCA\DDCA_DH\H\20160323.mat,3137132,2026-04-02 12:45:24
Soil_Moisture\DDCA\DDCA_DH\H\20160321.mat,3218868,2026-04-02 12:45:23
Soil_Moisture\DDCA\DDCA_DH\H\20160322.mat,2817153,2026-04-02 12:45:23
Soil_Moisture\DDCA\DDCA_DH\H\20160312.mat,2774919,2026-04-02 12:45:21
Soil_Moisture\DDCA\DDCA_DH\H\20160316.mat,2889883,2026-04-02 12:45:21
Soil_Moisture\DDCA\DDCA_DH\H\20160317.mat,2750597,2026-04-02 12:45:21
Soil_Moisture\DDCA\DDCA_DH\H\20160318.mat,3161817,2026-04-02 12:45:21
Soil_Moisture\DDCA\DDCA_DH\H\20160319.mat,2741657,2026-04-02 12:45:21
Soil_Moisture\DDCA\DDCA_DH\H\20160320.mat,2887930,2026-04-02 12:45:21
Soil_Moisture\DDCA\DDCA_DH\H\20160308.mat,2729134,2026-04-02 12:45:20
Soil_Moisture\DDCA\DDCA_DH\H\20160309.mat,2633199,2026-04-02 12:45:20
Soil_Moisture\DDCA\DDCA_DH\H\20160311.mat,2598883,2026-04-02 12:45:20
Soil_Moisture\DDCA\DDCA_DH\H\20160313.mat,3108524,2026-04-02 12:45:20
Soil_Moisture\DDCA\DDCA_DH\H\20160314.mat,2727108,2026-04-02 12:45:20
Soil_Moisture\DDCA\DDCA_DH\H\20160315.mat,3085870,2026-04-02 12:45:20
Soil_Moisture\DDCA\DDCA_DH\H\20160310.mat,3027081,2026-04-02 12:45:19
Soil_Moisture\DDCA\DDCA_DH\H\20160307.mat,2957294,2026-04-02 12:45:18
Soil_Moisture\DDCA\DDCA_DH\H\20160229.mat,2583372,2026-04-02 12:45:17
Soil_Moisture\DDCA\DDCA_DH\H\20160302.mat,2887406,2026-04-02 12:45:16
Soil_Moisture\DDCA\DDCA_DH\H\20160303.mat,2242789,2026-04-02 12:45:16
Soil_Moisture\DDCA\DDCA_DH\H\20160304.mat,2647124,2026-04-02 12:45:16
Soil_Moisture\DDCA\DDCA_DH\H\20160305.mat,2969427,2026-04-02 12:45:16
Soil_Moisture\DDCA\DDCA_DH\H\20160221.mat,2475653,2026-04-02 12:45:15
Soil_Moisture\DDCA\DDCA_DH\H\20160224.mat,2330495,2026-04-02 12:45:15
Soil_Moisture\DDCA\DDCA_DH\H\20160226.mat,2844564,2026-04-02 12:45:15
Soil_Moisture\DDCA\DDCA_DH\H\20160227.mat,2440139,2026-04-02 12:45:15
Soil_Moisture\DDCA\DDCA_DH\H\20160228.mat,2824927,2026-04-02 12:45:15
Soil_Moisture\DDCA\DDCA_DH\H\20160301.mat,2491015,2026-04-02 12:45:15
Soil_Moisture\DDCA\DDCA_DH\H\20160222.mat,2383752,2026-04-02 12:45:14
Soil_Moisture\DDCA\DDCA_DH\H\20160223.mat,2805113,2026-04-02 12:45:14
Soil_Moisture\DDCA\DDCA_DH\H\20160225.mat,2569512,2026-04-02 12:45:14
Soil_Moisture\DDCA\DDCA_DH\H\20160216.mat,2220470,2026-04-02 12:45:13
Soil_Moisture\DDCA\DDCA_DH\H\20160217.mat,2494520,2026-04-02 12:45:13
Soil_Moisture\DDCA\DDCA_DH\H\20160219.mat,2143964,2026-04-02 12:45:13
Soil_Moisture\DDCA\DDCA_DH\H\20160220.mat,2750789,2026-04-02 12:45:13
Soil_Moisture\DDCA\DDCA_DH\H\20160215.mat,2701844,2026-04-02 12:45:12
Soil_Moisture\DDCA\DDCA_DH\H\20160218.mat,2720185,2026-04-02 12:45:12
Soil_Moisture\DDCA\DDCA_DH\H\20160203.mat,2035008,2026-04-02 12:45:10
Soil_Moisture\DDCA\DDCA_DH\H\20160208.mat,2063777,2026-04-02 12:45:10
Soil_Moisture\DDCA\DDCA_DH\H\20160210.mat,2629600,2026-04-02 12:45:10
Soil_Moisture\DDCA\DDCA_DH\H\20160212.mat,2670961,2026-04-02 12:45:10
Soil_Moisture\DDCA\DDCA_DH\H\20160214.mat,2306287,2026-04-02 12:45:10
Soil_Moisture\DDCA\DDCA_DH\H\20160206.mat,2097544,2026-04-02 12:45:09
Soil_Moisture\DDCA\DDCA_DH\H\20160207.mat,2528379,2026-04-02 12:45:09
Soil_Moisture\DDCA\DDCA_DH\H\20160209.mat,2287666,2026-04-02 12:45:09
Soil_Moisture\DDCA\DDCA_DH\H\20160211.mat,2221183,2026-04-02 12:45:09
Soil_Moisture\DDCA\DDCA_DH\H\20160213.mat,2352020,2026-04-02 12:45:09
Soil_Moisture\DDCA\DDCA_DH\H\20160129.mat,2121137,2026-04-02 12:45:08
Soil_Moisture\DDCA\DDCA_DH\H\20160131.mat,2115348,2026-04-02 12:45:08
Soil_Moisture\DDCA\DDCA_DH\H\20160202.mat,2360136,2026-04-02 12:45:08
Soil_Moisture\DDCA\DDCA_DH\H\20160204.mat,2504920,2026-04-02 12:45:08
Soil_Moisture\DDCA\DDCA_DH\H\20160205.mat,2216615,2026-04-02 12:45:08
Soil_Moisture\DDCA\DDCA_DH\H\20160118.mat,2115038,2026-04-02 12:45:06
Soil_Moisture\DDCA\DDCA_DH\H\20160121.mat,2146684,2026-04-02 12:45:06
Soil_Moisture\DDCA\DDCA_DH\H\20160127.mat,2511398,2026-04-02 12:45:06
Soil_Moisture\DDCA\DDCA_DH\H\20160128.mat,2264700,2026-04-02 12:45:06
Soil_Moisture\DDCA\DDCA_DH\H\20160130.mat,2543263,2026-04-02 12:45:06
Soil_Moisture\DDCA\DDCA_DH\H\20160201.mat,2297699,2026-04-02 12:45:06
Soil_Moisture\DDCA\DDCA_DH\H\20160120.mat,2321872,2026-04-02 12:45:05
Soil_Moisture\DDCA\DDCA_DH\H\20160122.mat,2583268,2026-04-02 12:45:05
Soil_Moisture\DDCA\DDCA_DH\H\20160124.mat,2314136,2026-04-02 12:45:05
Soil_Moisture\DDCA\DDCA_DH\H\20160125.mat,2480936,2026-04-02 12:45:05
Soil_Moisture\DDCA\DDCA_DH\H\20160126.mat,2065050,2026-04-02 12:45:05
Soil_Moisture\DDCA\DDCA_DH\H\20160119.mat,2536842,2026-04-02 12:45:04
Soil_Moisture\DDCA\DDCA_DH\H\20160123.mat,2171597,2026-04-02 12:45:04
Soil_Moisture\DDCA\DDCA_DH\H\20160112.mat,2368257,2026-04-02 12:45:03
Soil_Moisture\DDCA\DDCA_DH\H\20160114.mat,2636810,2026-04-02 12:45:03
Soil_Moisture\DDCA\DDCA_DH\H\20160115.mat,2217726,2026-04-02 12:45:03
Soil_Moisture\DDCA\DDCA_DH\H\20160117.mat,2533220,2026-04-02 12:45:03
Soil_Moisture\DDCA\DDCA_DH\H\20160116.mat,2362908,2026-04-02 12:45:02
Soil_Moisture\DDCA\DDCA_DH\H\20160102.mat,2191398,2026-04-02 12:45:01
Soil_Moisture\DDCA\DDCA_DH\H\20160106.mat,2671914,2026-04-02 12:45:01
Soil_Moisture\DDCA\DDCA_DH\H\20160109.mat,2574910,2026-04-02 12:45:01
Soil_Moisture\DDCA\DDCA_DH\H\20160111.mat,2568811,2026-04-02 12:45:01
Soil_Moisture\DDCA\DDCA_DH\H\20160113.mat,2170635,2026-04-02 12:45:01
Soil_Moisture\DDCA\DDCA_DH\H\20160101.mat,2704416,2026-04-02 12:45:00
Soil_Moisture\DDCA\DDCA_DH\H\20160103.mat,2602248,2026-04-02 12:45:00
Soil_Moisture\DDCA\DDCA_DH\H\20160104.mat,2200409,2026-04-02 12:45:00
Soil_Moisture\DDCA\DDCA_DH\H\20160107.mat,2270614,2026-04-02 12:45:00
Soil_Moisture\DDCA\DDCA_DH\H\20160108.mat,2369657,2026-04-02 12:45:00
Soil_Moisture\DDCA\DDCA_DH\H\20160110.mat,2155539,2026-04-02 12:45:00
Soil_Moisture\DDCA\DDCA_DH\H\20151226.mat,1899670,2026-04-02 12:44:59
Soil_Moisture\DDCA\DDCA_DH\H\20160105.mat,2204174,2026-04-02 12:44:59
Soil_Moisture\DDCA\DDCA_DH\H\20151225.mat,1678712,2026-04-02 12:44:58
Soil_Moisture\DDCA\DDCA_DH\H\20151227.mat,2466169,2026-04-02 12:44:58
Soil_Moisture\DDCA\DDCA_DH\H\20151223.mat,2348479,2026-04-02 12:44:57
Soil_Moisture\DDCA\DDCA_DH\H\20151224.mat,1702064,2026-04-02 12:44:57
Soil_Moisture\DDCA\DDCA_DH\H\20151212.mat,2169469,2026-04-02 12:44:56
Soil_Moisture\DDCA\DDCA_DH\H\20151214.mat,2187569,2026-04-02 12:44:56
Soil_Moisture\DDCA\DDCA_DH\H\20151219.mat,2356417,2026-04-02 12:44:56
Soil_Moisture\DDCA\DDCA_DH\H\20151220.mat,2188642,2026-04-02 12:44:56
Soil_Moisture\DDCA\DDCA_DH\H\20151222.mat,2221370,2026-04-02 12:44:56
Soil_Moisture\DDCA\DDCA_DH\H\20151228.mat,238696,2026-04-02 12:44:56
Soil_Moisture\DDCA\DDCA_DH\H\20151229.mat,238696,2026-04-02 12:44:56
Soil_Moisture\DDCA\DDCA_DH\H\20151230.mat,238696,2026-04-02 12:44:56
Soil_Moisture\DDCA\DDCA_DH\H\20151231.mat,238696,2026-04-02 12:44:56
Soil_Moisture\DDCA\DDCA_DH\H\20151209.mat,2109498,2026-04-02 12:44:55
Soil_Moisture\DDCA\DDCA_DH\H\20151211.mat,2240655,2026-04-02 12:44:55
Soil_Moisture\DDCA\DDCA_DH\H\20151213.mat,2420964,2026-04-02 12:44:55
Soil_Moisture\DDCA\DDCA_DH\H\20151215.mat,690496,2026-04-02 12:44:55
Soil_Moisture\DDCA\DDCA_DH\H\20151217.mat,593781,2026-04-02 12:44:55
Soil_Moisture\DDCA\DDCA_DH\H\20151218.mat,2547719,2026-04-02 12:44:55
Soil_Moisture\DDCA\DDCA_DH\H\20151221.mat,2654031,2026-04-02 12:44:55
Soil_Moisture\DDCA\DDCA_DH\H\20151207.mat,2306396,2026-04-02 12:44:54
Soil_Moisture\DDCA\DDCA_DH\H\20151208.mat,2477275,2026-04-02 12:44:54
Soil_Moisture\DDCA\DDCA_DH\H\20151210.mat,2223008,2026-04-02 12:44:54
Soil_Moisture\DDCA\DDCA_DH\H\20151204.mat,2144262,2026-04-02 12:44:53
Soil_Moisture\DDCA\DDCA_DH\H\20151206.mat,2174060,2026-04-02 12:44:53
Soil_Moisture\DDCA\DDCA_DH\H\20151129.mat,2223557,2026-04-02 12:44:52
Soil_Moisture\DDCA\DDCA_DH\H\20151202.mat,2507322,2026-04-02 12:44:52
Soil_Moisture\DDCA\DDCA_DH\H\20151203.mat,2300791,2026-04-02 12:44:52
Soil_Moisture\DDCA\DDCA_DH\H\20151205.mat,2597378,2026-04-02 12:44:52
Soil_Moisture\DDCA\DDCA_DH\H\20151124.mat,2516293,2026-04-02 12:44:51
Soil_Moisture\DDCA\DDCA_DH\H\20151125.mat,2313267,2026-04-02 12:44:51
Soil_Moisture\DDCA\DDCA_DH\H\20151126.mat,2067335,2026-04-02 12:44:51
Soil_Moisture\DDCA\DDCA_DH\H\20151128.mat,2123075,2026-04-02 12:44:51
Soil_Moisture\DDCA\DDCA_DH\H\20151130.mat,2366366,2026-04-02 12:44:51
Soil_Moisture\DDCA\DDCA_DH\H\20151201.mat,2065495,2026-04-02 12:44:51
Soil_Moisture\DDCA\DDCA_DH\H\20151020.mat,2900944,2026-04-02 12:44:50
Soil_Moisture\DDCA\DDCA_DH\H\20151121.mat,2276263,2026-04-02 12:44:50
Soil_Moisture\DDCA\DDCA_DH\H\20151122.mat,2473438,2026-04-02 12:44:50
Soil_Moisture\DDCA\DDCA_DH\H\20151123.mat,2063850,2026-04-02 12:44:50
Soil_Moisture\DDCA\DDCA_DH\H\20151117.mat,2657013,2026-04-02 12:44:49
Soil_Moisture\DDCA\DDCA_DH\H\20151120.mat,2130458,2026-04-02 12:44:49
Soil_Moisture\DDCA\DDCA_DH\H\20151127.mat,2576716,2026-04-02 12:44:49
Soil_Moisture\DDCA\DDCA_DH\H\20151119.mat,2595081,2026-04-02 12:44:48
Soil_Moisture\DDCA\DDCA_DH\H\20151109.mat,2771734,2026-04-02 12:44:47
Soil_Moisture\DDCA\DDCA_DH\H\20151111.mat,2946446,2026-04-02 12:44:47
Soil_Moisture\DDCA\DDCA_DH\H\20151112.mat,2392162,2026-04-02 12:44:47
Soil_Moisture\DDCA\DDCA_DH\H\20151114.mat,2237548,2026-04-02 12:44:47
Soil_Moisture\DDCA\DDCA_DH\H\20151115.mat,2290748,2026-04-02 12:44:47
Soil_Moisture\DDCA\DDCA_DH\H\20151116.mat,2854429,2026-04-02 12:44:47
Soil_Moisture\DDCA\DDCA_DH\H\20151118.mat,2105468,2026-04-02 12:44:47
Soil_Moisture\DDCA\DDCA_DH\H\20151106.mat,2963249,2026-04-02 12:44:46
Soil_Moisture\DDCA\DDCA_DH\H\20151107.mat,2448612,2026-04-02 12:44:46
Soil_Moisture\DDCA\DDCA_DH\H\20151108.mat,3005866,2026-04-02 12:44:46
Soil_Moisture\DDCA\DDCA_DH\H\20151110.mat,2336857,2026-04-02 12:44:46
Soil_Moisture\DDCA\DDCA_DH\H\20151113.mat,2546367,2026-04-02 12:44:46
Soil_Moisture\DDCA\DDCA_DH\H\20151101.mat,2960351,2026-04-02 12:44:43
Soil_Moisture\DDCA\DDCA_DH\H\20151103.mat,3104839,2026-04-02 12:44:43
Soil_Moisture\DDCA\DDCA_DH\H\20151104.mat,2544268,2026-04-02 12:44:43
Soil_Moisture\DDCA\DDCA_DH\H\20151105.mat,2688058,2026-04-02 12:44:43
Soil_Moisture\DDCA\DDCA_DH\H\20151023.mat,3248410,2026-04-02 12:44:42
Soil_Moisture\DDCA\DDCA_DH\H\20151024.mat,3037133,2026-04-02 12:44:42
Soil_Moisture\DDCA\DDCA_DH\H\20151025.mat,2541187,2026-04-02 12:44:42
Soil_Moisture\DDCA\DDCA_DH\H\20151026.mat,3224998,2026-04-02 12:44:42
Soil_Moisture\DDCA\DDCA_DH\H\20151027.mat,2647966,2026-04-02 12:44:42
Soil_Moisture\DDCA\DDCA_DH\H\20151028.mat,2736300,2026-04-02 12:44:42
Soil_Moisture\DDCA\DDCA_DH\H\20151029.mat,3101636,2026-04-02 12:44:42
Soil_Moisture\DDCA\DDCA_DH\H\20151030.mat,2131986,2026-04-02 12:44:42
Soil_Moisture\DDCA\DDCA_DH\H\20151031.mat,2614724,2026-04-02 12:44:42
Soil_Moisture\DDCA\DDCA_DH\H\20151102.mat,2476707,2026-04-02 12:44:42
Soil_Moisture\DDCA\DDCA_DH\H\20151022.mat,2668192,2026-04-02 12:44:40
Soil_Moisture\DDCA\DDCA_DH\H\20151021.mat,3245697,2026-04-02 12:44:39
Soil_Moisture\DDCA\DDCA_DH\H\20151016.mat,3190718,2026-04-02 12:44:38
Soil_Moisture\DDCA\DDCA_DH\H\20151008.mat,3311571,2026-04-02 12:44:37
Soil_Moisture\DDCA\DDCA_DH\H\20151009.mat,2799475,2026-04-02 12:44:37
Soil_Moisture\DDCA\DDCA_DH\H\20151011.mat,2893070,2026-04-02 12:44:37
Soil_Moisture\DDCA\DDCA_DH\H\20151012.mat,3005688,2026-04-02 12:44:37
Soil_Moisture\DDCA\DDCA_DH\H\20151013.mat,3319268,2026-04-02 12:44:37
Soil_Moisture\DDCA\DDCA_DH\H\20151014.mat,2790512,2026-04-02 12:44:37
Soil_Moisture\DDCA\DDCA_DH\H\20151015.mat,3324577,2026-04-02 12:44:37
Soil_Moisture\DDCA\DDCA_DH\H\20151017.mat,2680964,2026-04-02 12:44:37
Soil_Moisture\DDCA\DDCA_DH\H\20151018.mat,3371895,2026-04-02 12:44:37
Soil_Moisture\DDCA\DDCA_DH\H\20151019.mat,2792714,2026-04-02 12:44:37
Soil_Moisture\DDCA\DDCA_DH\H\20151005.mat,3489609,2026-04-02 12:44:36
Soil_Moisture\DDCA\DDCA_DH\H\20151007.mat,3453888,2026-04-02 12:44:36
Soil_Moisture\DDCA\DDCA_DH\H\20151010.mat,3435461,2026-04-02 12:44:36
Soil_Moisture\DDCA\DDCA_DH\H\20151006.mat,2982387,2026-04-02 12:44:35
Soil_Moisture\DDCA\DDCA_DH\H\20151003.mat,3064482,2026-04-02 12:44:34
Soil_Moisture\DDCA\DDCA_DH\H\20151002.mat,3599537,2026-04-02 12:44:33
Soil_Moisture\DDCA\DDCA_DH\H\20151004.mat,3145671,2026-04-02 12:44:33
Soil_Moisture\DDCA\DDCA_DH\H\20150928.mat,3203295,2026-04-02 12:44:32
Soil_Moisture\DDCA\DDCA_DH\H\20150919.mat,3798911,2026-04-02 12:44:31
Soil_Moisture\DDCA\DDCA_DH\H\20150921.mat,3709995,2026-04-02 12:44:31
Soil_Moisture\DDCA\DDCA_DH\H\20150925.mat,3278900,2026-04-02 12:44:31
Soil_Moisture\DDCA\DDCA_DH\H\20150926.mat,2888787,2026-04-02 12:44:31
Soil_Moisture\DDCA\DDCA_DH\H\20150927.mat,3634500,2026-04-02 12:44:31
Soil_Moisture\DDCA\DDCA_DH\H\20150929.mat,3554871,2026-04-02 12:44:31
Soil_Moisture\DDCA\DDCA_DH\H\20150930.mat,3527857,2026-04-02 12:44:31
Soil_Moisture\DDCA\DDCA_DH\H\20151001.mat,2946242,2026-04-02 12:44:31
Soil_Moisture\DDCA\DDCA_DH\H\20150922.mat,3701342,2026-04-02 12:44:30
Soil_Moisture\DDCA\DDCA_DH\H\20150923.mat,3132678,2026-04-02 12:44:30
Soil_Moisture\DDCA\DDCA_DH\H\20150924.mat,3725866,2026-04-02 12:44:30
Soil_Moisture\DDCA\DDCA_DH\H\20150920.mat,3407293,2026-04-02 12:44:29
Soil_Moisture\DDCA\DDCA_DH\H\20150917.mat,3442903,2026-04-02 12:44:28
Soil_Moisture\DDCA\DDCA_DH\H\20150916.mat,3916393,2026-04-02 12:44:27
Soil_Moisture\DDCA\DDCA_DH\H\20150918.mat,3490968,2026-04-02 12:44:27
Soil_Moisture\DDCA\DDCA_DH\H\20150915.mat,3313848,2026-04-02 12:44:26
Soil_Moisture\DDCA\DDCA_DH\H\20150907.mat,3523641,2026-04-02 12:44:25
Soil_Moisture\DDCA\DDCA_DH\H\20150909.mat,3706988,2026-04-02 12:44:25
Soil_Moisture\DDCA\DDCA_DH\H\20150912.mat,3669894,2026-04-02 12:44:25
Soil_Moisture\DDCA\DDCA_DH\H\20150913.mat,3922502,2026-04-02 12:44:25
Soil_Moisture\DDCA\DDCA_DH\H\20150914.mat,4004811,2026-04-02 12:44:25
Soil_Moisture\DDCA\DDCA_DH\H\20150905.mat,4079235,2026-04-02 12:44:24
Soil_Moisture\DDCA\DDCA_DH\H\20150906.mat,4201738,2026-04-02 12:44:24
Soil_Moisture\DDCA\DDCA_DH\H\20150908.mat,4189308,2026-04-02 12:44:24
Soil_Moisture\DDCA\DDCA_DH\H\20150910.mat,3707409,2026-04-02 12:44:24
Soil_Moisture\DDCA\DDCA_DH\H\20150911.mat,4082264,2026-04-02 12:44:24
Soil_Moisture\DDCA\DDCA_DH\H\20150830.mat,3695820,2026-04-02 12:44:21
Soil_Moisture\DDCA\DDCA_DH\H\20150901.mat,3954647,2026-04-02 12:44:21
Soil_Moisture\DDCA\DDCA_DH\H\20150903.mat,4317459,2026-04-02 12:44:21
Soil_Moisture\DDCA\DDCA_DH\H\20150904.mat,3289730,2026-04-02 12:44:21
Soil_Moisture\DDCA\DDCA_DH\H\20150902.mat,3856634,2026-04-02 12:44:20
Soil_Moisture\DDCA\DDCA_DH\H\20150826.mat,4559117,2026-04-02 12:44:18
Soil_Moisture\DDCA\DDCA_DH\H\20150827.mat,4169770,2026-04-02 12:44:18
Soil_Moisture\DDCA\DDCA_DH\H\20150829.mat,4566098,2026-04-02 12:44:18
Soil_Moisture\DDCA\DDCA_DH\H\20150831.mat,4407207,2026-04-02 12:44:18
Soil_Moisture\DDCA\DDCA_DH\H\20150823.mat,4676767,2026-04-02 12:44:17
Soil_Moisture\DDCA\DDCA_DH\H\20150825.mat,4107748,2026-04-02 12:44:17
Soil_Moisture\DDCA\DDCA_DH\H\20150828.mat,4328849,2026-04-02 12:44:17
Soil_Moisture\DDCA\DDCA_DH\H\20150821.mat,4748999,2026-04-02 12:44:16
Soil_Moisture\DDCA\DDCA_DH\H\20150824.mat,3625251,2026-04-02 12:44:16
Soil_Moisture\DDCA\DDCA_DH\H\20150820.mat,4561708,2026-04-02 12:44:14
Soil_Moisture\DDCA\DDCA_DH\H\20150822.mat,3931188,2026-04-02 12:44:14
Soil_Moisture\DDCA\DDCA_DH\H\20150819.mat,4410544,2026-04-02 12:44:13
Soil_Moisture\DDCA\DDCA_DH\H\20150814.mat,4144340,2026-04-02 12:44:12
Soil_Moisture\DDCA\DDCA_DH\H\20150815.mat,4953973,2026-04-02 12:44:12
Soil_Moisture\DDCA\DDCA_DH\H\20150816.mat,4073243,2026-04-02 12:44:12
Soil_Moisture\DDCA\DDCA_DH\H\20150810.mat,4956863,2026-04-02 12:44:11
Soil_Moisture\DDCA\DDCA_DH\H\20150813.mat,4920746,2026-04-02 12:44:11
Soil_Moisture\DDCA\DDCA_DH\H\20150817.mat,4306902,2026-04-02 12:44:11
Soil_Moisture\DDCA\DDCA_DH\H\20150811.mat,4593425,2026-04-02 12:44:10
Soil_Moisture\DDCA\DDCA_DH\H\20150812.mat,4674708,2026-04-02 12:44:10
Soil_Moisture\DDCA\DDCA_DH\H\20150818.mat,4838349,2026-04-02 12:44:09
Soil_Moisture\DDCA\DDCA_DH\H\20150807.mat,5068660,2026-04-02 12:44:07
Soil_Moisture\DDCA\DDCA_DH\H\20150714.mat,4678383,2026-04-02 12:44:06
Soil_Moisture\DDCA\DDCA_DH\H\20150806.mat,4300303,2026-04-02 12:44:06
Soil_Moisture\DDCA\DDCA_DH\H\20150808.mat,4332828,2026-04-02 12:44:06
Soil_Moisture\DDCA\DDCA_DH\H\20150809.mat,4445836,2026-04-02 12:44:06
Soil_Moisture\DDCA\DDCA_DH\H\20150727.mat,4766878,2026-04-02 12:44:05
Soil_Moisture\DDCA\DDCA_DH\H\20150803.mat,4774277,2026-04-02 12:44:05
Soil_Moisture\DDCA\DDCA_DH\H\20150805.mat,5132401,2026-04-02 12:44:05
Soil_Moisture\DDCA\DDCA_DH\H\20150802.mat,5100070,2026-04-02 12:44:04
Soil_Moisture\DDCA\DDCA_DH\H\20150804.mat,4089558,2026-04-02 12:44:04
Soil_Moisture\DDCA\DDCA_DH\H\20150730.mat,5170910,2026-04-02 12:44:02
Soil_Moisture\DDCA\DDCA_DH\H\20150731.mat,4809333,2026-04-02 12:44:02
Soil_Moisture\DDCA\DDCA_DH\H\20150801.mat,3987910,2026-04-02 12:44:02
Soil_Moisture\DDCA\DDCA_DH\H\20150729.mat,4459878,2026-04-02 12:44:01
Soil_Moisture\DDCA\DDCA_DH\H\20150724.mat,4598956,2026-04-02 12:44:00
Soil_Moisture\DDCA\DDCA_DH\H\20150726.mat,4824093,2026-04-02 12:44:00
Soil_Moisture\DDCA\DDCA_DH\H\20150728.mat,4028172,2026-04-02 12:44:00
Soil_Moisture\DDCA\DDCA_DH\H\20150725.mat,5148121,2026-04-02 12:43:59
Soil_Moisture\DDCA\DDCA_DH\H\20150721.mat,4510541,2026-04-02 12:43:57
Soil_Moisture\DDCA\DDCA_DH\H\20150722.mat,5215040,2026-04-02 12:43:57
Soil_Moisture\DDCA\DDCA_DH\H\20150720.mat,5108171,2026-04-02 12:43:56
Soil_Moisture\DDCA\DDCA_DH\H\20150723.mat,4525798,2026-04-02 12:43:56
Soil_Moisture\DDCA\DDCA_DH\H\20150716.mat,4334999,2026-04-02 12:43:55
Soil_Moisture\DDCA\DDCA_DH\H\20150717.mat,5022693,2026-04-02 12:43:55
Soil_Moisture\DDCA\DDCA_DH\H\20150718.mat,4659526,2026-04-02 12:43:55
Soil_Moisture\DDCA\DDCA_DH\H\20150719.mat,4633053,2026-04-02 12:43:55
Soil_Moisture\DDCA\DDCA_DH\H\20150715.mat,4710544,2026-04-02 12:43:54
Soil_Moisture\DDCA\DDCA_DH\H\20150710.mat,4523524,2026-04-02 12:43:52
Soil_Moisture\DDCA\DDCA_DH\H\20150712.mat,4932247,2026-04-02 12:43:52
Soil_Moisture\DDCA\DDCA_DH\H\20150713.mat,4066728,2026-04-02 12:43:52
Soil_Moisture\DDCA\DDCA_DH\H\20150709.mat,4901598,2026-04-02 12:43:51
Soil_Moisture\DDCA\DDCA_DH\H\20150711.mat,4553145,2026-04-02 12:43:51
Soil_Moisture\DDCA\DDCA_DH\H\20150706.mat,4976195,2026-04-02 12:43:50
Soil_Moisture\DDCA\DDCA_DH\H\20150705.mat,4228452,2026-04-02 12:43:49
Soil_Moisture\DDCA\DDCA_DH\H\20150707.mat,4242691,2026-04-02 12:43:49
Soil_Moisture\DDCA\DDCA_DH\H\20150708.mat,4361038,2026-04-02 12:43:49
Soil_Moisture\DDCA\DDCA_DH\H\20150703.mat,4499187,2026-04-02 12:43:48
Soil_Moisture\DDCA\DDCA_DH\H\20150704.mat,4880649,2026-04-02 12:43:48
Soil_Moisture\DDCA\DDCA_DH\H\20150702.mat,4433294,2026-04-02 12:43:47
Soil_Moisture\DDCA\DDCA_DH\H\20150630.mat,4329954,2026-04-02 12:43:46
Soil_Moisture\DDCA\DDCA_DH\H\20150627.mat,4151061,2026-04-02 12:43:45
Soil_Moisture\DDCA\DDCA_DH\H\20150701.mat,4807521,2026-04-02 12:43:45
Soil_Moisture\DDCA\DDCA_DH\H\20150621.mat,4295943,2026-04-02 12:43:44
Soil_Moisture\DDCA\DDCA_DH\H\20150624.mat,4270142,2026-04-02 12:43:44
Soil_Moisture\DDCA\DDCA_DH\H\20150628.mat,4898385,2026-04-02 12:43:44
Soil_Moisture\DDCA\DDCA_DH\H\20150629.mat,4467913,2026-04-02 12:43:44
Soil_Moisture\DDCA\DDCA_DH\H\20150625.mat,4116579,2026-04-02 12:43:43
Soil_Moisture\DDCA\DDCA_DH\H\20150626.mat,4836447,2026-04-02 12:43:43
Soil_Moisture\DDCA\DDCA_DH\H\20150623.mat,4678642,2026-04-02 12:43:42
Soil_Moisture\DDCA\DDCA_DH\H\20150620.mat,4614550,2026-04-02 12:43:41
Soil_Moisture\DDCA\DDCA_DH\H\20150616.mat,2227509,2026-04-02 12:43:40
Soil_Moisture\DDCA\DDCA_DH\H\20150618.mat,4378766,2026-04-02 12:43:40
Soil_Moisture\DDCA\DDCA_DH\H\20150622.mat,4025090,2026-04-02 12:43:40
Soil_Moisture\DDCA\DDCA_DH\H\20150615.mat,4530015,2026-04-02 12:43:39
Soil_Moisture\DDCA\DDCA_DH\H\20150619.mat,3764458,2026-04-02 12:43:39
Soil_Moisture\DDCA\DDCA_DH\H\20150611.mat,3540878,2026-04-02 12:43:38
Soil_Moisture\DDCA\DDCA_DH\H\20150612.mat,4664770,2026-04-02 12:43:38
Soil_Moisture\DDCA\DDCA_DH\H\20150614.mat,4138140,2026-04-02 12:43:38
Soil_Moisture\DDCA\DDCA_DH\H\20150617.mat,812294,2026-04-02 12:43:38
Soil_Moisture\DDCA\DDCA_DH\H\20150613.mat,4133694,2026-04-02 12:43:37
Soil_Moisture\DDCA\DDCA_DH\H\20150604.mat,4493480,2026-04-02 12:43:36
Soil_Moisture\DDCA\DDCA_DH\H\20150605.mat,3958058,2026-04-02 12:43:35
Soil_Moisture\DDCA\DDCA_DH\H\20150607.mat,4354470,2026-04-02 12:43:35
Soil_Moisture\DDCA\DDCA_DH\H\20150608.mat,3948762,2026-04-02 12:43:35
Soil_Moisture\DDCA\DDCA_DH\H\20150609.mat,4227105,2026-04-02 12:43:35
Soil_Moisture\DDCA\DDCA_DH\H\20150610.mat,4403902,2026-04-02 12:43:35
Soil_Moisture\DDCA\DDCA_DH\H\20150606.mat,4013257,2026-04-02 12:43:34
Soil_Moisture\DDCA\DDCA_DH\H\20150601.mat,4038421,2026-04-02 12:43:33
Soil_Moisture\DDCA\DDCA_DH\H\20150603.mat,3175119,2026-04-02 12:43:33
Soil_Moisture\DDCA\DDCA_DH\H\20150530.mat,4160796,2026-04-02 12:43:32
Soil_Moisture\DDCA\DDCA_DH\H\20150531.mat,3745580,2026-04-02 12:43:32
Soil_Moisture\DDCA\DDCA_DH\H\20150602.mat,4105498,2026-04-02 12:43:32
Soil_Moisture\DDCA\DDCA_DH\H\20150529.mat,3827177,2026-04-02 12:43:31
Soil_Moisture\DDCA\DDCA_DH\H\20150520.mat,3372512,2026-04-02 12:43:29
Soil_Moisture\DDCA\DDCA_DH\H\20150522.mat,3962229,2026-04-02 12:43:29
Soil_Moisture\DDCA\DDCA_DH\H\20150527.mat,4295460,2026-04-02 12:43:29
Soil_Moisture\DDCA\DDCA_DH\H\20150528.mat,3765343,2026-04-02 12:43:29
Soil_Moisture\DDCA\DDCA_DH\H\20150521.mat,3622912,2026-04-02 12:43:28
Soil_Moisture\DDCA\DDCA_DH\H\20150523.mat,3539301,2026-04-02 12:43:28
Soil_Moisture\DDCA\DDCA_DH\H\20150524.mat,3843349,2026-04-02 12:43:28
Soil_Moisture\DDCA\DDCA_DH\H\20150525.mat,4103350,2026-04-02 12:43:28
Soil_Moisture\DDCA\DDCA_DH\H\20150526.mat,3647585,2026-04-02 12:43:28
Soil_Moisture\DDCA\DDCA_DH\H\20150519.mat,4052190,2026-04-02 12:43:27
Soil_Moisture\DDCA\DDCA_DH\H\20150515.mat,2703177,2026-04-02 12:43:26
Soil_Moisture\DDCA\DDCA_DH\H\20150517.mat,3860478,2026-04-02 12:43:26
Soil_Moisture\DDCA\DDCA_DH\H\20150518.mat,3456504,2026-04-02 12:43:26
Soil_Moisture\DDCA\DDCA_DH\H\20150516.mat,3678316,2026-04-02 12:43:25
Soil_Moisture\DDCA\DDCA_DH\H\20150507.mat,3238706,2026-04-02 12:43:23
Soil_Moisture\DDCA\DDCA_DH\H\20150514.mat,748731,2026-04-02 12:43:23
Soil_Moisture\DDCA\DDCA_DH\H\20150503.mat,3463232,2026-04-02 12:43:22
Soil_Moisture\DDCA\DDCA_DH\H\20150509.mat,3695797,2026-04-02 12:43:22
Soil_Moisture\DDCA\DDCA_DH\H\20150510.mat,2687020,2026-04-02 12:43:22
Soil_Moisture\DDCA\DDCA_DH\H\20150511.mat,3850111,2026-04-02 12:43:22
Soil_Moisture\DDCA\DDCA_DH\H\20150512.mat,2293063,2026-04-02 12:43:22
Soil_Moisture\DDCA\DDCA_DH\H\20150427.mat,3229332,2026-04-02 12:43:21
Soil_Moisture\DDCA\DDCA_DH\H\20150501.mat,3536266,2026-04-02 12:43:21
Soil_Moisture\DDCA\DDCA_DH\H\20150505.mat,3346579,2026-04-02 12:43:21
Soil_Moisture\DDCA\DDCA_DH\H\20150506.mat,3500086,2026-04-02 12:43:21
Soil_Moisture\DDCA\DDCA_DH\H\20150508.mat,3538343,2026-04-02 12:43:21
Soil_Moisture\DDCA\DDCA_DH\H\20150429.mat,3154094,2026-04-02 12:43:20
Soil_Moisture\DDCA\DDCA_DH\H\20150430.mat,3424473,2026-04-02 12:43:20
Soil_Moisture\DDCA\DDCA_DH\H\20150502.mat,2967409,2026-04-02 12:43:20
Soil_Moisture\DDCA\DDCA_DH\H\20150504.mat,3317512,2026-04-02 12:43:20
Soil_Moisture\DDCA\DDCA_DH\H\20150426.mat,3187953,2026-04-02 12:43:18
Soil_Moisture\DDCA\DDCA_DH\H\20150422.mat,3349681,2026-04-02 12:43:17
Soil_Moisture\DDCA\DDCA_DH\H\20150423.mat,3439141,2026-04-02 12:43:17
Soil_Moisture\DDCA\DDCA_DH\H\20150428.mat,3495246,2026-04-02 12:43:17
Soil_Moisture\DDCA\DDCA_DH\H\20150415.mat,3314107,2026-04-02 12:43:16
Soil_Moisture\DDCA\DDCA_DH\H\20150421.mat,3017407,2026-04-02 12:43:16
Soil_Moisture\DDCA\DDCA_DH\H\20150424.mat,3095004,2026-04-02 12:43:16
Soil_Moisture\DDCA\DDCA_DH\H\20150425.mat,3553580,2026-04-02 12:43:16
Soil_Moisture\DDCA\DDCA_DH\H\20150420.mat,3407871,2026-04-02 12:43:15
Soil_Moisture\DDCA\DDCA_DH\H\20150411.mat,3097567,2026-04-02 12:43:14
Soil_Moisture\DDCA\DDCA_DH\H\20150412.mat,3305991,2026-04-02 12:43:14
Soil_Moisture\DDCA\DDCA_DH\H\20150414.mat,3280470,2026-04-02 12:43:14
Soil_Moisture\DDCA\DDCA_DH\H\20150416.mat,3020892,2026-04-02 12:43:14
Soil_Moisture\DDCA\DDCA_DH\H\20150417.mat,3336154,2026-04-02 12:43:14
Soil_Moisture\DDCA\DDCA_DH\H\20150418.mat,3109706,2026-04-02 12:43:14
Soil_Moisture\DDCA\DDCA_DH\H\20150419.mat,3169026,2026-04-02 12:43:14
Soil_Moisture\DDCA\DDCA_DH\H\20150413.mat,2989286,2026-04-02 12:43:12
Soil_Moisture\DDCA\DDCA_DH\H\20150408.mat,2964114,2026-04-02 12:43:11
Soil_Moisture\DDCA\DDCA_DH\H\20150409.mat,3385207,2026-04-02 12:43:11
Soil_Moisture\DDCA\DDCA_DH\H\20150410.mat,3008096,2026-04-02 12:43:11
Soil_Moisture\DDCA\DDCA_DH\H\20150407.mat,3220200,2026-04-02 12:43:10
Soil_Moisture\DDCA\DDCA_DH\H\20150401.mat,3313278,2026-04-02 12:43:09
Soil_Moisture\DDCA\DDCA_DH\H\20150406.mat,3215958,2026-04-02 12:43:09
Soil_Moisture\DDCA\DDCA_CH\SM\20231130.mat,4872875,2026-04-02 12:43:08
Soil_Moisture\DDCA\DDCA_CH\SM\20231202.mat,4505605,2026-04-02 12:43:08
Soil_Moisture\DDCA\DDCA_DH\H\20150404.mat,3210343,2026-04-02 12:43:08
Soil_Moisture\DDCA\DDCA_DH\H\20150405.mat,2872558,2026-04-02 12:43:08
Soil_Moisture\DDCA\DDCA_CH\SM\20231129.mat,4468994,2026-04-02 12:43:07
Soil_Moisture\DDCA\DDCA_CH\SM\20231201.mat,4712036,2026-04-02 12:43:07
Soil_Moisture\DDCA\DDCA_DH\H\20150402.mat,2881573,2026-04-02 12:43:07
Soil_Moisture\DDCA\DDCA_DH\H\20150403.mat,2620504,2026-04-02 12:43:07
Soil_Moisture\DDCA\DDCA_CH\SM\20231128.mat,4689541,2026-04-02 12:43:06
Soil_Moisture\DDCA\DDCA_CH\SM\20231126.mat,2091636,2026-04-02 12:43:05
Soil_Moisture\DDCA\DDCA_CH\SM\20231125.mat,1267759,2026-04-02 12:43:04
Soil_Moisture\DDCA\DDCA_CH\SM\20231122.mat,4655463,2026-04-02 12:43:03
Soil_Moisture\DDCA\DDCA_CH\SM\20231123.mat,3873341,2026-04-02 12:43:03
Soil_Moisture\DDCA\DDCA_CH\SM\20231124.mat,2946666,2026-04-02 12:43:03
Soil_Moisture\DDCA\DDCA_CH\SM\20231118.mat,4767278,2026-04-02 12:43:02
Soil_Moisture\DDCA\DDCA_CH\SM\20231119.mat,3334504,2026-04-02 12:43:02
Soil_Moisture\DDCA\DDCA_CH\SM\20231121.mat,4502496,2026-04-02 12:43:02
Soil_Moisture\DDCA\DDCA_CH\SM\20231117.mat,5807838,2026-04-02 12:43:01
Soil_Moisture\DDCA\DDCA_CH\SM\20231120.mat,4241982,2026-04-02 12:43:01
Soil_Moisture\DDCA\DDCA_CH\SM\20231109.mat,6070678,2026-04-02 12:43:00
Soil_Moisture\DDCA\DDCA_CH\SM\20231115.mat,5943001,2026-04-02 12:43:00
Soil_Moisture\DDCA\DDCA_CH\SM\20231116.mat,5095545,2026-04-02 12:43:00
Soil_Moisture\DDCA\DDCA_CH\SM\20231112.mat,5714368,2026-04-02 12:42:59
Soil_Moisture\DDCA\DDCA_CH\SM\20231113.mat,5218657,2026-04-02 12:42:59
Soil_Moisture\DDCA\DDCA_CH\SM\20231114.mat,5296234,2026-04-02 12:42:59
Soil_Moisture\DDCA\DDCA_CH\SM\20231111.mat,5009181,2026-04-02 12:42:57
Soil_Moisture\DDCA\DDCA_CH\SM\20231106.mat,5543997,2026-04-02 12:42:56
Soil_Moisture\DDCA\DDCA_CH\SM\20231108.mat,5420106,2026-04-02 12:42:56
Soil_Moisture\DDCA\DDCA_CH\SM\20231110.mat,5069264,2026-04-02 12:42:56
Soil_Moisture\DDCA\DDCA_CH\SM\20231105.mat,5450932,2026-04-02 12:42:54
Soil_Moisture\DDCA\DDCA_CH\SM\20231107.mat,6263368,2026-04-02 12:42:54
Soil_Moisture\DDCA\DDCA_CH\SM\20231101.mat,6383424,2026-04-02 12:42:53
Soil_Moisture\DDCA\DDCA_CH\SM\20231103.mat,5222836,2026-04-02 12:42:53
Soil_Moisture\DDCA\DDCA_CH\SM\20231104.mat,5748338,2026-04-02 12:42:53
Soil_Moisture\DDCA\DDCA_CH\SM\20231031.mat,5624640,2026-04-02 12:42:52
Soil_Moisture\DDCA\DDCA_CH\SM\20231102.mat,5831297,2026-04-02 12:42:52
Soil_Moisture\DDCA\DDCA_CH\SM\20231030.mat,6514082,2026-04-02 12:42:49
Soil_Moisture\DDCA\DDCA_CH\SM\20231024.mat,6548315,2026-04-02 12:42:48
Soil_Moisture\DDCA\DDCA_CH\SM\20231026.mat,5465276,2026-04-02 12:42:48
Soil_Moisture\DDCA\DDCA_CH\SM\20231027.mat,6656910,2026-04-02 12:42:48
Soil_Moisture\DDCA\DDCA_CH\SM\20231029.mat,5828087,2026-04-02 12:42:48
Soil_Moisture\DDCA\DDCA_CH\SM\20231025.mat,6050012,2026-04-02 12:42:47
Soil_Moisture\DDCA\DDCA_CH\SM\20231023.mat,5202730,2026-04-02 12:42:46
Soil_Moisture\DDCA\DDCA_CH\SM\20231028.mat,5297337,2026-04-02 12:42:46
Soil_Moisture\DDCA\DDCA_CH\SM\20231022.mat,5985730,2026-04-02 12:42:45
Soil_Moisture\DDCA\DDCA_CH\SM\20231021.mat,5387968,2026-04-02 12:42:43
Soil_Moisture\DDCA\DDCA_CH\SM\20231020.mat,5823897,2026-04-02 12:42:41
Soil_Moisture\DDCA\DDCA_CH\SM\20231015.mat,5903176,2026-04-02 12:42:40
Soil_Moisture\DDCA\DDCA_CH\SM\20231016.mat,6826066,2026-04-02 12:42:40
Soil_Moisture\DDCA\DDCA_CH\SM\20231017.mat,6189217,2026-04-02 12:42:40
Soil_Moisture\DDCA\DDCA_CH\SM\20231018.mat,5686630,2026-04-02 12:42:40
Soil_Moisture\DDCA\DDCA_CH\SM\20231019.mat,6830505,2026-04-02 12:42:40
Soil_Moisture\DDCA\DDCA_CH\SM\20231012.mat,5087123,2026-04-02 12:42:39
Soil_Moisture\DDCA\DDCA_CH\SM\20231013.mat,5619822,2026-04-02 12:42:39
Soil_Moisture\DDCA\DDCA_CH\SM\20231014.mat,6773400,2026-04-02 12:42:39
Soil_Moisture\DDCA\DDCA_CH\SM\20231010.mat,5852310,2026-04-02 12:42:38
Soil_Moisture\DDCA\DDCA_CH\SM\20231011.mat,6952707,2026-04-02 12:42:36
Soil_Moisture\DDCA\DDCA_CH\SM\20231005.mat,6341014,2026-04-02 12:42:34
Soil_Moisture\DDCA\DDCA_CH\SM\20231009.mat,6357267,2026-04-02 12:42:34
Soil_Moisture\DDCA\DDCA_CH\SM\20230929.mat,6510480,2026-04-02 12:42:32
Soil_Moisture\DDCA\DDCA_CH\SM\20231003.mat,7124327,2026-04-02 12:42:32
Soil_Moisture\DDCA\DDCA_CH\SM\20231006.mat,6591677,2026-04-02 12:42:32
Soil_Moisture\DDCA\DDCA_CH\SM\20231008.mat,6167870,2026-04-02 12:42:32
Soil_Moisture\DDCA\DDCA_CH\SM\20231001.mat,6480591,2026-04-02 12:42:31
Soil_Moisture\DDCA\DDCA_CH\SM\20231007.mat,5748982,2026-04-02 12:42:31
Soil_Moisture\DDCA\DDCA_CH\SM\20231004.mat,6103213,2026-04-02 12:42:30
Soil_Moisture\DDCA\DDCA_CH\SM\20231002.mat,5958063,2026-04-02 12:42:29
Soil_Moisture\DDCA\DDCA_CH\SM\20230930.mat,7193679,2026-04-02 12:42:28
Soil_Moisture\DDCA\DDCA_CH\SM\20230928.mat,6895791,2026-04-02 12:42:26
Soil_Moisture\DDCA\DDCA_CH\SM\20230925.mat,7440095,2026-04-02 12:42:24
Soil_Moisture\DDCA\DDCA_CH\SM\20230927.mat,6594155,2026-04-02 12:42:24
Soil_Moisture\DDCA\DDCA_CH\SM\20230920.mat,7578223,2026-04-02 12:42:23
Soil_Moisture\DDCA\DDCA_CH\SM\20230922.mat,7396523,2026-04-02 12:42:23
Soil_Moisture\DDCA\DDCA_CH\SM\20230923.mat,6438613,2026-04-02 12:42:23
Soil_Moisture\DDCA\DDCA_CH\SM\20230924.mat,6172242,2026-04-02 12:42:22
Soil_Moisture\DDCA\DDCA_CH\SM\20230926.mat,6161947,2026-04-02 12:42:22
Soil_Moisture\DDCA\DDCA_CH\SM\20230919.mat,6451572,2026-04-02 12:42:21
Soil_Moisture\DDCA\DDCA_CH\SM\20230921.mat,5941309,2026-04-02 12:42:21
Soil_Moisture\DDCA\DDCA_CH\SM\20230918.mat,6191156,2026-04-02 12:42:20
Soil_Moisture\DDCA\DDCA_CH\SM\20230917.mat,6899613,2026-04-02 12:42:18
Soil_Moisture\DDCA\DDCA_CH\SM\20230912.mat,8566986,2026-04-02 12:42:15
Soil_Moisture\DDCA\DDCA_CH\SM\20230913.mat,7837127,2026-04-02 12:42:15
Soil_Moisture\DDCA\DDCA_CH\SM\20230907.mat,8367819,2026-04-02 12:42:14
Soil_Moisture\DDCA\DDCA_CH\SM\20230909.mat,8721636,2026-04-02 12:42:14
Soil_Moisture\DDCA\DDCA_CH\SM\20230911.mat,7703913,2026-04-02 12:42:13
Soil_Moisture\DDCA\DDCA_CH\SM\20230914.mat,7326138,2026-04-02 12:42:13
Soil_Moisture\DDCA\DDCA_CH\SM\20230915.mat,6948165,2026-04-02 12:42:13
Soil_Moisture\DDCA\DDCA_CH\SM\20230916.mat,6647962,2026-04-02 12:42:13
Soil_Moisture\DDCA\DDCA_CH\SM\20230910.mat,7349720,2026-04-02 12:42:12
Soil_Moisture\DDCA\DDCA_CH\SM\20230908.mat,6898906,2026-04-02 12:42:11
Soil_Moisture\DDCA\DDCA_CH\SM\20230829.mat,9284728,2026-04-02 12:42:06
Soil_Moisture\DDCA\DDCA_CH\SM\20230902.mat,8392020,2026-04-02 12:42:06
Soil_Moisture\DDCA\DDCA_CH\SM\20230903.mat,8127525,2026-04-02 12:42:06
Soil_Moisture\DDCA\DDCA_CH\SM\20230901.mat,9225056,2026-04-02 12:42:05
Soil_Moisture\DDCA\DDCA_CH\SM\20230905.mat,8345512,2026-04-02 12:42:05
Soil_Moisture\DDCA\DDCA_CH\SM\20230906.mat,8129543,2026-04-02 12:42:05
Soil_Moisture\DDCA\DDCA_CH\SM\20230904.mat,9080960,2026-04-02 12:42:04
Soil_Moisture\DDCA\DDCA_CH\SM\20230828.mat,8752382,2026-04-02 12:42:03
Soil_Moisture\DDCA\DDCA_CH\SM\20230830.mat,8115536,2026-04-02 12:42:03
Soil_Moisture\DDCA\DDCA_CH\SM\20230831.mat,7473686,2026-04-02 12:42:02
Soil_Moisture\DDCA\DDCA_CH\SM\20230821.mat,9568643,2026-04-02 12:41:59
Soil_Moisture\DDCA\DDCA_CH\SM\20230818.mat,8859996,2026-04-02 12:41:54
Soil_Moisture\DDCA\DDCA_CH\SM\20230820.mat,9198223,2026-04-02 12:41:54
Soil_Moisture\DDCA\DDCA_CH\SM\20230822.mat,9223215,2026-04-02 12:41:54
Soil_Moisture\DDCA\DDCA_CH\SM\20230824.mat,9694389,2026-04-02 12:41:54
Soil_Moisture\DDCA\DDCA_CH\SM\20230825.mat,8876412,2026-04-02 12:41:54
Soil_Moisture\DDCA\DDCA_CH\SM\20230826.mat,8553620,2026-04-02 12:41:54
Soil_Moisture\DDCA\DDCA_CH\SM\20230827.mat,9586836,2026-04-02 12:41:54
Soil_Moisture\DDCA\DDCA_CH\SM\20230819.mat,10016651,2026-04-02 12:41:53
Soil_Moisture\DDCA\DDCA_CH\SM\20230823.mat,7636889,2026-04-02 12:41:53
Soil_Moisture\DDCA\DDCA_CH\SM\20230814.mat,9684111,2026-04-02 12:41:44
Soil_Moisture\DDCA\DDCA_CH\SM\20230808.mat,10270586,2026-04-02 12:41:43
Soil_Moisture\DDCA\DDCA_CH\SM\20230810.mat,8153983,2026-04-02 12:41:43
Soil_Moisture\DDCA\DDCA_CH\SM\20230811.mat,10285946,2026-04-02 12:41:43
Soil_Moisture\DDCA\DDCA_CH\SM\20230812.mat,9398918,2026-04-02 12:41:43
Soil_Moisture\DDCA\DDCA_CH\SM\20230813.mat,9896905,2026-04-02 12:41:43
Soil_Moisture\DDCA\DDCA_CH\SM\20230815.mat,8616861,2026-04-02 12:41:43
Soil_Moisture\DDCA\DDCA_CH\SM\20230816.mat,10057211,2026-04-02 12:41:43
Soil_Moisture\DDCA\DDCA_CH\SM\20230817.mat,9281646,2026-04-02 12:41:43
Soil_Moisture\DDCA\DDCA_CH\SM\20230809.mat,9517999,2026-04-02 12:41:42
Soil_Moisture\DDCA\DDCA_CH\SM\20230731.mat,10349500,2026-04-02 12:41:33
Soil_Moisture\DDCA\DDCA_CH\SM\20230801.mat,9645579,2026-04-02 12:41:32
Soil_Moisture\DDCA\DDCA_CH\SM\20230802.mat,9099876,2026-04-02 12:41:32
Soil_Moisture\DDCA\DDCA_CH\SM\20230729.mat,8818470,2026-04-02 12:41:31
Soil_Moisture\DDCA\DDCA_CH\SM\20230730.mat,9046246,2026-04-02 12:41:31
Soil_Moisture\DDCA\DDCA_CH\SM\20230803.mat,9768762,2026-04-02 12:41:31
Soil_Moisture\DDCA\DDCA_CH\SM\20230804.mat,9487204,2026-04-02 12:41:31
Soil_Moisture\DDCA\DDCA_CH\SM\20230805.mat,9892247,2026-04-02 12:41:31
Soil_Moisture\DDCA\DDCA_CH\SM\20230806.mat,9450657,2026-04-02 12:41:31
Soil_Moisture\DDCA\DDCA_CH\SM\20230807.mat,8837631,2026-04-02 12:41:31
Soil_Moisture\DDCA\DDCA_CH\SM\20230727.mat,8215258,2026-04-02 12:41:22
Soil_Moisture\DDCA\DDCA_CH\SM\20230718.mat,10156798,2026-04-02 12:41:21
Soil_Moisture\DDCA\DDCA_CH\SM\20230726.mat,9670070,2026-04-02 12:41:21
Soil_Moisture\DDCA\DDCA_CH\SM\20230728.mat,9607828,2026-04-02 12:41:21
Soil_Moisture\DDCA\DDCA_CH\SM\20230721.mat,9630325,2026-04-02 12:41:20
Soil_Moisture\DDCA\DDCA_CH\SM\20230723.mat,10261051,2026-04-02 12:41:20
Soil_Moisture\DDCA\DDCA_CH\SM\20230720.mat,9889692,2026-04-02 12:41:19
Soil_Moisture\DDCA\DDCA_CH\SM\20230722.mat,9080700,2026-04-02 12:41:19
Soil_Moisture\DDCA\DDCA_CH\SM\20230724.mat,9623939,2026-04-02 12:41:19
Soil_Moisture\DDCA\DDCA_CH\SM\20230725.mat,7689482,2026-04-02 12:41:19
Soil_Moisture\DDCA\DDCA_CH\SM\20230719.mat,7536620,2026-04-02 12:41:10
Soil_Moisture\DDCA\DDCA_CH\SM\20230713.mat,9764988,2026-04-02 12:41:09
Soil_Moisture\DDCA\DDCA_CH\SM\20230716.mat,8868642,2026-04-02 12:41:09
Soil_Moisture\DDCA\DDCA_CH\SM\20230717.mat,9044044,2026-04-02 12:41:09
Soil_Moisture\DDCA\DDCA_CH\SM\20230710.mat,9253965,2026-04-02 12:41:08
Soil_Moisture\DDCA\DDCA_CH\SM\20230711.mat,9096955,2026-04-02 12:41:06
Soil_Moisture\DDCA\DDCA_CH\SM\20230712.mat,9794326,2026-04-02 12:41:06
Soil_Moisture\DDCA\DDCA_CH\SM\20230714.mat,8880253,2026-04-02 12:41:06
Soil_Moisture\DDCA\DDCA_CH\SM\20230704.mat,9598650,2026-04-02 12:41:05
Soil_Moisture\DDCA\DDCA_CH\SM\20230709.mat,8865099,2026-04-02 12:41:05
Soil_Moisture\DDCA\DDCA_CH\SM\20230715.mat,10074044,2026-04-02 12:41:03
Soil_Moisture\DDCA\DDCA_CH\SM\20230706.mat,8563491,2026-04-02 12:41:01
Soil_Moisture\DDCA\DDCA_CH\SM\20230707.mat,9993064,2026-04-02 12:40:58
Soil_Moisture\DDCA\DDCA_CH\SM\20230702.mat,9697591,2026-04-02 12:40:57
Soil_Moisture\DDCA\DDCA_CH\SM\20230703.mat,8779687,2026-04-02 12:40:57
Soil_Moisture\DDCA\DDCA_CH\SM\20230705.mat,9559492,2026-04-02 12:40:57
Soil_Moisture\DDCA\DDCA_CH\SM\20230708.mat,9206050,2026-04-02 12:40:57
Soil_Moisture\DDCA\DDCA_CH\SM\20230630.mat,8975747,2026-04-02 12:40:56
Soil_Moisture\DDCA\DDCA_CH\SM\20230629.mat,9489148,2026-04-02 12:40:55
Soil_Moisture\DDCA\DDCA_CH\SM\20230701.mat,7740971,2026-04-02 12:40:55
Soil_Moisture\DDCA\DDCA_CH\SM\20230621.mat,9556630,2026-04-02 12:40:48
Soil_Moisture\DDCA\DDCA_CH\SM\20230628.mat,8623883,2026-04-02 12:40:48
Soil_Moisture\DDCA\DDCA_CH\SM\20230627.mat,9316393,2026-04-02 12:40:47
Soil_Moisture\DDCA\DDCA_CH\SM\20230623.mat,8543531,2026-04-02 12:40:46
Soil_Moisture\DDCA\DDCA_CH\SM\20230624.mat,9369620,2026-04-02 12:40:46
Soil_Moisture\DDCA\DDCA_CH\SM\20230626.mat,7875282,2026-04-02 12:40:46
Soil_Moisture\DDCA\DDCA_CH\SM\20230619.mat,8977665,2026-04-02 12:40:45
Soil_Moisture\DDCA\DDCA_CH\SM\20230620.mat,8312437,2026-04-02 12:40:45
Soil_Moisture\DDCA\DDCA_CH\SM\20230622.mat,7510729,2026-04-02 12:40:45
Soil_Moisture\DDCA\DDCA_CH\SM\20230625.mat,8572294,2026-04-02 12:40:45
Soil_Moisture\DDCA\DDCA_CH\SM\20230519.mat,7099512,2026-04-02 12:40:36
Soil_Moisture\DDCA\DDCA_CH\SM\20230613.mat,9263388,2026-04-02 12:40:36
Soil_Moisture\DDCA\DDCA_CH\SM\20230614.mat,8273716,2026-04-02 12:40:36
Soil_Moisture\DDCA\DDCA_CH\SM\20230615.mat,7823819,2026-04-02 12:40:36
Soil_Moisture\DDCA\DDCA_CH\SM\20230616.mat,8611734,2026-04-02 12:40:36
Soil_Moisture\DDCA\DDCA_CH\SM\20230618.mat,9133503,2026-04-02 12:40:36
Soil_Moisture\DDCA\DDCA_CH\SM\20230611.mat,8627295,2026-04-02 12:40:35
Soil_Moisture\DDCA\DDCA_CH\SM\20230612.mat,7517332,2026-04-02 12:40:35
Soil_Moisture\DDCA\DDCA_CH\SM\20230617.mat,7462129,2026-04-02 12:40:35
Soil_Moisture\DDCA\DDCA_CH\SM\20230610.mat,8946516,2026-04-02 12:40:33
Soil_Moisture\DDCA\DDCA_CH\SM\20230602.mat,8496454,2026-04-02 12:40:26
Soil_Moisture\DDCA\DDCA_CH\SM\20230605.mat,8807195,2026-04-02 12:40:26
Soil_Moisture\DDCA\DDCA_CH\SM\20230607.mat,7933538,2026-04-02 12:40:26
Soil_Moisture\DDCA\DDCA_CH\SM\20230603.mat,8177347,2026-04-02 12:40:25
Soil_Moisture\DDCA\DDCA_CH\SM\20230604.mat,7623594,2026-04-02 12:40:25
Soil_Moisture\DDCA\DDCA_CH\SM\20230606.mat,7861682,2026-04-02 12:40:25
Soil_Moisture\DDCA\DDCA_CH\SM\20230609.mat,7846985,2026-04-02 12:40:25
Soil_Moisture\DDCA\DDCA_CH\SM\20230601.mat,7496501,2026-04-02 12:40:24
Soil_Moisture\DDCA\DDCA_CH\SM\20230608.mat,8029744,2026-04-02 12:40:24
Soil_Moisture\DDCA\DDCA_CH\SM\20230528.mat,8423118,2026-04-02 12:40:17
Soil_Moisture\DDCA\DDCA_CH\SM\20230531.mat,7876497,2026-04-02 12:40:17
Soil_Moisture\DDCA\DDCA_CH\SM\20230523.mat,7901272,2026-04-02 12:40:16
Soil_Moisture\DDCA\DDCA_CH\SM\20230524.mat,7310614,2026-04-02 12:40:16
Soil_Moisture\DDCA\DDCA_CH\SM\20230526.mat,6861743,2026-04-02 12:40:16
Soil_Moisture\DDCA\DDCA_CH\SM\20230527.mat,7305928,2026-04-02 12:40:16
Soil_Moisture\DDCA\DDCA_CH\SM\20230530.mat,7632811,2026-04-02 12:40:16
Soil_Moisture\DDCA\DDCA_CH\SM\20230525.mat,7447289,2026-04-02 12:40:15
Soil_Moisture\DDCA\DDCA_CH\SM\20230529.mat,6546566,2026-04-02 12:40:15
Soil_Moisture\DDCA\DDCA_CH\SM\20230520.mat,8101951,2026-04-02 12:40:12
Soil_Moisture\DDCA\DDCA_CH\SM\20230515.mat,7620435,2026-04-02 12:40:08
Soil_Moisture\DDCA\DDCA_CH\SM\20230517.mat,7864132,2026-04-02 12:40:08
Soil_Moisture\DDCA\DDCA_CH\SM\20230518.mat,7572614,2026-04-02 12:40:08
Soil_Moisture\DDCA\DDCA_CH\SM\20230521.mat,7298968,2026-04-02 12:40:08
Soil_Moisture\DDCA\DDCA_CH\SM\20230513.mat,6971270,2026-04-02 12:40:07
Soil_Moisture\DDCA\DDCA_CH\SM\20230514.mat,6323619,2026-04-02 12:40:07
Soil_Moisture\DDCA\DDCA_CH\SM\20230516.mat,6923880,2026-04-02 12:40:07
Soil_Moisture\DDCA\DDCA_CH\SM\20230522.mat,6952644,2026-04-02 12:40:07
Soil_Moisture\DDCA\DDCA_CH\SM\20230504.mat,7494425,2026-04-02 12:40:01
Soil_Moisture\DDCA\DDCA_CH\SM\20230507.mat,7302259,2026-04-02 12:40:01
Soil_Moisture\DDCA\DDCA_CH\SM\20230508.mat,6700954,2026-04-02 12:40:01
Soil_Moisture\DDCA\DDCA_CH\SM\20230509.mat,7627457,2026-04-02 12:40:01
Soil_Moisture\DDCA\DDCA_CH\SM\20230511.mat,6792850,2026-04-02 12:40:01
Soil_Moisture\DDCA\DDCA_CH\SM\20230512.mat,7795903,2026-04-02 12:40:01
Soil_Moisture\DDCA\DDCA_CH\SM\20230505.mat,6687165,2026-04-02 12:40:00
Soil_Moisture\DDCA\DDCA_CH\SM\20230506.mat,5864862,2026-04-02 12:40:00
Soil_Moisture\DDCA\DDCA_CH\SM\20230510.mat,7271714,2026-04-02 12:40:00
Soil_Moisture\DDCA\DDCA_CH\SM\20230503.mat,6575968,2026-04-02 12:39:58
Soil_Moisture\DDCA\DDCA_CH\SM\20230424.mat,6713733,2026-04-02 12:39:52
Soil_Moisture\DDCA\DDCA_CH\SM\20230428.mat,6656309,2026-04-02 12:39:52
Soil_Moisture\DDCA\DDCA_CH\SM\20230429.mat,7040494,2026-04-02 12:39:52
Soil_Moisture\DDCA\DDCA_CH\SM\20230501.mat,5916851,2026-04-02 12:39:52
Soil_Moisture\DDCA\DDCA_CH\SM\20230502.mat,6608566,2026-04-02 12:39:52
Soil_Moisture\DDCA\DDCA_CH\SM\20230423.mat,7146934,2026-04-02 12:39:51
Soil_Moisture\DDCA\DDCA_CH\SM\20230425.mat,6376692,2026-04-02 12:39:51
Soil_Moisture\DDCA\DDCA_CH\SM\20230426.mat,7236988,2026-04-02 12:39:51
Soil_Moisture\DDCA\DDCA_CH\SM\20230427.mat,6470849,2026-04-02 12:39:51
Soil_Moisture\DDCA\DDCA_CH\SM\20230430.mat,6486514,2026-04-02 12:39:51
Soil_Moisture\DDCA\DDCA_CH\SM\20230422.mat,6167863,2026-04-02 12:39:46
Soil_Moisture\DDCA\DDCA_CH\SM\20230421.mat,6733377,2026-04-02 12:39:45
Soil_Moisture\DDCA\DDCA_CH\SM\20230420.mat,5957987,2026-04-02 12:39:44
Soil_Moisture\DDCA\DDCA_CH\SM\20230410.mat,6373789,2026-04-02 12:39:43
Soil_Moisture\DDCA\DDCA_CH\SM\20230415.mat,6801048,2026-04-02 12:39:43
Soil_Moisture\DDCA\DDCA_CH\SM\20230418.mat,6938929,2026-04-02 12:39:43
Soil_Moisture\DDCA\DDCA_CH\SM\20230419.mat,6114474,2026-04-02 12:39:43
Soil_Moisture\DDCA\DDCA_CH\SM\20230413.mat,6564565,2026-04-02 12:39:42
Soil_Moisture\DDCA\DDCA_CH\SM\20230414.mat,6015710,2026-04-02 12:39:42
Soil_Moisture\DDCA\DDCA_CH\SM\20230417.mat,5990409,2026-04-02 12:39:42
Soil_Moisture\DDCA\DDCA_CH\SM\20230412.mat,5808676,2026-04-02 12:39:41
Soil_Moisture\DDCA\DDCA_CH\SM\20230411.mat,5966560,2026-04-02 12:39:40
Soil_Moisture\DDCA\DDCA_CH\SM\20230416.mat,6359170,2026-04-02 12:39:39
Soil_Moisture\DDCA\DDCA_CH\SM\20230401.mat,5688686,2026-04-02 12:39:35
Soil_Moisture\DDCA\DDCA_CH\SM\20230407.mat,6613946,2026-04-02 12:39:35
Soil_Moisture\DDCA\DDCA_CH\SM\20230408.mat,4555352,2026-04-02 12:39:35
Soil_Moisture\DDCA\DDCA_CH\SM\20230409.mat,5523043,2026-04-02 12:39:35
Soil_Moisture\DDCA\DDCA_CH\SM\20230403.mat,5717682,2026-04-02 12:39:34
Soil_Moisture\DDCA\DDCA_CH\SM\20230404.mat,5935844,2026-04-02 12:39:34
Soil_Moisture\DDCA\DDCA_CH\SM\20230405.mat,6248109,2026-04-02 12:39:34
Soil_Moisture\DDCA\DDCA_CH\SM\20230406.mat,5771744,2026-04-02 12:39:34
Soil_Moisture\DDCA\DDCA_CH\SM\20230402.mat,6164771,2026-04-02 12:39:33
Soil_Moisture\DDCA\DDCA_CH\SM\20230331.mat,5932699,2026-04-02 12:39:32
Soil_Moisture\DDCA\DDCA_CH\SM\20230330.mat,5898268,2026-04-02 12:39:30
Soil_Moisture\DDCA\DDCA_CH\SM\20230323.mat,5450361,2026-04-02 12:39:27
Soil_Moisture\DDCA\DDCA_CH\SM\20230326.mat,5308020,2026-04-02 12:39:27
Soil_Moisture\DDCA\DDCA_CH\SM\20230327.mat,5787563,2026-04-02 12:39:27
Soil_Moisture\DDCA\DDCA_CH\SM\20230328.mat,6071958,2026-04-02 12:39:27
Soil_Moisture\DDCA\DDCA_CH\SM\20230329.mat,5637778,2026-04-02 12:39:27
Soil_Moisture\DDCA\DDCA_CH\SM\20230321.mat,5477997,2026-04-02 12:39:26
Soil_Moisture\DDCA\DDCA_CH\SM\20230322.mat,6203971,2026-04-02 12:39:26
Soil_Moisture\DDCA\DDCA_CH\SM\20230325.mat,5846838,2026-04-02 12:39:26
Soil_Moisture\DDCA\DDCA_CH\SM\20230320.mat,5924465,2026-04-02 12:39:25
Soil_Moisture\DDCA\DDCA_CH\SM\20230324.mat,5563841,2026-04-02 12:39:25
Soil_Moisture\DDCA\DDCA_CH\SM\20230319.mat,5600117,2026-04-02 12:39:22
Soil_Moisture\DDCA\DDCA_CH\SM\20230318.mat,5162633,2026-04-02 12:39:20
Soil_Moisture\DDCA\DDCA_CH\SM\20230316.mat,5437754,2026-04-02 12:39:19
Soil_Moisture\DDCA\DDCA_CH\SM\20230317.mat,6077344,2026-04-02 12:39:19
Soil_Moisture\DDCA\DDCA_CH\SM\20230311.mat,5522837,2026-04-02 12:39:18
Soil_Moisture\DDCA\DDCA_CH\SM\20230312.mat,5780101,2026-04-02 12:39:18
Soil_Moisture\DDCA\DDCA_CH\SM\20230313.mat,5348994,2026-04-02 12:39:18
Soil_Moisture\DDCA\DDCA_CH\SM\20230314.mat,5938013,2026-04-02 12:39:18
Soil_Moisture\DDCA\DDCA_CH\SM\20230315.mat,5633772,2026-04-02 12:39:18
Soil_Moisture\DDCA\DDCA_CH\SM\20230309.mat,4976432,2026-04-02 12:39:17
Soil_Moisture\DDCA\DDCA_CH\SM\20230310.mat,4758144,2026-04-02 12:39:17
Soil_Moisture\DDCA\DDCA_CH\SM\20230306.mat,5583558,2026-04-02 12:39:15
Soil_Moisture\DDCA\DDCA_CH\SM\20230226.mat,4680026,2026-04-02 12:39:13
Soil_Moisture\DDCA\DDCA_CH\SM\20230302.mat,4831571,2026-04-02 12:39:13
Soil_Moisture\DDCA\DDCA_CH\SM\20230303.mat,5494980,2026-04-02 12:39:13
Soil_Moisture\DDCA\DDCA_CH\SM\20230307.mat,5476709,2026-04-02 12:39:13
Soil_Moisture\DDCA\DDCA_CH\SM\20230221.mat,5003627,2026-04-02 12:39:12
Soil_Moisture\DDCA\DDCA_CH\SM\20230304.mat,5660151,2026-04-02 12:39:12
Soil_Moisture\DDCA\DDCA_CH\SM\20230308.mat,5309723,2026-04-02 12:39:12
Soil_Moisture\DDCA\DDCA_CH\SM\20230305.mat,4145420,2026-04-02 12:39:11
Soil_Moisture\DDCA\DDCA_CH\SM\20230228.mat,5224186,2026-04-02 12:39:10
Soil_Moisture\DDCA\DDCA_CH\SM\20230301.mat,4748748,2026-04-02 12:39:09
Soil_Moisture\DDCA\DDCA_CH\SM\20230224.mat,4937351,2026-04-02 12:39:08
Soil_Moisture\DDCA\DDCA_CH\SM\20230225.mat,4566696,2026-04-02 12:39:08
Soil_Moisture\DDCA\DDCA_CH\SM\20230219.mat,5125499,2026-04-02 12:39:07
Soil_Moisture\DDCA\DDCA_CH\SM\20230223.mat,4894949,2026-04-02 12:39:07
Soil_Moisture\DDCA\DDCA_CH\SM\20230222.mat,4928805,2026-04-02 12:39:06
Soil_Moisture\DDCA\DDCA_CH\SM\20230227.mat,3542763,2026-04-02 12:39:06
Soil_Moisture\DDCA\DDCA_CH\SM\20230214.mat,4775449,2026-04-02 12:39:02
Soil_Moisture\DDCA\DDCA_CH\SM\20230220.mat,4612710,2026-04-02 12:39:02
Soil_Moisture\DDCA\DDCA_CH\SM\20230207.mat,4846213,2026-04-02 12:39:01
Soil_Moisture\DDCA\DDCA_CH\SM\20230210.mat,5522859,2026-04-02 12:39:01
Soil_Moisture\DDCA\DDCA_CH\SM\20230216.mat,5297891,2026-04-02 12:39:01
Soil_Moisture\DDCA\DDCA_CH\SM\20230217.mat,4878294,2026-04-02 12:39:01
Soil_Moisture\DDCA\DDCA_CH\SM\20230218.mat,5755033,2026-04-02 12:39:01
Soil_Moisture\DDCA\DDCA_CH\SM\20230211.mat,4797348,2026-04-02 12:39:00
Soil_Moisture\DDCA\DDCA_CH\SM\20230213.mat,5585283,2026-04-02 12:39:00
Soil_Moisture\DDCA\DDCA_CH\SM\20230215.mat,5114635,2026-04-02 12:39:00
Soil_Moisture\DDCA\DDCA_CH\SM\20230212.mat,4710483,2026-04-02 12:38:58
Soil_Moisture\DDCA\DDCA_CH\SM\20230206.mat,4544019,2026-04-02 12:38:57
Soil_Moisture\DDCA\DDCA_CH\SM\20230208.mat,4869228,2026-04-02 12:38:57
Soil_Moisture\DDCA\DDCA_CH\SM\20230209.mat,4636045,2026-04-02 12:38:56
Soil_Moisture\DDCA\DDCA_CH\SM\20230205.mat,5122000,2026-04-02 12:38:54
Soil_Moisture\DDCA\DDCA_CH\SM\20230130.mat,4851275,2026-04-02 12:38:52
Soil_Moisture\DDCA\DDCA_CH\SM\20230131.mat,5050857,2026-04-02 12:38:52
Soil_Moisture\DDCA\DDCA_CH\SM\20230202.mat,4787585,2026-04-02 12:38:52
Soil_Moisture\DDCA\DDCA_CH\SM\20230204.mat,4107419,2026-04-02 12:38:51
Soil_Moisture\DDCA\DDCA_CH\SM\20230128.mat,5085960,2026-04-02 12:38:50
Soil_Moisture\DDCA\DDCA_CH\SM\20230123.mat,5150557,2026-04-02 12:38:49
Soil_Moisture\DDCA\DDCA_CH\SM\20230203.mat,4701554,2026-04-02 12:38:49
Soil_Moisture\DDCA\DDCA_CH\SM\20230119.mat,4646941,2026-04-02 12:38:48
Soil_Moisture\DDCA\DDCA_CH\SM\20230124.mat,4392662,2026-04-02 12:38:48
Soil_Moisture\DDCA\DDCA_CH\SM\20230126.mat,4738752,2026-04-02 12:38:46
Soil_Moisture\DDCA\DDCA_CH\SM\20230125.mat,5237474,2026-04-02 12:38:45
Soil_Moisture\DDCA\DDCA_CH\SM\20230121.mat,4642046,2026-04-02 12:38:44
Soil_Moisture\DDCA\DDCA_CH\SM\20230201.mat,4194302,2026-04-02 12:38:44
Soil_Moisture\DDCA\DDCA_CH\SM\20230129.mat,4560645,2026-04-02 12:38:41
Soil_Moisture\DDCA\DDCA_CH\SM\20230120.mat,5423808,2026-04-02 12:38:40
Soil_Moisture\DDCA\DDCA_CH\SM\20230127.mat,4578482,2026-04-02 12:38:38
Soil_Moisture\DDCA\DDCA_CH\SM\20230118.mat,4817230,2026-04-02 12:38:36
Soil_Moisture\DDCA\DDCA_CH\SM\20230122.mat,4958712,2026-04-02 12:38:36
Soil_Moisture\DDCA\DDCA_CH\SM\20230104.mat,5683726,2026-04-02 12:38:33
Soil_Moisture\DDCA\DDCA_CH\SM\20230107.mat,5043483,2026-04-02 12:38:33
Soil_Moisture\DDCA\DDCA_CH\SM\20230110.mat,4958410,2026-04-02 12:38:33
Soil_Moisture\DDCA\DDCA_CH\SM\20230115.mat,5282816,2026-04-02 12:38:33
Soil_Moisture\DDCA\DDCA_CH\SM\20230105.mat,4706626,2026-04-02 12:38:32
Soil_Moisture\DDCA\DDCA_CH\SM\20230109.mat,5505567,2026-04-02 12:38:32
Soil_Moisture\DDCA\DDCA_CH\SM\20230114.mat,4664957,2026-04-02 12:38:32
Soil_Moisture\DDCA\DDCA_CH\SM\20230116.mat,4665456,2026-04-02 12:38:32
Soil_Moisture\DDCA\DDCA_CH\SM\20230117.mat,3355675,2026-04-02 12:38:32
Soil_Moisture\DDCA\DDCA_CH\SM\20230101.mat,5695966,2026-04-02 12:38:29
Soil_Moisture\DDCA\DDCA_CH\SM\20230113.mat,4738826,2026-04-02 12:38:29
Soil_Moisture\DDCA\DDCA_CH\SM\20230102.mat,4781985,2026-04-02 12:38:28
Soil_Moisture\DDCA\DDCA_CH\SM\20221227.mat,5134621,2026-04-02 12:38:27
Soil_Moisture\DDCA\DDCA_CH\SM\20230112.mat,5565565,2026-04-02 12:38:27
Soil_Moisture\DDCA\DDCA_CH\SM\20230103.mat,4119403,2026-04-02 12:38:24
Soil_Moisture\DDCA\DDCA_CH\SM\20230111.mat,4745221,2026-04-02 12:38:23
Soil_Moisture\DDCA\DDCA_CH\SM\20221230.mat,664218,2026-04-02 12:38:18
Soil_Moisture\DDCA\DDCA_CH\SM\20230106.mat,4727206,2026-04-02 12:38:18
Soil_Moisture\DDCA\DDCA_CH\SM\20230108.mat,4801244,2026-04-02 12:38:18
Soil_Moisture\DDCA\DDCA_CH\SM\20221231.mat,664218,2026-04-02 12:38:14
Soil_Moisture\DDCA\DDCA_CH\SM\20221207.mat,4363780,2026-04-02 12:38:13
Soil_Moisture\DDCA\DDCA_CH\SM\20221220.mat,3891555,2026-04-02 12:38:13
Soil_Moisture\DDCA\DDCA_CH\SM\20221223.mat,4386281,2026-04-02 12:38:13
Soil_Moisture\DDCA\DDCA_CH\SM\20221225.mat,4451319,2026-04-02 12:38:13
Soil_Moisture\DDCA\DDCA_CH\SM\20221226.mat,4215380,2026-04-02 12:38:13
Soil_Moisture\DDCA\DDCA_CH\SM\20221228.mat,664218,2026-04-02 12:38:13
Soil_Moisture\DDCA\DDCA_CH\SM\20221229.mat,664218,2026-04-02 12:38:13
Soil_Moisture\DDCA\DDCA_CH\SM\20221210.mat,4276359,2026-04-02 12:38:12
Soil_Moisture\DDCA\DDCA_CH\SM\20221218.mat,3493554,2026-04-02 12:38:12
Soil_Moisture\DDCA\DDCA_CH\SM\20221219.mat,5362276,2026-04-02 12:38:12
Soil_Moisture\DDCA\DDCA_CH\SM\20221221.mat,3947042,2026-04-02 12:38:12
Soil_Moisture\DDCA\DDCA_CH\SM\20221213.mat,4723408,2026-04-02 12:38:11
Soil_Moisture\DDCA\DDCA_CH\SM\20221214.mat,4015666,2026-04-02 12:38:09
Soil_Moisture\DDCA\DDCA_CH\SM\20221215.mat,3947269,2026-04-02 12:38:09
Soil_Moisture\DDCA\DDCA_CH\SM\20221224.mat,5154247,2026-04-02 12:38:09
Soil_Moisture\DDCA\DDCA_CH\SM\20221212.mat,4097530,2026-04-02 12:38:06
Soil_Moisture\DDCA\DDCA_CH\SM\20221222.mat,5073212,2026-04-02 12:38:06
Soil_Moisture\DDCA\DDCA_CH\SM\20221217.mat,4252677,2026-04-02 12:38:05
Soil_Moisture\DDCA\DDCA_CH\SM\20221208.mat,4997448,2026-04-02 12:38:02
Soil_Moisture\DDCA\DDCA_CH\SM\20221216.mat,5073941,2026-04-02 12:38:01
Soil_Moisture\DDCA\DDCA_CH\SM\20221107.mat,5153681,2026-04-02 12:37:58
Soil_Moisture\DDCA\DDCA_CH\SM\20221125.mat,4894313,2026-04-02 12:37:58
Soil_Moisture\DDCA\DDCA_CH\SM\20221203.mat,4546997,2026-04-02 12:37:58
Soil_Moisture\DDCA\DDCA_CH\SM\20221209.mat,4334666,2026-04-02 12:37:58
Soil_Moisture\DDCA\DDCA_CH\SM\20221211.mat,5247195,2026-04-02 12:37:56
Soil_Moisture\DDCA\DDCA_CH\SM\20221129.mat,4217619,2026-04-02 12:37:52
Soil_Moisture\DDCA\DDCA_CH\SM\20221130.mat,4879799,2026-04-02 12:37:52
Soil_Moisture\DDCA\DDCA_CH\SM\20221205.mat,4658435,2026-04-02 12:37:52
Soil_Moisture\DDCA\DDCA_CH\SM\20221206.mat,4897363,2026-04-02 12:37:52
Soil_Moisture\DDCA\DDCA_CH\SM\20221204.mat,4249151,2026-04-02 12:37:51
Soil_Moisture\DDCA\DDCA_CH\SM\20221126.mat,4154246,2026-04-02 12:37:49
Soil_Moisture\DDCA\DDCA_CH\SM\20221201.mat,4418914,2026-04-02 12:37:49
Soil_Moisture\DDCA\DDCA_CH\SM\20221202.mat,3602734,2026-04-02 12:37:49
Soil_Moisture\DDCA\DDCA_CH\SM\20221121.mat,4200158,2026-04-02 12:37:48
Soil_Moisture\DDCA\DDCA_CH\SM\20221124.mat,4167485,2026-04-02 12:37:47
Soil_Moisture\DDCA\DDCA_CH\SM\20221127.mat,4562881,2026-04-02 12:37:47
Soil_Moisture\DDCA\DDCA_CH\SM\20221128.mat,4788200,2026-04-02 12:37:47
Soil_Moisture\DDCA\DDCA_CH\SM\20221120.mat,4829135,2026-04-02 12:37:46
Soil_Moisture\DDCA\DDCA_CH\SM\20221122.mat,4257132,2026-04-02 12:37:46
Soil_Moisture\DDCA\DDCA_CH\SM\20221123.mat,4445134,2026-04-02 12:37:45
Soil_Moisture\DDCA\DDCA_CH\SM\20221111.mat,5106042,2026-04-02 12:37:44
Soil_Moisture\DDCA\DDCA_CH\SM\20221116.mat,2921563,2026-04-02 12:37:44
Soil_Moisture\DDCA\DDCA_CH\SM\20221109.mat,6070748,2026-04-02 12:37:42
Soil_Moisture\DDCA\DDCA_CH\SM\20221115.mat,5121414,2026-04-02 12:37:42
Soil_Moisture\DDCA\DDCA_CH\SM\20221118.mat,1044530,2026-04-02 12:37:42
Soil_Moisture\DDCA\DDCA_CH\SM\20221108.mat,4611685,2026-04-02 12:37:41
Soil_Moisture\DDCA\DDCA_CH\SM\20221110.mat,4874427,2026-04-02 12:37:41
Soil_Moisture\DDCA\DDCA_CH\SM\20221113.mat,4088114,2026-04-02 12:37:41
Soil_Moisture\DDCA\DDCA_CH\SM\20221119.mat,3441928,2026-04-02 12:37:41
Soil_Moisture\DDCA\DDCA_CH\SM\20221112.mat,5475944,2026-04-02 12:37:39
Soil_Moisture\DDCA\DDCA_CH\SM\20221114.mat,5020595,2026-04-02 12:37:38
Soil_Moisture\DDCA\DDCA_CH\SM\20221030.mat,5670698,2026-04-02 12:37:35
Soil_Moisture\DDCA\DDCA_CH\SM\20221103.mat,5307306,2026-04-02 12:37:35
Soil_Moisture\DDCA\DDCA_CH\SM\20221104.mat,5765355,2026-04-02 12:37:35
Soil_Moisture\DDCA\DDCA_CH\SM\20221105.mat,5163124,2026-04-02 12:37:35
Soil_Moisture\DDCA\DDCA_CH\SM\20221106.mat,5635906,2026-04-02 12:37:35
Soil_Moisture\DDCA\DDCA_CH\SM\20221028.mat,5383960,2026-04-02 12:37:34
Soil_Moisture\DDCA\DDCA_CH\SM\20221029.mat,5258993,2026-04-02 12:37:34
Soil_Moisture\DDCA\DDCA_CH\SM\20221031.mat,5259785,2026-04-02 12:37:34
Soil_Moisture\DDCA\DDCA_CH\SM\20221101.mat,5965697,2026-04-02 12:37:34
Soil_Moisture\DDCA\DDCA_CH\SM\20221102.mat,5187855,2026-04-02 12:37:34
Soil_Moisture\DDCA\DDCA_CH\SM\20221018.mat,5739022,2026-04-02 12:37:28
Soil_Moisture\DDCA\DDCA_CH\SM\20221025.mat,5381903,2026-04-02 12:37:28
Soil_Moisture\DDCA\DDCA_CH\SM\20221026.mat,5616376,2026-04-02 12:37:28
Soil_Moisture\DDCA\DDCA_CH\SM\20221027.mat,6085737,2026-04-02 12:37:28
Soil_Moisture\DDCA\DDCA_CH\SM\20221019.mat,6245130,2026-04-02 12:37:27
Soil_Moisture\DDCA\DDCA_CH\SM\20221020.mat,5138151,2026-04-02 12:37:27
Soil_Moisture\DDCA\DDCA_CH\SM\20221021.mat,6054806,2026-04-02 12:37:27
Soil_Moisture\DDCA\DDCA_CH\SM\20221022.mat,4532229,2026-04-02 12:37:27
Soil_Moisture\DDCA\DDCA_CH\SM\20221023.mat,5358440,2026-04-02 12:37:27
Soil_Moisture\DDCA\DDCA_CH\SM\20221024.mat,6559476,2026-04-02 12:37:27
Soil_Moisture\DDCA\DDCA_CH\SM\20221017.mat,5500488,2026-04-02 12:37:22
Soil_Moisture\DDCA\DDCA_CH\SM\20221008.mat,6782017,2026-04-02 12:37:21
Soil_Moisture\DDCA\DDCA_CH\SM\20221009.mat,4924326,2026-04-02 12:37:21
Soil_Moisture\DDCA\DDCA_CH\SM\20221012.mat,5236573,2026-04-02 12:37:21
Soil_Moisture\DDCA\DDCA_CH\SM\20221015.mat,5375307,2026-04-02 12:37:21
Soil_Moisture\DDCA\DDCA_CH\SM\20221016.mat,5092001,2026-04-02 12:37:21
Soil_Moisture\DDCA\DDCA_CH\SM\20221010.mat,5744861,2026-04-02 12:37:20
Soil_Moisture\DDCA\DDCA_CH\SM\20221013.mat,5158632,2026-04-02 12:37:20
Soil_Moisture\DDCA\DDCA_CH\SM\20221014.mat,5912880,2026-04-02 12:37:20
Soil_Moisture\DDCA\DDCA_CH\SM\20221007.mat,5582456,2026-04-02 12:37:19
Soil_Moisture\DDCA\DDCA_CH\SM\20221005.mat,6298619,2026-04-02 12:37:17
Soil_Moisture\DDCA\DDCA_CH\SM\20221006.mat,6005754,2026-04-02 12:37:17
Soil_Moisture\DDCA\DDCA_CH\SM\20221011.mat,6343473,2026-04-02 12:37:16
Soil_Moisture\DDCA\DDCA_CH\SM\20220930.mat,6593901,2026-04-02 12:37:13
Soil_Moisture\DDCA\DDCA_CH\SM\20221001.mat,5659994,2026-04-02 12:37:13
Soil_Moisture\DDCA\DDCA_CH\SM\20221003.mat,6411757,2026-04-02 12:37:13
Soil_Moisture\DDCA\DDCA_CH\SM\20221004.mat,5261340,2026-04-02 12:37:13
Soil_Moisture\DDCA\DDCA_CH\SM\20220925.mat,6485648,2026-04-02 12:37:12
Soil_Moisture\DDCA\DDCA_CH\SM\20220926.mat,6112376,2026-04-02 12:37:12
Soil_Moisture\DDCA\DDCA_CH\SM\20220928.mat,5276814,2026-04-02 12:37:12
Soil_Moisture\DDCA\DDCA_CH\SM\20220929.mat,5981998,2026-04-02 12:37:12
Soil_Moisture\DDCA\DDCA_CH\SM\20220927.mat,1656692,2026-04-02 12:37:10
Soil_Moisture\DDCA\DDCA_CH\SM\20221002.mat,5984413,2026-04-02 12:37:10
Soil_Moisture\DDCA\DDCA_CH\SM\20220805.mat,8004963,2026-04-02 12:37:08
Soil_Moisture\DDCA\DDCA_CH\SM\20220731.mat,9890134,2026-04-02 12:37:07
Soil_Moisture\DDCA\DDCA_CH\SM\20220729.mat,8938101,2026-04-02 12:37:06
Soil_Moisture\DDCA\DDCA_CH\SM\20220803.mat,9547509,2026-04-02 12:37:06
Soil_Moisture\DDCA\DDCA_CH\SM\20220804.mat,9391133,2026-04-02 12:37:06
Soil_Moisture\DDCA\DDCA_CH\SM\20220801.mat,9180721,2026-04-02 12:37:05
Soil_Moisture\DDCA\DDCA_CH\SM\20220802.mat,10418066,2026-04-02 12:37:05
Soil_Moisture\DDCA\DDCA_CH\SM\20220924.mat,5532698,2026-04-02 12:37:05
Soil_Moisture\DDCA\DDCA_CH\SM\20220730.mat,9829355,2026-04-02 12:37:04
Soil_Moisture\DDCA\DDCA_CH\SM\20220923.mat,5634397,2026-04-02 12:37:04
Soil_Moisture\DDCA\DDCA_CH\SM\20220806.mat,1228519,2026-04-02 12:37:01
Soil_Moisture\DDCA\DDCA_CH\SM\20220721.mat,9667179,2026-04-02 12:36:55
Soil_Moisture\DDCA\DDCA_CH\SM\20220722.mat,9557950,2026-04-02 12:36:55
Soil_Moisture\DDCA\DDCA_CH\SM\20220725.mat,10565217,2026-04-02 12:36:55
Soil_Moisture\DDCA\DDCA_CH\SM\20220726.mat,9651829,2026-04-02 12:36:55
Soil_Moisture\DDCA\DDCA_CH\SM\20220727.mat,9546224,2026-04-02 12:36:55
Soil_Moisture\DDCA\DDCA_CH\SM\20220728.mat,9979559,2026-04-02 12:36:55
Soil_Moisture\DDCA\DDCA_CH\SM\20220718.mat,9589262,2026-04-02 12:36:54
Soil_Moisture\DDCA\DDCA_CH\SM\20220719.mat,9355019,2026-04-02 12:36:54
Soil_Moisture\DDCA\DDCA_CH\SM\20220723.mat,10050321,2026-04-02 12:36:54
Soil_Moisture\DDCA\DDCA_CH\SM\20220724.mat,9287727,2026-04-02 12:36:54
Soil_Moisture\DDCA\DDCA_CH\SM\20220720.mat,10043371,2026-04-02 12:36:49
Soil_Moisture\DDCA\DDCA_CH\SM\20220708.mat,8735402,2026-04-02 12:36:46
Soil_Moisture\DDCA\DDCA_CH\SM\20220712.mat,10604656,2026-04-02 12:36:46
Soil_Moisture\DDCA\DDCA_CH\SM\20220715.mat,9941642,2026-04-02 12:36:43
Soil_Moisture\DDCA\DDCA_CH\SM\20220717.mat,9886620,2026-04-02 12:36:43
Soil_Moisture\DDCA\DDCA_CH\SM\20220711.mat,9068677,2026-04-02 12:36:42
Soil_Moisture\DDCA\DDCA_CH\SM\20220713.mat,9552227,2026-04-02 12:36:42
Soil_Moisture\DDCA\DDCA_CH\SM\20220714.mat,9761098,2026-04-02 12:36:42
Soil_Moisture\DDCA\DDCA_CH\SM\20220716.mat,9028022,2026-04-02 12:36:42
Soil_Moisture\DDCA\DDCA_CH\SM\20220709.mat,9749181,2026-04-02 12:36:41
Soil_Moisture\DDCA\DDCA_CH\SM\20220710.mat,8833067,2026-04-02 12:36:41
Soil_Moisture\DDCA\DDCA_CH\SM\20220628.mat,9222900,2026-04-02 12:36:31
Soil_Moisture\DDCA\DDCA_CH\SM\20220630.mat,8567586,2026-04-02 12:36:31
Soil_Moisture\DDCA\DDCA_CH\SM\20220701.mat,9912103,2026-04-02 12:36:31
Soil_Moisture\DDCA\DDCA_CH\SM\20220703.mat,8779895,2026-04-02 12:36:31
Soil_Moisture\DDCA\DDCA_CH\SM\20220706.mat,9445537,2026-04-02 12:36:31
Soil_Moisture\DDCA\DDCA_CH\SM\20220629.mat,8745306,2026-04-02 12:36:30
Soil_Moisture\DDCA\DDCA_CH\SM\20220702.mat,9029448,2026-04-02 12:36:30
Soil_Moisture\DDCA\DDCA_CH\SM\20220704.mat,10216069,2026-04-02 12:36:30
Soil_Moisture\DDCA\DDCA_CH\SM\20220705.mat,9221263,2026-04-02 12:36:30
Soil_Moisture\DDCA\DDCA_CH\SM\20220707.mat,9694194,2026-04-02 12:36:30
Soil_Moisture\DDCA\DDCA_CH\SM\20220623.mat,9485119,2026-04-02 12:36:21
Soil_Moisture\DDCA\DDCA_CH\SM\20220625.mat,8412432,2026-04-02 12:36:21
Soil_Moisture\DDCA\DDCA_CH\SM\20220619.mat,8551629,2026-04-02 12:36:20
Soil_Moisture\DDCA\DDCA_CH\SM\20220621.mat,8371140,2026-04-02 12:36:20
Soil_Moisture\DDCA\DDCA_CH\SM\20220622.mat,8128554,2026-04-02 12:36:20
Soil_Moisture\DDCA\DDCA_CH\SM\20220626.mat,10159926,2026-04-02 12:36:20
Soil_Moisture\DDCA\DDCA_CH\SM\20220618.mat,8618418,2026-04-02 12:36:19
Soil_Moisture\DDCA\DDCA_CH\SM\20220624.mat,8577032,2026-04-02 12:36:19
Soil_Moisture\DDCA\DDCA_CH\SM\20220627.mat,6861261,2026-04-02 12:36:19
Soil_Moisture\DDCA\DDCA_CH\SM\20220620.mat,7149629,2026-04-02 12:36:18
Soil_Moisture\DDCA\DDCA_CH\SM\20220615.mat,8912704,2026-04-02 12:36:15
Soil_Moisture\DDCA\DDCA_CH\SM\20220612.mat,8347830,2026-04-02 12:36:13
Soil_Moisture\DDCA\DDCA_CH\SM\20220610.mat,8932545,2026-04-02 12:36:12
Soil_Moisture\DDCA\DDCA_CH\SM\20220616.mat,7687525,2026-04-02 12:36:10
Soil_Moisture\DDCA\DDCA_CH\SM\20220617.mat,7354082,2026-04-02 12:36:10
Soil_Moisture\DDCA\DDCA_CH\SM\20220608.mat,7499971,2026-04-02 12:36:09
Soil_Moisture\DDCA\DDCA_CH\SM\20220609.mat,7495372,2026-04-02 12:36:09
Soil_Moisture\DDCA\DDCA_CH\SM\20220613.mat,7349278,2026-04-02 12:36:09
Soil_Moisture\DDCA\DDCA_CH\SM\20220614.mat,7710756,2026-04-02 12:36:09
Soil_Moisture\DDCA\DDCA_CH\SM\20220611.mat,5726948,2026-04-02 12:36:08
Soil_Moisture\DDCA\DDCA_CH\SM\20220607.mat,8364528,2026-04-02 12:36:04
Soil_Moisture\DDCA\DDCA_CH\SM\20220602.mat,8242936,2026-04-02 12:36:03
Soil_Moisture\DDCA\DDCA_CH\SM\20220530.mat,8011638,2026-04-02 12:36:02
Soil_Moisture\DDCA\DDCA_CH\SM\20220603.mat,6629755,2026-04-02 12:36:01
Soil_Moisture\DDCA\DDCA_CH\SM\20220529.mat,6894890,2026-04-02 12:36:00
Soil_Moisture\DDCA\DDCA_CH\SM\20220531.mat,7149683,2026-04-02 12:36:00
Soil_Moisture\DDCA\DDCA_CH\SM\20220601.mat,7173180,2026-04-02 12:36:00
Soil_Moisture\DDCA\DDCA_CH\SM\20220604.mat,5104881,2026-04-02 12:36:00
Soil_Moisture\DDCA\DDCA_CH\SM\20220605.mat,6958661,2026-04-02 12:36:00
Soil_Moisture\DDCA\DDCA_CH\SM\20220606.mat,7207317,2026-04-02 12:36:00
Soil_Moisture\DDCA\DDCA_CH\SM\20220525.mat,8043340,2026-04-02 12:35:54
Soil_Moisture\DDCA\DDCA_CH\SM\20220522.mat,7642647,2026-04-02 12:35:52
Soil_Moisture\DDCA\DDCA_CH\SM\20220523.mat,6825217,2026-04-02 12:35:52
Soil_Moisture\DDCA\DDCA_CH\SM\20220524.mat,6894899,2026-04-02 12:35:52
Soil_Moisture\DDCA\DDCA_CH\SM\20220526.mat,6764247,2026-04-02 12:35:52
Soil_Moisture\DDCA\DDCA_CH\SM\20220527.mat,7412783,2026-04-02 12:35:52
Soil_Moisture\DDCA\DDCA_CH\SM\20220528.mat,6677104,2026-04-02 12:35:52
Soil_Moisture\DDCA\DDCA_CH\SM\20220519.mat,7235335,2026-04-02 12:35:51
Soil_Moisture\DDCA\DDCA_CH\SM\20220520.mat,6839751,2026-04-02 12:35:51
Soil_Moisture\DDCA\DDCA_CH\SM\20220521.mat,6611131,2026-04-02 12:35:51
Soil_Moisture\DDCA\DDCA_CH\SM\20220517.mat,7539870,2026-04-02 12:35:46
Soil_Moisture\DDCA\DDCA_CH\SM\20220518.mat,6461287,2026-04-02 12:35:45
Soil_Moisture\DDCA\DDCA_CH\SM\20220510.mat,6574462,2026-04-02 12:35:43
Soil_Moisture\DDCA\DDCA_CH\SM\20220511.mat,7091872,2026-04-02 12:35:43
Soil_Moisture\DDCA\DDCA_CH\SM\20220512.mat,6906759,2026-04-02 12:35:43
Soil_Moisture\DDCA\DDCA_CH\SM\20220513.mat,6177457,2026-04-02 12:35:43
Soil_Moisture\DDCA\DDCA_CH\SM\20220514.mat,6628625,2026-04-02 12:35:43
Soil_Moisture\DDCA\DDCA_CH\SM\20220515.mat,6581681,2026-04-02 12:35:43
Soil_Moisture\DDCA\DDCA_CH\SM\20220516.mat,6740115,2026-04-02 12:35:43
Soil_Moisture\DDCA\DDCA_CH\SM\20220509.mat,7453160,2026-04-02 12:35:42
Soil_Moisture\DDCA\DDCA_CH\SM\20220508.mat,6048314,2026-04-02 12:35:41
Soil_Moisture\DDCA\DDCA_CH\SM\20220507.mat,6054289,2026-04-02 12:35:37
Soil_Moisture\DDCA\DDCA_CH\SM\20220430.mat,6330406,2026-04-02 12:35:35
Soil_Moisture\DDCA\DDCA_CH\SM\20220501.mat,5734450,2026-04-02 12:35:35
Soil_Moisture\DDCA\DDCA_CH\SM\20220503.mat,6556232,2026-04-02 12:35:35
Soil_Moisture\DDCA\DDCA_CH\SM\20220504.mat,4326232,2026-04-02 12:35:35
Soil_Moisture\DDCA\DDCA_CH\SM\20220505.mat,6142746,2026-04-02 12:35:35
Soil_Moisture\DDCA\DDCA_CH\SM\20220506.mat,6031622,2026-04-02 12:35:35
Soil_Moisture\DDCA\DDCA_CH\SM\20220502.mat,5798225,2026-04-02 12:35:34
Soil_Moisture\DDCA\DDCA_CH\SM\20220427.mat,6037847,2026-04-02 12:35:33
Soil_Moisture\DDCA\DDCA_CH\SM\20220428.mat,5088101,2026-04-02 12:35:33
Soil_Moisture\DDCA\DDCA_CH\SM\20220429.mat,5748896,2026-04-02 12:35:31
Soil_Moisture\DDCA\DDCA_CH\SM\20220419.mat,5784813,2026-04-02 12:35:27
Soil_Moisture\DDCA\DDCA_CH\SM\20220420.mat,6613486,2026-04-02 12:35:27
Soil_Moisture\DDCA\DDCA_CH\SM\20220421.mat,5836334,2026-04-02 12:35:27
Soil_Moisture\DDCA\DDCA_CH\SM\20220422.mat,5215204,2026-04-02 12:35:27
Soil_Moisture\DDCA\DDCA_CH\SM\20220423.mat,5646220,2026-04-02 12:35:27
Soil_Moisture\DDCA\DDCA_CH\SM\20220425.mat,6636404,2026-04-02 12:35:27
Soil_Moisture\DDCA\DDCA_CH\SM\20220426.mat,6334922,2026-04-02 12:35:27
Soil_Moisture\DDCA\DDCA_CH\SM\20220417.mat,6336501,2026-04-02 12:35:26
Soil_Moisture\DDCA\DDCA_CH\SM\20220418.mat,6087293,2026-04-02 12:35:26
Soil_Moisture\DDCA\DDCA_CH\SM\20220424.mat,6106603,2026-04-02 12:35:26
Soil_Moisture\DDCA\DDCA_CH\SM\20220415.mat,6489886,2026-04-02 12:35:22
Soil_Moisture\DDCA\DDCA_CH\SM\20220416.mat,5429083,2026-04-02 12:35:22
Soil_Moisture\DDCA\DDCA_CH\SM\20220407.mat,6464409,2026-04-02 12:35:19
Soil_Moisture\DDCA\DDCA_CH\SM\20220409.mat,5721808,2026-04-02 12:35:19
Soil_Moisture\DDCA\DDCA_CH\SM\20220410.mat,5531534,2026-04-02 12:35:19
Soil_Moisture\DDCA\DDCA_CH\SM\20220411.mat,5440897,2026-04-02 12:35:19
Soil_Moisture\DDCA\DDCA_CH\SM\20220412.mat,6386004,2026-04-02 12:35:19
Soil_Moisture\DDCA\DDCA_CH\SM\20220413.mat,5661685,2026-04-02 12:35:19
Soil_Moisture\DDCA\DDCA_CH\SM\20220414.mat,5874481,2026-04-02 12:35:19
Soil_Moisture\DDCA\DDCA_CH\SM\20220408.mat,5688822,2026-04-02 12:35:18
Soil_Moisture\DDCA\DDCA_CH\SM\20220406.mat,5597105,2026-04-02 12:35:17
Soil_Moisture\DDCA\DDCA_CH\SM\20220405.mat,5407943,2026-04-02 12:35:15
Soil_Moisture\DDCA\DDCA_CH\SM\20220404.mat,6066646,2026-04-02 12:35:14
Soil_Moisture\DDCA\DDCA_CH\SM\20220401.mat,5839271,2026-04-02 12:35:12
Soil_Moisture\DDCA\DDCA_CH\SM\20220328.mat,5279514,2026-04-02 12:35:11
Soil_Moisture\DDCA\DDCA_CH\SM\20220329.mat,5449211,2026-04-02 12:35:11
Soil_Moisture\DDCA\DDCA_CH\SM\20220330.mat,5925010,2026-04-02 12:35:11
Soil_Moisture\DDCA\DDCA_CH\SM\20220331.mat,5405676,2026-04-02 12:35:11
Soil_Moisture\DDCA\DDCA_CH\SM\20220402.mat,5627557,2026-04-02 12:35:11
Soil_Moisture\DDCA\DDCA_CH\SM\20220403.mat,3752844,2026-04-02 12:35:11
Soil_Moisture\DDCA\DDCA_CH\SM\20220326.mat,5246043,2026-04-02 12:35:09
Soil_Moisture\DDCA\DDCA_CH\SM\20220327.mat,4917226,2026-04-02 12:35:09
Soil_Moisture\DDCA\DDCA_CH\SM\20220325.mat,5079978,2026-04-02 12:35:08
Soil_Moisture\DDCA\DDCA_CH\SM\20220322.mat,6117418,2026-04-02 12:35:07
Soil_Moisture\DDCA\DDCA_CH\SM\20220324.mat,5063635,2026-04-02 12:35:07
Soil_Moisture\DDCA\DDCA_CH\SM\20220323.mat,5060251,2026-04-02 12:35:06
Soil_Moisture\DDCA\DDCA_CH\SM\20220321.mat,5367726,2026-04-02 12:35:05
Soil_Moisture\DDCA\DDCA_CH\SM\20220319.mat,4830148,2026-04-02 12:35:04
Soil_Moisture\DDCA\DDCA_CH\SM\20220320.mat,3600713,2026-04-02 12:35:04
Soil_Moisture\DDCA\DDCA_CH\SM\20220316.mat,5599844,2026-04-02 12:35:03
Soil_Moisture\DDCA\DDCA_CH\SM\20220318.mat,5031638,2026-04-02 12:35:03
Soil_Moisture\DDCA\DDCA_CH\SM\20220317.mat,5281623,2026-04-02 12:35:02
Soil_Moisture\DDCA\DDCA_CH\SM\20220315.mat,5082557,2026-04-02 12:35:01
Soil_Moisture\DDCA\DDCA_CH\SM\20220311.mat,5700009,2026-04-02 12:35:00
Soil_Moisture\DDCA\DDCA_CH\SM\20220309.mat,3054454,2026-04-02 12:34:59
Soil_Moisture\DDCA\DDCA_CH\SM\20220310.mat,4930660,2026-04-02 12:34:59
Soil_Moisture\DDCA\DDCA_CH\SM\20220313.mat,4821346,2026-04-02 12:34:59
Soil_Moisture\DDCA\DDCA_CH\SM\20220314.mat,5710704,2026-04-02 12:34:59
Soil_Moisture\DDCA\DDCA_CH\SM\20220312.mat,4920014,2026-04-02 12:34:58
Soil_Moisture\DDCA\DDCA_CH\SM\20220306.mat,5586043,2026-04-02 12:34:57
Soil_Moisture\DDCA\DDCA_CH\SM\20220308.mat,5520398,2026-04-02 12:34:57
Soil_Moisture\DDCA\DDCA_CH\SM\20220305.mat,5238003,2026-04-02 12:34:56
Soil_Moisture\DDCA\DDCA_CH\SM\20220307.mat,4987648,2026-04-02 12:34:56
Soil_Moisture\DDCA\DDCA_CH\SM\20220227.mat,4584832,2026-04-02 12:34:53
Soil_Moisture\DDCA\DDCA_CH\SM\20220228.mat,5549419,2026-04-02 12:34:53
Soil_Moisture\DDCA\DDCA_CH\SM\20220301.mat,5178597,2026-04-02 12:34:53
Soil_Moisture\DDCA\DDCA_CH\SM\20220302.mat,4946477,2026-04-02 12:34:53
Soil_Moisture\DDCA\DDCA_CH\SM\20220303.mat,5595733,2026-04-02 12:34:53
Soil_Moisture\DDCA\DDCA_CH\SM\20220304.mat,4380350,2026-04-02 12:34:53
Soil_Moisture\DDCA\DDCA_CH\SM\20220226.mat,5642210,2026-04-02 12:34:52
Soil_Moisture\DDCA\DDCA_CH\SM\20220224.mat,4860941,2026-04-02 12:34:51
Soil_Moisture\DDCA\DDCA_CH\SM\20220225.mat,5165227,2026-04-02 12:34:51
Soil_Moisture\DDCA\DDCA_CH\SM\20220223.mat,5638582,2026-04-02 12:34:49
Soil_Moisture\DDCA\DDCA_CH\SM\20220221.mat,4709418,2026-04-02 12:34:47
Soil_Moisture\DDCA\DDCA_CH\SM\20220217.mat,4928631,2026-04-02 12:34:46
Soil_Moisture\DDCA\DDCA_CH\SM\20220218.mat,5634427,2026-04-02 12:34:46
Soil_Moisture\DDCA\DDCA_CH\SM\20220219.mat,4615448,2026-04-02 12:34:46
Soil_Moisture\DDCA\DDCA_CH\SM\20220220.mat,5422026,2026-04-02 12:34:46
Soil_Moisture\DDCA\DDCA_CH\SM\20220222.mat,4849084,2026-04-02 12:34:46
Soil_Moisture\DDCA\DDCA_CH\SM\20220213.mat,4903643,2026-04-02 12:34:45
Soil_Moisture\DDCA\DDCA_CH\SM\20220214.mat,4696916,2026-04-02 12:34:45
Soil_Moisture\DDCA\DDCA_CH\SM\20220216.mat,4679924,2026-04-02 12:34:45
Soil_Moisture\DDCA\DDCA_CH\SM\20220215.mat,2789182,2026-04-02 12:34:44
Soil_Moisture\DDCA\DDCA_CH\SM\20220212.mat,5137527,2026-04-02 12:34:41
Soil_Moisture\DDCA\DDCA_CH\SM\20220206.mat,4358831,2026-04-02 12:34:40
Soil_Moisture\DDCA\DDCA_CH\SM\20220208.mat,4411146,2026-04-02 12:34:40
Soil_Moisture\DDCA\DDCA_CH\SM\20220209.mat,4674152,2026-04-02 12:34:40
Soil_Moisture\DDCA\DDCA_CH\SM\20220210.mat,5351015,2026-04-02 12:34:40
Soil_Moisture\DDCA\DDCA_CH\SM\20220211.mat,4529508,2026-04-02 12:34:40
Soil_Moisture\DDCA\DDCA_CH\SM\20220203.mat,4426808,2026-04-02 12:34:39
Soil_Moisture\DDCA\DDCA_CH\SM\20220204.mat,4927224,2026-04-02 12:34:39
Soil_Moisture\DDCA\DDCA_CH\SM\20220205.mat,4632396,2026-04-02 12:34:39
Soil_Moisture\DDCA\DDCA_CH\SM\20220207.mat,5117284,2026-04-02 12:34:39
Soil_Moisture\DDCA\DDCA_CH\SM\20220120.mat,4681735,2026-04-02 12:34:38
Soil_Moisture\DDCA\DDCA_CH\SM\20220130.mat,5115304,2026-04-02 12:34:35
Soil_Moisture\DDCA\DDCA_CH\SM\20220125.mat,4541949,2026-04-02 12:34:34
Soil_Moisture\DDCA\DDCA_CH\SM\20220126.mat,4373506,2026-04-02 12:34:34
Soil_Moisture\DDCA\DDCA_CH\SM\20220127.mat,4905496,2026-04-02 12:34:34
Soil_Moisture\DDCA\DDCA_CH\SM\20220128.mat,4626905,2026-04-02 12:34:34
Soil_Moisture\DDCA\DDCA_CH\SM\20220129.mat,4307513,2026-04-02 12:34:34
Soil_Moisture\DDCA\DDCA_CH\SM\20220131.mat,4372516,2026-04-02 12:34:34
Soil_Moisture\DDCA\DDCA_CH\SM\20220201.mat,4563469,2026-04-02 12:34:34
Soil_Moisture\DDCA\DDCA_CH\SM\20220202.mat,4663934,2026-04-02 12:34:34
Soil_Moisture\DDCA\DDCA_CH\SM\20220119.mat,4932255,2026-04-02 12:34:30
Soil_Moisture\DDCA\DDCA_CH\SM\20220117.mat,5190314,2026-04-02 12:34:29
Soil_Moisture\DDCA\DDCA_CH\SM\20220118.mat,4418797,2026-04-02 12:34:29
Soil_Moisture\DDCA\DDCA_CH\SM\20220121.mat,4335848,2026-04-02 12:34:29
Soil_Moisture\DDCA\DDCA_CH\SM\20220122.mat,5153454,2026-04-02 12:34:29
Soil_Moisture\DDCA\DDCA_CH\SM\20220123.mat,4417787,2026-04-02 12:34:29
Soil_Moisture\DDCA\DDCA_CH\SM\20220124.mat,4678835,2026-04-02 12:34:29
Soil_Moisture\DDCA\DDCA_CH\SM\20220115.mat,4669074,2026-04-02 12:34:28
Soil_Moisture\DDCA\DDCA_CH\SM\20220116.mat,4816698,2026-04-02 12:34:28
Soil_Moisture\DDCA\DDCA_CH\SM\20220114.mat,5374429,2026-04-02 12:34:26
Soil_Moisture\DDCA\DDCA_CH\SM\20220113.mat,4504358,2026-04-02 12:34:25
Soil_Moisture\DDCA\DDCA_CH\SM\20220108.mat,4916145,2026-04-02 12:34:24
Soil_Moisture\DDCA\DDCA_CH\SM\20220110.mat,4635084,2026-04-02 12:34:24
Soil_Moisture\DDCA\DDCA_CH\SM\20220105.mat,4565796,2026-04-02 12:34:23
Soil_Moisture\DDCA\DDCA_CH\SM\20220106.mat,5538119,2026-04-02 12:34:23
Soil_Moisture\DDCA\DDCA_CH\SM\20220107.mat,4757108,2026-04-02 12:34:23
Soil_Moisture\DDCA\DDCA_CH\SM\20220109.mat,5374143,2026-04-02 12:34:23
Soil_Moisture\DDCA\DDCA_CH\SM\20220111.mat,5100101,2026-04-02 12:34:23
Soil_Moisture\DDCA\DDCA_CH\SM\20220112.mat,4948813,2026-04-02 12:34:23
Soil_Moisture\DDCA\DDCA_CH\SM\20220104.mat,5056484,2026-04-02 12:34:21
Soil_Moisture\DDCA\DDCA_CH\SM\20220103.mat,5230486,2026-04-02 12:34:20
Soil_Moisture\DDCA\DDCA_CH\SM\20220102.mat,4703012,2026-04-02 12:34:19
Soil_Moisture\DDCA\DDCA_CH\SM\20211225.mat,4419342,2026-04-02 12:34:17
Soil_Moisture\DDCA\DDCA_CH\SM\20211226.mat,4982240,2026-04-02 12:34:17
Soil_Moisture\DDCA\DDCA_CH\SM\20211227.mat,4276560,2026-04-02 12:34:17
Soil_Moisture\DDCA\DDCA_CH\SM\20220101.mat,5690626,2026-04-02 12:34:17
Soil_Moisture\DDCA\DDCA_CH\SM\20211220.mat,4331140,2026-04-02 12:34:16
Soil_Moisture\DDCA\DDCA_CH\SM\20211222.mat,4375885,2026-04-02 12:34:16
Soil_Moisture\DDCA\DDCA_CH\SM\20211223.mat,4721452,2026-04-02 12:34:16
Soil_Moisture\DDCA\DDCA_CH\SM\20211224.mat,4947667,2026-04-02 12:34:16
Soil_Moisture\DDCA\DDCA_CH\SM\20211221.mat,5010322,2026-04-02 12:34:15
Soil_Moisture\DDCA\DDCA_CH\SM\20211230.mat,477265,2026-04-02 12:34:14
Soil_Moisture\DDCA\DDCA_CH\SM\20211231.mat,477265,2026-04-02 12:34:14
Soil_Moisture\DDCA\DDCA_CH\SM\20211228.mat,477265,2026-04-02 12:34:13
Soil_Moisture\DDCA\DDCA_CH\SM\20211229.mat,477265,2026-04-02 12:34:13
Soil_Moisture\DDCA\DDCA_CH\SM\20211211.mat,4407147,2026-04-02 12:34:10
Soil_Moisture\DDCA\DDCA_CH\SM\20211213.mat,5118549,2026-04-02 12:34:10
Soil_Moisture\DDCA\DDCA_CH\SM\20211214.mat,4282380,2026-04-02 12:34:10
Soil_Moisture\DDCA\DDCA_CH\SM\20211215.mat,4651973,2026-04-02 12:34:10
Soil_Moisture\DDCA\DDCA_CH\SM\20211216.mat,4852997,2026-04-02 12:34:10
Soil_Moisture\DDCA\DDCA_CH\SM\20211217.mat,4327295,2026-04-02 12:34:10
Soil_Moisture\DDCA\DDCA_CH\SM\20211218.mat,4860115,2026-04-02 12:34:10
Soil_Moisture\DDCA\DDCA_CH\SM\20211219.mat,4131699,2026-04-02 12:34:10
Soil_Moisture\DDCA\DDCA_CH\SM\20211210.mat,4867082,2026-04-02 12:34:09
Soil_Moisture\DDCA\DDCA_CH\SM\20211209.mat,4295829,2026-04-02 12:34:08
Soil_Moisture\DDCA\DDCA_CH\SM\20211212.mat,3799099,2026-04-02 12:34:07
Soil_Moisture\DDCA\DDCA_CH\SM\20211204.mat,4310803,2026-04-02 12:34:05
Soil_Moisture\DDCA\DDCA_CH\SM\20211206.mat,4142905,2026-04-02 12:34:05
Soil_Moisture\DDCA\DDCA_CH\SM\20211207.mat,4627648,2026-04-02 12:34:05
Soil_Moisture\DDCA\DDCA_CH\SM\20211130.mat,4809962,2026-04-02 12:34:04
Soil_Moisture\DDCA\DDCA_CH\SM\20211201.mat,4267197,2026-04-02 12:34:04
Soil_Moisture\DDCA\DDCA_CH\SM\20211202.mat,4851373,2026-04-02 12:34:04
Soil_Moisture\DDCA\DDCA_CH\SM\20211203.mat,4487364,2026-04-02 12:34:04
Soil_Moisture\DDCA\DDCA_CH\SM\20211205.mat,5103822,2026-04-02 12:34:04
Soil_Moisture\DDCA\DDCA_CH\SM\20211208.mat,3905733,2026-04-02 12:34:04
Soil_Moisture\DDCA\DDCA_CH\SM\20211129.mat,4612060,2026-04-02 12:34:03
Soil_Moisture\DDCA\DDCA_CH\SM\20211127.mat,5088482,2026-04-02 12:34:00
Soil_Moisture\DDCA\DDCA_CH\SM\20211119.mat,5118988,2026-04-02 12:33:59
Soil_Moisture\DDCA\DDCA_CH\SM\20211121.mat,4620335,2026-04-02 12:33:59
Soil_Moisture\DDCA\DDCA_CH\SM\20211123.mat,4262310,2026-04-02 12:33:59
Soil_Moisture\DDCA\DDCA_CH\SM\20211125.mat,4503048,2026-04-02 12:33:59
Soil_Moisture\DDCA\DDCA_CH\SM\20211126.mat,4279315,2026-04-02 12:33:59
Soil_Moisture\DDCA\DDCA_CH\SM\20211128.mat,4205943,2026-04-02 12:33:59
Soil_Moisture\DDCA\DDCA_CH\SM\20211120.mat,4214838,2026-04-02 12:33:58
Soil_Moisture\DDCA\DDCA_CH\SM\20211122.mat,4846122,2026-04-02 12:33:58
Soil_Moisture\DDCA\DDCA_CH\SM\20211124.mat,4827995,2026-04-02 12:33:58
Soil_Moisture\DDCA\DDCA_CH\SM\20211117.mat,5271282,2026-04-02 12:33:56
Soil_Moisture\DDCA\DDCA_CH\SM\20211116.mat,5545100,2026-04-02 12:33:55
Soil_Moisture\DDCA\DDCA_CH\SM\20211115.mat,4900053,2026-04-02 12:33:54
Soil_Moisture\DDCA\DDCA_CH\SM\20211118.mat,4286528,2026-04-02 12:33:54
Soil_Moisture\DDCA\DDCA_CH\SM\20211110.mat,4639428,2026-04-02 12:33:53
Soil_Moisture\DDCA\DDCA_CH\SM\20211111.mat,5873743,2026-04-02 12:33:53
Soil_Moisture\DDCA\DDCA_CH\SM\20211112.mat,4826039,2026-04-02 12:33:53
Soil_Moisture\DDCA\DDCA_CH\SM\20211113.mat,5180783,2026-04-02 12:33:53
Soil_Moisture\DDCA\DDCA_CH\SM\20211107.mat,5128671,2026-04-02 12:33:52
Soil_Moisture\DDCA\DDCA_CH\SM\20211114.mat,5523327,2026-04-02 12:33:51
Soil_Moisture\DDCA\DDCA_CH\SM\20211106.mat,5830924,2026-04-02 12:33:50
Soil_Moisture\DDCA\DDCA_CH\SM\20211109.mat,5446893,2026-04-02 12:33:49
Soil_Moisture\DDCA\DDCA_CH\SM\20211101.mat,5742431,2026-04-02 12:33:48
Soil_Moisture\DDCA\DDCA_CH\SM\20211102.mat,5041835,2026-04-02 12:33:48
Soil_Moisture\DDCA\DDCA_CH\SM\20211108.mat,5100745,2026-04-02 12:33:48
Soil_Moisture\DDCA\DDCA_CH\SM\20211103.mat,6156045,2026-04-02 12:33:47
Soil_Moisture\DDCA\DDCA_CH\SM\20211104.mat,5058279,2026-04-02 12:33:47
Soil_Moisture\DDCA\DDCA_CH\SM\20211105.mat,5473658,2026-04-02 12:33:47
Soil_Moisture\DDCA\DDCA_CH\SM\20211030.mat,5298013,2026-04-02 12:33:46
Soil_Moisture\DDCA\DDCA_CH\SM\20211031.mat,6069256,2026-04-02 12:33:45
Soil_Moisture\DDCA\DDCA_CH\SM\20211029.mat,6069271,2026-04-02 12:33:43
Soil_Moisture\DDCA\DDCA_CH\SM\20211026.mat,6384565,2026-04-02 12:33:42
Soil_Moisture\DDCA\DDCA_CH\SM\20211021.mat,5628417,2026-04-02 12:33:41
Soil_Moisture\DDCA\DDCA_CH\SM\20211022.mat,5522905,2026-04-02 12:33:40
Soil_Moisture\DDCA\DDCA_CH\SM\20211024.mat,5923358,2026-04-02 12:33:40
Soil_Moisture\DDCA\DDCA_CH\SM\20211025.mat,4924818,2026-04-02 12:33:40
Soil_Moisture\DDCA\DDCA_CH\SM\20211027.mat,5231339,2026-04-02 12:33:40
Soil_Moisture\DDCA\DDCA_CH\SM\20211028.mat,5604848,2026-04-02 12:33:40
Soil_Moisture\DDCA\DDCA_CH\SM\20211018.mat,6616203,2026-04-02 12:33:39
Soil_Moisture\DDCA\DDCA_CH\SM\20211020.mat,5864360,2026-04-02 12:33:39
Soil_Moisture\DDCA\DDCA_CH\SM\20211023.mat,6284185,2026-04-02 12:33:39
Soil_Moisture\DDCA\DDCA_CH\SM\20211017.mat,5416539,2026-04-02 12:33:35
Soil_Moisture\DDCA\DDCA_CH\SM\20211019.mat,5462132,2026-04-02 12:33:35
Soil_Moisture\DDCA\DDCA_CH\SM\20211014.mat,4088780,2026-04-02 12:33:34
Soil_Moisture\DDCA\DDCA_CH\SM\20211015.mat,5429589,2026-04-02 12:33:34
Soil_Moisture\DDCA\DDCA_CH\SM\20211016.mat,6348498,2026-04-02 12:33:34
Soil_Moisture\DDCA\DDCA_CH\SM\20211010.mat,6796646,2026-04-02 12:33:33
Soil_Moisture\DDCA\DDCA_CH\SM\20211012.mat,6011824,2026-04-02 12:33:33
Soil_Moisture\DDCA\DDCA_CH\SM\20211013.mat,6553554,2026-04-02 12:33:33
Soil_Moisture\DDCA\DDCA_CH\SM\20211011.mat,5776525,2026-04-02 12:33:31
Soil_Moisture\DDCA\DDCA_CH\SM\20211008.mat,6567545,2026-04-02 12:33:30
Soil_Moisture\DDCA\DDCA_CH\SM\20211009.mat,5609385,2026-04-02 12:33:30
Soil_Moisture\DDCA\DDCA_CH\SM\20211005.mat,6913234,2026-04-02 12:33:29
Soil_Moisture\DDCA\DDCA_CH\SM\20211004.mat,6314191,2026-04-02 12:33:28
Soil_Moisture\DDCA\DDCA_CH\SM\20211006.mat,6116459,2026-04-02 12:33:28
Soil_Moisture\DDCA\DDCA_CH\SM\20211007.mat,6760256,2026-04-02 12:33:28
Soil_Moisture\DDCA\DDCA_CH\SM\20211003.mat,6108133,2026-04-02 12:33:27
Soil_Moisture\DDCA\DDCA_CH\SM\20211002.mat,7228754,2026-04-02 12:33:26
Soil_Moisture\DDCA\DDCA_CH\SM\20210930.mat,6845627,2026-04-02 12:33:25
Soil_Moisture\DDCA\DDCA_CH\SM\20211001.mat,5897642,2026-04-02 12:33:25
Soil_Moisture\DDCA\DDCA_CH\SM\20210929.mat,7198408,2026-04-02 12:33:24
Soil_Moisture\DDCA\DDCA_CH\SM\20210927.mat,7403516,2026-04-02 12:33:22
Soil_Moisture\DDCA\DDCA_CH\SM\20210928.mat,6515123,2026-04-02 12:33:22
Soil_Moisture\DDCA\DDCA_CH\SM\20210924.mat,7699788,2026-04-02 12:33:21
Soil_Moisture\DDCA\DDCA_CH\SM\20210925.mat,6545090,2026-04-02 12:33:20
Soil_Moisture\DDCA\DDCA_CH\SM\20210926.mat,6732869,2026-04-02 12:33:19
Soil_Moisture\DDCA\DDCA_CH\SM\20210922.mat,7610301,2026-04-02 12:33:18
Soil_Moisture\DDCA\DDCA_CH\SM\20210923.mat,6314349,2026-04-02 12:33:18
Soil_Moisture\DDCA\DDCA_CH\SM\20210919.mat,7658263,2026-04-02 12:33:17
Soil_Moisture\DDCA\DDCA_CH\SM\20210921.mat,7753394,2026-04-02 12:33:17
Soil_Moisture\DDCA\DDCA_CH\SM\20210916.mat,8354233,2026-04-02 12:33:15
Soil_Moisture\DDCA\DDCA_CH\SM\20210920.mat,7112674,2026-04-02 12:33:14
Soil_Moisture\DDCA\DDCA_CH\SM\20210911.mat,8416102,2026-04-02 12:33:13
Soil_Moisture\DDCA\DDCA_CH\SM\20210918.mat,7258293,2026-04-02 12:33:13
Soil_Moisture\DDCA\DDCA_CH\SM\20210908.mat,8687398,2026-04-02 12:33:12
Soil_Moisture\DDCA\DDCA_CH\SM\20210917.mat,7159011,2026-04-02 12:33:12
Soil_Moisture\DDCA\DDCA_CH\SM\20210913.mat,8060102,2026-04-02 12:33:11
Soil_Moisture\DDCA\DDCA_CH\SM\20210914.mat,8242887,2026-04-02 12:33:10
Soil_Moisture\DDCA\DDCA_CH\SM\20210910.mat,7512779,2026-04-02 12:33:08
Soil_Moisture\DDCA\DDCA_CH\SM\20210912.mat,7415481,2026-04-02 12:33:08
Soil_Moisture\DDCA\DDCA_CH\SM\20210906.mat,8421373,2026-04-02 12:33:07
Soil_Moisture\DDCA\DDCA_CH\SM\20210915.mat,6828606,2026-04-02 12:33:07
Soil_Moisture\DDCA\DDCA_CH\SM\20210907.mat,7082958,2026-04-02 12:33:06
Soil_Moisture\DDCA\DDCA_CH\SM\20210909.mat,6715835,2026-04-02 12:33:04
Soil_Moisture\DDCA\DDCA_CH\SM\20210831.mat,8871453,2026-04-02 12:32:59
Soil_Moisture\DDCA\DDCA_CH\SM\20210827.mat,8167297,2026-04-02 12:32:58
Soil_Moisture\DDCA\DDCA_CH\SM\20210828.mat,8498977,2026-04-02 12:32:58
Soil_Moisture\DDCA\DDCA_CH\SM\20210829.mat,8986538,2026-04-02 12:32:58
Soil_Moisture\DDCA\DDCA_CH\SM\20210830.mat,6792433,2026-04-02 12:32:58
Soil_Moisture\DDCA\DDCA_CH\SM\20210901.mat,7787377,2026-04-02 12:32:58
Soil_Moisture\DDCA\DDCA_CH\SM\20210902.mat,7666189,2026-04-02 12:32:58
Soil_Moisture\DDCA\DDCA_CH\SM\20210903.mat,8633371,2026-04-02 12:32:58
Soil_Moisture\DDCA\DDCA_CH\SM\20210904.mat,7663914,2026-04-02 12:32:58
Soil_Moisture\DDCA\DDCA_CH\SM\20210905.mat,8194545,2026-04-02 12:32:58
Soil_Moisture\DDCA\DDCA_CH\SM\20210820.mat,8836921,2026-04-02 12:32:50
Soil_Moisture\DDCA\DDCA_CH\SM\20210818.mat,9316988,2026-04-02 12:32:49
Soil_Moisture\DDCA\DDCA_CH\SM\20210817.mat,7783420,2026-04-02 12:32:48
Soil_Moisture\DDCA\DDCA_CH\SM\20210819.mat,8518640,2026-04-02 12:32:48
Soil_Moisture\DDCA\DDCA_CH\SM\20210821.mat,9271390,2026-04-02 12:32:48
Soil_Moisture\DDCA\DDCA_CH\SM\20210822.mat,7851864,2026-04-02 12:32:48
Soil_Moisture\DDCA\DDCA_CH\SM\20210823.mat,8943698,2026-04-02 12:32:48
Soil_Moisture\DDCA\DDCA_CH\SM\20210824.mat,7646654,2026-04-02 12:32:48
Soil_Moisture\DDCA\DDCA_CH\SM\20210825.mat,8068272,2026-04-02 12:32:48
Soil_Moisture\DDCA\DDCA_CH\SM\20210826.mat,8986205,2026-04-02 12:32:48
Soil_Moisture\DDCA\DDCA_CH\SM\20210815.mat,9431213,2026-04-02 12:32:39
Soil_Moisture\DDCA\DDCA_CH\SM\20210807.mat,9578946,2026-04-02 12:32:38
Soil_Moisture\DDCA\DDCA_CH\SM\20210809.mat,8531730,2026-04-02 12:32:38
Soil_Moisture\DDCA\DDCA_CH\SM\20210810.mat,9457441,2026-04-02 12:32:38
Soil_Moisture\DDCA\DDCA_CH\SM\20210811.mat,8648125,2026-04-02 12:32:38
Soil_Moisture\DDCA\DDCA_CH\SM\20210812.mat,8927784,2026-04-02 12:32:38
Soil_Moisture\DDCA\DDCA_CH\SM\20210813.mat,9654942,2026-04-02 12:32:38
Soil_Moisture\DDCA\DDCA_CH\SM\20210814.mat,8087478,2026-04-02 12:32:38
Soil_Moisture\DDCA\DDCA_CH\SM\20210816.mat,8579133,2026-04-02 12:32:38
Soil_Moisture\DDCA\DDCA_CH\SM\20210808.mat,8003422,2026-04-02 12:32:37
Soil_Moisture\DDCA\DDCA_CH\SM\20210801.mat,8756369,2026-04-02 12:32:30
Soil_Moisture\DDCA\DDCA_CH\SM\20210803.mat,8865695,2026-04-02 12:32:30
Soil_Moisture\DDCA\DDCA_CH\SM\20210804.mat,9169525,2026-04-02 12:32:30
Soil_Moisture\DDCA\DDCA_CH\SM\20210805.mat,9592987,2026-04-02 12:32:30
Soil_Moisture\DDCA\DDCA_CH\SM\20210731.mat,8967777,2026-04-02 12:32:29
Soil_Moisture\DDCA\DDCA_CH\SM\20210730.mat,9755313,2026-04-02 12:32:28
Soil_Moisture\DDCA\DDCA_CH\SM\20210802.mat,8866763,2026-04-02 12:32:28
Soil_Moisture\DDCA\DDCA_CH\SM\20210728.mat,9808538,2026-04-02 12:32:27
Soil_Moisture\DDCA\DDCA_CH\SM\20210806.mat,8337938,2026-04-02 12:32:27
Soil_Moisture\DDCA\DDCA_CH\SM\20210729.mat,8493288,2026-04-02 12:32:26
Soil_Moisture\DDCA\DDCA_CH\SM\20210727.mat,8512335,2026-04-02 12:32:20
Soil_Moisture\DDCA\DDCA_CH\SM\20210725.mat,9807145,2026-04-02 12:32:19
Soil_Moisture\DDCA\DDCA_CH\SM\20210721.mat,8567744,2026-04-02 12:32:17
Soil_Moisture\DDCA\DDCA_CH\SM\20210723.mat,9027416,2026-04-02 12:32:17
Soil_Moisture\DDCA\DDCA_CH\SM\20210724.mat,8800499,2026-04-02 12:32:17
Soil_Moisture\DDCA\DDCA_CH\SM\20210717.mat,9669918,2026-04-02 12:32:16
Soil_Moisture\DDCA\DDCA_CH\SM\20210718.mat,8831288,2026-04-02 12:32:16
Soil_Moisture\DDCA\DDCA_CH\SM\20210719.mat,9043780,2026-04-02 12:32:16
Soil_Moisture\DDCA\DDCA_CH\SM\20210720.mat,9848811,2026-04-02 12:32:16
Soil_Moisture\DDCA\DDCA_CH\SM\20210726.mat,8928961,2026-04-02 12:32:16
Soil_Moisture\DDCA\DDCA_CH\SM\20210722.mat,9851335,2026-04-02 12:32:11
Soil_Moisture\DDCA\DDCA_CH\SM\20210713.mat,8429019,2026-04-02 12:32:06
Soil_Moisture\DDCA\DDCA_CH\SM\20210712.mat,9645681,2026-04-02 12:32:05
Soil_Moisture\DDCA\DDCA_CH\SM\20210715.mat,8866002,2026-04-02 12:32:05
Soil_Moisture\DDCA\DDCA_CH\SM\20210707.mat,8769212,2026-04-02 12:32:04
Soil_Moisture\DDCA\DDCA_CH\SM\20210708.mat,8418015,2026-04-02 12:32:04
Soil_Moisture\DDCA\DDCA_CH\SM\20210709.mat,9558623,2026-04-02 12:32:04
Soil_Moisture\DDCA\DDCA_CH\SM\20210710.mat,8684224,2026-04-02 12:32:04
Soil_Moisture\DDCA\DDCA_CH\SM\20210711.mat,9026803,2026-04-02 12:32:04
Soil_Moisture\DDCA\DDCA_CH\SM\20210714.mat,9770772,2026-04-02 12:32:04
Soil_Moisture\DDCA\DDCA_CH\SM\20210716.mat,8727121,2026-04-02 12:32:04
Soil_Moisture\DDCA\DDCA_CH\SM\20210702.mat,8530573,2026-04-02 12:31:57
Soil_Moisture\DDCA\DDCA_CH\SM\20210706.mat,9686994,2026-04-02 12:31:57
Soil_Moisture\DDCA\DDCA_CH\SM\20210703.mat,8807930,2026-04-02 12:31:56
Soil_Moisture\DDCA\DDCA_CH\SM\20210704.mat,9430790,2026-04-02 12:31:55
Soil_Moisture\DDCA\DDCA_CH\SM\20210624.mat,8400383,2026-04-02 12:31:54
Soil_Moisture\DDCA\DDCA_CH\SM\20210628.mat,9542538,2026-04-02 12:31:54
Soil_Moisture\DDCA\DDCA_CH\SM\20210701.mat,9371151,2026-04-02 12:31:54
Soil_Moisture\DDCA\DDCA_CH\SM\20210629.mat,8606784,2026-04-02 12:31:53
Soil_Moisture\DDCA\DDCA_CH\SM\20210630.mat,8109044,2026-04-02 12:31:53
Soil_Moisture\DDCA\DDCA_CH\SM\20210705.mat,8392001,2026-04-02 12:31:53
Soil_Moisture\DDCA\DDCA_CH\SM\20210620.mat,9487999,2026-04-02 12:31:46
Soil_Moisture\DDCA\DDCA_CH\SM\20210622.mat,8455274,2026-04-02 12:31:45
Soil_Moisture\DDCA\DDCA_CH\SM\20210627.mat,8230715,2026-04-02 12:31:45
Soil_Moisture\DDCA\DDCA_CH\SM\20210618.mat,9105975,2026-04-02 12:31:44
Soil_Moisture\DDCA\DDCA_CH\SM\20210619.mat,8170472,2026-04-02 12:31:44
Soil_Moisture\DDCA\DDCA_CH\SM\20210621.mat,8474164,2026-04-02 12:31:44
Soil_Moisture\DDCA\DDCA_CH\SM\20210623.mat,9271002,2026-04-02 12:31:44
Soil_Moisture\DDCA\DDCA_CH\SM\20210625.mat,8855637,2026-04-02 12:31:44
Soil_Moisture\DDCA\DDCA_CH\SM\20210626.mat,8789923,2026-04-02 12:31:43
Soil_Moisture\DDCA\DDCA_CH\SM\20210615.mat,8940050,2026-04-02 12:31:38
Soil_Moisture\DDCA\DDCA_CH\SM\20210617.mat,8580064,2026-04-02 12:31:37
Soil_Moisture\DDCA\DDCA_CH\SM\20210614.mat,8192337,2026-04-02 12:31:35
Soil_Moisture\DDCA\DDCA_CH\SM\20210607.mat,8657299,2026-04-02 12:31:34
Soil_Moisture\DDCA\DDCA_CH\SM\20210610.mat,8827696,2026-04-02 12:31:34
Soil_Moisture\DDCA\DDCA_CH\SM\20210611.mat,7840229,2026-04-02 12:31:34
Soil_Moisture\DDCA\DDCA_CH\SM\20210612.mat,9191759,2026-04-02 12:31:34
Soil_Moisture\DDCA\DDCA_CH\SM\20210613.mat,8141818,2026-04-02 12:31:34
Soil_Moisture\DDCA\DDCA_CH\SM\20210616.mat,8099311,2026-04-02 12:31:34
Soil_Moisture\DDCA\DDCA_CH\SM\20210609.mat,8307185,2026-04-02 12:31:33
Soil_Moisture\DDCA\DDCA_CH\SM\20210530.mat,8248114,2026-04-02 12:31:25
Soil_Moisture\DDCA\DDCA_CH\SM\20210601.mat,8099938,2026-04-02 12:31:25
Soil_Moisture\DDCA\DDCA_CH\SM\20210602.mat,8449855,2026-04-02 12:31:25
Soil_Moisture\DDCA\DDCA_CH\SM\20210604.mat,8887496,2026-04-02 12:31:25
Soil_Moisture\DDCA\DDCA_CH\SM\20210605.mat,7879506,2026-04-02 12:31:25
Soil_Moisture\DDCA\DDCA_CH\SM\20210608.mat,7793079,2026-04-02 12:31:25
Soil_Moisture\DDCA\DDCA_CH\SM\20210531.mat,7495780,2026-04-02 12:31:24
Soil_Moisture\DDCA\DDCA_CH\SM\20210603.mat,7621519,2026-04-02 12:31:24
Soil_Moisture\DDCA\DDCA_CH\SM\20210606.mat,7791916,2026-04-02 12:31:24
Soil_Moisture\DDCA\DDCA_CH\SM\20210529.mat,7680132,2026-04-02 12:31:21
Soil_Moisture\DDCA\DDCA_CH\SM\20210525.mat,8211487,2026-04-02 12:31:16
Soil_Moisture\DDCA\DDCA_CH\SM\20210519.mat,8294134,2026-04-02 12:31:15
Soil_Moisture\DDCA\DDCA_CH\SM\20210522.mat,8087148,2026-04-02 12:31:15
Soil_Moisture\DDCA\DDCA_CH\SM\20210527.mat,8495191,2026-04-02 12:31:15
Soil_Moisture\DDCA\DDCA_CH\SM\20210528.mat,7409786,2026-04-02 12:31:15
Soil_Moisture\DDCA\DDCA_CH\SM\20210516.mat,7702296,2026-04-02 12:31:14
Soil_Moisture\DDCA\DDCA_CH\SM\20210523.mat,7365671,2026-04-02 12:31:14
Soil_Moisture\DDCA\DDCA_CH\SM\20210524.mat,7903817,2026-04-02 12:31:14
Soil_Moisture\DDCA\DDCA_CH\SM\20210526.mat,6921776,2026-04-02 12:31:14
Soil_Moisture\DDCA\DDCA_CH\SM\20210520.mat,7378776,2026-04-02 12:31:13
Soil_Moisture\DDCA\DDCA_CH\SM\20210521.mat,7443115,2026-04-02 12:31:10
Soil_Moisture\DDCA\DDCA_CH\SM\20210514.mat,7885394,2026-04-02 12:31:07
Soil_Moisture\DDCA\DDCA_CH\SM\20210517.mat,7883885,2026-04-02 12:31:06
Soil_Moisture\DDCA\DDCA_CH\SM\20210518.mat,7178623,2026-04-02 12:31:06
Soil_Moisture\DDCA\DDCA_CH\SM\20210511.mat,7604614,2026-04-02 12:31:05
Soil_Moisture\DDCA\DDCA_CH\SM\20210512.mat,7175344,2026-04-02 12:31:05
Soil_Moisture\DDCA\DDCA_CH\SM\20210513.mat,7308882,2026-04-02 12:31:05
Soil_Moisture\DDCA\DDCA_CH\SM\20210515.mat,7162743,2026-04-02 12:31:05
Soil_Moisture\DDCA\DDCA_CH\SM\20210510.mat,6991554,2026-04-02 12:31:04
Soil_Moisture\DDCA\DDCA_CH\SM\20210509.mat,7733101,2026-04-02 12:31:03
Soil_Moisture\DDCA\DDCA_CH\SM\20210508.mat,7267710,2026-04-02 12:30:57
Soil_Moisture\DDCA\DDCA_CH\SM\20210430.mat,7030196,2026-04-02 12:30:56
Soil_Moisture\DDCA\DDCA_CH\SM\20210501.mat,7138847,2026-04-02 12:30:56
Soil_Moisture\DDCA\DDCA_CH\SM\20210502.mat,6577265,2026-04-02 12:30:56
Soil_Moisture\DDCA\DDCA_CH\SM\20210503.mat,7608741,2026-04-02 12:30:56
Soil_Moisture\DDCA\DDCA_CH\SM\20210504.mat,6721017,2026-04-02 12:30:56
Soil_Moisture\DDCA\DDCA_CH\SM\20210505.mat,6909657,2026-04-02 12:30:56
Soil_Moisture\DDCA\DDCA_CH\SM\20210506.mat,7391844,2026-04-02 12:30:56
Soil_Moisture\DDCA\DDCA_CH\SM\20210507.mat,6735305,2026-04-02 12:30:56
Soil_Moisture\DDCA\DDCA_CH\SM\20210429.mat,6358711,2026-04-02 12:30:55
Soil_Moisture\DDCA\DDCA_CH\SM\20210419.mat,6292882,2026-04-02 12:30:48
Soil_Moisture\DDCA\DDCA_CH\SM\20210420.mat,6707780,2026-04-02 12:30:48
Soil_Moisture\DDCA\DDCA_CH\SM\20210421.mat,6119258,2026-04-02 12:30:48
Soil_Moisture\DDCA\DDCA_CH\SM\20210422.mat,6609294,2026-04-02 12:30:48
Soil_Moisture\DDCA\DDCA_CH\SM\20210423.mat,6860073,2026-04-02 12:30:48
Soil_Moisture\DDCA\DDCA_CH\SM\20210425.mat,7191464,2026-04-02 12:30:48
Soil_Moisture\DDCA\DDCA_CH\SM\20210426.mat,6375948,2026-04-02 12:30:48
Soil_Moisture\DDCA\DDCA_CH\SM\20210427.mat,6514564,2026-04-02 12:30:48
Soil_Moisture\DDCA\DDCA_CH\SM\20210428.mat,7039414,2026-04-02 12:30:48
Soil_Moisture\DDCA\DDCA_CH\SM\20210424.mat,6206750,2026-04-02 12:30:47
Soil_Moisture\DDCA\DDCA_CH\SM\20210418.mat,5880272,2026-04-02 12:30:41
Soil_Moisture\DDCA\DDCA_CH\SM\20210415.mat,6474317,2026-04-02 12:30:40
Soil_Moisture\DDCA\DDCA_CH\SM\20210416.mat,6020644,2026-04-02 12:30:40
Soil_Moisture\DDCA\DDCA_CH\SM\20210408.mat,5667079,2026-04-02 12:30:39
Soil_Moisture\DDCA\DDCA_CH\SM\20210410.mat,5514937,2026-04-02 12:30:39
Soil_Moisture\DDCA\DDCA_CH\SM\20210411.mat,6103986,2026-04-02 12:30:39
Soil_Moisture\DDCA\DDCA_CH\SM\20210412.mat,6428569,2026-04-02 12:30:39
Soil_Moisture\DDCA\DDCA_CH\SM\20210413.mat,5965111,2026-04-02 12:30:39
Soil_Moisture\DDCA\DDCA_CH\SM\20210414.mat,6379616,2026-04-02 12:30:39
Soil_Moisture\DDCA\DDCA_CH\SM\20210417.mat,6836791,2026-04-02 12:30:39
Soil_Moisture\DDCA\DDCA_CH\SM\20210409.mat,6551979,2026-04-02 12:30:38
Soil_Moisture\DDCA\DDCA_CH\SM\20210407.mat,6326641,2026-04-02 12:30:33
Soil_Moisture\DDCA\DDCA_CH\SM\20210331.mat,5729210,2026-04-02 12:30:32
Soil_Moisture\DDCA\DDCA_CH\SM\20210401.mat,6382568,2026-04-02 12:30:32
Soil_Moisture\DDCA\DDCA_CH\SM\20210402.mat,5696513,2026-04-02 12:30:32
Soil_Moisture\DDCA\DDCA_CH\SM\20210403.mat,5965540,2026-04-02 12:30:32
Soil_Moisture\DDCA\DDCA_CH\SM\20210405.mat,5804085,2026-04-02 12:30:32
Soil_Moisture\DDCA\DDCA_CH\SM\20210329.mat,6007455,2026-04-02 12:30:31
Soil_Moisture\DDCA\DDCA_CH\SM\20210330.mat,5967956,2026-04-02 12:30:31
Soil_Moisture\DDCA\DDCA_CH\SM\20210404.mat,6230474,2026-04-02 12:30:31
Soil_Moisture\DDCA\DDCA_CH\SM\20210406.mat,6237424,2026-04-02 12:30:31
Soil_Moisture\DDCA\DDCA_CH\SM\20210328.mat,5556797,2026-04-02 12:30:29
Soil_Moisture\DDCA\DDCA_CH\SM\20210319.mat,5852341,2026-04-02 12:30:24
Soil_Moisture\DDCA\DDCA_CH\SM\20210320.mat,5384195,2026-04-02 12:30:24
Soil_Moisture\DDCA\DDCA_CH\SM\20210321.mat,5889693,2026-04-02 12:30:24
Soil_Moisture\DDCA\DDCA_CH\SM\20210322.mat,5778672,2026-04-02 12:30:24
Soil_Moisture\DDCA\DDCA_CH\SM\20210323.mat,5537961,2026-04-02 12:30:24
Soil_Moisture\DDCA\DDCA_CH\SM\20210325.mat,5459350,2026-04-02 12:30:24
Soil_Moisture\DDCA\DDCA_CH\SM\20210326.mat,5769196,2026-04-02 12:30:24
Soil_Moisture\DDCA\DDCA_CH\SM\20210327.mat,5979314,2026-04-02 12:30:24
Soil_Moisture\DDCA\DDCA_CH\SM\20210318.mat,5628218,2026-04-02 12:30:23
Soil_Moisture\DDCA\DDCA_CH\SM\20210324.mat,6174966,2026-04-02 12:30:23
Soil_Moisture\DDCA\DDCA_CH\SM\20210317.mat,4802699,2026-04-02 12:30:21
Soil_Moisture\DDCA\DDCA_CH\SM\20210316.mat,6079058,2026-04-02 12:30:18
Soil_Moisture\DDCA\DDCA_CH\SM\20210314.mat,5622399,2026-04-02 12:30:17
Soil_Moisture\DDCA\DDCA_CH\SM\20210306.mat,5620435,2026-04-02 12:30:16
Soil_Moisture\DDCA\DDCA_CH\SM\20210307.mat,5146540,2026-04-02 12:30:16
Soil_Moisture\DDCA\DDCA_CH\SM\20210309.mat,4856621,2026-04-02 12:30:16
Soil_Moisture\DDCA\DDCA_CH\SM\20210310.mat,4998659,2026-04-02 12:30:16
Soil_Moisture\DDCA\DDCA_CH\SM\20210311.mat,5762340,2026-04-02 12:30:16
Soil_Moisture\DDCA\DDCA_CH\SM\20210312.mat,5206502,2026-04-02 12:30:16
Soil_Moisture\DDCA\DDCA_CH\SM\20210313.mat,5558119,2026-04-02 12:30:16
Soil_Moisture\DDCA\DDCA_CH\SM\20210315.mat,5029930,2026-04-02 12:30:16
Soil_Moisture\DDCA\DDCA_CH\SM\20210308.mat,4848259,2026-04-02 12:30:15
Soil_Moisture\DDCA\DDCA_CH\SM\20210302.mat,5364742,2026-04-02 12:30:10
Soil_Moisture\DDCA\DDCA_CH\SM\20210224.mat,4951922,2026-04-02 12:30:09
Soil_Moisture\DDCA\DDCA_CH\SM\20210225.mat,5471836,2026-04-02 12:30:09
Soil_Moisture\DDCA\DDCA_CH\SM\20210226.mat,5473675,2026-04-02 12:30:09
Soil_Moisture\DDCA\DDCA_CH\SM\20210227.mat,5030475,2026-04-02 12:30:09
Soil_Moisture\DDCA\DDCA_CH\SM\20210228.mat,5857356,2026-04-02 12:30:09
Soil_Moisture\DDCA\DDCA_CH\SM\20210301.mat,5066180,2026-04-02 12:30:09
Soil_Moisture\DDCA\DDCA_CH\SM\20210303.mat,5635629,2026-04-02 12:30:09
Soil_Moisture\DDCA\DDCA_CH\SM\20210304.mat,5122385,2026-04-02 12:30:09
Soil_Moisture\DDCA\DDCA_CH\SM\20210305.mat,5656571,2026-04-02 12:30:09
Soil_Moisture\DDCA\DDCA_CH\SM\20210223.mat,5452133,2026-04-02 12:30:04
Soil_Moisture\DDCA\DDCA_CH\SM\20210213.mat,4580861,2026-04-02 12:30:02
Soil_Moisture\DDCA\DDCA_CH\SM\20210215.mat,5123375,2026-04-02 12:30:02
Soil_Moisture\DDCA\DDCA_CH\SM\20210216.mat,4659314,2026-04-02 12:30:02
Soil_Moisture\DDCA\DDCA_CH\SM\20210217.mat,5281460,2026-04-02 12:30:02
Soil_Moisture\DDCA\DDCA_CH\SM\20210218.mat,5293805,2026-04-02 12:30:02
Soil_Moisture\DDCA\DDCA_CH\SM\20210219.mat,4870892,2026-04-02 12:30:02
Soil_Moisture\DDCA\DDCA_CH\SM\20210220.mat,5685258,2026-04-02 12:30:02
Soil_Moisture\DDCA\DDCA_CH\SM\20210221.mat,4905284,2026-04-02 12:30:02
Soil_Moisture\DDCA\DDCA_CH\SM\20210222.mat,5199788,2026-04-02 12:30:02
Soil_Moisture\DDCA\DDCA_CH\SM\20210214.mat,5040092,2026-04-02 12:30:01
Soil_Moisture\DDCA\DDCA_CH\SM\20210203.mat,4480655,2026-04-02 12:29:56
Soil_Moisture\DDCA\DDCA_CH\SM\20210205.mat,4420292,2026-04-02 12:29:56
Soil_Moisture\DDCA\DDCA_CH\SM\20210206.mat,4863302,2026-04-02 12:29:56
Soil_Moisture\DDCA\DDCA_CH\SM\20210207.mat,4816930,2026-04-02 12:29:56
Soil_Moisture\DDCA\DDCA_CH\SM\20210208.mat,4537878,2026-04-02 12:29:56
Soil_Moisture\DDCA\DDCA_CH\SM\20210209.mat,5040641,2026-04-02 12:29:56
Soil_Moisture\DDCA\DDCA_CH\SM\20210210.mat,4876978,2026-04-02 12:29:56
Soil_Moisture\DDCA\DDCA_CH\SM\20210211.mat,4116454,2026-04-02 12:29:56
Soil_Moisture\DDCA\DDCA_CH\SM\20210212.mat,4931017,2026-04-02 12:29:56
Soil_Moisture\DDCA\DDCA_CH\SM\20210204.mat,5109095,2026-04-02 12:29:55
Soil_Moisture\DDCA\DDCA_CH\SM\20210201.mat,4991790,2026-04-02 12:29:53
Soil_Moisture\DDCA\DDCA_CH\SM\20210202.mat,4639647,2026-04-02 12:29:51
Soil_Moisture\DDCA\DDCA_CH\SM\20210124.mat,5050002,2026-04-02 12:29:50
Soil_Moisture\DDCA\DDCA_CH\SM\20210125.mat,4598374,2026-04-02 12:29:50
Soil_Moisture\DDCA\DDCA_CH\SM\20210126.mat,4518082,2026-04-02 12:29:50
Soil_Moisture\DDCA\DDCA_CH\SM\20210127.mat,5090512,2026-04-02 12:29:50
Soil_Moisture\DDCA\DDCA_CH\SM\20210128.mat,4425972,2026-04-02 12:29:50
Soil_Moisture\DDCA\DDCA_CH\SM\20210129.mat,4814436,2026-04-02 12:29:50
Soil_Moisture\DDCA\DDCA_CH\SM\20210130.mat,4815038,2026-04-02 12:29:50
Soil_Moisture\DDCA\DDCA_CH\SM\20210131.mat,4223270,2026-04-02 12:29:50
Soil_Moisture\DDCA\DDCA_CH\SM\20210123.mat,4606790,2026-04-02 12:29:48
Soil_Moisture\DDCA\DDCA_CH\SM\20210113.mat,4974068,2026-04-02 12:29:44
Soil_Moisture\DDCA\DDCA_CH\SM\20210114.mat,4999255,2026-04-02 12:29:44
Soil_Moisture\DDCA\DDCA_CH\SM\20210115.mat,4742784,2026-04-02 12:29:44
Soil_Moisture\DDCA\DDCA_CH\SM\20210116.mat,4543332,2026-04-02 12:29:44
Soil_Moisture\DDCA\DDCA_CH\SM\20210117.mat,4031603,2026-04-02 12:29:44
Soil_Moisture\DDCA\DDCA_CH\SM\20210119.mat,5155160,2026-04-02 12:29:44
Soil_Moisture\DDCA\DDCA_CH\SM\20210120.mat,4489765,2026-04-02 12:29:44
Soil_Moisture\DDCA\DDCA_CH\SM\20210121.mat,4570526,2026-04-02 12:29:44
Soil_Moisture\DDCA\DDCA_CH\SM\20210122.mat,4676544,2026-04-02 12:29:44
Soil_Moisture\DDCA\DDCA_CH\SM\20210118.mat,4581829,2026-04-02 12:29:43
Soil_Moisture\DDCA\DDCA_CH\SM\20210103.mat,5333694,2026-04-02 12:29:39
Soil_Moisture\DDCA\DDCA_CH\SM\20210108.mat,5217299,2026-04-02 12:29:39
Soil_Moisture\DDCA\DDCA_CH\SM\20210110.mat,4702558,2026-04-02 12:29:39
Soil_Moisture\DDCA\DDCA_CH\SM\20210112.mat,4649413,2026-04-02 12:29:39
Soil_Moisture\DDCA\DDCA_CH\SM\20210104.mat,4676639,2026-04-02 12:29:38
Soil_Moisture\DDCA\DDCA_CH\SM\20210105.mat,5011842,2026-04-02 12:29:38
Soil_Moisture\DDCA\DDCA_CH\SM\20210106.mat,5062510,2026-04-02 12:29:38
Soil_Moisture\DDCA\DDCA_CH\SM\20210107.mat,4788115,2026-04-02 12:29:38
Soil_Moisture\DDCA\DDCA_CH\SM\20210109.mat,4837586,2026-04-02 12:29:38
Soil_Moisture\DDCA\DDCA_CH\SM\20210111.mat,4924700,2026-04-02 12:29:38
Soil_Moisture\DDCA\DDCA_CH\SM\20210102.mat,4719321,2026-04-02 12:29:35
Soil_Moisture\DDCA\DDCA_CH\SM\20201223.mat,5208420,2026-04-02 12:29:33
Soil_Moisture\DDCA\DDCA_CH\SM\20201226.mat,5562081,2026-04-02 12:29:33
Soil_Moisture\DDCA\DDCA_CH\SM\20210101.mat,5058437,2026-04-02 12:29:33
Soil_Moisture\DDCA\DDCA_CH\SM\20201222.mat,4666531,2026-04-02 12:29:32
Soil_Moisture\DDCA\DDCA_CH\SM\20201224.mat,4811117,2026-04-02 12:29:32
Soil_Moisture\DDCA\DDCA_CH\SM\20201113.mat,5457573,2026-04-02 12:29:31
Soil_Moisture\DDCA\DDCA_CH\SM\20201225.mat,4423238,2026-04-02 12:29:31
Soil_Moisture\DDCA\DDCA_CH\SM\20201227.mat,477265,2026-04-02 12:29:31
Soil_Moisture\DDCA\DDCA_CH\SM\20201228.mat,477265,2026-04-02 12:29:31
Soil_Moisture\DDCA\DDCA_CH\SM\20201229.mat,477265,2026-04-02 12:29:31
Soil_Moisture\DDCA\DDCA_CH\SM\20201230.mat,477265,2026-04-02 12:29:31
Soil_Moisture\DDCA\DDCA_CH\SM\20201231.mat,477265,2026-04-02 12:29:31
Soil_Moisture\DDCA\DDCA_CH\SM\20201219.mat,4613893,2026-04-02 12:29:30
Soil_Moisture\DDCA\DDCA_CH\SM\20201215.mat,4743907,2026-04-02 12:29:28
Soil_Moisture\DDCA\DDCA_CH\SM\20201218.mat,5343255,2026-04-02 12:29:28
Soil_Moisture\DDCA\DDCA_CH\SM\20201220.mat,3183840,2026-04-02 12:29:28
Soil_Moisture\DDCA\DDCA_CH\SM\20201221.mat,4508561,2026-04-02 12:29:28
Soil_Moisture\DDCA\DDCA_CH\SM\20201213.mat,5042240,2026-04-02 12:29:27
Soil_Moisture\DDCA\DDCA_CH\SM\20201214.mat,4265412,2026-04-02 12:29:27
Soil_Moisture\DDCA\DDCA_CH\SM\20201216.mat,4415227,2026-04-02 12:29:27
Soil_Moisture\DDCA\DDCA_CH\SM\20201217.mat,4422818,2026-04-02 12:29:27
Soil_Moisture\DDCA\DDCA_CH\SM\20201208.mat,4706889,2026-04-02 12:29:24
Soil_Moisture\DDCA\DDCA_CH\SM\20201210.mat,5275026,2026-04-02 12:29:24
Soil_Moisture\DDCA\DDCA_CH\SM\20201211.mat,4562352,2026-04-02 12:29:24
Soil_Moisture\DDCA\DDCA_CH\SM\20201212.mat,4701526,2026-04-02 12:29:24
Soil_Moisture\DDCA\DDCA_CH\SM\20201206.mat,4537123,2026-04-02 12:29:23
Soil_Moisture\DDCA\DDCA_CH\SM\20201209.mat,3835701,2026-04-02 12:29:23
Soil_Moisture\DDCA\DDCA_CH\SM\20201207.mat,4914887,2026-04-02 12:29:22
Soil_Moisture\DDCA\DDCA_CH\SM\20201130.mat,4652222,2026-04-02 12:29:20
Soil_Moisture\DDCA\DDCA_CH\SM\20201204.mat,4434869,2026-04-02 12:29:20
Soil_Moisture\DDCA\DDCA_CH\SM\20201205.mat,4978718,2026-04-02 12:29:20
Soil_Moisture\DDCA\DDCA_CH\SM\20201202.mat,5187103,2026-04-02 12:29:19
Soil_Moisture\DDCA\DDCA_CH\SM\20201126.mat,4537528,2026-04-02 12:29:18
Soil_Moisture\DDCA\DDCA_CH\SM\20201127.mat,4638443,2026-04-02 12:29:18
Soil_Moisture\DDCA\DDCA_CH\SM\20201129.mat,4853913,2026-04-02 12:29:18
Soil_Moisture\DDCA\DDCA_CH\SM\20201201.mat,4169355,2026-04-02 12:29:18
Soil_Moisture\DDCA\DDCA_CH\SM\20201203.mat,3198371,2026-04-02 12:29:18
Soil_Moisture\DDCA\DDCA_CH\SM\20201124.mat,5173756,2026-04-02 12:29:16
Soil_Moisture\DDCA\DDCA_CH\SM\20201125.mat,4431721,2026-04-02 12:29:16
Soil_Moisture\DDCA\DDCA_CH\SM\20201128.mat,4002034,2026-04-02 12:29:16
Soil_Moisture\DDCA\DDCA_CH\SM\20201122.mat,4403032,2026-04-02 12:29:14
Soil_Moisture\DDCA\DDCA_CH\SM\20201111.mat,5583983,2026-04-02 12:29:13
Soil_Moisture\DDCA\DDCA_CH\SM\20201121.mat,4898826,2026-04-02 12:29:13
Soil_Moisture\DDCA\DDCA_CH\SM\20201123.mat,3902544,2026-04-02 12:29:13
Soil_Moisture\DDCA\DDCA_CH\SM\20201116.mat,5857218,2026-04-02 12:29:12
Soil_Moisture\DDCA\DDCA_CH\SM\20201120.mat,4015110,2026-04-02 12:29:12
Soil_Moisture\DDCA\DDCA_CH\SM\20201112.mat,5013068,2026-04-02 12:29:11
Soil_Moisture\DDCA\DDCA_CH\SM\20201115.mat,4834925,2026-04-02 12:29:11
Soil_Moisture\DDCA\DDCA_CH\SM\20201119.mat,4965736,2026-04-02 12:29:11
Soil_Moisture\DDCA\DDCA_CH\SM\20201114.mat,5242784,2026-04-02 12:29:10
Soil_Moisture\DDCA\DDCA_CH\SM\20201117.mat,4081037,2026-04-02 12:29:10
Soil_Moisture\DDCA\DDCA_CH\SM\20201118.mat,4621572,2026-04-02 12:29:09
Soil_Moisture\DDCA\DDCA_CH\SM\20201110.mat,3972743,2026-04-02 12:29:06
Soil_Moisture\DDCA\DDCA_CH\SM\20201102.mat,5095933,2026-04-02 12:29:05
Soil_Moisture\DDCA\DDCA_CH\SM\20201103.mat,5920510,2026-04-02 12:29:05
Soil_Moisture\DDCA\DDCA_CH\SM\20201104.mat,5302660,2026-04-02 12:29:05
Soil_Moisture\DDCA\DDCA_CH\SM\20201105.mat,5808693,2026-04-02 12:29:05
Soil_Moisture\DDCA\DDCA_CH\SM\20201106.mat,5535635,2026-04-02 12:29:05
Soil_Moisture\DDCA\DDCA_CH\SM\20201107.mat,4340098,2026-04-02 12:29:05
Soil_Moisture\DDCA\DDCA_CH\SM\20201108.mat,6255034,2026-04-02 12:29:05
Soil_Moisture\DDCA\DDCA_CH\SM\20201109.mat,4518079,2026-04-02 12:29:05
Soil_Moisture\DDCA\DDCA_CH\SM\20201031.mat,6482574,2026-04-02 12:29:04
Soil_Moisture\DDCA\DDCA_CH\SM\20201101.mat,5248384,2026-04-02 12:29:01
Soil_Moisture\DDCA\DDCA_CH\SM\20201027.mat,4809652,2026-04-02 12:29:00
Soil_Moisture\DDCA\DDCA_CH\SM\20201024.mat,5330990,2026-04-02 12:28:59
Soil_Moisture\DDCA\DDCA_CH\SM\20201026.mat,6072580,2026-04-02 12:28:59
Soil_Moisture\DDCA\DDCA_CH\SM\20201028.mat,5774891,2026-04-02 12:28:59
Soil_Moisture\DDCA\DDCA_CH\SM\20201029.mat,5641261,2026-04-02 12:28:59
Soil_Moisture\DDCA\DDCA_CH\SM\20201030.mat,5107580,2026-04-02 12:28:59
Soil_Moisture\DDCA\DDCA_CH\SM\20201023.mat,6585521,2026-04-02 12:28:58
Soil_Moisture\DDCA\DDCA_CH\SM\20201025.mat,5641807,2026-04-02 12:28:58
Soil_Moisture\DDCA\DDCA_CH\SM\20201021.mat,5356624,2026-04-02 12:28:57
Soil_Moisture\DDCA\DDCA_CH\SM\20201022.mat,5324701,2026-04-02 12:28:57
Soil_Moisture\DDCA\DDCA_CH\SM\20201020.mat,6085627,2026-04-02 12:28:53
Soil_Moisture\DDCA\DDCA_CH\SM\20201015.mat,6757651,2026-04-02 12:28:52
Soil_Moisture\DDCA\DDCA_CH\SM\20201019.mat,5516492,2026-04-02 12:28:52
Soil_Moisture\DDCA\DDCA_CH\SM\20201013.mat,5915406,2026-04-02 12:28:51
Soil_Moisture\DDCA\DDCA_CH\SM\20201014.mat,5469423,2026-04-02 12:28:51
Soil_Moisture\DDCA\DDCA_CH\SM\20201016.mat,5448044,2026-04-02 12:28:51
Soil_Moisture\DDCA\DDCA_CH\SM\20201017.mat,5761447,2026-04-02 12:28:51
Soil_Moisture\DDCA\DDCA_CH\SM\20201018.mat,6217506,2026-04-02 12:28:51
Soil_Moisture\DDCA\DDCA_CH\SM\20201011.mat,5653554,2026-04-02 12:28:50
Soil_Moisture\DDCA\DDCA_CH\SM\20201012.mat,5905935,2026-04-02 12:28:50
Soil_Moisture\DDCA\DDCA_CH\SM\20201010.mat,6026612,2026-04-02 12:28:49
Soil_Moisture\DDCA\DDCA_CH\SM\20201009.mat,4714260,2026-04-02 12:28:47
Soil_Moisture\DDCA\DDCA_CH\SM\20201003.mat,5967294,2026-04-02 12:28:45
Soil_Moisture\DDCA\DDCA_CH\SM\20201008.mat,5656469,2026-04-02 12:28:45
Soil_Moisture\DDCA\DDCA_CH\SM\20201004.mat,6368223,2026-04-02 12:28:44
Soil_Moisture\DDCA\DDCA_CH\SM\20201005.mat,6291569,2026-04-02 12:28:44
Soil_Moisture\DDCA\DDCA_CH\SM\20201007.mat,7094694,2026-04-02 12:28:44
Soil_Moisture\DDCA\DDCA_CH\SM\20200929.mat,6578553,2026-04-02 12:28:43
Soil_Moisture\DDCA\DDCA_CH\SM\20201001.mat,5642775,2026-04-02 12:28:43
Soil_Moisture\DDCA\DDCA_CH\SM\20201002.mat,6701589,2026-04-02 12:28:43
Soil_Moisture\DDCA\DDCA_CH\SM\20201006.mat,4248654,2026-04-02 12:28:43
Soil_Moisture\DDCA\DDCA_CH\SM\20200930.mat,5994493,2026-04-02 12:28:42
Soil_Moisture\DDCA\DDCA_CH\SM\20200921.mat,7623269,2026-04-02 12:28:38
Soil_Moisture\DDCA\DDCA_CH\SM\20200924.mat,6992152,2026-04-02 12:28:38
Soil_Moisture\DDCA\DDCA_CH\SM\20200928.mat,5993265,2026-04-02 12:28:38
Soil_Moisture\DDCA\DDCA_CH\SM\20200922.mat,6343433,2026-04-02 12:28:37
Soil_Moisture\DDCA\DDCA_CH\SM\20200923.mat,6283962,2026-04-02 12:28:37
Soil_Moisture\DDCA\DDCA_CH\SM\20200927.mat,6641852,2026-04-02 12:28:37
Soil_Moisture\DDCA\DDCA_CH\SM\20200913.mat,8005090,2026-04-02 12:28:36
Soil_Moisture\DDCA\DDCA_CH\SM\20200918.mat,6934953,2026-04-02 12:28:36
Soil_Moisture\DDCA\DDCA_CH\SM\20200919.mat,7005632,2026-04-02 12:28:35
Soil_Moisture\DDCA\DDCA_CH\SM\20200925.mat,6280435,2026-04-02 12:28:33
Soil_Moisture\DDCA\DDCA_CH\SM\20200926.mat,6651404,2026-04-02 12:28:33
Soil_Moisture\DDCA\DDCA_CH\SM\20200920.mat,6236728,2026-04-02 12:28:32
Soil_Moisture\DDCA\DDCA_CH\SM\20200914.mat,6660420,2026-04-02 12:28:28
Soil_Moisture\DDCA\DDCA_CH\SM\20200915.mat,6537061,2026-04-02 12:28:28
Soil_Moisture\DDCA\DDCA_CH\SM\20200916.mat,7367509,2026-04-02 12:28:28
Soil_Moisture\DDCA\DDCA_CH\SM\20200905.mat,8595320,2026-04-02 12:28:27
Soil_Moisture\DDCA\DDCA_CH\SM\20200910.mat,7234672,2026-04-02 12:28:27
Soil_Moisture\DDCA\DDCA_CH\SM\20200911.mat,7275717,2026-04-02 12:28:27
Soil_Moisture\DDCA\DDCA_CH\SM\20200912.mat,6580536,2026-04-02 12:28:27
Soil_Moisture\DDCA\DDCA_CH\SM\20200917.mat,6161984,2026-04-02 12:28:27
Soil_Moisture\DDCA\DDCA_CH\SM\20200909.mat,6896938,2026-04-02 12:28:26
Soil_Moisture\DDCA\DDCA_CH\SM\20200906.mat,6972871,2026-04-02 12:28:23
Soil_Moisture\DDCA\DDCA_CH\SM\20200902.mat,7846753,2026-04-02 12:28:21
Soil_Moisture\DDCA\DDCA_CH\SM\20200831.mat,8212260,2026-04-02 12:28:20
Soil_Moisture\DDCA\DDCA_CH\SM\20200903.mat,7919739,2026-04-02 12:28:20
Soil_Moisture\DDCA\DDCA_CH\SM\20200908.mat,7603733,2026-04-02 12:28:20
Soil_Moisture\DDCA\DDCA_CH\SM\20200904.mat,7010890,2026-04-02 12:28:19
Soil_Moisture\DDCA\DDCA_CH\SM\20200907.mat,6858935,2026-04-02 12:28:19
Soil_Moisture\DDCA\DDCA_CH\SM\20200823.mat,8814923,2026-04-02 12:28:18
Soil_Moisture\DDCA\DDCA_CH\SM\20200901.mat,7521513,2026-04-02 12:28:18
Soil_Moisture\DDCA\DDCA_CH\SM\20200829.mat,7591498,2026-04-02 12:28:14
Soil_Moisture\DDCA\DDCA_CH\SM\20200826.mat,8444715,2026-04-02 12:28:13
Soil_Moisture\DDCA\DDCA_CH\SM\20200828.mat,9297531,2026-04-02 12:28:13
Soil_Moisture\DDCA\DDCA_CH\SM\20200830.mat,7415258,2026-04-02 12:28:13
Soil_Moisture\DDCA\DDCA_CH\SM\20200824.mat,8029615,2026-04-02 12:28:12
Soil_Moisture\DDCA\DDCA_CH\SM\20200827.mat,7634623,2026-04-02 12:28:12
Soil_Moisture\DDCA\DDCA_CH\SM\20200825.mat,8261174,2026-04-02 12:28:11
Soil_Moisture\DDCA\DDCA_CH\SM\20200815.mat,9579055,2026-04-02 12:28:10
Soil_Moisture\DDCA\DDCA_CH\SM\20200819.mat,8391013,2026-04-02 12:28:09
Soil_Moisture\DDCA\DDCA_CH\SM\20200821.mat,8122784,2026-04-02 12:28:08
Soil_Moisture\DDCA\DDCA_CH\SM\20200822.mat,7838347,2026-04-02 12:28:06
Soil_Moisture\DDCA\DDCA_CH\SM\20200820.mat,9806774,2026-04-02 12:28:04
Soil_Moisture\DDCA\DDCA_CH\SM\20200816.mat,8863155,2026-04-02 12:28:03
Soil_Moisture\DDCA\DDCA_CH\SM\20200814.mat,8376341,2026-04-02 12:28:02
Soil_Moisture\DDCA\DDCA_CH\SM\20200817.mat,8891910,2026-04-02 12:28:02
Soil_Moisture\DDCA\DDCA_CH\SM\20200818.mat,9274972,2026-04-02 12:28:02
Soil_Moisture\DDCA\DDCA_CH\SM\20200813.mat,8984378,2026-04-02 12:28:01
Soil_Moisture\DDCA\DDCA_CH\SM\20200812.mat,10484157,2026-04-02 12:27:59
Soil_Moisture\DDCA\DDCA_CH\SM\20200810.mat,9228469,2026-04-02 12:27:58
Soil_Moisture\DDCA\DDCA_CH\SM\20200804.mat,10417640,2026-04-02 12:27:54
Soil_Moisture\DDCA\DDCA_CH\SM\20200805.mat,8854199,2026-04-02 12:27:54
Soil_Moisture\DDCA\DDCA_CH\SM\20200808.mat,9271333,2026-04-02 12:27:52
Soil_Moisture\DDCA\DDCA_CH\SM\20200809.mat,9162576,2026-04-02 12:27:52
Soil_Moisture\DDCA\DDCA_CH\SM\20200811.mat,8721421,2026-04-02 12:27:52
Soil_Moisture\DDCA\DDCA_CH\SM\20200801.mat,9348068,2026-04-02 12:27:51
Soil_Moisture\DDCA\DDCA_CH\SM\20200806.mat,8788036,2026-04-02 12:27:51
Soil_Moisture\DDCA\DDCA_CH\SM\20200807.mat,9963550,2026-04-02 12:27:50
Soil_Moisture\DDCA\DDCA_CH\SM\20200802.mat,9812292,2026-04-02 12:27:46
Soil_Moisture\DDCA\DDCA_CH\SM\20200803.mat,8677006,2026-04-02 12:27:46
Soil_Moisture\DDCA\DDCA_CH\SM\20200723.mat,9239333,2026-04-02 12:27:42
Soil_Moisture\DDCA\DDCA_CH\SM\20200724.mat,9315553,2026-04-02 12:27:41
Soil_Moisture\DDCA\DDCA_CH\SM\20200731.mat,9370726,2026-04-02 12:27:41
Soil_Moisture\DDCA\DDCA_CH\SM\20200729.mat,9024533,2026-04-02 12:27:39
Soil_Moisture\DDCA\DDCA_CH\SM\20200730.mat,10017714,2026-04-02 12:27:39
Soil_Moisture\DDCA\DDCA_CH\SM\20200726.mat,8845468,2026-04-02 12:27:38
Soil_Moisture\DDCA\DDCA_CH\SM\20200728.mat,8659338,2026-04-02 12:27:38
Soil_Moisture\DDCA\DDCA_CH\SM\20200722.mat,9981966,2026-04-02 12:27:37
Soil_Moisture\DDCA\DDCA_CH\SM\20200725.mat,9726351,2026-04-02 12:27:37
Soil_Moisture\DDCA\DDCA_CH\SM\20200727.mat,10442570,2026-04-02 12:27:34
Soil_Moisture\DDCA\DDCA_CH\SM\20200713.mat,8156385,2026-04-02 12:27:26
Soil_Moisture\DDCA\DDCA_CH\SM\20200714.mat,9144952,2026-04-02 12:27:26
Soil_Moisture\DDCA\DDCA_CH\SM\20200716.mat,9104624,2026-04-02 12:27:26
Soil_Moisture\DDCA\DDCA_CH\SM\20200717.mat,8908580,2026-04-02 12:27:26
Soil_Moisture\DDCA\DDCA_CH\SM\20200718.mat,8564135,2026-04-02 12:27:26
Soil_Moisture\DDCA\DDCA_CH\SM\20200719.mat,10119692,2026-04-02 12:27:26
Soil_Moisture\DDCA\DDCA_CH\SM\20200720.mat,9386828,2026-04-02 12:27:26
Soil_Moisture\DDCA\DDCA_CH\SM\20200721.mat,8929283,2026-04-02 12:27:26
Soil_Moisture\DDCA\DDCA_CH\SM\20200712.mat,8552801,2026-04-02 12:27:25
Soil_Moisture\DDCA\DDCA_CH\SM\20200715.mat,8968537,2026-04-02 12:27:25
Soil_Moisture\DDCA\DDCA_CH\SM\20200704.mat,8872935,2026-04-02 12:27:16
Soil_Moisture\DDCA\DDCA_CH\SM\20200707.mat,8649608,2026-04-02 12:27:16
Soil_Moisture\DDCA\DDCA_CH\SM\20200709.mat,9148649,2026-04-02 12:27:16
Soil_Moisture\DDCA\DDCA_CH\SM\20200706.mat,9520981,2026-04-02 12:27:15
Soil_Moisture\DDCA\DDCA_CH\SM\20200708.mat,8527037,2026-04-02 12:27:15
Soil_Moisture\DDCA\DDCA_CH\SM\20200710.mat,8395533,2026-04-02 12:27:15
Soil_Moisture\DDCA\DDCA_CH\SM\20200711.mat,8232182,2026-04-02 12:27:15
Soil_Moisture\DDCA\DDCA_CH\SM\20200702.mat,8135034,2026-04-02 12:27:14
Soil_Moisture\DDCA\DDCA_CH\SM\20200703.mat,9784274,2026-04-02 12:27:14
Soil_Moisture\DDCA\DDCA_CH\SM\20200705.mat,8113868,2026-04-02 12:27:14
Soil_Moisture\DDCA\DDCA_CH\SM\20200630.mat,8744621,2026-04-02 12:27:08
Soil_Moisture\DDCA\DDCA_CH\SM\20200626.mat,8456893,2026-04-02 12:27:07
Soil_Moisture\DDCA\DDCA_CH\SM\20200701.mat,8948061,2026-04-02 12:27:07
Soil_Moisture\DDCA\DDCA_CH\SM\20200624.mat,7929706,2026-04-02 12:27:06
Soil_Moisture\DDCA\DDCA_CH\SM\20200627.mat,8119817,2026-04-02 12:27:06
Soil_Moisture\DDCA\DDCA_CH\SM\20200625.mat,9666425,2026-04-02 12:27:05
Soil_Moisture\DDCA\DDCA_CH\SM\20200628.mat,8400698,2026-04-02 12:27:05
Soil_Moisture\DDCA\DDCA_CH\SM\20200629.mat,8502764,2026-04-02 12:27:05
Soil_Moisture\DDCA\DDCA_CH\SM\20200623.mat,8764334,2026-04-02 12:27:03
Soil_Moisture\DDCA\DDCA_CH\SM\20200619.mat,8222530,2026-04-02 12:27:02
Soil_Moisture\DDCA\DDCA_CH\SM\20200620.mat,9114403,2026-04-02 12:27:00
Soil_Moisture\DDCA\DDCA_CH\SM\20200622.mat,8993318,2026-04-02 12:26:58
Soil_Moisture\DDCA\DDCA_CH\SM\20200614.mat,8426195,2026-04-02 12:26:57
Soil_Moisture\DDCA\DDCA_CH\SM\20200621.mat,8385882,2026-04-02 12:26:56
Soil_Moisture\DDCA\DDCA_CH\SM\20200609.mat,9263809,2026-04-02 12:26:55
Soil_Moisture\DDCA\DDCA_CH\SM\20200612.mat,8379251,2026-04-02 12:26:55
Soil_Moisture\DDCA\DDCA_CH\SM\20200615.mat,8486440,2026-04-02 12:26:55
Soil_Moisture\DDCA\DDCA_CH\SM\20200618.mat,7059966,2026-04-02 12:26:55
Soil_Moisture\DDCA\DDCA_CH\SM\20200616.mat,7810115,2026-04-02 12:26:52
Soil_Moisture\DDCA\DDCA_CH\SM\20200617.mat,9517865,2026-04-02 12:26:51
Soil_Moisture\DDCA\DDCA_CH\SM\20200611.mat,6402569,2026-04-02 12:26:50
Soil_Moisture\DDCA\DDCA_CH\SM\20200613.mat,7090177,2026-04-02 12:26:50
Soil_Moisture\DDCA\DDCA_CH\SM\20200610.mat,7383260,2026-04-02 12:26:49
Soil_Moisture\DDCA\DDCA_CH\SM\20200601.mat,8704437,2026-04-02 12:26:47
Soil_Moisture\DDCA\DDCA_CH\SM\20200604.mat,8515889,2026-04-02 12:26:43
Soil_Moisture\DDCA\DDCA_CH\SM\20200605.mat,7918728,2026-04-02 12:26:43
Soil_Moisture\DDCA\DDCA_CH\SM\20200606.mat,8183692,2026-04-02 12:26:43
Soil_Moisture\DDCA\DDCA_CH\SM\20200607.mat,8179820,2026-04-02 12:26:43
Soil_Moisture\DDCA\DDCA_CH\SM\20200530.mat,7892486,2026-04-02 12:26:42
Soil_Moisture\DDCA\DDCA_CH\SM\20200602.mat,7851684,2026-04-02 12:26:42
Soil_Moisture\DDCA\DDCA_CH\SM\20200608.mat,7569612,2026-04-02 12:26:42
Soil_Moisture\DDCA\DDCA_CH\SM\20200527.mat,8205459,2026-04-02 12:26:40
Soil_Moisture\DDCA\DDCA_CH\SM\20200603.mat,7193653,2026-04-02 12:26:40
Soil_Moisture\DDCA\DDCA_CH\SM\20200524.mat,8628571,2026-04-02 12:26:36
Soil_Moisture\DDCA\DDCA_CH\SM\20200529.mat,7894565,2026-04-02 12:26:36
Soil_Moisture\DDCA\DDCA_CH\SM\20200531.mat,7283892,2026-04-02 12:26:35
Soil_Moisture\DDCA\DDCA_CH\SM\20200522.mat,7647641,2026-04-02 12:26:34
Soil_Moisture\DDCA\DDCA_CH\SM\20200525.mat,7615192,2026-04-02 12:26:34
Soil_Moisture\DDCA\DDCA_CH\SM\20200528.mat,7607411,2026-04-02 12:26:34
Soil_Moisture\DDCA\DDCA_CH\SM\20200523.mat,7015896,2026-04-02 12:26:32
Soil_Moisture\DDCA\DDCA_CH\SM\20200526.mat,6270533,2026-04-02 12:26:32
Soil_Moisture\DDCA\DDCA_CH\SM\20200521.mat,7559056,2026-04-02 12:26:29
Soil_Moisture\DDCA\DDCA_CH\SM\20200516.mat,8258668,2026-04-02 12:26:28
Soil_Moisture\DDCA\DDCA_CH\SM\20200519.mat,7909739,2026-04-02 12:26:28
Soil_Moisture\DDCA\DDCA_CH\SM\20200511.mat,7692563,2026-04-02 12:26:24
Soil_Moisture\DDCA\DDCA_CH\SM\20200512.mat,7055883,2026-04-02 12:26:24
Soil_Moisture\DDCA\DDCA_CH\SM\20200514.mat,7408326,2026-04-02 12:26:24
Soil_Moisture\DDCA\DDCA_CH\SM\20200515.mat,6813471,2026-04-02 12:26:24
Soil_Moisture\DDCA\DDCA_CH\SM\20200517.mat,7343561,2026-04-02 12:26:24
Soil_Moisture\DDCA\DDCA_CH\SM\20200518.mat,6788536,2026-04-02 12:26:24
Soil_Moisture\DDCA\DDCA_CH\SM\20200520.mat,7313480,2026-04-02 12:26:24
Soil_Moisture\DDCA\DDCA_CH\SM\20200513.mat,7444947,2026-04-02 12:26:23
Soil_Moisture\DDCA\DDCA_CH\SM\20200503.mat,7452135,2026-04-02 12:26:16
Soil_Moisture\DDCA\DDCA_CH\SM\20200504.mat,6866240,2026-04-02 12:26:16
Soil_Moisture\DDCA\DDCA_CH\SM\20200508.mat,7858523,2026-04-02 12:26:16
Soil_Moisture\DDCA\DDCA_CH\SM\20200501.mat,6913299,2026-04-02 12:26:15
Soil_Moisture\DDCA\DDCA_CH\SM\20200502.mat,6790186,2026-04-02 12:26:15
Soil_Moisture\DDCA\DDCA_CH\SM\20200505.mat,7114867,2026-04-02 12:26:15
Soil_Moisture\DDCA\DDCA_CH\SM\20200506.mat,7210795,2026-04-02 12:26:15
Soil_Moisture\DDCA\DDCA_CH\SM\20200507.mat,6681674,2026-04-02 12:26:15
Soil_Moisture\DDCA\DDCA_CH\SM\20200509.mat,7090798,2026-04-02 12:26:15
Soil_Moisture\DDCA\DDCA_CH\SM\20200510.mat,7079278,2026-04-02 12:26:15
Soil_Moisture\DDCA\DDCA_CH\SM\20200422.mat,7539105,2026-04-02 12:26:07
Soil_Moisture\DDCA\DDCA_CH\SM\20200425.mat,7180397,2026-04-02 12:26:07
Soil_Moisture\DDCA\DDCA_CH\SM\20200429.mat,6504908,2026-04-02 12:26:07
Soil_Moisture\DDCA\DDCA_CH\SM\20200430.mat,7717670,2026-04-02 12:26:07
Soil_Moisture\DDCA\DDCA_CH\SM\20200421.mat,6368984,2026-04-02 12:26:06
Soil_Moisture\DDCA\DDCA_CH\SM\20200423.mat,6601649,2026-04-02 12:26:06
Soil_Moisture\DDCA\DDCA_CH\SM\20200424.mat,6762827,2026-04-02 12:26:06
Soil_Moisture\DDCA\DDCA_CH\SM\20200426.mat,6625793,2026-04-02 12:26:06
Soil_Moisture\DDCA\DDCA_CH\SM\20200427.mat,7104794,2026-04-02 12:26:06
Soil_Moisture\DDCA\DDCA_CH\SM\20200428.mat,6363481,2026-04-02 12:26:06
Soil_Moisture\DDCA\DDCA_CH\SM\20200420.mat,6608468,2026-04-02 12:26:00
Soil_Moisture\DDCA\DDCA_CH\SM\20200419.mat,6947682,2026-04-02 12:25:59
Soil_Moisture\DDCA\DDCA_CH\SM\20200413.mat,6160744,2026-04-02 12:25:58
Soil_Moisture\DDCA\DDCA_CH\SM\20200415.mat,6008390,2026-04-02 12:25:58
Soil_Moisture\DDCA\DDCA_CH\SM\20200416.mat,5778003,2026-04-02 12:25:58
Soil_Moisture\DDCA\DDCA_CH\SM\20200417.mat,6899402,2026-04-02 12:25:58
Soil_Moisture\DDCA\DDCA_CH\SM\20200418.mat,6422256,2026-04-02 12:25:58
Soil_Moisture\DDCA\DDCA_CH\SM\20200409.mat,6451533,2026-04-02 12:25:57
Soil_Moisture\DDCA\DDCA_CH\SM\20200411.mat,6676086,2026-04-02 12:25:57
Soil_Moisture\DDCA\DDCA_CH\SM\20200414.mat,7186599,2026-04-02 12:25:57
Soil_Moisture\DDCA\DDCA_CH\SM\20200412.mat,6339053,2026-04-02 12:25:56
Soil_Moisture\DDCA\DDCA_CH\SM\20200410.mat,6139056,2026-04-02 12:25:53
Soil_Moisture\DDCA\DDCA_CH\SM\20200406.mat,6512817,2026-04-02 12:25:51
Soil_Moisture\DDCA\DDCA_CH\SM\20200402.mat,5991045,2026-04-02 12:25:50
Soil_Moisture\DDCA\DDCA_CH\SM\20200403.mat,6497069,2026-04-02 12:25:50
Soil_Moisture\DDCA\DDCA_CH\SM\20200404.mat,6141671,2026-04-02 12:25:50
Soil_Moisture\DDCA\DDCA_CH\SM\20200408.mat,6403909,2026-04-02 12:25:50
Soil_Moisture\DDCA\DDCA_CH\SM\20200330.mat,5706251,2026-04-02 12:25:49
Soil_Moisture\DDCA\DDCA_CH\SM\20200331.mat,6213815,2026-04-02 12:25:49
Soil_Moisture\DDCA\DDCA_CH\SM\20200407.mat,5717731,2026-04-02 12:25:49
Soil_Moisture\DDCA\DDCA_CH\SM\20200401.mat,6422709,2026-04-02 12:25:47
Soil_Moisture\DDCA\DDCA_CH\SM\20200405.mat,5226529,2026-04-02 12:25:47
Soil_Moisture\DDCA\DDCA_CH\SM\20200329.mat,6747741,2026-04-02 12:25:42
Soil_Moisture\DDCA\DDCA_CH\SM\20200320.mat,5621515,2026-04-02 12:25:41
Soil_Moisture\DDCA\DDCA_CH\SM\20200321.mat,6678149,2026-04-02 12:25:41
Soil_Moisture\DDCA\DDCA_CH\SM\20200322.mat,5680196,2026-04-02 12:25:41
Soil_Moisture\DDCA\DDCA_CH\SM\20200323.mat,5724621,2026-04-02 12:25:41
Soil_Moisture\DDCA\DDCA_CH\SM\20200324.mat,5050032,2026-04-02 12:25:41
Soil_Moisture\DDCA\DDCA_CH\SM\20200325.mat,5839715,2026-04-02 12:25:41
Soil_Moisture\DDCA\DDCA_CH\SM\20200326.mat,6223257,2026-04-02 12:25:41
Soil_Moisture\DDCA\DDCA_CH\SM\20200327.mat,5987942,2026-04-02 12:25:41
Soil_Moisture\DDCA\DDCA_CH\SM\20200328.mat,5803840,2026-04-02 12:25:41
Soil_Moisture\DDCA\DDCA_CH\SM\20200311.mat,5530702,2026-04-02 12:25:34
Soil_Moisture\DDCA\DDCA_CH\SM\20200312.mat,5465800,2026-04-02 12:25:34
Soil_Moisture\DDCA\DDCA_CH\SM\20200313.mat,6384689,2026-04-02 12:25:34
Soil_Moisture\DDCA\DDCA_CH\SM\20200314.mat,5532800,2026-04-02 12:25:34
Soil_Moisture\DDCA\DDCA_CH\SM\20200315.mat,5877294,2026-04-02 12:25:34
Soil_Moisture\DDCA\DDCA_CH\SM\20200316.mat,6056780,2026-04-02 12:25:34
Soil_Moisture\DDCA\DDCA_CH\SM\20200317.mat,5625679,2026-04-02 12:25:34
Soil_Moisture\DDCA\DDCA_CH\SM\20200318.mat,6096438,2026-04-02 12:25:34
Soil_Moisture\DDCA\DDCA_CH\SM\20200319.mat,5445493,2026-04-02 12:25:34
Soil_Moisture\DDCA\DDCA_CH\SM\20200309.mat,5261146,2026-04-02 12:25:33
Soil_Moisture\DDCA\DDCA_CH\SM\20200310.mat,5974102,2026-04-02 12:25:30
Soil_Moisture\DDCA\DDCA_CH\SM\20200229.mat,5655929,2026-04-02 12:25:27
Soil_Moisture\DDCA\DDCA_CH\SM\20200303.mat,5329991,2026-04-02 12:25:27
Soil_Moisture\DDCA\DDCA_CH\SM\20200304.mat,5121963,2026-04-02 12:25:27
Soil_Moisture\DDCA\DDCA_CH\SM\20200305.mat,6257083,2026-04-02 12:25:27
Soil_Moisture\DDCA\DDCA_CH\SM\20200306.mat,4996943,2026-04-02 12:25:27
Soil_Moisture\DDCA\DDCA_CH\SM\20200307.mat,5706437,2026-04-02 12:25:27
Soil_Moisture\DDCA\DDCA_CH\SM\20200308.mat,5855977,2026-04-02 12:25:27
Soil_Moisture\DDCA\DDCA_CH\SM\20200228.mat,5494735,2026-04-02 12:25:26
Soil_Moisture\DDCA\DDCA_CH\SM\20200301.mat,5251948,2026-04-02 12:25:26
Soil_Moisture\DDCA\DDCA_CH\SM\20200302.mat,5794333,2026-04-02 12:25:25
Soil_Moisture\DDCA\DDCA_CH\SM\20200220.mat,5275124,2026-04-02 12:25:20
Soil_Moisture\DDCA\DDCA_CH\SM\20200221.mat,5438497,2026-04-02 12:25:20
Soil_Moisture\DDCA\DDCA_CH\SM\20200222.mat,5070537,2026-04-02 12:25:20
Soil_Moisture\DDCA\DDCA_CH\SM\20200223.mat,5553409,2026-04-02 12:25:20
Soil_Moisture\DDCA\DDCA_CH\SM\20200224.mat,5153652,2026-04-02 12:25:20
Soil_Moisture\DDCA\DDCA_CH\SM\20200226.mat,6022286,2026-04-02 12:25:20
Soil_Moisture\DDCA\DDCA_CH\SM\20200227.mat,5167224,2026-04-02 12:25:20
Soil_Moisture\DDCA\DDCA_CH\SM\20200218.mat,5836838,2026-04-02 12:25:19
Soil_Moisture\DDCA\DDCA_CH\SM\20200219.mat,4661006,2026-04-02 12:25:19
Soil_Moisture\DDCA\DDCA_CH\SM\20200225.mat,5066620,2026-04-02 12:25:19
Soil_Moisture\DDCA\DDCA_CH\SM\20200217.mat,3930491,2026-04-02 12:25:17
Soil_Moisture\DDCA\DDCA_CH\SM\20200207.mat,4985785,2026-04-02 12:25:13
Soil_Moisture\DDCA\DDCA_CH\SM\20200208.mat,4649364,2026-04-02 12:25:13
Soil_Moisture\DDCA\DDCA_CH\SM\20200209.mat,4422529,2026-04-02 12:25:13
Soil_Moisture\DDCA\DDCA_CH\SM\20200210.mat,5611493,2026-04-02 12:25:13
Soil_Moisture\DDCA\DDCA_CH\SM\20200211.mat,4822727,2026-04-02 12:25:13
Soil_Moisture\DDCA\DDCA_CH\SM\20200212.mat,4367924,2026-04-02 12:25:13
Soil_Moisture\DDCA\DDCA_CH\SM\20200213.mat,4974014,2026-04-02 12:25:13
Soil_Moisture\DDCA\DDCA_CH\SM\20200214.mat,4858308,2026-04-02 12:25:13
Soil_Moisture\DDCA\DDCA_CH\SM\20200215.mat,5382234,2026-04-02 12:25:13
Soil_Moisture\DDCA\DDCA_CH\SM\20200216.mat,4976972,2026-04-02 12:25:13
Soil_Moisture\DDCA\DDCA_CH\SM\20200206.mat,4398027,2026-04-02 12:25:08
Soil_Moisture\DDCA\DDCA_CH\SM\20200202.mat,5225078,2026-04-02 12:25:07
Soil_Moisture\DDCA\DDCA_CH\SM\20200205.mat,4936691,2026-04-02 12:25:07
Soil_Moisture\DDCA\DDCA_CH\SM\20200127.mat,4587708,2026-04-02 12:25:06
Soil_Moisture\DDCA\DDCA_CH\SM\20200128.mat,4945310,2026-04-02 12:25:06
Soil_Moisture\DDCA\DDCA_CH\SM\20200129.mat,4423455,2026-04-02 12:25:06
Soil_Moisture\DDCA\DDCA_CH\SM\20200130.mat,4968586,2026-04-02 12:25:06
Soil_Moisture\DDCA\DDCA_CH\SM\20200131.mat,4687881,2026-04-02 12:25:06
Soil_Moisture\DDCA\DDCA_CH\SM\20200201.mat,3431916,2026-04-02 12:25:06
Soil_Moisture\DDCA\DDCA_CH\SM\20200203.mat,4411987,2026-04-02 12:25:06
Soil_Moisture\DDCA\DDCA_CH\SM\20200204.mat,4604525,2026-04-02 12:25:06
Soil_Moisture\DDCA\DDCA_CH\SM\20200118.mat,4514673,2026-04-02 12:25:01
Soil_Moisture\DDCA\DDCA_CH\SM\20200121.mat,3834927,2026-04-02 12:25:01
Soil_Moisture\DDCA\DDCA_CH\SM\20200122.mat,4361339,2026-04-02 12:25:01
Soil_Moisture\DDCA\DDCA_CH\SM\20200123.mat,4044332,2026-04-02 12:25:01
Soil_Moisture\DDCA\DDCA_CH\SM\20200124.mat,4457613,2026-04-02 12:25:01
Soil_Moisture\DDCA\DDCA_CH\SM\20200125.mat,5174245,2026-04-02 12:25:01
Soil_Moisture\DDCA\DDCA_CH\SM\20200126.mat,4455988,2026-04-02 12:25:01
Soil_Moisture\DDCA\DDCA_CH\SM\20200117.mat,5087497,2026-04-02 12:25:00
Soil_Moisture\DDCA\DDCA_CH\SM\20200119.mat,4699109,2026-04-02 12:25:00
Soil_Moisture\DDCA\DDCA_CH\SM\20200120.mat,4707297,2026-04-02 12:25:00
Soil_Moisture\DDCA\DDCA_CH\SM\20200116.mat,4554949,2026-04-02 12:24:57
Soil_Moisture\DDCA\DDCA_CH\SM\20200106.mat,5178098,2026-04-02 12:24:55
Soil_Moisture\DDCA\DDCA_CH\SM\20200110.mat,4587545,2026-04-02 12:24:55
Soil_Moisture\DDCA\DDCA_CH\SM\20200111.mat,4788763,2026-04-02 12:24:55
Soil_Moisture\DDCA\DDCA_CH\SM\20200112.mat,5145916,2026-04-02 12:24:55
Soil_Moisture\DDCA\DDCA_CH\SM\20200113.mat,4564548,2026-04-02 12:24:55
Soil_Moisture\DDCA\DDCA_CH\SM\20200114.mat,5102740,2026-04-02 12:24:55
Soil_Moisture\DDCA\DDCA_CH\SM\20200115.mat,4811481,2026-04-02 12:24:55
Soil_Moisture\DDCA\DDCA_CH\SM\20200108.mat,4618256,2026-04-02 12:24:54
Soil_Moisture\DDCA\DDCA_CH\SM\20200109.mat,5365008,2026-04-02 12:24:54
Soil_Moisture\DDCA\DDCA_CH\SM\20200107.mat,4881010,2026-04-02 12:24:53
Soil_Moisture\DDCA\DDCA_CH\SM\20200105.mat,4628550,2026-04-02 12:24:51
Soil_Moisture\DDCA\DDCA_CH\SM\20191226.mat,4680946,2026-04-02 12:24:49
Soil_Moisture\DDCA\DDCA_CH\SM\20191227.mat,5139063,2026-04-02 12:24:49
Soil_Moisture\DDCA\DDCA_CH\SM\20191230.mat,477265,2026-04-02 12:24:49
Soil_Moisture\DDCA\DDCA_CH\SM\20200101.mat,5603214,2026-04-02 12:24:49
Soil_Moisture\DDCA\DDCA_CH\SM\20200102.mat,4651769,2026-04-02 12:24:49
Soil_Moisture\DDCA\DDCA_CH\SM\20200103.mat,4862798,2026-04-02 12:24:49
Soil_Moisture\DDCA\DDCA_CH\SM\20200104.mat,5177945,2026-04-02 12:24:49
Soil_Moisture\DDCA\DDCA_CH\SM\20191225.mat,4457414,2026-04-02 12:24:48
Soil_Moisture\DDCA\DDCA_CH\SM\20191228.mat,477265,2026-04-02 12:24:48
Soil_Moisture\DDCA\DDCA_CH\SM\20191229.mat,477265,2026-04-02 12:24:48
Soil_Moisture\DDCA\DDCA_CH\SM\20191231.mat,477265,2026-04-02 12:24:48
Soil_Moisture\DDCA\DDCA_CH\SM\20191215.mat,4325688,2026-04-02 12:24:44
Soil_Moisture\DDCA\DDCA_CH\SM\20191217.mat,4358696,2026-04-02 12:24:44
Soil_Moisture\DDCA\DDCA_CH\SM\20191219.mat,4968635,2026-04-02 12:24:44
Soil_Moisture\DDCA\DDCA_CH\SM\20191220.mat,4510881,2026-04-02 12:24:44
Soil_Moisture\DDCA\DDCA_CH\SM\20191221.mat,5021277,2026-04-02 12:24:44
Soil_Moisture\DDCA\DDCA_CH\SM\20191222.mat,4696330,2026-04-02 12:24:44
Soil_Moisture\DDCA\DDCA_CH\SM\20191223.mat,4416645,2026-04-02 12:24:44
Soil_Moisture\DDCA\DDCA_CH\SM\20191224.mat,4600583,2026-04-02 12:24:44
Soil_Moisture\DDCA\DDCA_CH\SM\20191216.mat,4933895,2026-04-02 12:24:43
Soil_Moisture\DDCA\DDCA_CH\SM\20191218.mat,3678444,2026-04-02 12:24:43
Soil_Moisture\DDCA\DDCA_CH\SM\20191214.mat,4606264,2026-04-02 12:24:39
Soil_Moisture\DDCA\DDCA_CH\SM\20191205.mat,4907297,2026-04-02 12:24:38
Soil_Moisture\DDCA\DDCA_CH\SM\20191206.mat,4268414,2026-04-02 12:24:38
Soil_Moisture\DDCA\DDCA_CH\SM\20191207.mat,4293737,2026-04-02 12:24:38
Soil_Moisture\DDCA\DDCA_CH\SM\20191208.mat,5052287,2026-04-02 12:24:38
Soil_Moisture\DDCA\DDCA_CH\SM\20191209.mat,4350279,2026-04-02 12:24:38
Soil_Moisture\DDCA\DDCA_CH\SM\20191210.mat,4587420,2026-04-02 12:24:38
Soil_Moisture\DDCA\DDCA_CH\SM\20191211.mat,4903053,2026-04-02 12:24:38
Soil_Moisture\DDCA\DDCA_CH\SM\20191212.mat,4055446,2026-04-02 12:24:38
Soil_Moisture\DDCA\DDCA_CH\SM\20191213.mat,4953451,2026-04-02 12:24:38
Soil_Moisture\DDCA\DDCA_CH\SM\20191204.mat,4384390,2026-04-02 12:24:36
Soil_Moisture\DDCA\DDCA_CH\SM\20191203.mat,4857454,2026-04-02 12:24:34
Soil_Moisture\DDCA\DDCA_CH\SM\20191123.mat,4246994,2026-04-02 12:24:32
Soil_Moisture\DDCA\DDCA_CH\SM\20191125.mat,4878874,2026-04-02 12:24:32
Soil_Moisture\DDCA\DDCA_CH\SM\20191126.mat,4322811,2026-04-02 12:24:32
Soil_Moisture\DDCA\DDCA_CH\SM\20191127.mat,4869974,2026-04-02 12:24:32
Soil_Moisture\DDCA\DDCA_CH\SM\20191128.mat,4525743,2026-04-02 12:24:32
Soil_Moisture\DDCA\DDCA_CH\SM\20191129.mat,4234833,2026-04-02 12:24:32
Soil_Moisture\DDCA\DDCA_CH\SM\20191130.mat,5029206,2026-04-02 12:24:32
Soil_Moisture\DDCA\DDCA_CH\SM\20191201.mat,4265128,2026-04-02 12:24:32
Soil_Moisture\DDCA\DDCA_CH\SM\20191202.mat,4542848,2026-04-02 12:24:32
Soil_Moisture\DDCA\DDCA_CH\SM\20191124.mat,3698497,2026-04-02 12:24:31
Soil_Moisture\DDCA\DDCA_CH\SM\20191114.mat,5717860,2026-04-02 12:24:27
Soil_Moisture\DDCA\DDCA_CH\SM\20191122.mat,5021931,2026-04-02 12:24:27
Soil_Moisture\DDCA\DDCA_CH\SM\20191112.mat,4662578,2026-04-02 12:24:26
Soil_Moisture\DDCA\DDCA_CH\SM\20191113.mat,4078491,2026-04-02 12:24:26
Soil_Moisture\DDCA\DDCA_CH\SM\20191115.mat,4495670,2026-04-02 12:24:26
Soil_Moisture\DDCA\DDCA_CH\SM\20191116.mat,5000131,2026-04-02 12:24:26
Soil_Moisture\DDCA\DDCA_CH\SM\20191117.mat,5718007,2026-04-02 12:24:26
Soil_Moisture\DDCA\DDCA_CH\SM\20191118.mat,4304245,2026-04-02 12:24:26
Soil_Moisture\DDCA\DDCA_CH\SM\20191119.mat,4844035,2026-04-02 12:24:26
Soil_Moisture\DDCA\DDCA_CH\SM\20191120.mat,4158908,2026-04-02 12:24:26
Soil_Moisture\DDCA\DDCA_CH\SM\20191121.mat,4078176,2026-04-02 12:24:26
Soil_Moisture\DDCA\DDCA_CH\SM\20191106.mat,6206957,2026-04-02 12:24:18
Soil_Moisture\DDCA\DDCA_CH\SM\20191107.mat,5160463,2026-04-02 12:24:18
Soil_Moisture\DDCA\DDCA_CH\SM\20191108.mat,5270690,2026-04-02 12:24:18
Soil_Moisture\DDCA\DDCA_CH\SM\20191109.mat,6054659,2026-04-02 12:24:18
Soil_Moisture\DDCA\DDCA_CH\SM\20191111.mat,4952748,2026-04-02 12:24:18
Soil_Moisture\DDCA\DDCA_CH\SM\20191102.mat,5134719,2026-04-02 12:24:17
Soil_Moisture\DDCA\DDCA_CH\SM\20191103.mat,5732304,2026-04-02 12:24:17
Soil_Moisture\DDCA\DDCA_CH\SM\20191104.mat,5573719,2026-04-02 12:24:17
Soil_Moisture\DDCA\DDCA_CH\SM\20191105.mat,4950120,2026-04-02 12:24:17
Soil_Moisture\DDCA\DDCA_CH\SM\20191110.mat,4851497,2026-04-02 12:24:17
Soil_Moisture\DDCA\DDCA_CH\SM\20191101.mat,5060044,2026-04-02 12:24:12
Soil_Moisture\DDCA\DDCA_CH\SM\20191030.mat,5313604,2026-04-02 12:24:11
Soil_Moisture\DDCA\DDCA_CH\SM\20191031.mat,5486092,2026-04-02 12:24:11
Soil_Moisture\DDCA\DDCA_CH\SM\20191022.mat,5320867,2026-04-02 12:24:10
Soil_Moisture\DDCA\DDCA_CH\SM\20191023.mat,5701541,2026-04-02 12:24:10
Soil_Moisture\DDCA\DDCA_CH\SM\20191024.mat,5241531,2026-04-02 12:24:10
Soil_Moisture\DDCA\DDCA_CH\SM\20191025.mat,5253916,2026-04-02 12:24:10
Soil_Moisture\DDCA\DDCA_CH\SM\20191026.mat,5944087,2026-04-02 12:24:10
Soil_Moisture\DDCA\DDCA_CH\SM\20191027.mat,5745207,2026-04-02 12:24:10
Soil_Moisture\DDCA\DDCA_CH\SM\20191029.mat,6364843,2026-04-02 12:24:10
Soil_Moisture\DDCA\DDCA_CH\SM\20191021.mat,6606811,2026-04-02 12:24:09
Soil_Moisture\DDCA\DDCA_CH\SM\20191020.mat,5271637,2026-04-02 12:24:08
Soil_Moisture\DDCA\DDCA_CH\SM\20191028.mat,5082061,2026-04-02 12:24:08
Soil_Moisture\DDCA\DDCA_CH\SM\20191012.mat,5540152,2026-04-02 12:24:01
Soil_Moisture\DDCA\DDCA_CH\SM\20191013.mat,6788311,2026-04-02 12:24:01
Soil_Moisture\DDCA\DDCA_CH\SM\20191014.mat,5740354,2026-04-02 12:24:01
Soil_Moisture\DDCA\DDCA_CH\SM\20191015.mat,5971236,2026-04-02 12:24:01
Soil_Moisture\DDCA\DDCA_CH\SM\20191016.mat,6899476,2026-04-02 12:24:01
Soil_Moisture\DDCA\DDCA_CH\SM\20191017.mat,5405368,2026-04-02 12:24:01
Soil_Moisture\DDCA\DDCA_CH\SM\20191018.mat,6186386,2026-04-02 12:24:01
Soil_Moisture\DDCA\DDCA_CH\SM\20191019.mat,5618091,2026-04-02 12:24:01
Soil_Moisture\DDCA\DDCA_CH\SM\20191011.mat,6187986,2026-04-02 12:24:00
Soil_Moisture\DDCA\DDCA_CH\SM\20191010.mat,5726438,2026-04-02 12:23:59
Soil_Moisture\DDCA\DDCA_CH\SM\20191009.mat,5649419,2026-04-02 12:23:55
Soil_Moisture\DDCA\DDCA_CH\SM\20191002.mat,6688759,2026-04-02 12:23:54
Soil_Moisture\DDCA\DDCA_CH\SM\20191005.mat,7085189,2026-04-02 12:23:54
Soil_Moisture\DDCA\DDCA_CH\SM\20191008.mat,7027066,2026-04-02 12:23:54
Soil_Moisture\DDCA\DDCA_CH\SM\20190930.mat,7256577,2026-04-02 12:23:53
Soil_Moisture\DDCA\DDCA_CH\SM\20191003.mat,6423482,2026-04-02 12:23:53
Soil_Moisture\DDCA\DDCA_CH\SM\20191004.mat,5817524,2026-04-02 12:23:53
Soil_Moisture\DDCA\DDCA_CH\SM\20191006.mat,5762806,2026-04-02 12:23:53
Soil_Moisture\DDCA\DDCA_CH\SM\20191007.mat,6214887,2026-04-02 12:23:53
Soil_Moisture\DDCA\DDCA_CH\SM\20190929.mat,6376629,2026-04-02 12:23:52
Soil_Moisture\DDCA\DDCA_CH\SM\20191001.mat,5909920,2026-04-02 12:23:52
Soil_Moisture\DDCA\DDCA_CH\SM\20190928.mat,6245467,2026-04-02 12:23:48
Soil_Moisture\DDCA\DDCA_CH\SM\20190921.mat,6785845,2026-04-02 12:23:46
Soil_Moisture\DDCA\DDCA_CH\SM\20190922.mat,7654439,2026-04-02 12:23:46
Soil_Moisture\DDCA\DDCA_CH\SM\20190924.mat,6815318,2026-04-02 12:23:46
Soil_Moisture\DDCA\DDCA_CH\SM\20190927.mat,7263773,2026-04-02 12:23:46
Soil_Moisture\DDCA\DDCA_CH\SM\20190920.mat,6680294,2026-04-02 12:23:45
Soil_Moisture\DDCA\DDCA_CH\SM\20190923.mat,6190652,2026-04-02 12:23:45
Soil_Moisture\DDCA\DDCA_CH\SM\20190925.mat,6659909,2026-04-02 12:23:45
Soil_Moisture\DDCA\DDCA_CH\SM\20190926.mat,5988917,2026-04-02 12:23:45
Soil_Moisture\DDCA\DDCA_CH\SM\20190914.mat,8250757,2026-04-02 12:23:44
Soil_Moisture\DDCA\DDCA_CH\SM\20190910.mat,6849145,2026-04-02 12:23:38
Soil_Moisture\DDCA\DDCA_CH\SM\20190911.mat,8173822,2026-04-02 12:23:38
Soil_Moisture\DDCA\DDCA_CH\SM\20190912.mat,7209703,2026-04-02 12:23:38
Soil_Moisture\DDCA\DDCA_CH\SM\20190915.mat,6263062,2026-04-02 12:23:38
Soil_Moisture\DDCA\DDCA_CH\SM\20190916.mat,7052495,2026-04-02 12:23:38
Soil_Moisture\DDCA\DDCA_CH\SM\20190917.mat,7033663,2026-04-02 12:23:38
Soil_Moisture\DDCA\DDCA_CH\SM\20190918.mat,6442347,2026-04-02 12:23:38
Soil_Moisture\DDCA\DDCA_CH\SM\20190919.mat,7680133,2026-04-02 12:23:38
Soil_Moisture\DDCA\DDCA_CH\SM\20190913.mat,7219623,2026-04-02 12:23:37
Soil_Moisture\DDCA\DDCA_CH\SM\20190901.mat,8088759,2026-04-02 12:23:31
Soil_Moisture\DDCA\DDCA_CH\SM\20190906.mat,7837963,2026-04-02 12:23:30
Soil_Moisture\DDCA\DDCA_CH\SM\20190908.mat,7653794,2026-04-02 12:23:30
Soil_Moisture\DDCA\DDCA_CH\SM\20190831.mat,8014626,2026-04-02 12:23:29
Soil_Moisture\DDCA\DDCA_CH\SM\20190902.mat,7305227,2026-04-02 12:23:29
Soil_Moisture\DDCA\DDCA_CH\SM\20190903.mat,8622704,2026-04-02 12:23:29
Soil_Moisture\DDCA\DDCA_CH\SM\20190904.mat,7659055,2026-04-02 12:23:29
Soil_Moisture\DDCA\DDCA_CH\SM\20190905.mat,7074226,2026-04-02 12:23:29
Soil_Moisture\DDCA\DDCA_CH\SM\20190907.mat,7126027,2026-04-02 12:23:29
Soil_Moisture\DDCA\DDCA_CH\SM\20190909.mat,7600804,2026-04-02 12:23:29
Soil_Moisture\DDCA\DDCA_CH\SM\20190823.mat,8340169,2026-04-02 12:23:21
Soil_Moisture\DDCA\DDCA_CH\SM\20190824.mat,8422551,2026-04-02 12:23:21
Soil_Moisture\DDCA\DDCA_CH\SM\20190826.mat,8982451,2026-04-02 12:23:21
Soil_Moisture\DDCA\DDCA_CH\SM\20190821.mat,9495085,2026-04-02 12:23:20
Soil_Moisture\DDCA\DDCA_CH\SM\20190825.mat,7640792,2026-04-02 12:23:20
Soil_Moisture\DDCA\DDCA_CH\SM\20190827.mat,8096898,2026-04-02 12:23:20
Soil_Moisture\DDCA\DDCA_CH\SM\20190828.mat,7955482,2026-04-02 12:23:20
Soil_Moisture\DDCA\DDCA_CH\SM\20190829.mat,9084571,2026-04-02 12:23:20
Soil_Moisture\DDCA\DDCA_CH\SM\20190830.mat,7681930,2026-04-02 12:23:20
Soil_Moisture\DDCA\DDCA_CH\SM\20190822.mat,8003052,2026-04-02 12:23:19
Soil_Moisture\DDCA\DDCA_CH\SM\20190814.mat,8436878,2026-04-02 12:23:11
Soil_Moisture\DDCA\DDCA_CH\SM\20190818.mat,9367462,2026-04-02 12:23:11
Soil_Moisture\DDCA\DDCA_CH\SM\20190812.mat,8168046,2026-04-02 12:23:10
Soil_Moisture\DDCA\DDCA_CH\SM\20190813.mat,9794510,2026-04-02 12:23:10
Soil_Moisture\DDCA\DDCA_CH\SM\20190815.mat,8647813,2026-04-02 12:23:10
Soil_Moisture\DDCA\DDCA_CH\SM\20190816.mat,8789475,2026-04-02 12:23:10
Soil_Moisture\DDCA\DDCA_CH\SM\20190817.mat,7924468,2026-04-02 12:23:10
Soil_Moisture\DDCA\DDCA_CH\SM\20190819.mat,8470652,2026-04-02 12:23:10
Soil_Moisture\DDCA\DDCA_CH\SM\20190820.mat,8275375,2026-04-02 12:23:10
Soil_Moisture\DDCA\DDCA_CH\SM\20190811.mat,7746540,2026-04-02 12:23:09
Soil_Moisture\DDCA\DDCA_CH\SM\20190805.mat,9868793,2026-04-02 12:23:02
Soil_Moisture\DDCA\DDCA_CH\SM\20190807.mat,8672375,2026-04-02 12:23:02
Soil_Moisture\DDCA\DDCA_CH\SM\20190803.mat,8707941,2026-04-02 12:23:01
Soil_Moisture\DDCA\DDCA_CH\SM\20190804.mat,8560322,2026-04-02 12:23:01
Soil_Moisture\DDCA\DDCA_CH\SM\20190808.mat,8947654,2026-04-02 12:23:01
Soil_Moisture\DDCA\DDCA_CH\SM\20190809.mat,8128253,2026-04-02 12:23:01
Soil_Moisture\DDCA\DDCA_CH\SM\20190810.mat,9452282,2026-04-02 12:23:01
Soil_Moisture\DDCA\DDCA_CH\SM\20190802.mat,9621440,2026-04-02 12:23:00
Soil_Moisture\DDCA\DDCA_CH\SM\20190731.mat,9092641,2026-04-02 12:22:59
Soil_Moisture\DDCA\DDCA_CH\SM\20190806.mat,6722943,2026-04-02 12:22:59
Soil_Moisture\DDCA\DDCA_CH\SM\20190801.mat,8268540,2026-04-02 12:22:54
Soil_Moisture\DDCA\DDCA_CH\SM\20190730.mat,8973508,2026-04-02 12:22:52
Soil_Moisture\DDCA\DDCA_CH\SM\20190725.mat,9617651,2026-04-02 12:22:51
Soil_Moisture\DDCA\DDCA_CH\SM\20190726.mat,8736962,2026-04-02 12:22:51
Soil_Moisture\DDCA\DDCA_CH\SM\20190727.mat,7987631,2026-04-02 12:22:51
Soil_Moisture\DDCA\DDCA_CH\SM\20190728.mat,9889632,2026-04-02 12:22:51
Soil_Moisture\DDCA\DDCA_CH\SM\20190729.mat,8667563,2026-04-02 12:22:51
Soil_Moisture\DDCA\DDCA_CH\SM\20190610.mat,8718689,2026-04-02 12:22:49
Soil_Moisture\DDCA\DDCA_CH\SM\20190517.mat,8067784,2026-04-02 12:22:48
Soil_Moisture\DDCA\DDCA_CH\SM\20190618.mat,8750937,2026-04-02 12:22:47
Soil_Moisture\DDCA\DDCA_CH\SM\20190724.mat,8319608,2026-04-02 12:22:47
Soil_Moisture\DDCA\DDCA_CH\SM\20190617.mat,8141366,2026-04-02 12:22:42
Soil_Moisture\DDCA\DDCA_CH\SM\20190619.mat,5342205,2026-04-02 12:22:42
Soil_Moisture\DDCA\DDCA_CH\SM\20190613.mat,8504265,2026-04-02 12:22:41
Soil_Moisture\DDCA\DDCA_CH\SM\20190616.mat,8107492,2026-04-02 12:22:41
Soil_Moisture\DDCA\DDCA_CH\SM\20190723.mat,1655842,2026-04-02 12:22:41
Soil_Moisture\DDCA\DDCA_CH\SM\20190615.mat,9059639,2026-04-02 12:22:40
Soil_Moisture\DDCA\DDCA_CH\SM\20190614.mat,7777716,2026-04-02 12:22:39
Soil_Moisture\DDCA\DDCA_CH\SM\20190612.mat,6948948,2026-04-02 12:22:38
Soil_Moisture\DDCA\DDCA_CH\SM\20190611.mat,4654290,2026-04-02 12:22:37
Soil_Moisture\DDCA\DDCA_CH\SM\20190607.mat,8407311,2026-04-02 12:22:36
Soil_Moisture\DDCA\DDCA_CH\SM\20190604.mat,8346141,2026-04-02 12:22:34
Soil_Moisture\DDCA\DDCA_CH\SM\20190606.mat,7534331,2026-04-02 12:22:32
Soil_Moisture\DDCA\DDCA_CH\SM\20190608.mat,7887232,2026-04-02 12:22:32
Soil_Moisture\DDCA\DDCA_CH\SM\20190602.mat,8781438,2026-04-02 12:22:31
Soil_Moisture\DDCA\DDCA_CH\SM\20190603.mat,7896967,2026-04-02 12:22:31
Soil_Moisture\DDCA\DDCA_CH\SM\20190605.mat,7711624,2026-04-02 12:22:31
Soil_Moisture\DDCA\DDCA_CH\SM\20190609.mat,7453650,2026-04-02 12:22:31
Soil_Moisture\DDCA\DDCA_CH\SM\20190530.mat,8430731,2026-04-02 12:22:29
Soil_Moisture\DDCA\DDCA_CH\SM\20190525.mat,8385332,2026-04-02 12:22:24
Soil_Moisture\DDCA\DDCA_CH\SM\20190527.mat,7959957,2026-04-02 12:22:24
Soil_Moisture\DDCA\DDCA_CH\SM\20190528.mat,7820438,2026-04-02 12:22:24
Soil_Moisture\DDCA\DDCA_CH\SM\20190522.mat,8131465,2026-04-02 12:22:23
Soil_Moisture\DDCA\DDCA_CH\SM\20190526.mat,7448147,2026-04-02 12:22:23
Soil_Moisture\DDCA\DDCA_CH\SM\20190529.mat,7240660,2026-04-02 12:22:23
Soil_Moisture\DDCA\DDCA_CH\SM\20190531.mat,7481607,2026-04-02 12:22:23
Soil_Moisture\DDCA\DDCA_CH\SM\20190601.mat,7546031,2026-04-02 12:22:23
Soil_Moisture\DDCA\DDCA_CH\SM\20190524.mat,7315411,2026-04-02 12:22:18
Soil_Moisture\DDCA\DDCA_CH\SM\20190515.mat,6975509,2026-04-02 12:22:17
Soil_Moisture\DDCA\DDCA_CH\SM\20190519.mat,6195183,2026-04-02 12:22:17
Soil_Moisture\DDCA\DDCA_CH\SM\20190520.mat,7553379,2026-04-02 12:22:17
Soil_Moisture\DDCA\DDCA_CH\SM\20190521.mat,6998685,2026-04-02 12:22:16
Soil_Moisture\DDCA\DDCA_CH\SM\20190523.mat,7206655,2026-04-02 12:22:16
Soil_Moisture\DDCA\DDCA_CH\SM\20190518.mat,7180631,2026-04-02 12:22:15
Soil_Moisture\DDCA\DDCA_CH\SM\20190516.mat,7111942,2026-04-02 12:22:14
Soil_Moisture\DDCA\DDCA_CH\SM\20190509.mat,7827249,2026-04-02 12:22:10
Soil_Moisture\DDCA\DDCA_CH\SM\20190512.mat,7309884,2026-04-02 12:22:09
Soil_Moisture\DDCA\DDCA_CH\SM\20190514.mat,7676535,2026-04-02 12:22:09
Soil_Moisture\DDCA\DDCA_CH\SM\20190506.mat,7482877,2026-04-02 12:22:08
Soil_Moisture\DDCA\DDCA_CH\SM\20190507.mat,6693186,2026-04-02 12:22:08
Soil_Moisture\DDCA\DDCA_CH\SM\20190508.mat,6770665,2026-04-02 12:22:08
Soil_Moisture\DDCA\DDCA_CH\SM\20190510.mat,6500217,2026-04-02 12:22:08
Soil_Moisture\DDCA\DDCA_CH\SM\20190511.mat,7476179,2026-04-02 12:22:08
Soil_Moisture\DDCA\DDCA_CH\SM\20190513.mat,6786277,2026-04-02 12:22:08
Soil_Moisture\DDCA\DDCA_CH\SM\20190505.mat,5686945,2026-04-02 12:22:07
Soil_Moisture\DDCA\DDCA_CH\SM\20190504.mat,6987398,2026-04-02 12:22:01
Soil_Moisture\DDCA\DDCA_CH\SM\20190425.mat,6871642,2026-04-02 12:22:00
Soil_Moisture\DDCA\DDCA_CH\SM\20190426.mat,6705765,2026-04-02 12:22:00
Soil_Moisture\DDCA\DDCA_CH\SM\20190428.mat,7209848,2026-04-02 12:22:00
Soil_Moisture\DDCA\DDCA_CH\SM\20190429.mat,6397001,2026-04-02 12:22:00
Soil_Moisture\DDCA\DDCA_CH\SM\20190430.mat,6506391,2026-04-02 12:22:00
Soil_Moisture\DDCA\DDCA_CH\SM\20190501.mat,7397712,2026-04-02 12:22:00
Soil_Moisture\DDCA\DDCA_CH\SM\20190502.mat,6629544,2026-04-02 12:22:00
Soil_Moisture\DDCA\DDCA_CH\SM\20190503.mat,7125193,2026-04-02 12:22:00
Soil_Moisture\DDCA\DDCA_CH\SM\20190427.mat,6248400,2026-04-02 12:21:59
Soil_Moisture\DDCA\DDCA_CH\SM\20190422.mat,6345011,2026-04-02 12:21:56
Soil_Moisture\DDCA\DDCA_CH\SM\20190424.mat,6365457,2026-04-02 12:21:53
Soil_Moisture\DDCA\DDCA_CH\SM\20190415.mat,6926712,2026-04-02 12:21:52
Soil_Moisture\DDCA\DDCA_CH\SM\20190416.mat,6174954,2026-04-02 12:21:52
Soil_Moisture\DDCA\DDCA_CH\SM\20190417.mat,6290854,2026-04-02 12:21:52
Soil_Moisture\DDCA\DDCA_CH\SM\20190418.mat,6506259,2026-04-02 12:21:52
Soil_Moisture\DDCA\DDCA_CH\SM\20190420.mat,6179020,2026-04-02 12:21:52
Soil_Moisture\DDCA\DDCA_CH\SM\20190421.mat,6194358,2026-04-02 12:21:52
Soil_Moisture\DDCA\DDCA_CH\SM\20190423.mat,7275363,2026-04-02 12:21:52
Soil_Moisture\DDCA\DDCA_CH\SM\20190414.mat,6202944,2026-04-02 12:21:51
Soil_Moisture\DDCA\DDCA_CH\SM\20190419.mat,6090339,2026-04-02 12:21:48
Soil_Moisture\DDCA\DDCA_CH\SM\20190412.mat,6824846,2026-04-02 12:21:46
Soil_Moisture\DDCA\DDCA_CH\SM\20190413.mat,6046584,2026-04-02 12:21:45
Soil_Moisture\DDCA\DDCA_CH\SM\20190404.mat,6622107,2026-04-02 12:21:44
Soil_Moisture\DDCA\DDCA_CH\SM\20190406.mat,6047784,2026-04-02 12:21:43
Soil_Moisture\DDCA\DDCA_CH\SM\20190407.mat,6775477,2026-04-02 12:21:43
Soil_Moisture\DDCA\DDCA_CH\SM\20190408.mat,6028180,2026-04-02 12:21:43
Soil_Moisture\DDCA\DDCA_CH\SM\20190409.mat,6567312,2026-04-02 12:21:43
Soil_Moisture\DDCA\DDCA_CH\SM\20190410.mat,6039914,2026-04-02 12:21:43
Soil_Moisture\DDCA\DDCA_CH\SM\20190411.mat,5940031,2026-04-02 12:21:43
Soil_Moisture\DDCA\DDCA_CH\SM\20190403.mat,5786860,2026-04-02 12:21:42
Soil_Moisture\DDCA\DDCA_CH\SM\20190405.mat,5908954,2026-04-02 12:21:42
Soil_Moisture\DDCA\DDCA_CH\SM\20190402.mat,6212790,2026-04-02 12:21:40
Soil_Moisture\DDCA\DDCA_CH\SM\20190324.mat,6238991,2026-04-02 12:21:35
Soil_Moisture\DDCA\DDCA_CH\SM\20190326.mat,5639147,2026-04-02 12:21:35
Soil_Moisture\DDCA\DDCA_CH\SM\20190327.mat,6483480,2026-04-02 12:21:35
Soil_Moisture\DDCA\DDCA_CH\SM\20190328.mat,5739456,2026-04-02 12:21:35
Soil_Moisture\DDCA\DDCA_CH\SM\20190329.mat,5896632,2026-04-02 12:21:35
Soil_Moisture\DDCA\DDCA_CH\SM\20190330.mat,6566161,2026-04-02 12:21:35
Soil_Moisture\DDCA\DDCA_CH\SM\20190331.mat,5858004,2026-04-02 12:21:35
Soil_Moisture\DDCA\DDCA_CH\SM\20190401.mat,6396805,2026-04-02 12:21:35
Soil_Moisture\DDCA\DDCA_CH\SM\20190323.mat,5716115,2026-04-02 12:21:34
Soil_Moisture\DDCA\DDCA_CH\SM\20190325.mat,5997950,2026-04-02 12:21:34
Soil_Moisture\DDCA\DDCA_CH\SM\20190322.mat,5070709,2026-04-02 12:21:30
Soil_Moisture\DDCA\DDCA_CH\SM\20190319.mat,6388014,2026-04-02 12:21:28
Soil_Moisture\DDCA\DDCA_CH\SM\20190321.mat,5821884,2026-04-02 12:21:28
Soil_Moisture\DDCA\DDCA_CH\SM\20190313.mat,5658230,2026-04-02 12:21:27
Soil_Moisture\DDCA\DDCA_CH\SM\20190314.mat,6265732,2026-04-02 12:21:27
Soil_Moisture\DDCA\DDCA_CH\SM\20190315.mat,5603322,2026-04-02 12:21:27
Soil_Moisture\DDCA\DDCA_CH\SM\20190316.mat,6148022,2026-04-02 12:21:27
Soil_Moisture\DDCA\DDCA_CH\SM\20190317.mat,5875125,2026-04-02 12:21:27
Soil_Moisture\DDCA\DDCA_CH\SM\20190318.mat,5548960,2026-04-02 12:21:27
Soil_Moisture\DDCA\DDCA_CH\SM\20190320.mat,5635632,2026-04-02 12:21:27
Soil_Moisture\DDCA\DDCA_CH\SM\20190311.mat,6178231,2026-04-02 12:21:25
Soil_Moisture\DDCA\DDCA_CH\SM\20190312.mat,5436989,2026-04-02 12:21:24
Soil_Moisture\DDCA\DDCA_CH\SM\20190305.mat,5396678,2026-04-02 12:21:20
Soil_Moisture\DDCA\DDCA_CH\SM\20190310.mat,5394188,2026-04-02 12:21:20
Soil_Moisture\DDCA\DDCA_CH\SM\20190228.mat,5695065,2026-04-02 12:21:19
Soil_Moisture\DDCA\DDCA_CH\SM\20190302.mat,5120709,2026-04-02 12:21:19
Soil_Moisture\DDCA\DDCA_CH\SM\20190303.mat,5556746,2026-04-02 12:21:19
Soil_Moisture\DDCA\DDCA_CH\SM\20190304.mat,5182851,2026-04-02 12:21:19
Soil_Moisture\DDCA\DDCA_CH\SM\20190306.mat,6096193,2026-04-02 12:21:19
Soil_Moisture\DDCA\DDCA_CH\SM\20190307.mat,5196070,2026-04-02 12:21:19
Soil_Moisture\DDCA\DDCA_CH\SM\20190308.mat,5943626,2026-04-02 12:21:19
Soil_Moisture\DDCA\DDCA_CH\SM\20190309.mat,5676587,2026-04-02 12:21:19
Soil_Moisture\DDCA\DDCA_CH\SM\20190301.mat,5417895,2026-04-02 12:21:17
Soil_Moisture\DDCA\DDCA_CH\SM\20190226.mat,5809156,2026-04-02 12:21:15
Soil_Moisture\DDCA\DDCA_CH\SM\20190227.mat,5175463,2026-04-02 12:21:14
Soil_Moisture\DDCA\DDCA_CH\SM\20190219.mat,4978067,2026-04-02 12:21:12
Soil_Moisture\DDCA\DDCA_CH\SM\20190220.mat,5482817,2026-04-02 12:21:12
Soil_Moisture\DDCA\DDCA_CH\SM\20190221.mat,5266569,2026-04-02 12:21:12
Soil_Moisture\DDCA\DDCA_CH\SM\20190222.mat,4911223,2026-04-02 12:21:12
Soil_Moisture\DDCA\DDCA_CH\SM\20190223.mat,5174105,2026-04-02 12:21:12
Soil_Moisture\DDCA\DDCA_CH\SM\20190224.mat,5020788,2026-04-02 12:21:12
Soil_Moisture\DDCA\DDCA_CH\SM\20190225.mat,4964619,2026-04-02 12:21:12
Soil_Moisture\DDCA\DDCA_CH\SM\20190218.mat,5677696,2026-04-02 12:21:11
Soil_Moisture\DDCA\DDCA_CH\SM\20190217.mat,5008505,2026-04-02 12:21:09
Soil_Moisture\DDCA\DDCA_CH\SM\20190215.mat,5533796,2026-04-02 12:21:08
Soil_Moisture\DDCA\DDCA_CH\SM\20190216.mat,4864501,2026-04-02 12:21:08
Soil_Moisture\DDCA\DDCA_CH\SM\20190209.mat,4571423,2026-04-02 12:21:07
Soil_Moisture\DDCA\DDCA_CH\SM\20190210.mat,5460978,2026-04-02 12:21:05
Soil_Moisture\DDCA\DDCA_CH\SM\20190211.mat,4833438,2026-04-02 12:21:05
Soil_Moisture\DDCA\DDCA_CH\SM\20190212.mat,5339093,2026-04-02 12:21:05
Soil_Moisture\DDCA\DDCA_CH\SM\20190213.mat,5126247,2026-04-02 12:21:05
Soil_Moisture\DDCA\DDCA_CH\SM\20190214.mat,4768895,2026-04-02 12:21:05
Soil_Moisture\DDCA\DDCA_CH\SM\20190206.mat,4378597,2026-04-02 12:21:04
Soil_Moisture\DDCA\DDCA_CH\SM\20190207.mat,5031109,2026-04-02 12:21:04
Soil_Moisture\DDCA\DDCA_CH\SM\20190208.mat,4501693,2026-04-02 12:21:04
Soil_Moisture\DDCA\DDCA_CH\SM\20190205.mat,4736345,2026-04-02 12:21:02
Soil_Moisture\DDCA\DDCA_CH\SM\20190204.mat,4476051,2026-04-02 12:21:01
Soil_Moisture\DDCA\DDCA_CH\SM\20190203.mat,4452016,2026-04-02 12:21:00
Soil_Moisture\DDCA\DDCA_CH\SM\20190201.mat,4620347,2026-04-02 12:20:59
Soil_Moisture\DDCA\DDCA_CH\SM\20190202.mat,4042228,2026-04-02 12:20:59
Soil_Moisture\DDCA\DDCA_CH\SM\20190125.mat,4974280,2026-04-02 12:20:58
Soil_Moisture\DDCA\DDCA_CH\SM\20190129.mat,4408395,2026-04-02 12:20:58
Soil_Moisture\DDCA\DDCA_CH\SM\20190127.mat,4929691,2026-04-02 12:20:57
Soil_Moisture\DDCA\DDCA_CH\SM\20190128.mat,4379197,2026-04-02 12:20:57
Soil_Moisture\DDCA\DDCA_CH\SM\20190130.mat,5074453,2026-04-02 12:20:57
Soil_Moisture\DDCA\DDCA_CH\SM\20190131.mat,4493225,2026-04-02 12:20:57
Soil_Moisture\DDCA\DDCA_CH\SM\20190123.mat,4524836,2026-04-02 12:20:56
Soil_Moisture\DDCA\DDCA_CH\SM\20190126.mat,4453769,2026-04-02 12:20:56
Soil_Moisture\DDCA\DDCA_CH\SM\20190124.mat,4675855,2026-04-02 12:20:55
Soil_Moisture\DDCA\DDCA_CH\SM\20190122.mat,5158788,2026-04-02 12:20:54
Soil_Moisture\DDCA\DDCA_CH\SM\20190117.mat,5088167,2026-04-02 12:20:52
Soil_Moisture\DDCA\DDCA_CH\SM\20190121.mat,4459280,2026-04-02 12:20:52
Soil_Moisture\DDCA\DDCA_CH\SM\20190114.mat,5245522,2026-04-02 12:20:51
Soil_Moisture\DDCA\DDCA_CH\SM\20190116.mat,4744571,2026-04-02 12:20:51
Soil_Moisture\DDCA\DDCA_CH\SM\20190118.mat,4490015,2026-04-02 12:20:51
Soil_Moisture\DDCA\DDCA_CH\SM\20190119.mat,5000117,2026-04-02 12:20:51
Soil_Moisture\DDCA\DDCA_CH\SM\20190120.mat,4788575,2026-04-02 12:20:51
Soil_Moisture\DDCA\DDCA_CH\SM\20190112.mat,4873140,2026-04-02 12:20:50
Soil_Moisture\DDCA\DDCA_CH\SM\20190115.mat,4603241,2026-04-02 12:20:50
Soil_Moisture\DDCA\DDCA_CH\SM\20190113.mat,3873873,2026-04-02 12:20:49
Soil_Moisture\DDCA\DDCA_CH\SM\20190111.mat,5102348,2026-04-02 12:20:48
Soil_Moisture\DDCA\DDCA_CH\SM\20190102.mat,4669665,2026-04-02 12:20:45
Soil_Moisture\DDCA\DDCA_CH\SM\20190106.mat,5337307,2026-04-02 12:20:45
Soil_Moisture\DDCA\DDCA_CH\SM\20190107.mat,4715944,2026-04-02 12:20:45
Soil_Moisture\DDCA\DDCA_CH\SM\20190109.mat,5237754,2026-04-02 12:20:45
Soil_Moisture\DDCA\DDCA_CH\SM\20190110.mat,4567734,2026-04-02 12:20:45
Soil_Moisture\DDCA\DDCA_CH\SM\20190101.mat,4985894,2026-04-02 12:20:44
Soil_Moisture\DDCA\DDCA_CH\SM\20190103.mat,5144982,2026-04-02 12:20:44
Soil_Moisture\DDCA\DDCA_CH\SM\20190104.mat,4954322,2026-04-02 12:20:44
Soil_Moisture\DDCA\DDCA_CH\SM\20190105.mat,4640199,2026-04-02 12:20:44
Soil_Moisture\DDCA\DDCA_CH\SM\20181227.mat,5359907,2026-04-02 12:20:43
Soil_Moisture\DDCA\DDCA_CH\SM\20190108.mat,4845874,2026-04-02 12:20:43
Soil_Moisture\DDCA\DDCA_CH\SM\20181230.mat,477265,2026-04-02 12:20:41
Soil_Moisture\DDCA\DDCA_CH\SM\20181231.mat,477265,2026-04-02 12:20:41
Soil_Moisture\DDCA\DDCA_CH\SM\20181228.mat,477265,2026-04-02 12:20:40
Soil_Moisture\DDCA\DDCA_CH\SM\20181229.mat,477265,2026-04-02 12:20:40
Soil_Moisture\DDCA\DDCA_CH\SM\20181221.mat,5728642,2026-04-02 12:20:38
Soil_Moisture\DDCA\DDCA_CH\SM\20181222.mat,4895568,2026-04-02 12:20:38
Soil_Moisture\DDCA\DDCA_CH\SM\20181224.mat,5534894,2026-04-02 12:20:38
Soil_Moisture\DDCA\DDCA_CH\SM\20181225.mat,4902224,2026-04-02 12:20:38
Soil_Moisture\DDCA\DDCA_CH\SM\20181226.mat,5068713,2026-04-02 12:20:38
Soil_Moisture\DDCA\DDCA_CH\SM\20181217.mat,4810245,2026-04-02 12:20:37
Soil_Moisture\DDCA\DDCA_CH\SM\20181218.mat,4716965,2026-04-02 12:20:37
Soil_Moisture\DDCA\DDCA_CH\SM\20181219.mat,4733422,2026-04-02 12:20:37
Soil_Moisture\DDCA\DDCA_CH\SM\20181220.mat,4877148,2026-04-02 12:20:37
Soil_Moisture\DDCA\DDCA_CH\SM\20181223.mat,5158801,2026-04-02 12:20:37
Soil_Moisture\DDCA\DDCA_CH\SM\20181216.mat,5186890,2026-04-02 12:20:36
Soil_Moisture\DDCA\DDCA_CH\SM\20181213.mat,5656213,2026-04-02 12:20:32
Soil_Moisture\DDCA\DDCA_CH\SM\20181215.mat,4863283,2026-04-02 12:20:32
Soil_Moisture\DDCA\DDCA_CH\SM\20181205.mat,5590790,2026-04-02 12:20:31
Soil_Moisture\DDCA\DDCA_CH\SM\20181206.mat,4762460,2026-04-02 12:20:31
Soil_Moisture\DDCA\DDCA_CH\SM\20181207.mat,5017926,2026-04-02 12:20:31
Soil_Moisture\DDCA\DDCA_CH\SM\20181208.mat,5469976,2026-04-02 12:20:31
Soil_Moisture\DDCA\DDCA_CH\SM\20181209.mat,4740474,2026-04-02 12:20:31
Soil_Moisture\DDCA\DDCA_CH\SM\20181210.mat,5412377,2026-04-02 12:20:31
Soil_Moisture\DDCA\DDCA_CH\SM\20181212.mat,4184781,2026-04-02 12:20:31
Soil_Moisture\DDCA\DDCA_CH\SM\20181214.mat,4828142,2026-04-02 12:20:31
Soil_Moisture\DDCA\DDCA_CH\SM\20181211.mat,5127996,2026-04-02 12:20:28
Soil_Moisture\DDCA\DDCA_CH\SM\20181204.mat,4731945,2026-04-02 12:20:27
Soil_Moisture\DDCA\DDCA_CH\SM\20181203.mat,5078480,2026-04-02 12:20:26
Soil_Moisture\DDCA\DDCA_CH\SM\20181124.mat,5332779,2026-04-02 12:20:24
Soil_Moisture\DDCA\DDCA_CH\SM\20181125.mat,5035124,2026-04-02 12:20:24
Soil_Moisture\DDCA\DDCA_CH\SM\20181127.mat,5320682,2026-04-02 12:20:24
Soil_Moisture\DDCA\DDCA_CH\SM\20181128.mat,4263084,2026-04-02 12:20:24
Soil_Moisture\DDCA\DDCA_CH\SM\20181129.mat,4952690,2026-04-02 12:20:24
Soil_Moisture\DDCA\DDCA_CH\SM\20181130.mat,5339718,2026-04-02 12:20:24
Soil_Moisture\DDCA\DDCA_CH\SM\20181201.mat,4617347,2026-04-02 12:20:24
Soil_Moisture\DDCA\DDCA_CH\SM\20181202.mat,5340577,2026-04-02 12:20:24
Soil_Moisture\DDCA\DDCA_CH\SM\20181126.mat,4623817,2026-04-02 12:20:23
Soil_Moisture\DDCA\DDCA_CH\SM\20181122.mat,5358164,2026-04-02 12:20:22
Soil_Moisture\DDCA\DDCA_CH\SM\20181123.mat,3763760,2026-04-02 12:20:19
Soil_Moisture\DDCA\DDCA_CH\SM\20181116.mat,5667906,2026-04-02 12:20:18
Soil_Moisture\DDCA\DDCA_CH\SM\20181112.mat,5058043,2026-04-02 12:20:17
Soil_Moisture\DDCA\DDCA_CH\SM\20181113.mat,5248317,2026-04-02 12:20:17
Soil_Moisture\DDCA\DDCA_CH\SM\20181114.mat,5723671,2026-04-02 12:20:17
Soil_Moisture\DDCA\DDCA_CH\SM\20181115.mat,4981865,2026-04-02 12:20:17
Soil_Moisture\DDCA\DDCA_CH\SM\20181117.mat,5587980,2026-04-02 12:20:17
Soil_Moisture\DDCA\DDCA_CH\SM\20181118.mat,4608784,2026-04-02 12:20:17
Soil_Moisture\DDCA\DDCA_CH\SM\20181119.mat,5537916,2026-04-02 12:20:17
Soil_Moisture\DDCA\DDCA_CH\SM\20181120.mat,4643878,2026-04-02 12:20:17
Soil_Moisture\DDCA\DDCA_CH\SM\20181121.mat,4017017,2026-04-02 12:20:17
Soil_Moisture\DDCA\DDCA_CH\SM\20181111.mat,5897388,2026-04-02 12:20:12
Soil_Moisture\DDCA\DDCA_CH\SM\20181102.mat,5230948,2026-04-02 12:20:11
Soil_Moisture\DDCA\DDCA_CH\SM\20181103.mat,6218123,2026-04-02 12:20:11
Soil_Moisture\DDCA\DDCA_CH\SM\20181104.mat,5314674,2026-04-02 12:20:11
Soil_Moisture\DDCA\DDCA_CH\SM\20181105.mat,5550254,2026-04-02 12:20:11
Soil_Moisture\DDCA\DDCA_CH\SM\20181106.mat,6002426,2026-04-02 12:20:11
Soil_Moisture\DDCA\DDCA_CH\SM\20181107.mat,5246962,2026-04-02 12:20:11
Soil_Moisture\DDCA\DDCA_CH\SM\20181108.mat,5943876,2026-04-02 12:20:11
Soil_Moisture\DDCA\DDCA_CH\SM\20181109.mat,5689317,2026-04-02 12:20:11
Soil_Moisture\DDCA\DDCA_CH\SM\20181110.mat,4933544,2026-04-02 12:20:11
Soil_Moisture\DDCA\DDCA_CH\SM\20181031.mat,6186130,2026-04-02 12:20:08
Soil_Moisture\DDCA\DDCA_CH\SM\20181101.mat,5984438,2026-04-02 12:20:07
Soil_Moisture\DDCA\DDCA_CH\SM\20181025.mat,5399526,2026-04-02 12:20:04
Soil_Moisture\DDCA\DDCA_CH\SM\20181023.mat,6363663,2026-04-02 12:20:03
Soil_Moisture\DDCA\DDCA_CH\SM\20181024.mat,6178434,2026-04-02 12:20:03
Soil_Moisture\DDCA\DDCA_CH\SM\20181026.mat,5984631,2026-04-02 12:20:03
Soil_Moisture\DDCA\DDCA_CH\SM\20181027.mat,5537062,2026-04-02 12:20:03
Soil_Moisture\DDCA\DDCA_CH\SM\20181028.mat,5722577,2026-04-02 12:20:03
Soil_Moisture\DDCA\DDCA_CH\SM\20181029.mat,6278503,2026-04-02 12:20:03
Soil_Moisture\DDCA\DDCA_CH\SM\20181030.mat,5449700,2026-04-02 12:20:03
Soil_Moisture\DDCA\DDCA_CH\SM\20181021.mat,6429371,2026-04-02 12:20:02
Soil_Moisture\DDCA\DDCA_CH\SM\20181022.mat,5651805,2026-04-02 12:20:02
Soil_Moisture\DDCA\DDCA_CH\SM\20181020.mat,5924208,2026-04-02 12:19:57
Soil_Moisture\DDCA\DDCA_CH\SM\20181011.mat,5440207,2026-04-02 12:19:56
Soil_Moisture\DDCA\DDCA_CH\SM\20181013.mat,6674425,2026-04-02 12:19:56
Soil_Moisture\DDCA\DDCA_CH\SM\20181014.mat,5779580,2026-04-02 12:19:56
Soil_Moisture\DDCA\DDCA_CH\SM\20181015.mat,6583593,2026-04-02 12:19:56
Soil_Moisture\DDCA\DDCA_CH\SM\20181016.mat,6591747,2026-04-02 12:19:56
Soil_Moisture\DDCA\DDCA_CH\SM\20181017.mat,5571382,2026-04-02 12:19:56
Soil_Moisture\DDCA\DDCA_CH\SM\20181018.mat,6678278,2026-04-02 12:19:56
Soil_Moisture\DDCA\DDCA_CH\SM\20181019.mat,5715182,2026-04-02 12:19:56
Soil_Moisture\DDCA\DDCA_CH\SM\20181012.mat,6164093,2026-04-02 12:19:55
Soil_Moisture\DDCA\DDCA_CH\SM\20181010.mat,6897973,2026-04-02 12:19:51
Soil_Moisture\DDCA\DDCA_CH\SM\20181008.mat,6420730,2026-04-02 12:19:50
Soil_Moisture\DDCA\DDCA_CH\SM\20181002.mat,7184017,2026-04-02 12:19:49
Soil_Moisture\DDCA\DDCA_CH\SM\20181004.mat,6500422,2026-04-02 12:19:49
Soil_Moisture\DDCA\DDCA_CH\SM\20181006.mat,6091181,2026-04-02 12:19:49
Soil_Moisture\DDCA\DDCA_CH\SM\20181007.mat,6903139,2026-04-02 12:19:49
Soil_Moisture\DDCA\DDCA_CH\SM\20181001.mat,6135187,2026-04-02 12:19:48
Soil_Moisture\DDCA\DDCA_CH\SM\20181003.mat,6116385,2026-04-02 12:19:48
Soil_Moisture\DDCA\DDCA_CH\SM\20181005.mat,6907250,2026-04-02 12:19:48
Soil_Moisture\DDCA\DDCA_CH\SM\20181009.mat,5779433,2026-04-02 12:19:48
Soil_Moisture\DDCA\DDCA_CH\SM\20180927.mat,7139775,2026-04-02 12:19:45
Soil_Moisture\DDCA\DDCA_CH\SM\20180930.mat,6888173,2026-04-02 12:19:43
Soil_Moisture\DDCA\DDCA_CH\SM\20180929.mat,7097260,2026-04-02 12:19:42
Soil_Moisture\DDCA\DDCA_CH\SM\20180924.mat,7410170,2026-04-02 12:19:41
Soil_Moisture\DDCA\DDCA_CH\SM\20180926.mat,6680306,2026-04-02 12:19:41
Soil_Moisture\DDCA\DDCA_CH\SM\20180921.mat,7089452,2026-04-02 12:19:40
Soil_Moisture\DDCA\DDCA_CH\SM\20180922.mat,7375543,2026-04-02 12:19:40
Soil_Moisture\DDCA\DDCA_CH\SM\20180923.mat,6285404,2026-04-02 12:19:40
Soil_Moisture\DDCA\DDCA_CH\SM\20180928.mat,6322144,2026-04-02 12:19:40
Soil_Moisture\DDCA\DDCA_CH\SM\20180925.mat,6329662,2026-04-02 12:19:39
Soil_Moisture\DDCA\DDCA_CH\SM\20180914.mat,8167989,2026-04-02 12:19:36
Soil_Moisture\DDCA\DDCA_CH\SM\20180920.mat,6672776,2026-04-02 12:19:36
Soil_Moisture\DDCA\DDCA_CH\SM\20180911.mat,8293417,2026-04-02 12:19:35
Soil_Moisture\DDCA\DDCA_CH\SM\20180916.mat,8022306,2026-04-02 12:19:35
Soil_Moisture\DDCA\DDCA_CH\SM\20180919.mat,7712564,2026-04-02 12:19:35
Soil_Moisture\DDCA\DDCA_CH\SM\20180910.mat,7584648,2026-04-02 12:19:31
Soil_Moisture\DDCA\DDCA_CH\SM\20180912.mat,7349747,2026-04-02 12:19:31
Soil_Moisture\DDCA\DDCA_CH\SM\20180913.mat,7215906,2026-04-02 12:19:31
Soil_Moisture\DDCA\DDCA_CH\SM\20180915.mat,6825124,2026-04-02 12:19:31
Soil_Moisture\DDCA\DDCA_CH\SM\20180918.mat,6408507,2026-04-02 12:19:31
Soil_Moisture\DDCA\DDCA_CH\SM\20180917.mat,6906221,2026-04-02 12:19:30
Soil_Moisture\DDCA\DDCA_CH\SM\20180905.mat,8367532,2026-04-02 12:19:29
Soil_Moisture\DDCA\DDCA_CH\SM\20180903.mat,8835530,2026-04-02 12:19:26
Soil_Moisture\DDCA\DDCA_CH\SM\20180825.mat,8425811,2026-04-02 12:19:23
Soil_Moisture\DDCA\DDCA_CH\SM\20180901.mat,8034135,2026-04-02 12:19:23
Soil_Moisture\DDCA\DDCA_CH\SM\20180904.mat,7994582,2026-04-02 12:19:23
Soil_Moisture\DDCA\DDCA_CH\SM\20180906.mat,6710982,2026-04-02 12:19:23
Soil_Moisture\DDCA\DDCA_CH\SM\20180908.mat,8540488,2026-04-02 12:19:23
Soil_Moisture\DDCA\DDCA_CH\SM\20180902.mat,7158611,2026-04-02 12:19:22
Soil_Moisture\DDCA\DDCA_CH\SM\20180907.mat,7199578,2026-04-02 12:19:22
Soil_Moisture\DDCA\DDCA_CH\SM\20180909.mat,7394575,2026-04-02 12:19:22
Soil_Moisture\DDCA\DDCA_CH\SM\20180823.mat,9477346,2026-04-02 12:19:15
Soil_Moisture\DDCA\DDCA_CH\SM\20180831.mat,9048371,2026-04-02 12:19:15
Soil_Moisture\DDCA\DDCA_CH\SM\20180821.mat,9317723,2026-04-02 12:19:14
Soil_Moisture\DDCA\DDCA_CH\SM\20180824.mat,8500116,2026-04-02 12:19:14
Soil_Moisture\DDCA\DDCA_CH\SM\20180826.mat,9268357,2026-04-02 12:19:14
Soil_Moisture\DDCA\DDCA_CH\SM\20180827.mat,8485141,2026-04-02 12:19:14
Soil_Moisture\DDCA\DDCA_CH\SM\20180828.mat,8820064,2026-04-02 12:19:14
Soil_Moisture\DDCA\DDCA_CH\SM\20180829.mat,9211610,2026-04-02 12:19:14
Soil_Moisture\DDCA\DDCA_CH\SM\20180830.mat,7665924,2026-04-02 12:19:14
Soil_Moisture\DDCA\DDCA_CH\SM\20180812.mat,9536778,2026-04-02 12:19:09
Soil_Moisture\DDCA\DDCA_CH\SM\20180820.mat,9213400,2026-04-02 12:19:08
Soil_Moisture\DDCA\DDCA_CH\SM\20180818.mat,9754200,2026-04-02 12:19:07
Soil_Moisture\DDCA\DDCA_CH\SM\20180811.mat,9320780,2026-04-02 12:19:06
Soil_Moisture\DDCA\DDCA_CH\SM\20180822.mat,8081069,2026-04-02 12:19:06
Soil_Moisture\DDCA\DDCA_CH\SM\20180814.mat,8519985,2026-04-02 12:19:03
Soil_Moisture\DDCA\DDCA_CH\SM\20180815.mat,9923819,2026-04-02 12:19:03
Soil_Moisture\DDCA\DDCA_CH\SM\20180817.mat,8835324,2026-04-02 12:19:03
Soil_Moisture\DDCA\DDCA_CH\SM\20180819.mat,8925100,2026-04-02 12:19:03
Soil_Moisture\DDCA\DDCA_CH\SM\20180810.mat,10131014,2026-04-02 12:19:02
Soil_Moisture\DDCA\DDCA_CH\SM\20180816.mat,8477442,2026-04-02 12:19:02
Soil_Moisture\DDCA\DDCA_CH\SM\20180813.mat,10016791,2026-04-02 12:18:57
Soil_Moisture\DDCA\DDCA_CH\SM\20180804.mat,9722752,2026-04-02 12:18:56
Soil_Moisture\DDCA\DDCA_CH\SM\20180807.mat,10218707,2026-04-02 12:18:56
Soil_Moisture\DDCA\DDCA_CH\SM\20180808.mat,9381306,2026-04-02 12:18:55
Soil_Moisture\DDCA\DDCA_CH\SM\20180802.mat,10332714,2026-04-02 12:18:52
Soil_Moisture\DDCA\DDCA_CH\SM\20180805.mat,10228558,2026-04-02 12:18:52
Soil_Moisture\DDCA\DDCA_CH\SM\20180803.mat,9620468,2026-04-02 12:18:51
Soil_Moisture\DDCA\DDCA_CH\SM\20180806.mat,8888207,2026-04-02 12:18:51
Soil_Moisture\DDCA\DDCA_CH\SM\20180809.mat,9124263,2026-04-02 12:18:51
Soil_Moisture\DDCA\DDCA_CH\SM\20180729.mat,9069284,2026-04-02 12:18:50
Soil_Moisture\DDCA\DDCA_CH\SM\20180730.mat,10386469,2026-04-02 12:18:48
Soil_Moisture\DDCA\DDCA_CH\SM\20180731.mat,9648900,2026-04-02 12:18:46
Soil_Moisture\DDCA\DDCA_CH\SM\20180728.mat,10142186,2026-04-02 12:18:44
Soil_Moisture\DDCA\DDCA_CH\SM\20180801.mat,9266557,2026-04-02 12:18:44
Soil_Moisture\DDCA\DDCA_CH\SM\20180727.mat,9706508,2026-04-02 12:18:42
Soil_Moisture\DDCA\DDCA_CH\SM\20180721.mat,9174790,2026-04-02 12:18:41
Soil_Moisture\DDCA\DDCA_CH\SM\20180726.mat,9606120,2026-04-02 12:18:41
Soil_Moisture\DDCA\DDCA_CH\SM\20180722.mat,10353775,2026-04-02 12:18:40
Soil_Moisture\DDCA\DDCA_CH\SM\20180723.mat,9625507,2026-04-02 12:18:40
Soil_Moisture\DDCA\DDCA_CH\SM\20180725.mat,9664107,2026-04-02 12:18:35
Soil_Moisture\DDCA\DDCA_CH\SM\20180712.mat,9991324,2026-04-02 12:18:33
Soil_Moisture\DDCA\DDCA_CH\SM\20180716.mat,9208301,2026-04-02 12:18:33
Soil_Moisture\DDCA\DDCA_CH\SM\20180720.mat,9961532,2026-04-02 12:18:33
Soil_Moisture\DDCA\DDCA_CH\SM\20180724.mat,9385323,2026-04-02 12:18:33
Soil_Moisture\DDCA\DDCA_CH\SM\20180715.mat,9508902,2026-04-02 12:18:32
Soil_Moisture\DDCA\DDCA_CH\SM\20180719.mat,9547225,2026-04-02 12:18:32
Soil_Moisture\DDCA\DDCA_CH\SM\20180711.mat,9166590,2026-04-02 12:18:27
Soil_Moisture\DDCA\DDCA_CH\SM\20180718.mat,8859164,2026-04-02 12:18:27
Soil_Moisture\DDCA\DDCA_CH\SM\20180713.mat,8991488,2026-04-02 12:18:26
Soil_Moisture\DDCA\DDCA_CH\SM\20180709.mat,9790413,2026-04-02 12:18:25
Soil_Moisture\DDCA\DDCA_CH\SM\20180710.mat,9146721,2026-04-02 12:18:25
Soil_Moisture\DDCA\DDCA_CH\SM\20180717.mat,9960582,2026-04-02 12:18:25
Soil_Moisture\DDCA\DDCA_CH\SM\20180714.mat,10121364,2026-04-02 12:18:24
Soil_Moisture\DDCA\DDCA_CH\SM\20180705.mat,8742609,2026-04-02 12:18:15
Soil_Moisture\DDCA\DDCA_CH\SM\20180708.mat,8783024,2026-04-02 12:18:15
Soil_Moisture\DDCA\DDCA_CH\SM\20180630.mat,8433855,2026-04-02 12:18:14
Soil_Moisture\DDCA\DDCA_CH\SM\20180701.mat,9317200,2026-04-02 12:18:14
Soil_Moisture\DDCA\DDCA_CH\SM\20180703.mat,8849328,2026-04-02 12:18:14
Soil_Moisture\DDCA\DDCA_CH\SM\20180704.mat,9638823,2026-04-02 12:18:14
Soil_Moisture\DDCA\DDCA_CH\SM\20180706.mat,9835352,2026-04-02 12:18:14
Soil_Moisture\DDCA\DDCA_CH\SM\20180707.mat,9205753,2026-04-02 12:18:14
Soil_Moisture\DDCA\DDCA_CH\SM\20180629.mat,8831783,2026-04-02 12:18:13
Soil_Moisture\DDCA\DDCA_CH\SM\20180702.mat,8765097,2026-04-02 12:18:13
Soil_Moisture\DDCA\DDCA_CH\SM\20180623.mat,8826186,2026-04-02 12:18:07
Soil_Moisture\DDCA\DDCA_CH\SM\20180622.mat,7887644,2026-04-02 12:18:05
Soil_Moisture\DDCA\DDCA_CH\SM\20180624.mat,8423912,2026-04-02 12:18:05
Soil_Moisture\DDCA\DDCA_CH\SM\20180626.mat,8274124,2026-04-02 12:18:05
Soil_Moisture\DDCA\DDCA_CH\SM\20180620.mat,8631690,2026-04-02 12:18:04
Soil_Moisture\DDCA\DDCA_CH\SM\20180621.mat,8403057,2026-04-02 12:18:04
Soil_Moisture\DDCA\DDCA_CH\SM\20180625.mat,8567666,2026-04-02 12:18:04
Soil_Moisture\DDCA\DDCA_CH\SM\20180628.mat,7492796,2026-04-02 12:18:04
Soil_Moisture\DDCA\DDCA_CH\SM\20180619.mat,8035348,2026-04-02 12:18:03
Soil_Moisture\DDCA\DDCA_CH\SM\20180627.mat,4848758,2026-04-02 12:18:01
Soil_Moisture\DDCA\DDCA_CH\SM\20180612.mat,8886227,2026-04-02 12:17:59
Soil_Moisture\DDCA\DDCA_CH\SM\20180618.mat,8694316,2026-04-02 12:17:58
Soil_Moisture\DDCA\DDCA_CH\SM\20180607.mat,8326606,2026-04-02 12:17:55
Soil_Moisture\DDCA\DDCA_CH\SM\20180609.mat,8112266,2026-04-02 12:17:54
Soil_Moisture\DDCA\DDCA_CH\SM\20180614.mat,8007059,2026-04-02 12:17:54
Soil_Moisture\DDCA\DDCA_CH\SM\20180615.mat,8493070,2026-04-02 12:17:54
Soil_Moisture\DDCA\DDCA_CH\SM\20180616.mat,8089871,2026-04-02 12:17:54
Soil_Moisture\DDCA\DDCA_CH\SM\20180617.mat,8348888,2026-04-02 12:17:54
Soil_Moisture\DDCA\DDCA_CH\SM\20180608.mat,7795786,2026-04-02 12:17:53
Soil_Moisture\DDCA\DDCA_CH\SM\20180611.mat,7726212,2026-04-02 12:17:53
Soil_Moisture\DDCA\DDCA_CH\SM\20180610.mat,8710674,2026-04-02 12:17:49
Soil_Moisture\DDCA\DDCA_CH\SM\20180613.mat,8100346,2026-04-02 12:17:47
Soil_Moisture\DDCA\DDCA_CH\SM\20180530.mat,8141995,2026-04-02 12:17:43
Soil_Moisture\DDCA\DDCA_CH\SM\20180604.mat,8608282,2026-04-02 12:17:43
Soil_Moisture\DDCA\DDCA_CH\SM\20180605.mat,7811585,2026-04-02 12:17:43
Soil_Moisture\DDCA\DDCA_CH\SM\20180527.mat,8331844,2026-04-02 12:17:42
Soil_Moisture\DDCA\DDCA_CH\SM\20180528.mat,7460098,2026-04-02 12:17:42
Soil_Moisture\DDCA\DDCA_CH\SM\20180529.mat,7440089,2026-04-02 12:17:42
Soil_Moisture\DDCA\DDCA_CH\SM\20180531.mat,7445693,2026-04-02 12:17:42
Soil_Moisture\DDCA\DDCA_CH\SM\20180601.mat,7811130,2026-04-02 12:17:42
Soil_Moisture\DDCA\DDCA_CH\SM\20180603.mat,7506375,2026-04-02 12:17:42
Soil_Moisture\DDCA\DDCA_CH\SM\20180606.mat,7750649,2026-04-02 12:17:42
Soil_Moisture\DDCA\DDCA_CH\SM\20180602.mat,8308478,2026-04-02 12:17:38
Soil_Moisture\DDCA\DDCA_CH\SM\20180525.mat,8006293,2026-04-02 12:17:35
Soil_Moisture\DDCA\DDCA_CH\SM\20180522.mat,7591205,2026-04-02 12:17:34
Soil_Moisture\DDCA\DDCA_CH\SM\20180519.mat,7822216,2026-04-02 12:17:33
Soil_Moisture\DDCA\DDCA_CH\SM\20180521.mat,7029055,2026-04-02 12:17:33
Soil_Moisture\DDCA\DDCA_CH\SM\20180523.mat,6998530,2026-04-02 12:17:33
Soil_Moisture\DDCA\DDCA_CH\SM\20180524.mat,7409834,2026-04-02 12:17:33
Soil_Moisture\DDCA\DDCA_CH\SM\20180526.mat,7166955,2026-04-02 12:17:33
Soil_Moisture\DDCA\DDCA_CH\SM\20180517.mat,7441613,2026-04-02 12:17:32
Soil_Moisture\DDCA\DDCA_CH\SM\20180518.mat,6721836,2026-04-02 12:17:32
Soil_Moisture\DDCA\DDCA_CH\SM\20180520.mat,7010690,2026-04-02 12:17:29
Soil_Moisture\DDCA\DDCA_CH\SM\20180511.mat,7527723,2026-04-02 12:17:25
Soil_Moisture\DDCA\DDCA_CH\SM\20180514.mat,7380545,2026-04-02 12:17:25
Soil_Moisture\DDCA\DDCA_CH\SM\20180509.mat,7293596,2026-04-02 12:17:24
Soil_Moisture\DDCA\DDCA_CH\SM\20180510.mat,6483261,2026-04-02 12:17:24
Soil_Moisture\DDCA\DDCA_CH\SM\20180512.mat,6712738,2026-04-02 12:17:24
Soil_Moisture\DDCA\DDCA_CH\SM\20180513.mat,6762359,2026-04-02 12:17:24
Soil_Moisture\DDCA\DDCA_CH\SM\20180515.mat,6394824,2026-04-02 12:17:24
Soil_Moisture\DDCA\DDCA_CH\SM\20180516.mat,7156376,2026-04-02 12:17:24
Soil_Moisture\DDCA\DDCA_CH\SM\20180507.mat,6430520,2026-04-02 12:17:22
Soil_Moisture\DDCA\DDCA_CH\SM\20180508.mat,6967507,2026-04-02 12:17:22
Soil_Moisture\DDCA\DDCA_CH\SM\20180427.mat,6366152,2026-04-02 12:17:15
Soil_Moisture\DDCA\DDCA_CH\SM\20180428.mat,6868008,2026-04-02 12:17:15
Soil_Moisture\DDCA\DDCA_CH\SM\20180429.mat,6230093,2026-04-02 12:17:15
Soil_Moisture\DDCA\DDCA_CH\SM\20180430.mat,6726441,2026-04-02 12:17:15
Soil_Moisture\DDCA\DDCA_CH\SM\20180501.mat,6871791,2026-04-02 12:17:15
Soil_Moisture\DDCA\DDCA_CH\SM\20180502.mat,6318535,2026-04-02 12:17:15
Soil_Moisture\DDCA\DDCA_CH\SM\20180503.mat,7273207,2026-04-02 12:17:15
Soil_Moisture\DDCA\DDCA_CH\SM\20180504.mat,6429384,2026-04-02 12:17:15
Soil_Moisture\DDCA\DDCA_CH\SM\20180505.mat,6627274,2026-04-02 12:17:15
Soil_Moisture\DDCA\DDCA_CH\SM\20180506.mat,7114691,2026-04-02 12:17:15
Soil_Moisture\DDCA\DDCA_CH\SM\20180426.mat,6216590,2026-04-02 12:17:08
Soil_Moisture\DDCA\DDCA_CH\SM\20180417.mat,6679740,2026-04-02 12:17:07
Soil_Moisture\DDCA\DDCA_CH\SM\20180419.mat,6152404,2026-04-02 12:17:07
Soil_Moisture\DDCA\DDCA_CH\SM\20180420.mat,6531318,2026-04-02 12:17:07
Soil_Moisture\DDCA\DDCA_CH\SM\20180421.mat,6028368,2026-04-02 12:17:07
Soil_Moisture\DDCA\DDCA_CH\SM\20180422.mat,6455004,2026-04-02 12:17:07
Soil_Moisture\DDCA\DDCA_CH\SM\20180423.mat,6692812,2026-04-02 12:17:07
Soil_Moisture\DDCA\DDCA_CH\SM\20180424.mat,6116546,2026-04-02 12:17:07
Soil_Moisture\DDCA\DDCA_CH\SM\20180425.mat,7011992,2026-04-02 12:17:07
Soil_Moisture\DDCA\DDCA_CH\SM\20180418.mat,5980508,2026-04-02 12:17:06
Soil_Moisture\DDCA\DDCA_CH\SM\20180416.mat,5926569,2026-04-02 12:17:03
Soil_Moisture\DDCA\DDCA_CH\SM\20180411.mat,5333611,2026-04-02 12:17:01
Soil_Moisture\DDCA\DDCA_CH\SM\20180412.mat,6312219,2026-04-02 12:17:00
Soil_Moisture\DDCA\DDCA_CH\SM\20180413.mat,5864575,2026-04-02 12:17:00
Soil_Moisture\DDCA\DDCA_CH\SM\20180414.mat,6338899,2026-04-02 12:17:00
Soil_Moisture\DDCA\DDCA_CH\SM\20180415.mat,6287375,2026-04-02 12:17:00
Soil_Moisture\DDCA\DDCA_CH\SM\20180408.mat,5841638,2026-04-02 12:16:59
Soil_Moisture\DDCA\DDCA_CH\SM\20180409.mat,6507166,2026-04-02 12:16:59
Soil_Moisture\DDCA\DDCA_CH\SM\20180410.mat,5795774,2026-04-02 12:16:59
Soil_Moisture\DDCA\DDCA_CH\SM\20180406.mat,6075927,2026-04-02 12:16:58
Soil_Moisture\DDCA\DDCA_CH\SM\20180407.mat,6194155,2026-04-02 12:16:57
Soil_Moisture\DDCA\DDCA_CH\SM\20180403.mat,5806255,2026-04-02 12:16:54
Soil_Moisture\DDCA\DDCA_CH\SM\20180404.mat,6087019,2026-04-02 12:16:54
Soil_Moisture\DDCA\DDCA_CH\SM\20180405.mat,5616971,2026-04-02 12:16:54
Soil_Moisture\DDCA\DDCA_CH\SM\20180330.mat,5858826,2026-04-02 12:16:53
Soil_Moisture\DDCA\DDCA_CH\SM\20180328.mat,5487175,2026-04-02 12:16:52
Soil_Moisture\DDCA\DDCA_CH\SM\20180331.mat,5591730,2026-04-02 12:16:52
Soil_Moisture\DDCA\DDCA_CH\SM\20180402.mat,5576605,2026-04-02 12:16:52
Soil_Moisture\DDCA\DDCA_CH\SM\20180401.mat,6249930,2026-04-02 12:16:51
Soil_Moisture\DDCA\DDCA_CH\SM\20180329.mat,5912732,2026-04-02 12:16:50
Soil_Moisture\DDCA\DDCA_CH\SM\20180323.mat,5467967,2026-04-02 12:16:49
Soil_Moisture\DDCA\DDCA_CH\SM\20180325.mat,5425810,2026-04-02 12:16:49
Soil_Moisture\DDCA\DDCA_CH\SM\20180326.mat,5660048,2026-04-02 12:16:48
Soil_Moisture\DDCA\DDCA_CH\SM\20180321.mat,5660684,2026-04-02 12:16:47
Soil_Moisture\DDCA\DDCA_CH\SM\20180327.mat,5906017,2026-04-02 12:16:47
Soil_Moisture\DDCA\DDCA_CH\SM\20180322.mat,5804300,2026-04-02 12:16:46
Soil_Moisture\DDCA\DDCA_CH\SM\20180317.mat,5274863,2026-04-02 12:16:44
Soil_Moisture\DDCA\DDCA_CH\SM\20180324.mat,6062255,2026-04-02 12:16:44
Soil_Moisture\DDCA\DDCA_CH\SM\20180319.mat,3993272,2026-04-02 12:16:43
Soil_Moisture\DDCA\DDCA_CH\SM\20180320.mat,4219498,2026-04-02 12:16:43
Soil_Moisture\DDCA\DDCA_CH\SM\20180318.mat,4447485,2026-04-02 12:16:42
Soil_Moisture\DDCA\DDCA_CH\SM\20180303.mat,5423832,2026-04-02 12:16:41
Soil_Moisture\DDCA\DDCA_CH\SM\20180311.mat,5623959,2026-04-02 12:16:40
Soil_Moisture\DDCA\DDCA_CH\SM\20180316.mat,5859836,2026-04-02 12:16:40
Soil_Moisture\DDCA\DDCA_CH\SM\20180312.mat,5235585,2026-04-02 12:16:39
Soil_Moisture\DDCA\DDCA_CH\SM\20180314.mat,5585018,2026-04-02 12:16:39
Soil_Moisture\DDCA\DDCA_CH\SM\20180315.mat,5345169,2026-04-02 12:16:39
Soil_Moisture\DDCA\DDCA_CH\SM\20180309.mat,4985425,2026-04-02 12:16:38
Soil_Moisture\DDCA\DDCA_CH\SM\20180310.mat,5438432,2026-04-02 12:16:38
Soil_Moisture\DDCA\DDCA_CH\SM\20180313.mat,5658527,2026-04-02 12:16:38
Soil_Moisture\DDCA\DDCA_CH\SM\20180308.mat,5311547,2026-04-02 12:16:37
Soil_Moisture\DDCA\DDCA_CH\SM\20180307.mat,5234579,2026-04-02 12:16:35
Soil_Moisture\DDCA\DDCA_CH\SM\20180305.mat,5606298,2026-04-02 12:16:34
Soil_Moisture\DDCA\DDCA_CH\SM\20180306.mat,5574270,2026-04-02 12:16:33
Soil_Moisture\DDCA\DDCA_CH\SM\20180227.mat,5196051,2026-04-02 12:16:32
Soil_Moisture\DDCA\DDCA_CH\SM\20180301.mat,4384693,2026-04-02 12:16:32
Soil_Moisture\DDCA\DDCA_CH\SM\20180302.mat,5403583,2026-04-02 12:16:32
Soil_Moisture\DDCA\DDCA_CH\SM\20180304.mat,4407183,2026-04-02 12:16:32
Soil_Moisture\DDCA\DDCA_CH\SM\20180225.mat,5450761,2026-04-02 12:16:31
Soil_Moisture\DDCA\DDCA_CH\SM\20180226.mat,5312337,2026-04-02 12:16:31
Soil_Moisture\DDCA\DDCA_CH\SM\20180228.mat,5648310,2026-04-02 12:16:31
Soil_Moisture\DDCA\DDCA_CH\SM\20180217.mat,5256033,2026-04-02 12:16:27
Soil_Moisture\DDCA\DDCA_CH\SM\20180224.mat,4916458,2026-04-02 12:16:27
Soil_Moisture\DDCA\DDCA_CH\SM\20180219.mat,5026626,2026-04-02 12:16:26
Soil_Moisture\DDCA\DDCA_CH\SM\20180220.mat,5434119,2026-04-02 12:16:26
Soil_Moisture\DDCA\DDCA_CH\SM\20180221.mat,4955753,2026-04-02 12:16:26
Soil_Moisture\DDCA\DDCA_CH\SM\20180222.mat,5254425,2026-04-02 12:16:26
Soil_Moisture\DDCA\DDCA_CH\SM\20180223.mat,5279920,2026-04-02 12:16:26
Soil_Moisture\DDCA\DDCA_CH\SM\20180214.mat,4989556,2026-04-02 12:16:25
Soil_Moisture\DDCA\DDCA_CH\SM\20180216.mat,4694514,2026-04-02 12:16:25
Soil_Moisture\DDCA\DDCA_CH\SM\20180218.mat,5218721,2026-04-02 12:16:25
Soil_Moisture\DDCA\DDCA_CH\SM\20180215.mat,4728712,2026-04-02 12:16:24
Soil_Moisture\DDCA\DDCA_CH\SM\20180211.mat,4253045,2026-04-02 12:16:22
Soil_Moisture\DDCA\DDCA_CH\SM\20180212.mat,4548478,2026-04-02 12:16:20
Soil_Moisture\DDCA\DDCA_CH\SM\20180213.mat,4693123,2026-04-02 12:16:20
Soil_Moisture\DDCA\DDCA_CH\SM\20180202.mat,4538258,2026-04-02 12:16:19
Soil_Moisture\DDCA\DDCA_CH\SM\20180204.mat,4830262,2026-04-02 12:16:19
Soil_Moisture\DDCA\DDCA_CH\SM\20180205.mat,4322348,2026-04-02 12:16:19
Soil_Moisture\DDCA\DDCA_CH\SM\20180206.mat,4693700,2026-04-02 12:16:19
Soil_Moisture\DDCA\DDCA_CH\SM\20180207.mat,3636341,2026-04-02 12:16:19
Soil_Moisture\DDCA\DDCA_CH\SM\20180208.mat,3666363,2026-04-02 12:16:19
Soil_Moisture\DDCA\DDCA_CH\SM\20180209.mat,2748845,2026-04-02 12:16:19
Soil_Moisture\DDCA\DDCA_CH\SM\20180210.mat,4361017,2026-04-02 12:16:19
Soil_Moisture\DDCA\DDCA_CH\SM\20180131.mat,4360259,2026-04-02 12:16:16
Soil_Moisture\DDCA\DDCA_CH\SM\20180201.mat,4867175,2026-04-02 12:16:16
Soil_Moisture\DDCA\DDCA_CH\SM\20180130.mat,4642464,2026-04-02 12:16:15
Soil_Moisture\DDCA\DDCA_CH\SM\20180203.mat,4446163,2026-04-02 12:16:15
Soil_Moisture\DDCA\DDCA_CH\SM\20180127.mat,4819722,2026-04-02 12:16:13
Soil_Moisture\DDCA\DDCA_CH\SM\20180123.mat,4431694,2026-04-02 12:16:12
Soil_Moisture\DDCA\DDCA_CH\SM\20180124.mat,4930695,2026-04-02 12:16:12
Soil_Moisture\DDCA\DDCA_CH\SM\20180125.mat,4511419,2026-04-02 12:16:12
Soil_Moisture\DDCA\DDCA_CH\SM\20180126.mat,4424099,2026-04-02 12:16:12
Soil_Moisture\DDCA\DDCA_CH\SM\20180128.mat,4343230,2026-04-02 12:16:12
Soil_Moisture\DDCA\DDCA_CH\SM\20180129.mat,4636522,2026-04-02 12:16:12
Soil_Moisture\DDCA\DDCA_CH\SM\20180120.mat,4426510,2026-04-02 12:16:11
Soil_Moisture\DDCA\DDCA_CH\SM\20180121.mat,4712575,2026-04-02 12:16:11
Soil_Moisture\DDCA\DDCA_CH\SM\20180122.mat,4726317,2026-04-02 12:16:11
Soil_Moisture\DDCA\DDCA_CH\SM\20180117.mat,4703545,2026-04-02 12:16:08
Soil_Moisture\DDCA\DDCA_CH\SM\20180118.mat,4491911,2026-04-02 12:16:08
Soil_Moisture\DDCA\DDCA_CH\SM\20180119.mat,4909330,2026-04-02 12:16:08
Soil_Moisture\DDCA\DDCA_CH\SM\20180113.mat,4836470,2026-04-02 12:16:07
Soil_Moisture\DDCA\DDCA_CH\SM\20180115.mat,4588427,2026-04-02 12:16:07
Soil_Moisture\DDCA\DDCA_CH\SM\20180116.mat,5077309,2026-04-02 12:16:07
Soil_Moisture\DDCA\DDCA_CH\SM\20180114.mat,4954091,2026-04-02 12:16:06
Soil_Moisture\DDCA\DDCA_CH\SM\20180111.mat,3605123,2026-04-02 12:16:05
Soil_Moisture\DDCA\DDCA_CH\SM\20180112.mat,3121119,2026-04-02 12:16:05
Soil_Moisture\DDCA\DDCA_CH\SM\20180109.mat,2840159,2026-04-02 12:16:04
Soil_Moisture\DDCA\DDCA_CH\SM\20180110.mat,3165781,2026-04-02 12:16:04
Soil_Moisture\DDCA\DDCA_CH\SM\20180101.mat,5081223,2026-04-02 12:16:03
Soil_Moisture\DDCA\DDCA_CH\SM\20180107.mat,4168637,2026-04-02 12:16:03
Soil_Moisture\DDCA\DDCA_CH\SM\20180108.mat,3888138,2026-04-02 12:16:03
Soil_Moisture\DDCA\DDCA_CH\SM\20171227.mat,4591582,2026-04-02 12:16:02
Soil_Moisture\DDCA\DDCA_CH\SM\20180103.mat,5250831,2026-04-02 12:16:02
Soil_Moisture\DDCA\DDCA_CH\SM\20180102.mat,4716960,2026-04-02 12:16:01
Soil_Moisture\DDCA\DDCA_CH\SM\20180104.mat,4241964,2026-04-02 12:16:01
Soil_Moisture\DDCA\DDCA_CH\SM\20171231.mat,477265,2026-04-02 12:16:00
Soil_Moisture\DDCA\DDCA_CH\SM\20180105.mat,4311050,2026-04-02 12:16:00
Soil_Moisture\DDCA\DDCA_CH\SM\20180106.mat,4589852,2026-04-02 12:16:00
Soil_Moisture\DDCA\DDCA_CH\SM\20171224.mat,4635853,2026-04-02 12:15:58
Soil_Moisture\DDCA\DDCA_CH\SM\20171226.mat,5310754,2026-04-02 12:15:58
Soil_Moisture\DDCA\DDCA_CH\SM\20171230.mat,477265,2026-04-02 12:15:58
Soil_Moisture\DDCA\DDCA_CH\SM\20171222.mat,4322355,2026-04-02 12:15:57
Soil_Moisture\DDCA\DDCA_CH\SM\20171225.mat,4228208,2026-04-02 12:15:57
Soil_Moisture\DDCA\DDCA_CH\SM\20171228.mat,477265,2026-04-02 12:15:57
Soil_Moisture\DDCA\DDCA_CH\SM\20171229.mat,477265,2026-04-02 12:15:57
Soil_Moisture\DDCA\DDCA_CH\SM\20171218.mat,5244967,2026-04-02 12:15:55
Soil_Moisture\DDCA\DDCA_CH\SM\20171219.mat,4356138,2026-04-02 12:15:55
Soil_Moisture\DDCA\DDCA_CH\SM\20171220.mat,4633039,2026-04-02 12:15:55
Soil_Moisture\DDCA\DDCA_CH\SM\20171223.mat,4683456,2026-04-02 12:15:55
Soil_Moisture\DDCA\DDCA_CH\SM\20171216.mat,4561236,2026-04-02 12:15:54
Soil_Moisture\DDCA\DDCA_CH\SM\20171217.mat,4184932,2026-04-02 12:15:54
Soil_Moisture\DDCA\DDCA_CH\SM\20171221.mat,5049053,2026-04-02 12:15:54
Soil_Moisture\DDCA\DDCA_CH\SM\20171013.mat,6177187,2026-04-02 12:15:52
Soil_Moisture\DDCA\DDCA_CH\SM\20171215.mat,5011974,2026-04-02 12:15:52
Soil_Moisture\DDCA\DDCA_CH\SM\20171210.mat,4873653,2026-04-02 12:15:50
Soil_Moisture\DDCA\DDCA_CH\SM\20171214.mat,4259079,2026-04-02 12:15:50
Soil_Moisture\DDCA\DDCA_CH\SM\20171205.mat,4960888,2026-04-02 12:15:49
Soil_Moisture\DDCA\DDCA_CH\SM\20171208.mat,4533686,2026-04-02 12:15:49
Soil_Moisture\DDCA\DDCA_CH\SM\20171209.mat,4148874,2026-04-02 12:15:49
Soil_Moisture\DDCA\DDCA_CH\SM\20171212.mat,4598280,2026-04-02 12:15:49
Soil_Moisture\DDCA\DDCA_CH\SM\20171213.mat,4961200,2026-04-02 12:15:49
Soil_Moisture\DDCA\DDCA_CH\SM\20171206.mat,4223282,2026-04-02 12:15:48
Soil_Moisture\DDCA\DDCA_CH\SM\20171211.mat,4319567,2026-04-02 12:15:48
Soil_Moisture\DDCA\DDCA_CH\SM\20171204.mat,4492320,2026-04-02 12:15:46
Soil_Moisture\DDCA\DDCA_CH\SM\20171129.mat,4986174,2026-04-02 12:15:45
Soil_Moisture\DDCA\DDCA_CH\SM\20171207.mat,4569890,2026-04-02 12:15:45
Soil_Moisture\DDCA\DDCA_CH\SM\20171124.mat,5204634,2026-04-02 12:15:43
Soil_Moisture\DDCA\DDCA_CH\SM\20171126.mat,4564093,2026-04-02 12:15:43
Soil_Moisture\DDCA\DDCA_CH\SM\20171127.mat,4927237,2026-04-02 12:15:43
Soil_Moisture\DDCA\DDCA_CH\SM\20171130.mat,4507033,2026-04-02 12:15:43
Soil_Moisture\DDCA\DDCA_CH\SM\20171201.mat,4140374,2026-04-02 12:15:43
Soil_Moisture\DDCA\DDCA_CH\SM\20171202.mat,5204164,2026-04-02 12:15:43
Soil_Moisture\DDCA\DDCA_CH\SM\20171203.mat,4249549,2026-04-02 12:15:43
Soil_Moisture\DDCA\DDCA_CH\SM\20171123.mat,4149611,2026-04-02 12:15:42
Soil_Moisture\DDCA\DDCA_CH\SM\20171128.mat,4180897,2026-04-02 12:15:42
Soil_Moisture\DDCA\DDCA_CH\SM\20171125.mat,4266618,2026-04-02 12:15:39
Soil_Moisture\DDCA\DDCA_CH\SM\20171119.mat,4932091,2026-04-02 12:15:38
Soil_Moisture\DDCA\DDCA_CH\SM\20171122.mat,4523163,2026-04-02 12:15:38
Soil_Moisture\DDCA\DDCA_CH\SM\20171118.mat,4571751,2026-04-02 12:15:37
Soil_Moisture\DDCA\DDCA_CH\SM\20171120.mat,4193077,2026-04-02 12:15:37
Soil_Moisture\DDCA\DDCA_CH\SM\20171121.mat,4997281,2026-04-02 12:15:37
Soil_Moisture\DDCA\DDCA_CH\SM\20171115.mat,4787391,2026-04-02 12:15:36
Soil_Moisture\DDCA\DDCA_CH\SM\20171116.mat,5973078,2026-04-02 12:15:36
Soil_Moisture\DDCA\DDCA_CH\SM\20171117.mat,5149975,2026-04-02 12:15:36
Soil_Moisture\DDCA\DDCA_CH\SM\20171113.mat,5630680,2026-04-02 12:15:35
Soil_Moisture\DDCA\DDCA_CH\SM\20171114.mat,5347336,2026-04-02 12:15:34
Soil_Moisture\DDCA\DDCA_CH\SM\20171112.mat,4882380,2026-04-02 12:15:33
Soil_Moisture\DDCA\DDCA_CH\SM\20171106.mat,5664094,2026-04-02 12:15:32
Soil_Moisture\DDCA\DDCA_CH\SM\20171109.mat,5377423,2026-04-02 12:15:31
Soil_Moisture\DDCA\DDCA_CH\SM\20171110.mat,5160733,2026-04-02 12:15:31
Soil_Moisture\DDCA\DDCA_CH\SM\20171111.mat,5469612,2026-04-02 12:15:31
Soil_Moisture\DDCA\DDCA_CH\SM\20171105.mat,5912556,2026-04-02 12:15:30
Soil_Moisture\DDCA\DDCA_CH\SM\20171107.mat,5047632,2026-04-02 12:15:30
Soil_Moisture\DDCA\DDCA_CH\SM\20171108.mat,6207238,2026-04-02 12:15:30
Soil_Moisture\DDCA\DDCA_CH\SM\20171103.mat,6077419,2026-04-02 12:15:29
Soil_Moisture\DDCA\DDCA_CH\SM\20171104.mat,5172974,2026-04-02 12:15:28
Soil_Moisture\DDCA\DDCA_CH\SM\20171031.mat,6419099,2026-04-02 12:15:26
Soil_Moisture\DDCA\DDCA_CH\SM\20171102.mat,5419842,2026-04-02 12:15:25
Soil_Moisture\DDCA\DDCA_CH\SM\20171028.mat,6121005,2026-04-02 12:15:24
Soil_Moisture\DDCA\DDCA_CH\SM\20171029.mat,5862958,2026-04-02 12:15:24
Soil_Moisture\DDCA\DDCA_CH\SM\20171030.mat,5260185,2026-04-02 12:15:24
Soil_Moisture\DDCA\DDCA_CH\SM\20171101.mat,5695934,2026-04-02 12:15:24
Soil_Moisture\DDCA\DDCA_CH\SM\20171026.mat,6280771,2026-04-02 12:15:23
Soil_Moisture\DDCA\DDCA_CH\SM\20171027.mat,5367879,2026-04-02 12:15:23
Soil_Moisture\DDCA\DDCA_CH\SM\20171025.mat,5617293,2026-04-02 12:15:22
Soil_Moisture\DDCA\DDCA_CH\SM\20171023.mat,6545746,2026-04-02 12:15:19
Soil_Moisture\DDCA\DDCA_CH\SM\20171019.mat,5537023,2026-04-02 12:15:18
Soil_Moisture\DDCA\DDCA_CH\SM\20171020.mat,6292002,2026-04-02 12:15:18
Soil_Moisture\DDCA\DDCA_CH\SM\20171024.mat,5763739,2026-04-02 12:15:18
Soil_Moisture\DDCA\DDCA_CH\SM\20171017.mat,5816326,2026-04-02 12:15:17
Soil_Moisture\DDCA\DDCA_CH\SM\20171018.mat,6379012,2026-04-02 12:15:17
Soil_Moisture\DDCA\DDCA_CH\SM\20171021.mat,5936676,2026-04-02 12:15:17
Soil_Moisture\DDCA\DDCA_CH\SM\20171022.mat,5458292,2026-04-02 12:15:17
Soil_Moisture\DDCA\DDCA_CH\SM\20171015.mat,6764916,2026-04-02 12:15:16
Soil_Moisture\DDCA\DDCA_CH\SM\20171014.mat,5660520,2026-04-02 12:15:14
Soil_Moisture\DDCA\DDCA_CH\SM\20171016.mat,6053327,2026-04-02 12:15:14
Soil_Moisture\DDCA\DDCA_CH\SM\20171004.mat,6620656,2026-04-02 12:15:10
Soil_Moisture\DDCA\DDCA_CH\SM\20171005.mat,6391678,2026-04-02 12:15:10
Soil_Moisture\DDCA\DDCA_CH\SM\20171006.mat,5806008,2026-04-02 12:15:10
Soil_Moisture\DDCA\DDCA_CH\SM\20171007.mat,6970256,2026-04-02 12:15:10
Soil_Moisture\DDCA\DDCA_CH\SM\20171008.mat,6172858,2026-04-02 12:15:10
Soil_Moisture\DDCA\DDCA_CH\SM\20171009.mat,6020698,2026-04-02 12:15:10
Soil_Moisture\DDCA\DDCA_CH\SM\20171011.mat,5753818,2026-04-02 12:15:10
Soil_Moisture\DDCA\DDCA_CH\SM\20171012.mat,6467148,2026-04-02 12:15:10
Soil_Moisture\DDCA\DDCA_CH\SM\20171002.mat,6793073,2026-04-02 12:15:09
Soil_Moisture\DDCA\DDCA_CH\SM\20171003.mat,5956953,2026-04-02 12:15:09
Soil_Moisture\DDCA\DDCA_CH\SM\20171010.mat,6153437,2026-04-02 12:15:06
Soil_Moisture\DDCA\DDCA_CH\SM\20170926.mat,6798722,2026-04-02 12:15:02
Soil_Moisture\DDCA\DDCA_CH\SM\20170927.mat,6572481,2026-04-02 12:15:02
Soil_Moisture\DDCA\DDCA_CH\SM\20171001.mat,6169100,2026-04-02 12:15:02
Soil_Moisture\DDCA\DDCA_CH\SM\20170922.mat,6666825,2026-04-02 12:15:01
Soil_Moisture\DDCA\DDCA_CH\SM\20170923.mat,6371211,2026-04-02 12:15:01
Soil_Moisture\DDCA\DDCA_CH\SM\20170924.mat,6892014,2026-04-02 12:15:01
Soil_Moisture\DDCA\DDCA_CH\SM\20170925.mat,6197892,2026-04-02 12:15:01
Soil_Moisture\DDCA\DDCA_CH\SM\20170928.mat,6030988,2026-04-02 12:15:01
Soil_Moisture\DDCA\DDCA_CH\SM\20170929.mat,7153877,2026-04-02 12:15:01
Soil_Moisture\DDCA\DDCA_CH\SM\20170930.mat,6622038,2026-04-02 12:15:01
Soil_Moisture\DDCA\DDCA_CH\SM\20170913.mat,7931968,2026-04-02 12:14:58
Soil_Moisture\DDCA\DDCA_CH\SM\20170921.mat,7461228,2026-04-02 12:14:54
Soil_Moisture\DDCA\DDCA_CH\SM\20170911.mat,7339409,2026-04-02 12:14:53
Soil_Moisture\DDCA\DDCA_CH\SM\20170912.mat,6756920,2026-04-02 12:14:53
Soil_Moisture\DDCA\DDCA_CH\SM\20170914.mat,7228686,2026-04-02 12:14:53
Soil_Moisture\DDCA\DDCA_CH\SM\20170915.mat,6723880,2026-04-02 12:14:53
Soil_Moisture\DDCA\DDCA_CH\SM\20170917.mat,6512369,2026-04-02 12:14:53
Soil_Moisture\DDCA\DDCA_CH\SM\20170918.mat,7070719,2026-04-02 12:14:53
Soil_Moisture\DDCA\DDCA_CH\SM\20170919.mat,6771537,2026-04-02 12:14:53
Soil_Moisture\DDCA\DDCA_CH\SM\20170920.mat,6345827,2026-04-02 12:14:53
Soil_Moisture\DDCA\DDCA_CH\SM\20170916.mat,7176078,2026-04-02 12:14:49
Soil_Moisture\DDCA\DDCA_CH\SM\20170902.mat,7892213,2026-04-02 12:14:45
Soil_Moisture\DDCA\DDCA_CH\SM\20170905.mat,7869894,2026-04-02 12:14:45
Soil_Moisture\DDCA\DDCA_CH\SM\20170901.mat,7321424,2026-04-02 12:14:44
Soil_Moisture\DDCA\DDCA_CH\SM\20170903.mat,7613965,2026-04-02 12:14:44
Soil_Moisture\DDCA\DDCA_CH\SM\20170904.mat,7086176,2026-04-02 12:14:44
Soil_Moisture\DDCA\DDCA_CH\SM\20170906.mat,7505084,2026-04-02 12:14:44
Soil_Moisture\DDCA\DDCA_CH\SM\20170907.mat,7133540,2026-04-02 12:14:44
Soil_Moisture\DDCA\DDCA_CH\SM\20170908.mat,7677603,2026-04-02 12:14:44
Soil_Moisture\DDCA\DDCA_CH\SM\20170909.mat,6941669,2026-04-02 12:14:44
Soil_Moisture\DDCA\DDCA_CH\SM\20170910.mat,7542918,2026-04-02 12:14:44
Soil_Moisture\DDCA\DDCA_CH\SM\20170829.mat,8357180,2026-04-02 12:14:40
Soil_Moisture\DDCA\DDCA_CH\SM\20170821.mat,8901123,2026-04-02 12:14:36
Soil_Moisture\DDCA\DDCA_CH\SM\20170822.mat,7977159,2026-04-02 12:14:36
Soil_Moisture\DDCA\DDCA_CH\SM\20170823.mat,8710166,2026-04-02 12:14:36
Soil_Moisture\DDCA\DDCA_CH\SM\20170826.mat,8161668,2026-04-02 12:14:36
Soil_Moisture\DDCA\DDCA_CH\SM\20170831.mat,8107142,2026-04-02 12:14:36
Soil_Moisture\DDCA\DDCA_CH\SM\20170726.mat,9188751,2026-04-02 12:14:35
Soil_Moisture\DDCA\DDCA_CH\SM\20170827.mat,7682459,2026-04-02 12:14:35
Soil_Moisture\DDCA\DDCA_CH\SM\20170828.mat,8963999,2026-04-02 12:14:35
Soil_Moisture\DDCA\DDCA_CH\SM\20170830.mat,7454489,2026-04-02 12:14:35
Soil_Moisture\DDCA\DDCA_CH\SM\20170824.mat,8009679,2026-04-02 12:14:30
Soil_Moisture\DDCA\DDCA_CH\SM\20170825.mat,8400326,2026-04-02 12:14:30
Soil_Moisture\DDCA\DDCA_CH\SM\20170816.mat,8682532,2026-04-02 12:14:28
Soil_Moisture\DDCA\DDCA_CH\SM\20170815.mat,9367861,2026-04-02 12:14:27
Soil_Moisture\DDCA\DDCA_CH\SM\20170818.mat,9035623,2026-04-02 12:14:27
Soil_Moisture\DDCA\DDCA_CH\SM\20170819.mat,8272720,2026-04-02 12:14:25
Soil_Moisture\DDCA\DDCA_CH\SM\20170812.mat,9603693,2026-04-02 12:14:24
Soil_Moisture\DDCA\DDCA_CH\SM\20170813.mat,9837539,2026-04-02 12:14:24
Soil_Moisture\DDCA\DDCA_CH\SM\20170814.mat,8427691,2026-04-02 12:14:24
Soil_Moisture\DDCA\DDCA_CH\SM\20170817.mat,8928821,2026-04-02 12:14:24
Soil_Moisture\DDCA\DDCA_CH\SM\20170820.mat,9570421,2026-04-02 12:14:23
Soil_Moisture\DDCA\DDCA_CH\SM\20170808.mat,9467771,2026-04-02 12:14:15
Soil_Moisture\DDCA\DDCA_CH\SM\20170809.mat,9657204,2026-04-02 12:14:15
Soil_Moisture\DDCA\DDCA_CH\SM\20170802.mat,9176276,2026-04-02 12:14:14
Soil_Moisture\DDCA\DDCA_CH\SM\20170803.mat,9149852,2026-04-02 12:14:14
Soil_Moisture\DDCA\DDCA_CH\SM\20170804.mat,10559351,2026-04-02 12:14:14
Soil_Moisture\DDCA\DDCA_CH\SM\20170805.mat,9893517,2026-04-02 12:14:14
Soil_Moisture\DDCA\DDCA_CH\SM\20170807.mat,10190527,2026-04-02 12:14:14
Soil_Moisture\DDCA\DDCA_CH\SM\20170810.mat,9585854,2026-04-02 12:14:14
Soil_Moisture\DDCA\DDCA_CH\SM\20170811.mat,8590474,2026-04-02 12:14:13
Soil_Moisture\DDCA\DDCA_CH\SM\20170806.mat,9218540,2026-04-02 12:14:10
Soil_Moisture\DDCA\DDCA_CH\SM\20170801.mat,9780689,2026-04-02 12:14:04
Soil_Moisture\DDCA\DDCA_CH\SM\20170722.mat,10444494,2026-04-02 12:14:03
Soil_Moisture\DDCA\DDCA_CH\SM\20170725.mat,10085513,2026-04-02 12:14:03
Soil_Moisture\DDCA\DDCA_CH\SM\20170727.mat,10147183,2026-04-02 12:14:03
Soil_Moisture\DDCA\DDCA_CH\SM\20170728.mat,9445022,2026-04-02 12:14:03
Soil_Moisture\DDCA\DDCA_CH\SM\20170730.mat,9226012,2026-04-02 12:14:03
Soil_Moisture\DDCA\DDCA_CH\SM\20170723.mat,9734616,2026-04-02 12:14:02
Soil_Moisture\DDCA\DDCA_CH\SM\20170724.mat,9077675,2026-04-02 12:14:02
Soil_Moisture\DDCA\DDCA_CH\SM\20170731.mat,9474795,2026-04-02 12:14:02
Soil_Moisture\DDCA\DDCA_CH\SM\20170729.mat,9402834,2026-04-02 12:13:57
Soil_Moisture\DDCA\DDCA_CH\SM\20170720.mat,9855412,2026-04-02 12:13:56
Soil_Moisture\DDCA\DDCA_CH\SM\20170714.mat,9615818,2026-04-02 12:13:52
Soil_Moisture\DDCA\DDCA_CH\SM\20170715.mat,9517765,2026-04-02 12:13:52
Soil_Moisture\DDCA\DDCA_CH\SM\20170712.mat,9820104,2026-04-02 12:13:51
Soil_Moisture\DDCA\DDCA_CH\SM\20170713.mat,9231674,2026-04-02 12:13:51
Soil_Moisture\DDCA\DDCA_CH\SM\20170716.mat,9324624,2026-04-02 12:13:51
Soil_Moisture\DDCA\DDCA_CH\SM\20170718.mat,8971652,2026-04-02 12:13:51
Soil_Moisture\DDCA\DDCA_CH\SM\20170719.mat,10365608,2026-04-02 12:13:51
Soil_Moisture\DDCA\DDCA_CH\SM\20170721.mat,9453090,2026-04-02 12:13:51
Soil_Moisture\DDCA\DDCA_CH\SM\20170717.mat,9764721,2026-04-02 12:13:50
Soil_Moisture\DDCA\DDCA_CH\SM\20170703.mat,9630922,2026-04-02 12:13:40
Soil_Moisture\DDCA\DDCA_CH\SM\20170706.mat,9881877,2026-04-02 12:13:40
Soil_Moisture\DDCA\DDCA_CH\SM\20170707.mat,9175004,2026-04-02 12:13:40
Soil_Moisture\DDCA\DDCA_CH\SM\20170708.mat,9283354,2026-04-02 12:13:40
Soil_Moisture\DDCA\DDCA_CH\SM\20170709.mat,9531518,2026-04-02 12:13:40
Soil_Moisture\DDCA\DDCA_CH\SM\20170711.mat,9980486,2026-04-02 12:13:40
Soil_Moisture\DDCA\DDCA_CH\SM\20170702.mat,8238719,2026-04-02 12:13:39
Soil_Moisture\DDCA\DDCA_CH\SM\20170704.mat,9352661,2026-04-02 12:13:39
Soil_Moisture\DDCA\DDCA_CH\SM\20170705.mat,8945636,2026-04-02 12:13:39
Soil_Moisture\DDCA\DDCA_CH\SM\20170710.mat,8635162,2026-04-02 12:13:39
Soil_Moisture\DDCA\DDCA_CH\SM\20170630.mat,8911310,2026-04-02 12:13:35
Soil_Moisture\DDCA\DDCA_CH\SM\20170625.mat,9209861,2026-04-02 12:13:31
Soil_Moisture\DDCA\DDCA_CH\SM\20170627.mat,8533934,2026-04-02 12:13:30
Soil_Moisture\DDCA\DDCA_CH\SM\20170622.mat,8544403,2026-04-02 12:13:29
Soil_Moisture\DDCA\DDCA_CH\SM\20170623.mat,8711386,2026-04-02 12:13:29
Soil_Moisture\DDCA\DDCA_CH\SM\20170626.mat,8465021,2026-04-02 12:13:29
Soil_Moisture\DDCA\DDCA_CH\SM\20170628.mat,9455162,2026-04-02 12:13:29
Soil_Moisture\DDCA\DDCA_CH\SM\20170629.mat,8739720,2026-04-02 12:13:29
Soil_Moisture\DDCA\DDCA_CH\SM\20170701.mat,9102333,2026-04-02 12:13:29
Soil_Moisture\DDCA\DDCA_CH\SM\20170624.mat,7890962,2026-04-02 12:13:27
Soil_Moisture\DDCA\DDCA_CH\SM\20170620.mat,9054230,2026-04-02 12:13:21
Soil_Moisture\DDCA\DDCA_CH\SM\20170612.mat,8332802,2026-04-02 12:13:19
Soil_Moisture\DDCA\DDCA_CH\SM\20170614.mat,8221560,2026-04-02 12:13:19
Soil_Moisture\DDCA\DDCA_CH\SM\20170618.mat,8507779,2026-04-02 12:13:19
Soil_Moisture\DDCA\DDCA_CH\SM\20170619.mat,7869445,2026-04-02 12:13:19
Soil_Moisture\DDCA\DDCA_CH\SM\20170613.mat,8006130,2026-04-02 12:13:18
Soil_Moisture\DDCA\DDCA_CH\SM\20170615.mat,8417814,2026-04-02 12:13:18
Soil_Moisture\DDCA\DDCA_CH\SM\20170616.mat,7632629,2026-04-02 12:13:18
Soil_Moisture\DDCA\DDCA_CH\SM\20170617.mat,8926041,2026-04-02 12:13:18
Soil_Moisture\DDCA\DDCA_CH\SM\20170621.mat,8164080,2026-04-02 12:13:18
Soil_Moisture\DDCA\DDCA_CH\SM\20170609.mat,8632102,2026-04-02 12:13:11
Soil_Moisture\DDCA\DDCA_CH\SM\20170611.mat,7894436,2026-04-02 12:13:11
Soil_Moisture\DDCA\DDCA_CH\SM\20170607.mat,8103605,2026-04-02 12:13:10
Soil_Moisture\DDCA\DDCA_CH\SM\20170604.mat,8460266,2026-04-02 12:13:09
Soil_Moisture\DDCA\DDCA_CH\SM\20170601.mat,8294217,2026-04-02 12:13:08
Soil_Moisture\DDCA\DDCA_CH\SM\20170605.mat,7630108,2026-04-02 12:13:08
Soil_Moisture\DDCA\DDCA_CH\SM\20170606.mat,8052280,2026-04-02 12:13:08
Soil_Moisture\DDCA\DDCA_CH\SM\20170608.mat,7406888,2026-04-02 12:13:08
Soil_Moisture\DDCA\DDCA_CH\SM\20170610.mat,8317458,2026-04-02 12:13:08
Soil_Moisture\DDCA\DDCA_CH\SM\20170603.mat,7673003,2026-04-02 12:13:07
Soil_Moisture\DDCA\DDCA_CH\SM\20170602.mat,7930666,2026-04-02 12:13:03
Soil_Moisture\DDCA\DDCA_CH\SM\20170525.mat,7753067,2026-04-02 12:13:02
Soil_Moisture\DDCA\DDCA_CH\SM\20170530.mat,7776920,2026-04-02 12:13:01
Soil_Moisture\DDCA\DDCA_CH\SM\20170524.mat,8148092,2026-04-02 12:13:00
Soil_Moisture\DDCA\DDCA_CH\SM\20170527.mat,8134278,2026-04-02 12:13:00
Soil_Moisture\DDCA\DDCA_CH\SM\20170526.mat,7361168,2026-04-02 12:12:59
Soil_Moisture\DDCA\DDCA_CH\SM\20170528.mat,7350239,2026-04-02 12:12:59
Soil_Moisture\DDCA\DDCA_CH\SM\20170531.mat,7094175,2026-04-02 12:12:59
Soil_Moisture\DDCA\DDCA_CH\SM\20170529.mat,7764603,2026-04-02 12:12:58
Soil_Moisture\DDCA\DDCA_CH\SM\20170523.mat,7008442,2026-04-02 12:12:57
Soil_Moisture\DDCA\DDCA_CH\SM\20170522.mat,7601552,2026-04-02 12:12:56
Soil_Moisture\DDCA\DDCA_CH\SM\20170515.mat,6828288,2026-04-02 12:12:50
Soil_Moisture\DDCA\DDCA_CH\SM\20170513.mat,7467131,2026-04-02 12:12:49
Soil_Moisture\DDCA\DDCA_CH\SM\20170516.mat,7823581,2026-04-02 12:12:49
Soil_Moisture\DDCA\DDCA_CH\SM\20170517.mat,7438974,2026-04-02 12:12:49
Soil_Moisture\DDCA\DDCA_CH\SM\20170518.mat,7320204,2026-04-02 12:12:49
Soil_Moisture\DDCA\DDCA_CH\SM\20170519.mat,7948093,2026-04-02 12:12:49
Soil_Moisture\DDCA\DDCA_CH\SM\20170520.mat,7205554,2026-04-02 12:12:49
Soil_Moisture\DDCA\DDCA_CH\SM\20170521.mat,7711922,2026-04-02 12:12:49
Soil_Moisture\DDCA\DDCA_CH\SM\20170514.mat,7304189,2026-04-02 12:12:48
Soil_Moisture\DDCA\DDCA_CH\SM\20170512.mat,6984417,2026-04-02 12:12:47
Soil_Moisture\DDCA\DDCA_CH\SM\20170503.mat,7274544,2026-04-02 12:12:40
Soil_Moisture\DDCA\DDCA_CH\SM\20170504.mat,6681161,2026-04-02 12:12:40
Soil_Moisture\DDCA\DDCA_CH\SM\20170505.mat,7187500,2026-04-02 12:12:40
Soil_Moisture\DDCA\DDCA_CH\SM\20170506.mat,6951403,2026-04-02 12:12:40
Soil_Moisture\DDCA\DDCA_CH\SM\20170507.mat,6586164,2026-04-02 12:12:40
Soil_Moisture\DDCA\DDCA_CH\SM\20170508.mat,7458884,2026-04-02 12:12:40
Soil_Moisture\DDCA\DDCA_CH\SM\20170509.mat,7180639,2026-04-02 12:12:40
Soil_Moisture\DDCA\DDCA_CH\SM\20170510.mat,7104746,2026-04-02 12:12:40
Soil_Moisture\DDCA\DDCA_CH\SM\20170511.mat,7627350,2026-04-02 12:12:40
Soil_Moisture\DDCA\DDCA_CH\SM\20170502.mat,6861211,2026-04-02 12:12:39
Soil_Moisture\DDCA\DDCA_CH\SM\20170501.mat,6744790,2026-04-02 12:12:33
Soil_Moisture\DDCA\DDCA_CH\SM\20170428.mat,6583751,2026-04-02 12:12:32
Soil_Moisture\DDCA\DDCA_CH\SM\20170429.mat,6350839,2026-04-02 12:12:32
Soil_Moisture\DDCA\DDCA_CH\SM\20170430.mat,7108330,2026-04-02 12:12:32
Soil_Moisture\DDCA\DDCA_CH\SM\20170423.mat,6465198,2026-04-02 12:12:31
Soil_Moisture\DDCA\DDCA_CH\SM\20170424.mat,6623935,2026-04-02 12:12:31
Soil_Moisture\DDCA\DDCA_CH\SM\20170425.mat,6903026,2026-04-02 12:12:31
Soil_Moisture\DDCA\DDCA_CH\SM\20170426.mat,6366664,2026-04-02 12:12:31
Soil_Moisture\DDCA\DDCA_CH\SM\20170427.mat,6917206,2026-04-02 12:12:31
Soil_Moisture\DDCA\DDCA_CH\SM\20170422.mat,6843066,2026-04-02 12:12:30
Soil_Moisture\DDCA\DDCA_CH\SM\20170421.mat,6092116,2026-04-02 12:12:27
Soil_Moisture\DDCA\DDCA_CH\SM\20170420.mat,6300678,2026-04-02 12:12:26
Soil_Moisture\DDCA\DDCA_CH\SM\20170417.mat,6619713,2026-04-02 12:12:25
Soil_Moisture\DDCA\DDCA_CH\SM\20170419.mat,6680484,2026-04-02 12:12:25
Soil_Moisture\DDCA\DDCA_CH\SM\20170415.mat,6075407,2026-04-02 12:12:23
Soil_Moisture\DDCA\DDCA_CH\SM\20170416.mat,6363984,2026-04-02 12:12:23
Soil_Moisture\DDCA\DDCA_CH\SM\20170418.mat,6096186,2026-04-02 12:12:23
Soil_Moisture\DDCA\DDCA_CH\SM\20170411.mat,6519548,2026-04-02 12:12:22
Soil_Moisture\DDCA\DDCA_CH\SM\20170413.mat,5901067,2026-04-02 12:12:22
Soil_Moisture\DDCA\DDCA_CH\SM\20170414.mat,6144409,2026-04-02 12:12:22
Soil_Moisture\DDCA\DDCA_CH\SM\20170412.mat,6080589,2026-04-02 12:12:21
Soil_Moisture\DDCA\DDCA_CH\SM\20170406.mat,6533586,2026-04-02 12:12:18
Soil_Moisture\DDCA\DDCA_CH\SM\20170410.mat,5887567,2026-04-02 12:12:18
Soil_Moisture\DDCA\DDCA_CH\SM\20170402.mat,5696210,2026-04-02 12:12:16
Soil_Moisture\DDCA\DDCA_CH\SM\20170407.mat,5956505,2026-04-02 12:12:16
Soil_Moisture\DDCA\DDCA_CH\SM\20170408.mat,6190734,2026-04-02 12:12:16
Soil_Moisture\DDCA\DDCA_CH\SM\20170403.mat,6376012,2026-04-02 12:12:15
Soil_Moisture\DDCA\DDCA_CH\SM\20170404.mat,5912888,2026-04-02 12:12:15
Soil_Moisture\DDCA\DDCA_CH\SM\20170405.mat,5722320,2026-04-02 12:12:15
Soil_Moisture\DDCA\DDCA_CH\SM\20170401.mat,6015232,2026-04-02 12:12:14
Soil_Moisture\DDCA\DDCA_CH\SM\20170331.mat,6035286,2026-04-02 12:12:13
Soil_Moisture\DDCA\DDCA_CH\SM\20170409.mat,6436043,2026-04-02 12:12:13
Soil_Moisture\DDCA\DDCA_CH\SM\20170326.mat,6223495,2026-04-02 12:12:09
Soil_Moisture\DDCA\DDCA_CH\SM\20170329.mat,6352782,2026-04-02 12:12:09
Soil_Moisture\DDCA\DDCA_CH\SM\20170322.mat,5720306,2026-04-02 12:12:08
Soil_Moisture\DDCA\DDCA_CH\SM\20170327.mat,5752296,2026-04-02 12:12:08
Soil_Moisture\DDCA\DDCA_CH\SM\20170328.mat,5588954,2026-04-02 12:12:08
Soil_Moisture\DDCA\DDCA_CH\SM\20170323.mat,5870708,2026-04-02 12:12:07
Soil_Moisture\DDCA\DDCA_CH\SM\20170324.mat,6112428,2026-04-02 12:12:07
Soil_Moisture\DDCA\DDCA_CH\SM\20170325.mat,5549567,2026-04-02 12:12:07
Soil_Moisture\DDCA\DDCA_CH\SM\20170330.mat,5755642,2026-04-02 12:12:07
Soil_Moisture\DDCA\DDCA_CH\SM\20170321.mat,6090969,2026-04-02 12:12:06
Soil_Moisture\DDCA\DDCA_CH\SM\20170319.mat,5549560,2026-04-02 12:12:02
Soil_Moisture\DDCA\DDCA_CH\SM\20170316.mat,5836774,2026-04-02 12:12:01
Soil_Moisture\DDCA\DDCA_CH\SM\20170317.mat,5369317,2026-04-02 12:12:01
Soil_Moisture\DDCA\DDCA_CH\SM\20170318.mat,5325037,2026-04-02 12:12:01
Soil_Moisture\DDCA\DDCA_CH\SM\20170320.mat,5081432,2026-04-02 12:12:01
Soil_Moisture\DDCA\DDCA_CH\SM\20170311.mat,5361352,2026-04-02 12:12:00
Soil_Moisture\DDCA\DDCA_CH\SM\20170312.mat,5248513,2026-04-02 12:12:00
Soil_Moisture\DDCA\DDCA_CH\SM\20170314.mat,5441608,2026-04-02 12:12:00
Soil_Moisture\DDCA\DDCA_CH\SM\20170315.mat,5618573,2026-04-02 12:12:00
Soil_Moisture\DDCA\DDCA_CH\SM\20170313.mat,5879227,2026-04-02 12:11:59
Soil_Moisture\DDCA\DDCA_CH\SM\20170310.mat,5847127,2026-04-02 12:11:57
Soil_Moisture\DDCA\DDCA_CH\SM\20170309.mat,5216792,2026-04-02 12:11:56
Soil_Moisture\DDCA\DDCA_CH\SM\20170302.mat,5677912,2026-04-02 12:11:55
Soil_Moisture\DDCA\DDCA_CH\SM\20170308.mat,5663257,2026-04-02 12:11:55
Soil_Moisture\DDCA\DDCA_CH\SM\20170305.mat,5697456,2026-04-02 12:11:54
Soil_Moisture\DDCA\DDCA_CH\SM\20170307.mat,5507398,2026-04-02 12:11:54
Soil_Moisture\DDCA\DDCA_CH\SM\20170301.mat,4985527,2026-04-02 12:11:53
Soil_Moisture\DDCA\DDCA_CH\SM\20170304.mat,5030977,2026-04-02 12:11:53
Soil_Moisture\DDCA\DDCA_CH\SM\20170306.mat,5353891,2026-04-02 12:11:53
Soil_Moisture\DDCA\DDCA_CH\SM\20170303.mat,5208281,2026-04-02 12:11:52
Soil_Moisture\DDCA\DDCA_CH\SM\20170221.mat,4809833,2026-04-02 12:11:50
Soil_Moisture\DDCA\DDCA_CH\SM\20170227.mat,5322214,2026-04-02 12:11:49
Soil_Moisture\DDCA\DDCA_CH\SM\20170228.mat,5482357,2026-04-02 12:11:49
Soil_Moisture\DDCA\DDCA_CH\SM\20170220.mat,5337082,2026-04-02 12:11:48
Soil_Moisture\DDCA\DDCA_CH\SM\20170225.mat,5552739,2026-04-02 12:11:47
Soil_Moisture\DDCA\DDCA_CH\SM\20170217.mat,5288571,2026-04-02 12:11:46
Soil_Moisture\DDCA\DDCA_CH\SM\20170219.mat,5173340,2026-04-02 12:11:46
Soil_Moisture\DDCA\DDCA_CH\SM\20170222.mat,5537502,2026-04-02 12:11:46
Soil_Moisture\DDCA\DDCA_CH\SM\20170223.mat,5065012,2026-04-02 12:11:46
Soil_Moisture\DDCA\DDCA_CH\SM\20170224.mat,4822466,2026-04-02 12:11:46
Soil_Moisture\DDCA\DDCA_CH\SM\20170226.mat,5092371,2026-04-02 12:11:46
Soil_Moisture\DDCA\DDCA_CH\SM\20170216.mat,4643093,2026-04-02 12:11:45
Soil_Moisture\DDCA\DDCA_CH\SM\20170218.mat,5027598,2026-04-02 12:11:43
Soil_Moisture\DDCA\DDCA_CH\SM\20170215.mat,4324958,2026-04-02 12:11:42
Soil_Moisture\DDCA\DDCA_CH\SM\20170213.mat,4561595,2026-04-02 12:11:40
Soil_Moisture\DDCA\DDCA_CH\SM\20170214.mat,5309664,2026-04-02 12:11:40
Soil_Moisture\DDCA\DDCA_CH\SM\20170208.mat,4227778,2026-04-02 12:11:39
Soil_Moisture\DDCA\DDCA_CH\SM\20170209.mat,4892956,2026-04-02 12:11:39
Soil_Moisture\DDCA\DDCA_CH\SM\20170210.mat,4672882,2026-04-02 12:11:39
Soil_Moisture\DDCA\DDCA_CH\SM\20170211.mat,4946003,2026-04-02 12:11:39
Soil_Moisture\DDCA\DDCA_CH\SM\20170212.mat,5081058,2026-04-02 12:11:39
Soil_Moisture\DDCA\DDCA_CH\SM\20170205.mat,4149535,2026-04-02 12:11:38
Soil_Moisture\DDCA\DDCA_CH\SM\20170206.mat,4908560,2026-04-02 12:11:38
Soil_Moisture\DDCA\DDCA_CH\SM\20170207.mat,4460310,2026-04-02 12:11:38
Soil_Moisture\DDCA\DDCA_CH\SM\20170203.mat,4530179,2026-04-02 12:11:36
Soil_Moisture\DDCA\DDCA_CH\SM\20170204.mat,4721494,2026-04-02 12:11:36
Soil_Moisture\DDCA\DDCA_CH\SM\20170201.mat,4786851,2026-04-02 12:11:34
Soil_Moisture\DDCA\DDCA_CH\SM\20170202.mat,4341499,2026-04-02 12:11:34
Soil_Moisture\DDCA\DDCA_CH\SM\20170129.mat,4914821,2026-04-02 12:11:33
Soil_Moisture\DDCA\DDCA_CH\SM\20170130.mat,4440411,2026-04-02 12:11:33
Soil_Moisture\DDCA\DDCA_CH\SM\20170131.mat,4222252,2026-04-02 12:11:33
Soil_Moisture\DDCA\DDCA_CH\SM\20170123.mat,4299500,2026-04-02 12:11:32
Soil_Moisture\DDCA\DDCA_CH\SM\20170126.mat,4541803,2026-04-02 12:11:32
Soil_Moisture\DDCA\DDCA_CH\SM\20170128.mat,4123258,2026-04-02 12:11:32
Soil_Moisture\DDCA\DDCA_CH\SM\20170124.mat,4965716,2026-04-02 12:11:31
Soil_Moisture\DDCA\DDCA_CH\SM\20170125.mat,4305263,2026-04-02 12:11:31
Soil_Moisture\DDCA\DDCA_CH\SM\20170127.mat,4441246,2026-04-02 12:11:30
Soil_Moisture\DDCA\DDCA_CH\SM\20170122.mat,4502766,2026-04-02 12:11:29
Soil_Moisture\DDCA\DDCA_CH\SM\20170112.mat,4269365,2026-04-02 12:11:27
Soil_Moisture\DDCA\DDCA_CH\SM\20170119.mat,3862296,2026-04-02 12:11:27
Soil_Moisture\DDCA\DDCA_CH\SM\20170120.mat,4199178,2026-04-02 12:11:27
Soil_Moisture\DDCA\DDCA_CH\SM\20170121.mat,4996794,2026-04-02 12:11:27
Soil_Moisture\DDCA\DDCA_CH\SM\20170114.mat,4591939,2026-04-02 12:11:26
Soil_Moisture\DDCA\DDCA_CH\SM\20170115.mat,3581423,2026-04-02 12:11:26
Soil_Moisture\DDCA\DDCA_CH\SM\20170116.mat,2643428,2026-04-02 12:11:26
Soil_Moisture\DDCA\DDCA_CH\SM\20170117.mat,2718561,2026-04-02 12:11:26
Soil_Moisture\DDCA\DDCA_CH\SM\20170111.mat,4874175,2026-04-02 12:11:25
Soil_Moisture\DDCA\DDCA_CH\SM\20170113.mat,5058348,2026-04-02 12:11:25
Soil_Moisture\DDCA\DDCA_CH\SM\20170118.mat,3783551,2026-04-02 12:11:25
Soil_Moisture\DDCA\DDCA_CH\SM\20170109.mat,4484595,2026-04-02 12:11:22
Soil_Moisture\DDCA\DDCA_CH\SM\20170103.mat,4986884,2026-04-02 12:11:21
Soil_Moisture\DDCA\DDCA_CH\SM\20170104.mat,4183416,2026-04-02 12:11:21
Soil_Moisture\DDCA\DDCA_CH\SM\20170105.mat,5126781,2026-04-02 12:11:21
Soil_Moisture\DDCA\DDCA_CH\SM\20170106.mat,4688190,2026-04-02 12:11:21
Soil_Moisture\DDCA\DDCA_CH\SM\20170107.mat,4423826,2026-04-02 12:11:21
Soil_Moisture\DDCA\DDCA_CH\SM\20170108.mat,5129232,2026-04-02 12:11:21
Soil_Moisture\DDCA\DDCA_CH\SM\20170110.mat,3304778,2026-04-02 12:11:21
Soil_Moisture\DDCA\DDCA_CH\SM\20161231.mat,477265,2026-04-02 12:11:20
Soil_Moisture\DDCA\DDCA_CH\SM\20170101.mat,4772179,2026-04-02 12:11:20
Soil_Moisture\DDCA\DDCA_CH\SM\20170102.mat,4713848,2026-04-02 12:11:20
Soil_Moisture\DDCA\DDCA_CH\SM\20161226.mat,5620950,2026-04-02 12:11:17
Soil_Moisture\DDCA\DDCA_CH\SM\20161214.mat,4679487,2026-04-02 12:11:15
Soil_Moisture\DDCA\DDCA_CH\SM\20161219.mat,4772326,2026-04-02 12:11:15
Soil_Moisture\DDCA\DDCA_CH\SM\20161220.mat,5587486,2026-04-02 12:11:15
Soil_Moisture\DDCA\DDCA_CH\SM\20161221.mat,5104176,2026-04-02 12:11:15
Soil_Moisture\DDCA\DDCA_CH\SM\20161222.mat,4776077,2026-04-02 12:11:15
Soil_Moisture\DDCA\DDCA_CH\SM\20161223.mat,5665229,2026-04-02 12:11:15
Soil_Moisture\DDCA\DDCA_CH\SM\20161224.mat,4883228,2026-04-02 12:11:15
Soil_Moisture\DDCA\DDCA_CH\SM\20161225.mat,5099304,2026-04-02 12:11:15
Soil_Moisture\DDCA\DDCA_CH\SM\20161227.mat,477265,2026-04-02 12:11:15
Soil_Moisture\DDCA\DDCA_CH\SM\20161228.mat,477265,2026-04-02 12:11:15
Soil_Moisture\DDCA\DDCA_CH\SM\20161229.mat,477265,2026-04-02 12:11:15
Soil_Moisture\DDCA\DDCA_CH\SM\20161230.mat,477265,2026-04-02 12:11:15
Soil_Moisture\DDCA\DDCA_CH\SM\20161217.mat,5025657,2026-04-02 12:11:12
Soil_Moisture\DDCA\DDCA_CH\SM\20161212.mat,5252561,2026-04-02 12:11:11
Soil_Moisture\DDCA\DDCA_CH\SM\20161218.mat,5450204,2026-04-02 12:11:11
Soil_Moisture\DDCA\DDCA_CH\SM\20161213.mat,5043144,2026-04-02 12:11:10
Soil_Moisture\DDCA\DDCA_CH\SM\20161215.mat,5616642,2026-04-02 12:11:10
Soil_Moisture\DDCA\DDCA_CH\SM\20161216.mat,4197787,2026-04-02 12:11:10
Soil_Moisture\DDCA\DDCA_CH\SM\20161209.mat,5004821,2026-04-02 12:11:09
Soil_Moisture\DDCA\DDCA_CH\SM\20161210.mat,5418983,2026-04-02 12:11:09
Soil_Moisture\DDCA\DDCA_CH\SM\20161211.mat,4676637,2026-04-02 12:11:09
Soil_Moisture\DDCA\DDCA_CH\SM\20161205.mat,5009458,2026-04-02 12:11:07
Soil_Moisture\DDCA\DDCA_CH\SM\20161208.mat,4752288,2026-04-02 12:11:07
Soil_Moisture\DDCA\DDCA_CH\SM\20161207.mat,5606352,2026-04-02 12:11:05
Soil_Moisture\DDCA\DDCA_CH\SM\20161204.mat,5494795,2026-04-02 12:11:04
Soil_Moisture\DDCA\DDCA_CH\SM\20161206.mat,4660303,2026-04-02 12:11:04
Soil_Moisture\DDCA\DDCA_CH\SM\20161127.mat,4916982,2026-04-02 12:11:03
Soil_Moisture\DDCA\DDCA_CH\SM\20161130.mat,4679181,2026-04-02 12:11:03
Soil_Moisture\DDCA\DDCA_CH\SM\20161202.mat,5391679,2026-04-02 12:11:03
Soil_Moisture\DDCA\DDCA_CH\SM\20161203.mat,4653851,2026-04-02 12:11:03
Soil_Moisture\DDCA\DDCA_CH\SM\20161128.mat,4604050,2026-04-02 12:11:02
Soil_Moisture\DDCA\DDCA_CH\SM\20161201.mat,4965523,2026-04-02 12:11:02
Soil_Moisture\DDCA\DDCA_CH\SM\20161129.mat,5554954,2026-04-02 12:11:01
Soil_Moisture\DDCA\DDCA_CH\SM\20161125.mat,4603223,2026-04-02 12:11:00
Soil_Moisture\DDCA\DDCA_CH\SM\20161126.mat,5415863,2026-04-02 12:10:59
Soil_Moisture\DDCA\DDCA_CH\SM\20161124.mat,5384723,2026-04-02 12:10:58
Soil_Moisture\DDCA\DDCA_CH\SM\20161121.mat,5568183,2026-04-02 12:10:57
Soil_Moisture\DDCA\DDCA_CH\SM\20161123.mat,4990460,2026-04-02 12:10:57
Soil_Moisture\DDCA\DDCA_CH\SM\20161118.mat,5434347,2026-04-02 12:10:56
Soil_Moisture\DDCA\DDCA_CH\SM\20161116.mat,5993993,2026-04-02 12:10:55
Soil_Moisture\DDCA\DDCA_CH\SM\20161117.mat,4641170,2026-04-02 12:10:55
Soil_Moisture\DDCA\DDCA_CH\SM\20161119.mat,4981945,2026-04-02 12:10:55
Soil_Moisture\DDCA\DDCA_CH\SM\20161120.mat,4633061,2026-04-02 12:10:55
Soil_Moisture\DDCA\DDCA_CH\SM\20161122.mat,4699874,2026-04-02 12:10:55
Soil_Moisture\DDCA\DDCA_CH\SM\20161114.mat,5173864,2026-04-02 12:10:54
Soil_Moisture\DDCA\DDCA_CH\SM\20161115.mat,5281805,2026-04-02 12:10:54
Soil_Moisture\DDCA\DDCA_CH\SM\20161113.mat,6058463,2026-04-02 12:10:51
Soil_Moisture\DDCA\DDCA_CH\SM\20161105.mat,6239112,2026-04-02 12:10:50
Soil_Moisture\DDCA\DDCA_CH\SM\20161112.mat,4927209,2026-04-02 12:10:50
Soil_Moisture\DDCA\DDCA_CH\SM\20161108.mat,6115188,2026-04-02 12:10:49
Soil_Moisture\DDCA\DDCA_CH\SM\20161110.mat,5785070,2026-04-02 12:10:49
Soil_Moisture\DDCA\DDCA_CH\SM\20161111.mat,5531025,2026-04-02 12:10:49
Soil_Moisture\DDCA\DDCA_CH\SM\20161106.mat,5329335,2026-04-02 12:10:48
Soil_Moisture\DDCA\DDCA_CH\SM\20161107.mat,5456712,2026-04-02 12:10:48
Soil_Moisture\DDCA\DDCA_CH\SM\20161109.mat,5037086,2026-04-02 12:10:48
Soil_Moisture\DDCA\DDCA_CH\SM\20161104.mat,5105021,2026-04-02 12:10:47
Soil_Moisture\DDCA\DDCA_CH\SM\20161103.mat,5687727,2026-04-02 12:10:46
Soil_Moisture\DDCA\DDCA_CH\SM\20161102.mat,5950975,2026-04-02 12:10:45
Soil_Moisture\DDCA\DDCA_CH\SM\20161101.mat,4879205,2026-04-02 12:10:44
Soil_Moisture\DDCA\DDCA_CH\SM\20161026.mat,5816133,2026-04-02 12:10:42
Soil_Moisture\DDCA\DDCA_CH\SM\20161028.mat,6376618,2026-04-02 12:10:42
Soil_Moisture\DDCA\DDCA_CH\SM\20161029.mat,5519551,2026-04-02 12:10:42
Soil_Moisture\DDCA\DDCA_CH\SM\20161023.mat,6490279,2026-04-02 12:10:41
Soil_Moisture\DDCA\DDCA_CH\SM\20161027.mat,5288535,2026-04-02 12:10:41
Soil_Moisture\DDCA\DDCA_CH\SM\20161030.mat,5599041,2026-04-02 12:10:41
Soil_Moisture\DDCA\DDCA_CH\SM\20161031.mat,6410553,2026-04-02 12:10:41
Soil_Moisture\DDCA\DDCA_CH\SM\20161024.mat,4824402,2026-04-02 12:10:40
Soil_Moisture\DDCA\DDCA_CH\SM\20161025.mat,6091945,2026-04-02 12:10:40
Soil_Moisture\DDCA\DDCA_CH\SM\20161022.mat,5775254,2026-04-02 12:10:38
Soil_Moisture\DDCA\DDCA_CH\SM\20161015.mat,6830725,2026-04-02 12:10:34
Soil_Moisture\DDCA\DDCA_CH\SM\20161017.mat,6319825,2026-04-02 12:10:34
Soil_Moisture\DDCA\DDCA_CH\SM\20161018.mat,6021794,2026-04-02 12:10:34
Soil_Moisture\DDCA\DDCA_CH\SM\20161019.mat,4723982,2026-04-02 12:10:34
Soil_Moisture\DDCA\DDCA_CH\SM\20161020.mat,6575455,2026-04-02 12:10:34
Soil_Moisture\DDCA\DDCA_CH\SM\20161021.mat,5717812,2026-04-02 12:10:34
Soil_Moisture\DDCA\DDCA_CH\SM\20161012.mat,6805335,2026-04-02 12:10:33
Soil_Moisture\DDCA\DDCA_CH\SM\20161013.mat,5729431,2026-04-02 12:10:33
Soil_Moisture\DDCA\DDCA_CH\SM\20161014.mat,6061193,2026-04-02 12:10:33
Soil_Moisture\DDCA\DDCA_CH\SM\20161016.mat,5313189,2026-04-02 12:10:33
Soil_Moisture\DDCA\DDCA_CH\SM\20161006.mat,6413166,2026-04-02 12:10:27
Soil_Moisture\DDCA\DDCA_CH\SM\20161009.mat,6553646,2026-04-02 12:10:27
Soil_Moisture\DDCA\DDCA_CH\SM\20161011.mat,5739754,2026-04-02 12:10:27
Soil_Moisture\DDCA\DDCA_CH\SM\20161001.mat,6887114,2026-04-02 12:10:26
Soil_Moisture\DDCA\DDCA_CH\SM\20161002.mat,6534310,2026-04-02 12:10:26
Soil_Moisture\DDCA\DDCA_CH\SM\20161004.mat,7128918,2026-04-02 12:10:26
Soil_Moisture\DDCA\DDCA_CH\SM\20161005.mat,6271217,2026-04-02 12:10:26
Soil_Moisture\DDCA\DDCA_CH\SM\20161007.mat,7043997,2026-04-02 12:10:26
Soil_Moisture\DDCA\DDCA_CH\SM\20161008.mat,5836851,2026-04-02 12:10:26
Soil_Moisture\DDCA\DDCA_CH\SM\20161010.mat,6274998,2026-04-02 12:10:26
Soil_Moisture\DDCA\DDCA_CH\SM\20160929.mat,7383165,2026-04-02 12:10:22
Soil_Moisture\DDCA\DDCA_CH\SM\20161003.mat,6092557,2026-04-02 12:10:21
Soil_Moisture\DDCA\DDCA_CH\SM\20160923.mat,7132025,2026-04-02 12:10:19
Soil_Moisture\DDCA\DDCA_CH\SM\20160926.mat,6983155,2026-04-02 12:10:19
Soil_Moisture\DDCA\DDCA_CH\SM\20160930.mat,6188419,2026-04-02 12:10:19
Soil_Moisture\DDCA\DDCA_CH\SM\20160921.mat,6793015,2026-04-02 12:10:18
Soil_Moisture\DDCA\DDCA_CH\SM\20160928.mat,1665690,2026-04-02 12:10:18
Soil_Moisture\DDCA\DDCA_CH\SM\20160920.mat,6801835,2026-04-02 12:10:17
Soil_Moisture\DDCA\DDCA_CH\SM\20160922.mat,6335583,2026-04-02 12:10:17
Soil_Moisture\DDCA\DDCA_CH\SM\20160924.mat,6743871,2026-04-02 12:10:17
Soil_Moisture\DDCA\DDCA_CH\SM\20160925.mat,6260135,2026-04-02 12:10:17
Soil_Moisture\DDCA\DDCA_CH\SM\20160918.mat,7576816,2026-04-02 12:10:14
Soil_Moisture\DDCA\DDCA_CH\SM\20160919.mat,6478198,2026-04-02 12:10:14
Soil_Moisture\DDCA\DDCA_CH\SM\20160916.mat,6960167,2026-04-02 12:10:12
Soil_Moisture\DDCA\DDCA_CH\SM\20160910.mat,8001437,2026-04-02 12:10:11
Soil_Moisture\DDCA\DDCA_CH\SM\20160902.mat,8722734,2026-04-02 12:10:10
Soil_Moisture\DDCA\DDCA_CH\SM\20160913.mat,6462569,2026-04-02 12:10:10
Soil_Moisture\DDCA\DDCA_CH\SM\20160914.mat,6621111,2026-04-02 12:10:10
Soil_Moisture\DDCA\DDCA_CH\SM\20160915.mat,7325411,2026-04-02 12:10:10
Soil_Moisture\DDCA\DDCA_CH\SM\20160917.mat,6531514,2026-04-02 12:10:10
Soil_Moisture\DDCA\DDCA_CH\SM\20160912.mat,7232482,2026-04-02 12:10:09
Soil_Moisture\DDCA\DDCA_CH\SM\20160907.mat,7688089,2026-04-02 12:10:06
Soil_Moisture\DDCA\DDCA_CH\SM\20160911.mat,6980078,2026-04-02 12:10:06
Soil_Moisture\DDCA\DDCA_CH\SM\20160905.mat,6853570,2026-04-02 12:10:05
Soil_Moisture\DDCA\DDCA_CH\SM\20160909.mat,6813642,2026-04-02 12:10:05
Soil_Moisture\DDCA\DDCA_CH\SM\20160904.mat,7801803,2026-04-02 12:10:03
Soil_Moisture\DDCA\DDCA_CH\SM\20160908.mat,7360144,2026-04-02 12:10:03
Soil_Moisture\DDCA\DDCA_CH\SM\20160903.mat,7604094,2026-04-02 12:10:02
Soil_Moisture\DDCA\DDCA_CH\SM\20160906.mat,1844397,2026-04-02 12:10:02
Soil_Moisture\DDCA\DDCA_CH\SM\20160831.mat,8038020,2026-04-02 12:10:00
Soil_Moisture\DDCA\DDCA_CH\SM\20160828.mat,9514746,2026-04-02 12:09:58
Soil_Moisture\DDCA\DDCA_CH\SM\20160824.mat,8204119,2026-04-02 12:09:57
Soil_Moisture\DDCA\DDCA_CH\SM\20160826.mat,8524828,2026-04-02 12:09:57
Soil_Moisture\DDCA\DDCA_CH\SM\20160827.mat,8625537,2026-04-02 12:09:56
Soil_Moisture\DDCA\DDCA_CH\SM\20160830.mat,8266359,2026-04-02 12:09:56
Soil_Moisture\DDCA\DDCA_CH\SM\20160823.mat,8888874,2026-04-02 12:09:55
Soil_Moisture\DDCA\DDCA_CH\SM\20160825.mat,9524799,2026-04-02 12:09:55
Soil_Moisture\DDCA\DDCA_CH\SM\20160829.mat,7575783,2026-04-02 12:09:55
Soil_Moisture\DDCA\DDCA_CH\SM\20160901.mat,7007506,2026-04-02 12:09:54
Soil_Moisture\DDCA\DDCA_CH\SM\20160813.mat,8665854,2026-04-02 12:09:46
Soil_Moisture\DDCA\DDCA_CH\SM\20160814.mat,9823049,2026-04-02 12:09:46
Soil_Moisture\DDCA\DDCA_CH\SM\20160816.mat,8551867,2026-04-02 12:09:46
Soil_Moisture\DDCA\DDCA_CH\SM\20160817.mat,10410792,2026-04-02 12:09:46
Soil_Moisture\DDCA\DDCA_CH\SM\20160818.mat,9412051,2026-04-02 12:09:46
Soil_Moisture\DDCA\DDCA_CH\SM\20160819.mat,9386702,2026-04-02 12:09:46
Soil_Moisture\DDCA\DDCA_CH\SM\20160820.mat,10380264,2026-04-02 12:09:46
Soil_Moisture\DDCA\DDCA_CH\SM\20160815.mat,9692351,2026-04-02 12:09:45
Soil_Moisture\DDCA\DDCA_CH\SM\20160821.mat,8309369,2026-04-02 12:09:45
Soil_Moisture\DDCA\DDCA_CH\SM\20160822.mat,7983582,2026-04-02 12:09:45
Soil_Moisture\DDCA\DDCA_CH\SM\20160807.mat,10234576,2026-04-02 12:09:36
Soil_Moisture\DDCA\DDCA_CH\SM\20160809.mat,10897866,2026-04-02 12:09:36
Soil_Moisture\DDCA\DDCA_CH\SM\20160811.mat,9696355,2026-04-02 12:09:36
Soil_Moisture\DDCA\DDCA_CH\SM\20160812.mat,10255464,2026-04-02 12:09:36
Soil_Moisture\DDCA\DDCA_CH\SM\20160804.mat,11035486,2026-04-02 12:09:35
Soil_Moisture\DDCA\DDCA_CH\SM\20160808.mat,9318543,2026-04-02 12:09:35
Soil_Moisture\DDCA\DDCA_CH\SM\20160810.mat,9895237,2026-04-02 12:09:35
Soil_Moisture\DDCA\DDCA_CH\SM\20160805.mat,9845296,2026-04-02 12:09:34
Soil_Moisture\DDCA\DDCA_CH\SM\20160806.mat,10136733,2026-04-02 12:09:34
Soil_Moisture\DDCA\DDCA_CH\SM\20160802.mat,9996248,2026-04-02 12:09:33
Soil_Moisture\DDCA\DDCA_CH\SM\20160728.mat,9233682,2026-04-02 12:09:27
Soil_Moisture\DDCA\DDCA_CH\SM\20160803.mat,9791389,2026-04-02 12:09:27
Soil_Moisture\DDCA\DDCA_CH\SM\20160801.mat,11017047,2026-04-02 12:09:26
Soil_Moisture\DDCA\DDCA_CH\SM\20160727.mat,10962000,2026-04-02 12:09:25
Soil_Moisture\DDCA\DDCA_CH\SM\20160731.mat,9459356,2026-04-02 12:09:23
Soil_Moisture\DDCA\DDCA_CH\SM\20160730.mat,9564691,2026-04-02 12:09:22
Soil_Moisture\DDCA\DDCA_CH\SM\20160724.mat,10790123,2026-04-02 12:09:21
Soil_Moisture\DDCA\DDCA_CH\SM\20160725.mat,9744069,2026-04-02 12:09:21
Soil_Moisture\DDCA\DDCA_CH\SM\20160726.mat,9628254,2026-04-02 12:09:21
Soil_Moisture\DDCA\DDCA_CH\SM\20160729.mat,10256378,2026-04-02 12:09:21
Soil_Moisture\DDCA\DDCA_CH\SM\20160723.mat,9232753,2026-04-02 12:09:19
Soil_Moisture\DDCA\DDCA_CH\SM\20160720.mat,9763561,2026-04-02 12:09:13
Soil_Moisture\DDCA\DDCA_CH\SM\20160714.mat,9917834,2026-04-02 12:09:12
Soil_Moisture\DDCA\DDCA_CH\SM\20160719.mat,10707735,2026-04-02 12:09:11
Soil_Moisture\DDCA\DDCA_CH\SM\20160721.mat,10056679,2026-04-02 12:09:11
Soil_Moisture\DDCA\DDCA_CH\SM\20160722.mat,10145686,2026-04-02 12:09:11
Soil_Moisture\DDCA\DDCA_CH\SM\20160716.mat,10538479,2026-04-02 12:09:10
Soil_Moisture\DDCA\DDCA_CH\SM\20160717.mat,9494919,2026-04-02 12:09:10
Soil_Moisture\DDCA\DDCA_CH\SM\20160718.mat,9448836,2026-04-02 12:09:10
Soil_Moisture\DDCA\DDCA_CH\SM\20160715.mat,9094562,2026-04-02 12:09:09
Soil_Moisture\DDCA\DDCA_CH\SM\20160713.mat,9548563,2026-04-02 12:09:07
Soil_Moisture\DDCA\DDCA_CH\SM\20160704.mat,9278093,2026-04-02 12:09:01
Soil_Moisture\DDCA\DDCA_CH\SM\20160707.mat,8831182,2026-04-02 12:08:59
Soil_Moisture\DDCA\DDCA_CH\SM\20160702.mat,8661718,2026-04-02 12:08:58
Soil_Moisture\DDCA\DDCA_CH\SM\20160705.mat,9549420,2026-04-02 12:08:58
Soil_Moisture\DDCA\DDCA_CH\SM\20160708.mat,10215967,2026-04-02 12:08:58
Soil_Moisture\DDCA\DDCA_CH\SM\20160710.mat,9126822,2026-04-02 12:08:58
Soil_Moisture\DDCA\DDCA_CH\SM\20160711.mat,10571104,2026-04-02 12:08:58
Soil_Moisture\DDCA\DDCA_CH\SM\20160712.mat,9534911,2026-04-02 12:08:58
Soil_Moisture\DDCA\DDCA_CH\SM\20160703.mat,10220776,2026-04-02 12:08:57
Soil_Moisture\DDCA\DDCA_CH\SM\20160709.mat,9269711,2026-04-02 12:08:57
Soil_Moisture\DDCA\DDCA_CH\SM\20160706.mat,9666024,2026-04-02 12:08:52
Soil_Moisture\DDCA\DDCA_CH\SM\20160625.mat,9905895,2026-04-02 12:08:47
Soil_Moisture\DDCA\DDCA_CH\SM\20160630.mat,9839910,2026-04-02 12:08:47
Soil_Moisture\DDCA\DDCA_CH\SM\20160701.mat,8902359,2026-04-02 12:08:47
Soil_Moisture\DDCA\DDCA_CH\SM\20160627.mat,9212211,2026-04-02 12:08:46
Soil_Moisture\DDCA\DDCA_CH\SM\20160629.mat,8476664,2026-04-02 12:08:46
Soil_Moisture\DDCA\DDCA_CH\SM\20160623.mat,8029443,2026-04-02 12:08:45
Soil_Moisture\DDCA\DDCA_CH\SM\20160624.mat,8564506,2026-04-02 12:08:45
Soil_Moisture\DDCA\DDCA_CH\SM\20160626.mat,8902077,2026-04-02 12:08:45
Soil_Moisture\DDCA\DDCA_CH\SM\20160628.mat,9259581,2026-04-02 12:08:45
Soil_Moisture\DDCA\DDCA_CH\SM\20160622.mat,9471036,2026-04-02 12:08:44
Soil_Moisture\DDCA\DDCA_CH\SM\20160619.mat,8941103,2026-04-02 12:08:38
Soil_Moisture\DDCA\DDCA_CH\SM\20160621.mat,8179911,2026-04-02 12:08:38
Soil_Moisture\DDCA\DDCA_CH\SM\20160617.mat,8442273,2026-04-02 12:08:36
Soil_Moisture\DDCA\DDCA_CH\SM\20160612.mat,8558115,2026-04-02 12:08:35
Soil_Moisture\DDCA\DDCA_CH\SM\20160614.mat,9182384,2026-04-02 12:08:35
Soil_Moisture\DDCA\DDCA_CH\SM\20160615.mat,8074669,2026-04-02 12:08:35
Soil_Moisture\DDCA\DDCA_CH\SM\20160620.mat,8529301,2026-04-02 12:08:35
Soil_Moisture\DDCA\DDCA_CH\SM\20160609.mat,9186057,2026-04-02 12:08:34
Soil_Moisture\DDCA\DDCA_CH\SM\20160616.mat,8293974,2026-04-02 12:08:34
Soil_Moisture\DDCA\DDCA_CH\SM\20160618.mat,8488025,2026-04-02 12:08:34
Soil_Moisture\DDCA\DDCA_CH\SM\20160613.mat,7926620,2026-04-02 12:08:30
Soil_Moisture\DDCA\DDCA_CH\SM\20160610.mat,8253208,2026-04-02 12:08:28
Soil_Moisture\DDCA\DDCA_CH\SM\20160607.mat,8033883,2026-04-02 12:08:27
Soil_Moisture\DDCA\DDCA_CH\SM\20160611.mat,8692442,2026-04-02 12:08:27
Soil_Moisture\DDCA\DDCA_CH\SM\20160604.mat,8355196,2026-04-02 12:08:25
Soil_Moisture\DDCA\DDCA_CH\SM\20160608.mat,8104342,2026-04-02 12:08:25
Soil_Moisture\DDCA\DDCA_CH\SM\20160603.mat,8540744,2026-04-02 12:08:24
Soil_Moisture\DDCA\DDCA_CH\SM\20160605.mat,7752703,2026-04-02 12:08:24
Soil_Moisture\DDCA\DDCA_CH\SM\20160606.mat,8601615,2026-04-02 12:08:24
Soil_Moisture\DDCA\DDCA_CH\SM\20160529.mat,8802522,2026-04-02 12:08:22
Soil_Moisture\DDCA\DDCA_CH\SM\20160601.mat,8342495,2026-04-02 12:08:20
Soil_Moisture\DDCA\DDCA_CH\SM\20160602.mat,7983015,2026-04-02 12:08:19
Soil_Moisture\DDCA\DDCA_CH\SM\20160527.mat,8162674,2026-04-02 12:08:18
Soil_Moisture\DDCA\DDCA_CH\SM\20160530.mat,7777607,2026-04-02 12:08:18
Soil_Moisture\DDCA\DDCA_CH\SM\20160531.mat,7881433,2026-04-02 12:08:18
Soil_Moisture\DDCA\DDCA_CH\SM\20160524.mat,8780405,2026-04-02 12:08:15
Soil_Moisture\DDCA\DDCA_CH\SM\20160528.mat,7521153,2026-04-02 12:08:15
Soil_Moisture\DDCA\DDCA_CH\SM\20160519.mat,7853918,2026-04-02 12:08:13
Soil_Moisture\DDCA\DDCA_CH\SM\20160526.mat,8356141,2026-04-02 12:08:12
Soil_Moisture\DDCA\DDCA_CH\SM\20160516.mat,8248122,2026-04-02 12:08:10
Soil_Moisture\DDCA\DDCA_CH\SM\20160518.mat,7974231,2026-04-02 12:08:09
Soil_Moisture\DDCA\DDCA_CH\SM\20160520.mat,7197114,2026-04-02 12:08:09
Soil_Moisture\DDCA\DDCA_CH\SM\20160522.mat,7460134,2026-04-02 12:08:09
Soil_Moisture\DDCA\DDCA_CH\SM\20160523.mat,7525545,2026-04-02 12:08:09
Soil_Moisture\DDCA\DDCA_CH\SM\20160525.mat,7723158,2026-04-02 12:08:09
Soil_Moisture\DDCA\DDCA_CH\SM\20160521.mat,8396488,2026-04-02 12:08:06
Soil_Moisture\DDCA\DDCA_CH\SM\20160517.mat,7404329,2026-04-02 12:08:05
Soil_Moisture\DDCA\DDCA_CH\SM\20160515.mat,7118888,2026-04-02 12:08:04
Soil_Moisture\DDCA\DDCA_CH\SM\20160508.mat,7901190,2026-04-02 12:08:02
Soil_Moisture\DDCA\DDCA_CH\SM\20160514.mat,7056047,2026-04-02 12:08:01
Soil_Moisture\DDCA\DDCA_CH\SM\20160511.mat,7435556,2026-04-02 12:07:59
Soil_Moisture\DDCA\DDCA_CH\SM\20160510.mat,7578608,2026-04-02 12:07:58
Soil_Moisture\DDCA\DDCA_CH\SM\20160505.mat,7570964,2026-04-02 12:07:57
Soil_Moisture\DDCA\DDCA_CH\SM\20160506.mat,6713358,2026-04-02 12:07:57
Soil_Moisture\DDCA\DDCA_CH\SM\20160507.mat,6838481,2026-04-02 12:07:57
Soil_Moisture\DDCA\DDCA_CH\SM\20160509.mat,6976015,2026-04-02 12:07:57
Soil_Moisture\DDCA\DDCA_CH\SM\20160512.mat,6788098,2026-04-02 12:07:57
Soil_Moisture\DDCA\DDCA_CH\SM\20160513.mat,7943026,2026-04-02 12:07:57
Soil_Moisture\DDCA\DDCA_CH\SM\20160504.mat,6527217,2026-04-02 12:07:55
Soil_Moisture\DDCA\DDCA_CH\SM\20160503.mat,7042584,2026-04-02 12:07:50
Soil_Moisture\DDCA\DDCA_CH\SM\20160425.mat,6334733,2026-04-02 12:07:49
Soil_Moisture\DDCA\DDCA_CH\SM\20160427.mat,7299567,2026-04-02 12:07:49
Soil_Moisture\DDCA\DDCA_CH\SM\20160319.mat,5436113,2026-04-02 12:07:48
Soil_Moisture\DDCA\DDCA_CH\SM\20160426.mat,4422921,2026-04-02 12:07:48
Soil_Moisture\DDCA\DDCA_CH\SM\20160428.mat,6462298,2026-04-02 12:07:48
Soil_Moisture\DDCA\DDCA_CH\SM\20160430.mat,2643268,2026-04-02 12:07:48
Soil_Moisture\DDCA\DDCA_CH\SM\20160502.mat,1880015,2026-04-02 12:07:48
Soil_Moisture\DDCA\DDCA_CH\SM\20160424.mat,7049648,2026-04-02 12:07:47
Soil_Moisture\DDCA\DDCA_CH\SM\20160429.mat,6625548,2026-04-02 12:07:47
Soil_Moisture\DDCA\DDCA_CH\SM\20160421.mat,6472237,2026-04-02 12:07:44
Soil_Moisture\DDCA\DDCA_CH\SM\20160419.mat,7098582,2026-04-02 12:07:43
Soil_Moisture\DDCA\DDCA_CH\SM\20160420.mat,6303174,2026-04-02 12:07:43
Soil_Moisture\DDCA\DDCA_CH\SM\20160423.mat,6390381,2026-04-02 12:07:43
Soil_Moisture\DDCA\DDCA_CH\SM\20160415.mat,6241149,2026-04-02 12:07:42
Soil_Moisture\DDCA\DDCA_CH\SM\20160416.mat,6881770,2026-04-02 12:07:42
Soil_Moisture\DDCA\DDCA_CH\SM\20160417.mat,6611069,2026-04-02 12:07:42
Soil_Moisture\DDCA\DDCA_CH\SM\20160418.mat,6193098,2026-04-02 12:07:42
Soil_Moisture\DDCA\DDCA_CH\SM\20160422.mat,7248699,2026-04-02 12:07:41
Soil_Moisture\DDCA\DDCA_CH\SM\20160411.mat,6842654,2026-04-02 12:07:37
Soil_Moisture\DDCA\DDCA_CH\SM\20160408.mat,6667939,2026-04-02 12:07:36
Soil_Moisture\DDCA\DDCA_CH\SM\20160409.mat,6395662,2026-04-02 12:07:36
Soil_Moisture\DDCA\DDCA_CH\SM\20160413.mat,5991825,2026-04-02 12:07:36
Soil_Moisture\DDCA\DDCA_CH\SM\20160414.mat,6957854,2026-04-02 12:07:36
Soil_Moisture\DDCA\DDCA_CH\SM\20160406.mat,6833068,2026-04-02 12:07:35
Soil_Moisture\DDCA\DDCA_CH\SM\20160407.mat,6083229,2026-04-02 12:07:35
Soil_Moisture\DDCA\DDCA_CH\SM\20160410.mat,6015684,2026-04-02 12:07:35
Soil_Moisture\DDCA\DDCA_CH\SM\20160405.mat,5197729,2026-04-02 12:07:32
Soil_Moisture\DDCA\DDCA_CH\SM\20160412.mat,5805274,2026-04-02 12:07:32
Soil_Moisture\DDCA\DDCA_CH\SM\20160328.mat,5840406,2026-04-02 12:07:28
Soil_Moisture\DDCA\DDCA_CH\SM\20160330.mat,5779569,2026-04-02 12:07:28
Soil_Moisture\DDCA\DDCA_CH\SM\20160331.mat,6414682,2026-04-02 12:07:28
Soil_Moisture\DDCA\DDCA_CH\SM\20160401.mat,6112369,2026-04-02 12:07:28
Soil_Moisture\DDCA\DDCA_CH\SM\20160402.mat,5770948,2026-04-02 12:07:28
Soil_Moisture\DDCA\DDCA_CH\SM\20160403.mat,6611705,2026-04-02 12:07:28
Soil_Moisture\DDCA\DDCA_CH\SM\20160404.mat,5805748,2026-04-02 12:07:28
Soil_Moisture\DDCA\DDCA_CH\SM\20160329.mat,6474415,2026-04-02 12:07:27
Soil_Moisture\DDCA\DDCA_CH\SM\20160327.mat,5589569,2026-04-02 12:07:25
Soil_Moisture\DDCA\DDCA_CH\SM\20160326.mat,6399543,2026-04-02 12:07:24
Soil_Moisture\DDCA\DDCA_CH\SM\20160316.mat,5735586,2026-04-02 12:07:21
Soil_Moisture\DDCA\DDCA_CH\SM\20160321.mat,6391279,2026-04-02 12:07:21
Soil_Moisture\DDCA\DDCA_CH\SM\20160323.mat,6239099,2026-04-02 12:07:21
Soil_Moisture\DDCA\DDCA_CH\SM\20160325.mat,5601604,2026-04-02 12:07:21
Soil_Moisture\DDCA\DDCA_CH\SM\20160318.mat,6282690,2026-04-02 12:07:20
Soil_Moisture\DDCA\DDCA_CH\SM\20160320.mat,5739379,2026-04-02 12:07:20
Soil_Moisture\DDCA\DDCA_CH\SM\20160322.mat,5583333,2026-04-02 12:07:20
Soil_Moisture\DDCA\DDCA_CH\SM\20160324.mat,5913983,2026-04-02 12:07:20
Soil_Moisture\DDCA\DDCA_CH\SM\20160317.mat,5456097,2026-04-02 12:07:18
Soil_Moisture\DDCA\DDCA_CH\SM\20160315.mat,6124830,2026-04-02 12:07:16
Soil_Moisture\DDCA\DDCA_CH\SM\20160312.mat,5513172,2026-04-02 12:07:14
Soil_Moisture\DDCA\DDCA_CH\SM\20160313.mat,6168915,2026-04-02 12:07:14
Soil_Moisture\DDCA\DDCA_CH\SM\20160314.mat,5409920,2026-04-02 12:07:14
Soil_Moisture\DDCA\DDCA_CH\SM\20160308.mat,5414715,2026-04-02 12:07:13
Soil_Moisture\DDCA\DDCA_CH\SM\20160309.mat,5226123,2026-04-02 12:07:13
Soil_Moisture\DDCA\DDCA_CH\SM\20160310.mat,6010912,2026-04-02 12:07:13
Soil_Moisture\DDCA\DDCA_CH\SM\20160311.mat,5145001,2026-04-02 12:07:13
Soil_Moisture\DDCA\DDCA_CH\SM\20160306.mat,5140291,2026-04-02 12:07:12
Soil_Moisture\DDCA\DDCA_CH\SM\20160307.mat,5877047,2026-04-02 12:07:12
Soil_Moisture\DDCA\DDCA_CH\SM\20160305.mat,5882677,2026-04-02 12:07:11
Soil_Moisture\DDCA\DDCA_CH\SM\20160228.mat,5607768,2026-04-02 12:07:07
Soil_Moisture\DDCA\DDCA_CH\SM\20160229.mat,5117978,2026-04-02 12:07:07
Soil_Moisture\DDCA\DDCA_CH\SM\20160303.mat,4430026,2026-04-02 12:07:07
Soil_Moisture\DDCA\DDCA_CH\SM\20160304.mat,5248642,2026-04-02 12:07:07
Soil_Moisture\DDCA\DDCA_CH\SM\20160225.mat,5096957,2026-04-02 12:07:06
Soil_Moisture\DDCA\DDCA_CH\SM\20160226.mat,5636166,2026-04-02 12:07:06
Soil_Moisture\DDCA\DDCA_CH\SM\20160227.mat,4834162,2026-04-02 12:07:06
Soil_Moisture\DDCA\DDCA_CH\SM\20160301.mat,4935704,2026-04-02 12:07:06
Soil_Moisture\DDCA\DDCA_CH\SM\20160302.mat,5733262,2026-04-02 12:07:06
Soil_Moisture\DDCA\DDCA_CH\SM\20160224.mat,4607852,2026-04-02 12:07:05
Soil_Moisture\DDCA\DDCA_CH\SM\20160223.mat,5548716,2026-04-02 12:07:03
Soil_Moisture\DDCA\DDCA_CH\SM\20160215.mat,5336352,2026-04-02 12:07:00
Soil_Moisture\DDCA\DDCA_CH\SM\20160216.mat,4372587,2026-04-02 12:07:00
Soil_Moisture\DDCA\DDCA_CH\SM\20160220.mat,5437402,2026-04-02 12:07:00
Soil_Moisture\DDCA\DDCA_CH\SM\20160221.mat,4894636,2026-04-02 12:07:00
Soil_Moisture\DDCA\DDCA_CH\SM\20160222.mat,4712925,2026-04-02 12:07:00
Soil_Moisture\DDCA\DDCA_CH\SM\20160213.mat,4634306,2026-04-02 12:06:59
Soil_Moisture\DDCA\DDCA_CH\SM\20160214.mat,4539712,2026-04-02 12:06:59
Soil_Moisture\DDCA\DDCA_CH\SM\20160217.mat,4933511,2026-04-02 12:06:59
Soil_Moisture\DDCA\DDCA_CH\SM\20160218.mat,5378508,2026-04-02 12:06:59
Soil_Moisture\DDCA\DDCA_CH\SM\20160219.mat,4229535,2026-04-02 12:06:59
Soil_Moisture\DDCA\DDCA_CH\SM\20160202.mat,4638172,2026-04-02 12:06:54
Soil_Moisture\DDCA\DDCA_CH\SM\20160204.mat,4941250,2026-04-02 12:06:54
Soil_Moisture\DDCA\DDCA_CH\SM\20160205.mat,4369320,2026-04-02 12:06:54
Soil_Moisture\DDCA\DDCA_CH\SM\20160206.mat,4120737,2026-04-02 12:06:54
Soil_Moisture\DDCA\DDCA_CH\SM\20160207.mat,4989676,2026-04-02 12:06:54
Soil_Moisture\DDCA\DDCA_CH\SM\20160209.mat,4507338,2026-04-02 12:06:54
Soil_Moisture\DDCA\DDCA_CH\SM\20160210.mat,5197606,2026-04-02 12:06:54
Soil_Moisture\DDCA\DDCA_CH\SM\20160211.mat,4370805,2026-04-02 12:06:54
Soil_Moisture\DDCA\DDCA_CH\SM\20160212.mat,5278968,2026-04-02 12:06:54
Soil_Moisture\DDCA\DDCA_CH\SM\20160203.mat,4000786,2026-04-02 12:06:53
Soil_Moisture\DDCA\DDCA_CH\SM\20160208.mat,4065992,2026-04-02 12:06:53
Soil_Moisture\DDCA\DDCA_CH\SM\20160122.mat,5092441,2026-04-02 12:06:48
Soil_Moisture\DDCA\DDCA_CH\SM\20160123.mat,4273256,2026-04-02 12:06:48
Soil_Moisture\DDCA\DDCA_CH\SM\20160124.mat,4551347,2026-04-02 12:06:48
Soil_Moisture\DDCA\DDCA_CH\SM\20160127.mat,4950399,2026-04-02 12:06:48
Soil_Moisture\DDCA\DDCA_CH\SM\20160128.mat,4457174,2026-04-02 12:06:48
Soil_Moisture\DDCA\DDCA_CH\SM\20160129.mat,4165247,2026-04-02 12:06:48
Soil_Moisture\DDCA\DDCA_CH\SM\20160130.mat,5007632,2026-04-02 12:06:48
Soil_Moisture\DDCA\DDCA_CH\SM\20160131.mat,4155710,2026-04-02 12:06:48
Soil_Moisture\DDCA\DDCA_CH\SM\20160201.mat,4515524,2026-04-02 12:06:48
Soil_Moisture\DDCA\DDCA_CH\SM\20160125.mat,4886484,2026-04-02 12:06:47
Soil_Moisture\DDCA\DDCA_CH\SM\20160126.mat,4056804,2026-04-02 12:06:47
Soil_Moisture\DDCA\DDCA_CH\SM\20160121.mat,4212807,2026-04-02 12:06:43
Soil_Moisture\DDCA\DDCA_CH\SM\20160112.mat,4670881,2026-04-02 12:06:42
Soil_Moisture\DDCA\DDCA_CH\SM\20160113.mat,4281323,2026-04-02 12:06:42
Soil_Moisture\DDCA\DDCA_CH\SM\20160116.mat,4665551,2026-04-02 12:06:42
Soil_Moisture\DDCA\DDCA_CH\SM\20160117.mat,5001144,2026-04-02 12:06:42
Soil_Moisture\DDCA\DDCA_CH\SM\20160118.mat,4163243,2026-04-02 12:06:42
Soil_Moisture\DDCA\DDCA_CH\SM\20160119.mat,4994739,2026-04-02 12:06:42
Soil_Moisture\DDCA\DDCA_CH\SM\20160120.mat,4569624,2026-04-02 12:06:42
Soil_Moisture\DDCA\DDCA_CH\SM\20160114.mat,5210665,2026-04-02 12:06:41
Soil_Moisture\DDCA\DDCA_CH\SM\20160115.mat,4373739,2026-04-02 12:06:41
Soil_Moisture\DDCA\DDCA_CH\SM\20160111.mat,5082761,2026-04-02 12:06:40
Soil_Moisture\DDCA\DDCA_CH\SM\20160107.mat,4470654,2026-04-02 12:06:37
Soil_Moisture\DDCA\DDCA_CH\SM\20160109.mat,5089863,2026-04-02 12:06:37
Soil_Moisture\DDCA\DDCA_CH\SM\20160110.mat,4249460,2026-04-02 12:06:37
Soil_Moisture\DDCA\DDCA_CH\SM\20160105.mat,4336045,2026-04-02 12:06:36
Soil_Moisture\DDCA\DDCA_CH\SM\20160106.mat,5273491,2026-04-02 12:06:36
Soil_Moisture\DDCA\DDCA_CH\SM\20160108.mat,4674920,2026-04-02 12:06:36
Soil_Moisture\DDCA\DDCA_CH\SM\20160101.mat,5325066,2026-04-02 12:06:35
Soil_Moisture\DDCA\DDCA_CH\SM\20160102.mat,4320246,2026-04-02 12:06:35
Soil_Moisture\DDCA\DDCA_CH\SM\20160103.mat,5139459,2026-04-02 12:06:35
Soil_Moisture\DDCA\DDCA_CH\SM\20160104.mat,4328337,2026-04-02 12:06:35
Soil_Moisture\DDCA\DDCA_CH\SM\20151227.mat,4850511,2026-04-02 12:06:31
Soil_Moisture\DDCA\DDCA_CH\SM\20151219.mat,4643353,2026-04-02 12:06:30
Soil_Moisture\DDCA\DDCA_CH\SM\20151220.mat,4300494,2026-04-02 12:06:30
Soil_Moisture\DDCA\DDCA_CH\SM\20151221.mat,5233663,2026-04-02 12:06:30
Soil_Moisture\DDCA\DDCA_CH\SM\20151222.mat,4374836,2026-04-02 12:06:30
Soil_Moisture\DDCA\DDCA_CH\SM\20151223.mat,4632734,2026-04-02 12:06:30
Soil_Moisture\DDCA\DDCA_CH\SM\20151224.mat,3376823,2026-04-02 12:06:30
Soil_Moisture\DDCA\DDCA_CH\SM\20151225.mat,3307439,2026-04-02 12:06:30
Soil_Moisture\DDCA\DDCA_CH\SM\20151226.mat,3789831,2026-04-02 12:06:30
Soil_Moisture\DDCA\DDCA_CH\SM\20151228.mat,477265,2026-04-02 12:06:30
Soil_Moisture\DDCA\DDCA_CH\SM\20151229.mat,477265,2026-04-02 12:06:30
Soil_Moisture\DDCA\DDCA_CH\SM\20151230.mat,477265,2026-04-02 12:06:30
Soil_Moisture\DDCA\DDCA_CH\SM\20151231.mat,477265,2026-04-02 12:06:30
Soil_Moisture\DDCA\DDCA_CH\SM\20151214.mat,4310943,2026-04-02 12:06:29
Soil_Moisture\DDCA\DDCA_CH\SM\20151218.mat,5024878,2026-04-02 12:06:29
Soil_Moisture\DDCA\DDCA_CH\SM\20151213.mat,4776784,2026-04-02 12:06:27
Soil_Moisture\DDCA\DDCA_CH\SM\20151215.mat,1363705,2026-04-02 12:06:26
Soil_Moisture\DDCA\DDCA_CH\SM\20151217.mat,1181086,2026-04-02 12:06:26
Soil_Moisture\DDCA\DDCA_CH\SM\20151210.mat,4373906,2026-04-02 12:06:25
Soil_Moisture\DDCA\DDCA_CH\SM\20151212.mat,4263299,2026-04-02 12:06:25
Soil_Moisture\DDCA\DDCA_CH\SM\20151209.mat,4151598,2026-04-02 12:06:24
Soil_Moisture\DDCA\DDCA_CH\SM\20151211.mat,4416661,2026-04-02 12:06:24
Soil_Moisture\DDCA\DDCA_CH\SM\20151203.mat,4539312,2026-04-02 12:06:23
Soil_Moisture\DDCA\DDCA_CH\SM\20151205.mat,5125241,2026-04-02 12:06:23
Soil_Moisture\DDCA\DDCA_CH\SM\20151206.mat,4290392,2026-04-02 12:06:23
Soil_Moisture\DDCA\DDCA_CH\SM\20151207.mat,4542517,2026-04-02 12:06:23
Soil_Moisture\DDCA\DDCA_CH\SM\20151208.mat,4885571,2026-04-02 12:06:23
Soil_Moisture\DDCA\DDCA_CH\SM\20151204.mat,4217056,2026-04-02 12:06:22
Soil_Moisture\DDCA\DDCA_CH\SM\20151202.mat,4947130,2026-04-02 12:06:21
Soil_Moisture\DDCA\DDCA_CH\SM\20151129.mat,4394113,2026-04-02 12:06:19
Soil_Moisture\DDCA\DDCA_CH\SM\20151130.mat,4675865,2026-04-02 12:06:19
Soil_Moisture\DDCA\DDCA_CH\SM\20151201.mat,4060471,2026-04-02 12:06:19
Soil_Moisture\DDCA\DDCA_CH\SM\20151125.mat,4561463,2026-04-02 12:06:18
Soil_Moisture\DDCA\DDCA_CH\SM\20151126.mat,4071584,2026-04-02 12:06:18
Soil_Moisture\DDCA\DDCA_CH\SM\20151127.mat,5086172,2026-04-02 12:06:18
Soil_Moisture\DDCA\DDCA_CH\SM\20151128.mat,4192563,2026-04-02 12:06:18
Soil_Moisture\DDCA\DDCA_CH\SM\20151122.mat,4884884,2026-04-02 12:06:17
Soil_Moisture\DDCA\DDCA_CH\SM\20151124.mat,4974263,2026-04-02 12:06:17
Soil_Moisture\DDCA\DDCA_CH\SM\20151118.mat,4150066,2026-04-02 12:06:16
Soil_Moisture\DDCA\DDCA_CH\SM\20151120.mat,4206038,2026-04-02 12:06:16
Soil_Moisture\DDCA\DDCA_CH\SM\20151123.mat,4060560,2026-04-02 12:06:16
Soil_Moisture\DDCA\DDCA_CH\SM\20151119.mat,5129897,2026-04-02 12:06:14
Soil_Moisture\DDCA\DDCA_CH\SM\20151121.mat,4496635,2026-04-02 12:06:14
Soil_Moisture\DDCA\DDCA_CH\SM\20151113.mat,5045822,2026-04-02 12:06:13
Soil_Moisture\DDCA\DDCA_CH\SM\20151114.mat,4425433,2026-04-02 12:06:12
Soil_Moisture\DDCA\DDCA_CH\SM\20151116.mat,5659201,2026-04-02 12:06:12
Soil_Moisture\DDCA\DDCA_CH\SM\20151115.mat,4523423,2026-04-02 12:06:11
Soil_Moisture\DDCA\DDCA_CH\SM\20151117.mat,5251175,2026-04-02 12:06:11
Soil_Moisture\DDCA\DDCA_CH\SM\20151112.mat,4722707,2026-04-02 12:06:10
Soil_Moisture\DDCA\DDCA_CH\SM\20151025.mat,5044104,2026-04-02 12:06:09
Soil_Moisture\DDCA\DDCA_CH\SM\20151110.mat,4623252,2026-04-02 12:06:09
Soil_Moisture\DDCA\DDCA_CH\SM\20151111.mat,5839628,2026-04-02 12:06:09
Soil_Moisture\DDCA\DDCA_CH\SM\20151109.mat,5488972,2026-04-02 12:06:08
Soil_Moisture\DDCA\DDCA_CH\SM\20151106.mat,5867374,2026-04-02 12:06:07
Soil_Moisture\DDCA\DDCA_CH\SM\20151108.mat,5965714,2026-04-02 12:06:06
Soil_Moisture\DDCA\DDCA_CH\SM\20151102.mat,4898372,2026-04-02 12:06:05
Soil_Moisture\DDCA\DDCA_CH\SM\20151103.mat,6166644,2026-04-02 12:06:05
Soil_Moisture\DDCA\DDCA_CH\SM\20151031.mat,5202227,2026-04-02 12:06:04
Soil_Moisture\DDCA\DDCA_CH\SM\20151104.mat,5022812,2026-04-02 12:06:04
Soil_Moisture\DDCA\DDCA_CH\SM\20151105.mat,5335149,2026-04-02 12:06:04
Soil_Moisture\DDCA\DDCA_CH\SM\20151107.mat,4839043,2026-04-02 12:06:04
Soil_Moisture\DDCA\DDCA_CH\SM\20151028.mat,5435647,2026-04-02 12:06:01
Soil_Moisture\DDCA\DDCA_CH\SM\20151030.mat,4229147,2026-04-02 12:06:01
Soil_Moisture\DDCA\DDCA_CH\SM\20151029.mat,6161081,2026-04-02 12:06:00
Soil_Moisture\DDCA\DDCA_CH\SM\20151101.mat,5869202,2026-04-02 12:06:00
Soil_Moisture\DDCA\DDCA_CH\SM\20151026.mat,6409776,2026-04-02 12:05:59
Soil_Moisture\DDCA\DDCA_CH\SM\20151021.mat,6446458,2026-04-02 12:05:57
Soil_Moisture\DDCA\DDCA_CH\SM\20151022.mat,5295908,2026-04-02 12:05:57
Soil_Moisture\DDCA\DDCA_CH\SM\20151023.mat,6460375,2026-04-02 12:05:57
Soil_Moisture\DDCA\DDCA_CH\SM\20151024.mat,6022286,2026-04-02 12:05:57
Soil_Moisture\DDCA\DDCA_CH\SM\20151027.mat,5247812,2026-04-02 12:05:57
Soil_Moisture\DDCA\DDCA_CH\SM\20151020.mat,5767345,2026-04-02 12:05:56
Soil_Moisture\DDCA\DDCA_CH\SM\20151018.mat,6710936,2026-04-02 12:05:55
Soil_Moisture\DDCA\DDCA_CH\SM\20151019.mat,5541564,2026-04-02 12:05:55
Soil_Moisture\DDCA\DDCA_CH\SM\20151016.mat,6335863,2026-04-02 12:05:53
Soil_Moisture\DDCA\DDCA_CH\SM\20151017.mat,5323472,2026-04-02 12:05:52
Soil_Moisture\DDCA\DDCA_CH\SM\20151015.mat,6618010,2026-04-02 12:05:51
Soil_Moisture\DDCA\DDCA_CH\SM\20151013.mat,6601933,2026-04-02 12:05:50
Soil_Moisture\DDCA\DDCA_CH\SM\20151014.mat,5541232,2026-04-02 12:05:50
Soil_Moisture\DDCA\DDCA_CH\SM\20151008.mat,6585417,2026-04-02 12:05:49
Soil_Moisture\DDCA\DDCA_CH\SM\20151010.mat,6841416,2026-04-02 12:05:49
Soil_Moisture\DDCA\DDCA_CH\SM\20151011.mat,5745568,2026-04-02 12:05:49
Soil_Moisture\DDCA\DDCA_CH\SM\20151005.mat,6947104,2026-04-02 12:05:48
Soil_Moisture\DDCA\DDCA_CH\SM\20151006.mat,5925559,2026-04-02 12:05:48
Soil_Moisture\DDCA\DDCA_CH\SM\20151009.mat,5563446,2026-04-02 12:05:48
Soil_Moisture\DDCA\DDCA_CH\SM\20151004.mat,6262525,2026-04-02 12:05:44
Soil_Moisture\DDCA\DDCA_CH\SM\20151012.mat,5978492,2026-04-02 12:05:44
Soil_Moisture\DDCA\DDCA_CH\SM\20151003.mat,6088703,2026-04-02 12:05:43
Soil_Moisture\DDCA\DDCA_CH\SM\20151007.mat,6881269,2026-04-02 12:05:43
Soil_Moisture\DDCA\DDCA_CH\SM\20151002.mat,7167382,2026-04-02 12:05:41
Soil_Moisture\DDCA\DDCA_CH\SM\20150924.mat,7418106,2026-04-02 12:05:40
Soil_Moisture\DDCA\DDCA_CH\SM\20150925.mat,6509307,2026-04-02 12:05:40
Soil_Moisture\DDCA\DDCA_CH\SM\20150929.mat,7084377,2026-04-02 12:05:40
Soil_Moisture\DDCA\DDCA_CH\SM\20150930.mat,7010564,2026-04-02 12:05:40
Soil_Moisture\DDCA\DDCA_CH\SM\20150926.mat,5756169,2026-04-02 12:05:39
Soil_Moisture\DDCA\DDCA_CH\SM\20150927.mat,7227642,2026-04-02 12:05:39
Soil_Moisture\DDCA\DDCA_CH\SM\20150928.mat,6363668,2026-04-02 12:05:39
Soil_Moisture\DDCA\DDCA_CH\SM\20150922.mat,7355796,2026-04-02 12:05:36
Soil_Moisture\DDCA\DDCA_CH\SM\20150923.mat,6229226,2026-04-02 12:05:36
Soil_Moisture\DDCA\DDCA_CH\SM\20151001.mat,5855638,2026-04-02 12:05:35
Soil_Moisture\DDCA\DDCA_CH\SM\20150916.mat,7800880,2026-04-02 12:05:31
Soil_Moisture\DDCA\DDCA_CH\SM\20150919.mat,7558857,2026-04-02 12:05:31
Soil_Moisture\DDCA\DDCA_CH\SM\20150920.mat,6771957,2026-04-02 12:05:31
Soil_Moisture\DDCA\DDCA_CH\SM\20150921.mat,7390126,2026-04-02 12:05:31
Soil_Moisture\DDCA\DDCA_CH\SM\20150913.mat,7813102,2026-04-02 12:05:30
Soil_Moisture\DDCA\DDCA_CH\SM\20150914.mat,7964421,2026-04-02 12:05:30
Soil_Moisture\DDCA\DDCA_CH\SM\20150915.mat,6594815,2026-04-02 12:05:30
Soil_Moisture\DDCA\DDCA_CH\SM\20150917.mat,6841760,2026-04-02 12:05:30
Soil_Moisture\DDCA\DDCA_CH\SM\20150918.mat,6952028,2026-04-02 12:05:30
Soil_Moisture\DDCA\DDCA_CH\SM\20150911.mat,8123522,2026-04-02 12:05:27
Soil_Moisture\DDCA\DDCA_CH\SM\20150905.mat,8124609,2026-04-02 12:05:24
Soil_Moisture\DDCA\DDCA_CH\SM\20150906.mat,8357370,2026-04-02 12:05:24
Soil_Moisture\DDCA\DDCA_CH\SM\20150807.mat,10090924,2026-04-02 12:05:23
Soil_Moisture\DDCA\DDCA_CH\SM\20150908.mat,8341145,2026-04-02 12:05:23
Soil_Moisture\DDCA\DDCA_CH\SM\20150910.mat,7380234,2026-04-02 12:05:23
Soil_Moisture\DDCA\DDCA_CH\SM\20150907.mat,7013465,2026-04-02 12:05:22
Soil_Moisture\DDCA\DDCA_CH\SM\20150909.mat,7363169,2026-04-02 12:05:22
Soil_Moisture\DDCA\DDCA_CH\SM\20150912.mat,7303289,2026-04-02 12:05:22
Soil_Moisture\DDCA\DDCA_CH\SM\20150831.mat,8772352,2026-04-02 12:05:20
Soil_Moisture\DDCA\DDCA_CH\SM\20150829.mat,9083743,2026-04-02 12:05:16
Soil_Moisture\DDCA\DDCA_CH\SM\20150904.mat,6545948,2026-04-02 12:05:16
Soil_Moisture\DDCA\DDCA_CH\SM\20150903.mat,8585227,2026-04-02 12:05:15
Soil_Moisture\DDCA\DDCA_CH\SM\20150828.mat,8618706,2026-04-02 12:05:14
Soil_Moisture\DDCA\DDCA_CH\SM\20150902.mat,7681074,2026-04-02 12:05:14
Soil_Moisture\DDCA\DDCA_CH\SM\20150827.mat,8299404,2026-04-02 12:05:13
Soil_Moisture\DDCA\DDCA_CH\SM\20150901.mat,7864433,2026-04-02 12:05:13
Soil_Moisture\DDCA\DDCA_CH\SM\20150826.mat,9069868,2026-04-02 12:05:12
Soil_Moisture\DDCA\DDCA_CH\SM\20150830.mat,7360407,2026-04-02 12:05:12
Soil_Moisture\DDCA\DDCA_CH\SM\20150819.mat,8784825,2026-04-02 12:05:06
Soil_Moisture\DDCA\DDCA_CH\SM\20150820.mat,9091510,2026-04-02 12:05:06
Soil_Moisture\DDCA\DDCA_CH\SM\20150821.mat,9458373,2026-04-02 12:05:06
Soil_Moisture\DDCA\DDCA_CH\SM\20150823.mat,9313974,2026-04-02 12:05:05
Soil_Moisture\DDCA\DDCA_CH\SM\20150817.mat,8577943,2026-04-02 12:05:04
Soil_Moisture\DDCA\DDCA_CH\SM\20150818.mat,9631211,2026-04-02 12:05:04
Soil_Moisture\DDCA\DDCA_CH\SM\20150825.mat,8175275,2026-04-02 12:05:04
Soil_Moisture\DDCA\DDCA_CH\SM\20150822.mat,7832355,2026-04-02 12:05:03
Soil_Moisture\DDCA\DDCA_CH\SM\20150824.mat,7207046,2026-04-02 12:05:03
Soil_Moisture\DDCA\DDCA_CH\SM\20150812.mat,9307466,2026-04-02 12:04:55
Soil_Moisture\DDCA\DDCA_CH\SM\20150813.mat,9793313,2026-04-02 12:04:55
Soil_Moisture\DDCA\DDCA_CH\SM\20150816.mat,8103288,2026-04-02 12:04:55
Soil_Moisture\DDCA\DDCA_CH\SM\20150808.mat,8627874,2026-04-02 12:04:54
Soil_Moisture\DDCA\DDCA_CH\SM\20150809.mat,8856346,2026-04-02 12:04:54
Soil_Moisture\DDCA\DDCA_CH\SM\20150810.mat,9871231,2026-04-02 12:04:54
Soil_Moisture\DDCA\DDCA_CH\SM\20150811.mat,9149582,2026-04-02 12:04:54
Soil_Moisture\DDCA\DDCA_CH\SM\20150814.mat,8257017,2026-04-02 12:04:54
Soil_Moisture\DDCA\DDCA_CH\SM\20150815.mat,9862369,2026-04-02 12:04:54
Soil_Moisture\DDCA\DDCA_CH\SM\20150729.mat,8889574,2026-04-02 12:04:45
Soil_Moisture\DDCA\DDCA_CH\SM\20150730.mat,10300009,2026-04-02 12:04:45
Soil_Moisture\DDCA\DDCA_CH\SM\20150731.mat,9571099,2026-04-02 12:04:45
Soil_Moisture\DDCA\DDCA_CH\SM\20150801.mat,7947387,2026-04-02 12:04:45
Soil_Moisture\DDCA\DDCA_CH\SM\20150806.mat,8566790,2026-04-02 12:04:45
Soil_Moisture\DDCA\DDCA_CH\SM\20150728.mat,8010313,2026-04-02 12:04:44
Soil_Moisture\DDCA\DDCA_CH\SM\20150802.mat,10155447,2026-04-02 12:04:44
Soil_Moisture\DDCA\DDCA_CH\SM\20150803.mat,9509208,2026-04-02 12:04:44
Soil_Moisture\DDCA\DDCA_CH\SM\20150804.mat,8144463,2026-04-02 12:04:44
Soil_Moisture\DDCA\DDCA_CH\SM\20150805.mat,10218337,2026-04-02 12:04:44
Soil_Moisture\DDCA\DDCA_CH\SM\20150724.mat,9167073,2026-04-02 12:04:37
Soil_Moisture\DDCA\DDCA_CH\SM\20150722.mat,10389531,2026-04-02 12:04:36
Soil_Moisture\DDCA\DDCA_CH\SM\20150726.mat,9606267,2026-04-02 12:04:35
Soil_Moisture\DDCA\DDCA_CH\SM\20150720.mat,10172821,2026-04-02 12:04:34
Soil_Moisture\DDCA\DDCA_CH\SM\20150721.mat,8991033,2026-04-02 12:04:34
Soil_Moisture\DDCA\DDCA_CH\SM\20150723.mat,9011623,2026-04-02 12:04:34
Soil_Moisture\DDCA\DDCA_CH\SM\20150727.mat,9500036,2026-04-02 12:04:34
Soil_Moisture\DDCA\DDCA_CH\SM\20150718.mat,9278948,2026-04-02 12:04:33
Soil_Moisture\DDCA\DDCA_CH\SM\20150719.mat,9226595,2026-04-02 12:04:33
Soil_Moisture\DDCA\DDCA_CH\SM\20150725.mat,10255133,2026-04-02 12:04:33
Soil_Moisture\DDCA\DDCA_CH\SM\20150714.mat,9308993,2026-04-02 12:04:28
Soil_Moisture\DDCA\DDCA_CH\SM\20150712.mat,9813004,2026-04-02 12:04:26
Soil_Moisture\DDCA\DDCA_CH\SM\20150715.mat,9377975,2026-04-02 12:04:25
Soil_Moisture\DDCA\DDCA_CH\SM\20150711.mat,9059854,2026-04-02 12:04:23
Soil_Moisture\DDCA\DDCA_CH\SM\20150716.mat,8630967,2026-04-02 12:04:23
Soil_Moisture\DDCA\DDCA_CH\SM\20150717.mat,9998748,2026-04-02 12:04:23
Soil_Moisture\DDCA\DDCA_CH\SM\20150709.mat,9753311,2026-04-02 12:04:22
Soil_Moisture\DDCA\DDCA_CH\SM\20150713.mat,8098543,2026-04-02 12:04:22
Soil_Moisture\DDCA\DDCA_CH\SM\20150708.mat,8682915,2026-04-02 12:04:21
Soil_Moisture\DDCA\DDCA_CH\SM\20150707.mat,8450110,2026-04-02 12:04:20
Soil_Moisture\DDCA\DDCA_CH\SM\20150710.mat,9007945,2026-04-02 12:04:17
Soil_Moisture\DDCA\DDCA_CH\SM\20150630.mat,8624078,2026-04-02 12:04:15
Soil_Moisture\DDCA\DDCA_CH\SM\20150627.mat,8271347,2026-04-02 12:04:14
Soil_Moisture\DDCA\DDCA_CH\SM\20150706.mat,9911765,2026-04-02 12:04:14
Soil_Moisture\DDCA\DDCA_CH\SM\20150608.mat,7859977,2026-04-02 12:04:12
Soil_Moisture\DDCA\DDCA_CH\SM\20150703.mat,8960572,2026-04-02 12:04:12
Soil_Moisture\DDCA\DDCA_CH\SM\20150704.mat,9710734,2026-04-02 12:04:12
Soil_Moisture\DDCA\DDCA_CH\SM\20150705.mat,8426645,2026-04-02 12:04:11
Soil_Moisture\DDCA\DDCA_CH\SM\20150701.mat,9566532,2026-04-02 12:04:10
Soil_Moisture\DDCA\DDCA_CH\SM\20150702.mat,8830479,2026-04-02 12:04:09
Soil_Moisture\DDCA\DDCA_CH\SM\20150629.mat,8892662,2026-04-02 12:04:07
Soil_Moisture\DDCA\DDCA_CH\SM\20150628.mat,9750360,2026-04-02 12:04:06
Soil_Moisture\DDCA\DDCA_CH\SM\20150626.mat,9625415,2026-04-02 12:04:05
Soil_Moisture\DDCA\DDCA_CH\SM\20150624.mat,8505668,2026-04-02 12:04:04
Soil_Moisture\DDCA\DDCA_CH\SM\20150625.mat,8199049,2026-04-02 12:04:02
Soil_Moisture\DDCA\DDCA_CH\SM\20150623.mat,9313316,2026-04-02 12:04:01
Soil_Moisture\DDCA\DDCA_CH\SM\20150618.mat,8704068,2026-04-02 12:03:59
Soil_Moisture\DDCA\DDCA_CH\SM\20150622.mat,8038917,2026-04-02 12:03:59
Soil_Moisture\DDCA\DDCA_CH\SM\20150614.mat,8241545,2026-04-02 12:03:56
Soil_Moisture\DDCA\DDCA_CH\SM\20150620.mat,9189168,2026-04-02 12:03:56
Soil_Moisture\DDCA\DDCA_CH\SM\20150621.mat,8550889,2026-04-02 12:03:56
Soil_Moisture\DDCA\DDCA_CH\SM\20150613.mat,8220632,2026-04-02 12:03:53
Soil_Moisture\DDCA\DDCA_CH\SM\20150615.mat,9002644,2026-04-02 12:03:53
Soil_Moisture\DDCA\DDCA_CH\SM\20150616.mat,4429119,2026-04-02 12:03:53
Soil_Moisture\DDCA\DDCA_CH\SM\20150619.mat,7506064,2026-04-02 12:03:53
Soil_Moisture\DDCA\DDCA_CH\SM\20150505.mat,6646537,2026-04-02 12:03:52
Soil_Moisture\DDCA\DDCA_CH\SM\20150607.mat,8656286,2026-04-02 12:03:47
Soil_Moisture\DDCA\DDCA_CH\SM\20150610.mat,8756289,2026-04-02 12:03:47
Soil_Moisture\DDCA\DDCA_CH\SM\20150617.mat,1625144,2026-04-02 12:03:47
Soil_Moisture\DDCA\DDCA_CH\SM\20150605.mat,7866900,2026-04-02 12:03:46
Soil_Moisture\DDCA\DDCA_CH\SM\20150606.mat,7985512,2026-04-02 12:03:46
Soil_Moisture\DDCA\DDCA_CH\SM\20150609.mat,8409873,2026-04-02 12:03:46
Soil_Moisture\DDCA\DDCA_CH\SM\20150612.mat,9278739,2026-04-02 12:03:46
Soil_Moisture\DDCA\DDCA_CH\SM\20150604.mat,8937786,2026-04-02 12:03:45
Soil_Moisture\DDCA\DDCA_CH\SM\20150611.mat,7055722,2026-04-02 12:03:44
Soil_Moisture\DDCA\DDCA_CH\SM\20150527.mat,8539193,2026-04-02 12:03:41
Soil_Moisture\DDCA\DDCA_CH\SM\20150602.mat,8159330,2026-04-02 12:03:39
Soil_Moisture\DDCA\DDCA_CH\SM\20150530.mat,8260870,2026-04-02 12:03:38
Soil_Moisture\DDCA\DDCA_CH\SM\20150601.mat,8037665,2026-04-02 12:03:38
Soil_Moisture\DDCA\DDCA_CH\SM\20150526.mat,7259922,2026-04-02 12:03:37
Soil_Moisture\DDCA\DDCA_CH\SM\20150528.mat,7483518,2026-04-02 12:03:37
Soil_Moisture\DDCA\DDCA_CH\SM\20150531.mat,7455136,2026-04-02 12:03:37
Soil_Moisture\DDCA\DDCA_CH\SM\20150603.mat,6325000,2026-04-02 12:03:37
Soil_Moisture\DDCA\DDCA_CH\SM\20150525.mat,8152155,2026-04-02 12:03:35
Soil_Moisture\DDCA\DDCA_CH\SM\20150522.mat,7867602,2026-04-02 12:03:31
Soil_Moisture\DDCA\DDCA_CH\SM\20150529.mat,7614371,2026-04-02 12:03:31
Soil_Moisture\DDCA\DDCA_CH\SM\20150519.mat,8048041,2026-04-02 12:03:29
Soil_Moisture\DDCA\DDCA_CH\SM\20150516.mat,7300913,2026-04-02 12:03:28
Soil_Moisture\DDCA\DDCA_CH\SM\20150517.mat,7668988,2026-04-02 12:03:28
Soil_Moisture\DDCA\DDCA_CH\SM\20150518.mat,6871804,2026-04-02 12:03:28
Soil_Moisture\DDCA\DDCA_CH\SM\20150520.mat,6690553,2026-04-02 12:03:28
Soil_Moisture\DDCA\DDCA_CH\SM\20150521.mat,7197602,2026-04-02 12:03:28
Soil_Moisture\DDCA\DDCA_CH\SM\20150523.mat,7031777,2026-04-02 12:03:28
Soil_Moisture\DDCA\DDCA_CH\SM\20150524.mat,7638290,2026-04-02 12:03:27
Soil_Moisture\DDCA\DDCA_CH\SM\20150515.mat,5361444,2026-04-02 12:03:22
Soil_Moisture\DDCA\DDCA_CH\SM\20150506.mat,6952433,2026-04-02 12:03:20
Soil_Moisture\DDCA\DDCA_CH\SM\20150508.mat,7031883,2026-04-02 12:03:20
Soil_Moisture\DDCA\DDCA_CH\SM\20150509.mat,7343252,2026-04-02 12:03:20
Soil_Moisture\DDCA\DDCA_CH\SM\20150511.mat,7645455,2026-04-02 12:03:20
Soil_Moisture\DDCA\DDCA_CH\SM\20150512.mat,4551248,2026-04-02 12:03:20
Soil_Moisture\DDCA\DDCA_CH\SM\20150514.mat,1486993,2026-04-02 12:03:20
Soil_Moisture\DDCA\DDCA_CH\SM\20150503.mat,6874568,2026-04-02 12:03:19
Soil_Moisture\DDCA\DDCA_CH\SM\20150504.mat,6588347,2026-04-02 12:03:19
Soil_Moisture\DDCA\DDCA_CH\SM\20150510.mat,5344428,2026-04-02 12:03:19
Soil_Moisture\DDCA\DDCA_CH\SM\20150507.mat,6429858,2026-04-02 12:03:18
Soil_Moisture\DDCA\DDCA_CH\SM\20150502.mat,5889688,2026-04-02 12:03:13
Soil_Moisture\DDCA\DDCA_CH\SM\20150424.mat,6136186,2026-04-02 12:03:12
Soil_Moisture\DDCA\DDCA_CH\SM\20150425.mat,7049054,2026-04-02 12:03:12
Soil_Moisture\DDCA\DDCA_CH\SM\20150426.mat,6313546,2026-04-02 12:03:12
Soil_Moisture\DDCA\DDCA_CH\SM\20150427.mat,6394944,2026-04-02 12:03:12
Soil_Moisture\DDCA\DDCA_CH\SM\20150428.mat,6923553,2026-04-02 12:03:12
Soil_Moisture\DDCA\DDCA_CH\SM\20150429.mat,6244914,2026-04-02 12:03:12
Soil_Moisture\DDCA\DDCA_CH\SM\20150430.mat,6798127,2026-04-02 12:03:12
Soil_Moisture\DDCA\DDCA_CH\SM\20150501.mat,7014278,2026-04-02 12:03:12
Soil_Moisture\DDCA\DDCA_CH\SM\20150423.mat,6815145,2026-04-02 12:03:11
Soil_Moisture\DDCA\DDCA_CH\SM\20150422.mat,6644464,2026-04-02 12:03:09
Soil_Moisture\DDCA\DDCA_CH\SM\20150417.mat,6597276,2026-04-02 12:03:05
Soil_Moisture\DDCA\DDCA_CH\SM\20150420.mat,6745617,2026-04-02 12:03:05
Soil_Moisture\DDCA\DDCA_CH\SM\20150414.mat,6500262,2026-04-02 12:03:04
Soil_Moisture\DDCA\DDCA_CH\SM\20150415.mat,6563717,2026-04-02 12:03:04
Soil_Moisture\DDCA\DDCA_CH\SM\20150418.mat,6144942,2026-04-02 12:03:04
Soil_Moisture\DDCA\DDCA_CH\SM\20150419.mat,6275749,2026-04-02 12:03:04
Soil_Moisture\DDCA\DDCA_CH\SM\20150412.mat,6546529,2026-04-02 12:03:03
Soil_Moisture\DDCA\DDCA_CH\SM\20150416.mat,5974094,2026-04-02 12:03:03
Soil_Moisture\DDCA\DDCA_CH\SM\20150421.mat,5964929,2026-04-02 12:03:03
Soil_Moisture\DDCA\DDCA_CH\SM\20150413.mat,5900793,2026-04-02 12:03:01
Soil_Moisture\DDCA\DDCA_CH\MM\SM_ch_m_2016.mat,100697344,2026-04-02 12:03:00
Soil_Moisture\DDCA\DDCA_CH\MM\SM_ch_m_2020.mat,100048068,2026-04-02 12:02:57
Soil_Moisture\DDCA\DDCA_CH\MM\SM_ch_m_2019.mat,98476337,2026-04-02 12:02:56
Soil_Moisture\DDCA\DDCA_CH\SM\20150406.mat,6378805,2026-04-02 12:02:56
Soil_Moisture\DDCA\DDCA_CH\SM\20150407.mat,6376986,2026-04-02 12:02:56
Soil_Moisture\DDCA\DDCA_CH\SM\20150408.mat,5852620,2026-04-02 12:02:56
Soil_Moisture\DDCA\DDCA_CH\SM\20150409.mat,6710711,2026-04-02 12:02:56
Soil_Moisture\DDCA\DDCA_CH\SM\20150411.mat,6128021,2026-04-02 12:02:56
Soil_Moisture\DDCA\DDCA_CH\SM\20150410.mat,5942204,2026-04-02 12:02:55
Soil_Moisture\DDCA\DDCA_CH\MM\SM_ch_m_2017.mat,99766596,2026-04-02 12:02:51
Soil_Moisture\DDCA\DDCA_CH\MM\SM_ch_m_2021.mat,99447908,2026-04-02 12:02:51
Soil_Moisture\DDCA\DDCA_CH\SM\20150405.mat,5687586,2026-04-02 12:02:51
Soil_Moisture\DDCA\DDCA_CH\MM\SM_ch_m_2015.mat,99239073,2026-04-02 12:02:50
Soil_Moisture\DDCA\DDCA_CH\SM\20150404.mat,6368541,2026-04-02 12:02:50
Soil_Moisture\DDCA\DDCA_CH\SM\20150403.mat,5198229,2026-04-02 12:02:48
Soil_Moisture\DDCA\DDCA_CH\SM\20150402.mat,5701136,2026-04-02 12:02:43
Soil_Moisture\DDCA\DDCA_CH\SM\20150401.mat,6568596,2026-04-02 12:02:41
Soil_Moisture\DDCA\DDCA_CH\MM\SM_ch_m_2018.mat,99411442,2026-04-02 12:02:33
Soil_Moisture\SMAP_Auxiliary_Data\ToEaseGrid2.0Net.m,4974,2026-02-23 15:18:44
Soil_Moisture\SMAP_Origin_Data\20251229.mat,48333661,2026-02-08 16:24:42
Soil_Moisture\SMAP_Origin_Data\20251230.mat,50506957,2026-02-08 16:24:41
Soil_Moisture\SMAP_Origin_Data\20251231.mat,48068963,2026-02-08 16:24:39
Soil_Moisture\SMAP_Origin_Data\20260101.mat,46706850,2026-02-08 16:24:38
Soil_Moisture\SMAP_Origin_Data\20251201.mat,50193927,2026-02-08 16:13:52
Soil_Moisture\SMAP_Origin_Data\20251202.mat,47662666,2026-02-08 16:13:50
Soil_Moisture\SMAP_Origin_Data\20251203.mat,51327167,2026-02-08 16:13:48
Soil_Moisture\SMAP_Origin_Data\20251204.mat,49222486,2026-02-08 16:13:47
Soil_Moisture\SMAP_Origin_Data\20251205.mat,48684093,2026-02-08 16:13:45
Soil_Moisture\SMAP_Origin_Data\20251206.mat,50691584,2026-02-08 16:13:43
Soil_Moisture\SMAP_Origin_Data\20251207.mat,48708077,2026-02-08 16:13:41
Soil_Moisture\SMAP_Origin_Data\20251208.mat,48653303,2026-02-08 16:13:39
Soil_Moisture\SMAP_Origin_Data\20251209.mat,50184894,2026-02-08 16:13:38
Soil_Moisture\SMAP_Origin_Data\20251210.mat,47603111,2026-02-08 16:13:36
Soil_Moisture\SMAP_Origin_Data\20251211.mat,50987936,2026-02-08 16:13:34
Soil_Moisture\SMAP_Origin_Data\20251212.mat,49095507,2026-02-08 16:13:32
Soil_Moisture\SMAP_Origin_Data\20251213.mat,48449571,2026-02-08 16:13:31
Soil_Moisture\SMAP_Origin_Data\20251214.mat,47545180,2026-02-08 16:13:29
Soil_Moisture\SMAP_Origin_Data\20251215.mat,48426603,2026-02-08 16:13:28
Soil_Moisture\SMAP_Origin_Data\20251216.mat,49664132,2026-02-08 16:13:26
Soil_Moisture\SMAP_Origin_Data\20251217.mat,50040606,2026-02-08 16:13:25
Soil_Moisture\SMAP_Origin_Data\20251218.mat,47808657,2026-02-08 16:13:23
Soil_Moisture\SMAP_Origin_Data\20251219.mat,51041546,2026-02-08 16:13:22
Soil_Moisture\SMAP_Origin_Data\20251220.mat,49204384,2026-02-08 16:13:20
Soil_Moisture\SMAP_Origin_Data\20251221.mat,48765601,2026-02-08 16:13:18
Soil_Moisture\SMAP_Origin_Data\20251222.mat,51056787,2026-02-08 16:13:16
Soil_Moisture\SMAP_Origin_Data\20251223.mat,48413807,2026-02-08 16:13:14
Soil_Moisture\SMAP_Origin_Data\20251224.mat,49593533,2026-02-08 16:13:13
Soil_Moisture\SMAP_Origin_Data\20251225.mat,49924010,2026-02-08 16:13:12
Soil_Moisture\SMAP_Origin_Data\20251226.mat,47595971,2026-02-08 16:13:09
Soil_Moisture\SMAP_Origin_Data\20251227.mat,50748952,2026-02-08 16:13:08
Soil_Moisture\SMAP_Origin_Data\20251228.mat,48912650,2026-02-08 16:13:06
Soil_Moisture\SMAP_Auxiliary_Data\info.mat,2249,2025-08-14 00:49:38
Soil_Moisture\SMAP_Auxiliary_Data\Koppen_present_083.mat,8750530,2024-08-13 14:32:47
Soil_Moisture\SMAP_Auxiliary_Data\IGBP_9km_12.mat,7589859,2024-06-07 11:19:55
Soil_Moisture\SMAP_Auxiliary_Data\BD.mat,7397387,2024-06-07 11:14:27
Soil_Moisture\SMAP_Auxiliary_Data\CF.mat,7788834,2024-06-07 11:14:27
Soil_Moisture\SMAP_Auxiliary_Data\H.mat,7642394,2024-06-07 11:14:27
Soil_Moisture\SMAP_Auxiliary_Data\SF.mat,13814664,2024-06-07 11:14:27
Soil_Moisture\SMAP_Auxiliary_Data\smap_lat_lon.mat,6662183,2024-06-07 11:14:27
Soil_Moisture\SMAP_Auxiliary_Data\B.mat,11832583,2024-06-07 11:14:13
Soil_Moisture\SMAP_Auxiliary_Data\Albedo.mat,4287138,2024-06-07 11:14:06
ProjectOutput\imports\imported-vec-1032568bfad9\_extract\气候区划\气候区划.dbf,858803,2020-12-27 15:14:19
ProjectOutput\imports\imported-vec-1032568bfad9\_extract\气候区划\气候区划.shp,1345220,2020-12-27 15:14:19
ProjectOutput\imports\imported-vec-1032568bfad9\_extract\气候区划\气候区划.shx,36060,2020-12-27 15:14:19
