run_id,status,updated_at,run_class,user_id,layer_id,command_type,workflow
run-c0bdabf5813b,failed,2026-08-14T22:46:19.405496+00:00,business,,wind-field,custom,
run-edad995dc8d8,succeeded,2026-08-14T22:46:19.358741+00:00,business,,wind-field,custom,
run-0eb79b60b02d,succeeded,2026-08-14T22:46:19.073818+00:00,business,,wind-field,custom,
run-a129eaf60642,succeeded,2026-08-14T22:46:18.809268+00:00,business,,wind-field,custom,
run-9d91627b0e5a,succeeded,2026-08-14T22:46:18.605186+00:00,business,,wind-field,custom,
run-0ba1964fe31a,succeeded,2026-08-14T22:46:17.159073+00:00,business,,wind-field,custom,
run-4bcfb82d0f78,succeeded,2026-08-14T22:46:16.709042+00:00,business,,visibility,analysis,
run-5bd5ff92b68f,succeeded,2026-08-14T22:46:16.530128+00:00,business,,humidity,analysis,
run-9bf0cacad451,succeeded,2026-08-14T22:46:16.449026+00:00,business,,pressure,analysis,
run-41c070e15198,succeeded,2026-08-14T22:46:16.375621+00:00,business,,precipitation,analysis,
run-e484ed6bbd3a,succeeded,2026-08-14T22:46:16.252526+00:00,business,,temperature,analysis,
run-b3906526893f,succeeded,2026-08-14T22:46:16.076215+00:00,business,,wind-field,analysis,
run-59c8f61ea449,succeeded,2026-08-14T22:46:15.978021+00:00,business,,visibility,analysis,
run-800b0f84418a,succeeded,2026-08-14T22:46:15.904072+00:00,business,,humidity,analysis,
run-754c9b27c08e,succeeded,2026-08-14T22:46:15.801356+00:00,business,,pressure,analysis,
run-7ad4b885c904,succeeded,2026-08-14T22:46:15.642649+00:00,business,,precipitation,analysis,
run-2e6cf8cacac0,succeeded,2026-08-14T22:46:15.361042+00:00,business,,temperature,analysis,
run-6554cade0758,succeeded,2026-08-14T22:46:15.171898+00:00,business,,wind-field,analysis,
run-1d9aae72c2e1,failed,2026-08-14T22:37:34.621620+00:00,business,,wind-field,custom,
run-1df34f21f134,succeeded,2026-08-14T22:37:34.576220+00:00,business,,wind-field,custom,
run-e560b4ef5352,succeeded,2026-08-14T22:37:33.206727+00:00,business,,wind-field,custom,
run-d38928c757ce,succeeded,2026-08-14T22:37:32.939051+00:00,business,,wind-field,custom,
run-a56ad4f9f471,succeeded,2026-08-14T22:37:32.605294+00:00,business,,wind-field,custom,
run-fe50086ebabd,succeeded,2026-08-14T22:37:32.216451+00:00,business,,wind-field,custom,
run-89f2a6699adf,succeeded,2026-08-14T22:37:31.633329+00:00,business,,visibility,analysis,
run-7401d6b7b3a7,succeeded,2026-08-14T22:37:31.395222+00:00,business,,humidity,analysis,
run-ff7ec56d0678,succeeded,2026-08-14T22:37:31.284786+00:00,business,,pressure,analysis,
run-f9619bce84a1,succeeded,2026-08-14T22:37:31.211632+00:00,business,,precipitation,analysis,
run-11c5645cfe0a,succeeded,2026-08-14T22:37:31.048329+00:00,business,,temperature,analysis,
run-de31c3847441,succeeded,2026-08-14T22:37:30.848864+00:00,business,,wind-field,analysis,
run-5612ff6f8447,succeeded,2026-08-14T22:37:30.588070+00:00,business,,visibility,analysis,
run-5af143bfec31,succeeded,2026-08-14T22:36:36.122644+00:00,business,,humidity,analysis,
run-a18e4690d30b,succeeded,2026-08-14T22:36:35.756684+00:00,business,,pressure,analysis,
run-3d34394d03be,succeeded,2026-08-14T22:36:35.168125+00:00,business,,precipitation,analysis,
run-e54263c4fd9d,succeeded,2026-08-14T22:36:34.603317+00:00,business,,temperature,analysis,
run-8f554eff6e5b,succeeded,2026-08-14T22:36:33.611734+00:00,business,,wind-field,analysis,
run-283796fd594e,failed,2026-08-14T22:04:40.631595+00:00,business,1,ref-fy-tb-202512-mwri,analysis,
run-81483a116666,failed,2026-08-14T20:50:57.083426+00:00,business,,wind-field,custom,
run-8a97c5106d74,succeeded,2026-08-14T20:50:56.964823+00:00,business,,wind-field,custom,
run-79e988a0b509,succeeded,2026-08-14T20:50:56.709560+00:00,business,,wind-field,custom,
run-ff3e03a5c48c,succeeded,2026-08-14T20:50:56.426065+00:00,business,,wind-field,custom,
run-4c9ffaed2d34,succeeded,2026-08-14T20:50:56.085033+00:00,business,,wind-field,custom,
run-5b6007dae035,succeeded,2026-08-14T20:50:52.976901+00:00,business,,wind-field,custom,
run-61d989a323e3,succeeded,2026-08-14T20:50:52.514005+00:00,business,,visibility,analysis,
run-f9308395e6fc,succeeded,2026-08-14T20:50:52.305220+00:00,business,,humidity,analysis,
run-c25e16235ed9,succeeded,2026-08-14T20:50:52.129914+00:00,business,,pressure,analysis,
run-8f0009f2d9a5,succeeded,2026-08-14T20:50:51.854137+00:00,business,,precipitation,analysis,
run-7adf9cac29f4,succeeded,2026-08-14T20:50:51.630128+00:00,business,,temperature,analysis,
run-5b3286d17f85,succeeded,2026-08-14T20:50:51.341111+00:00,business,,wind-field,analysis,
run-e625673b6716,succeeded,2026-08-14T20:50:51.123135+00:00,business,,visibility,analysis,
run-d75ad42938cb,succeeded,2026-08-14T20:50:02.020618+00:00,business,,humidity,analysis,
run-97f311d8e459,succeeded,2026-08-14T20:50:01.572727+00:00,business,,pressure,analysis,
run-8c5805e46407,succeeded,2026-08-14T20:50:00.978781+00:00,business,,precipitation,analysis,
run-27728f6bf7af,succeeded,2026-08-14T20:50:00.234873+00:00,business,,temperature,analysis,
run-424a40c05af9,succeeded,2026-08-14T20:49:56.707389+00:00,business,,wind-field,analysis,
run-529873e292dc,failed,2026-08-14T16:10:47.713561+00:00,business,1,ref-fy-tb-202512-mwri,analysis,
run-0a2f2862c2a6,failed,2026-08-14T16:03:00.644740+00:00,business,1,ndvi,analysis,
run-a4f8bc74210d,failed,2026-08-14T16:03:00.385844+00:00,business,1,ref-fy-tb-202512-mwri,analysis,
run-050e5ab17c1a,failed,2026-08-14T15:46:54.099129+00:00,business,1,ref-fy-tb-202512-mwri,analysis,
run-327c629f1d7a,failed,2026-08-14T15:46:54.063189+00:00,business,1,ndvi,analysis,
run-8c688250cfc9,failed,2026-08-13T16:15:00.029784+00:00,business,,precipitation,analysis,
run-71a01dfb6be3,failed,2026-08-13T15:42:49.433435+00:00,business,,wind-field,custom,
run-3a849b20adb1,succeeded,2026-08-13T15:42:48.491026+00:00,business,,wind-field,custom,
run-0053865f8fef,succeeded,2026-08-13T15:42:48.070444+00:00,business,,wind-field,custom,
run-e9654ccef66e,succeeded,2026-08-13T15:42:47.566691+00:00,business,,wind-field,custom,
run-7b7afe0e845e,succeeded,2026-08-13T15:42:47.164600+00:00,business,,wind-field,custom,
run-b0b120c077f7,succeeded,2026-08-13T15:42:46.467853+00:00,business,,wind-field,custom,
run-71ee0c61bbec,succeeded,2026-08-13T15:42:45.661427+00:00,business,,visibility,analysis,
run-5a7f8bd9855b,succeeded,2026-08-13T15:42:45.447133+00:00,business,,humidity,analysis,
run-87b896cdc177,succeeded,2026-08-13T15:42:45.230328+00:00,business,,pressure,analysis,
run-98318624c524,succeeded,2026-08-13T15:42:45.009229+00:00,business,,precipitation,analysis,
run-d30fb5609719,succeeded,2026-08-13T15:42:43.519306+00:00,business,,temperature,analysis,
run-4864f96de091,succeeded,2026-08-13T15:42:43.212107+00:00,business,,wind-field,analysis,
run-1df118c9f97f,succeeded,2026-08-13T15:42:42.924077+00:00,business,,visibility,analysis,
run-7d1fa02d17b1,succeeded,2026-08-13T15:41:32.156002+00:00,business,,humidity,analysis,
run-91836cdf703e,succeeded,2026-08-13T15:41:31.684691+00:00,business,,pressure,analysis,
run-568694876374,succeeded,2026-08-13T15:41:30.985537+00:00,business,,precipitation,analysis,
run-315088a31dd8,succeeded,2026-08-13T15:41:30.257048+00:00,business,,temperature,analysis,
run-43fee75852f5,succeeded,2026-08-13T15:41:29.590542+00:00,business,,wind-field,analysis,
run-3a64f4570b90,failed,2026-08-13T14:39:59.284600+00:00,business,,wind-field,custom,
run-11d6b9acbd3e,succeeded,2026-08-13T14:39:59.197415+00:00,business,,wind-field,custom,
run-6491fd5585fb,succeeded,2026-08-13T14:39:58.797137+00:00,business,,wind-field,custom,
run-17bbd9ecb665,succeeded,2026-08-13T14:39:58.472326+00:00,business,,wind-field,custom,
run-cd121e393ba0,succeeded,2026-08-13T14:39:57.304762+00:00,business,,wind-field,custom,
run-8e03d03a58ac,succeeded,2026-08-13T14:39:56.538385+00:00,business,,wind-field,custom,
run-23d0176a2883,succeeded,2026-08-13T14:39:56.078235+00:00,business,,visibility,analysis,
run-f711b86ae09d,succeeded,2026-08-13T14:39:55.953753+00:00,business,,humidity,analysis,
run-f061b1e93660,succeeded,2026-08-13T14:39:55.834551+00:00,business,,pressure,analysis,
run-8c3396421d56,succeeded,2026-08-13T14:39:55.702784+00:00,business,,precipitation,analysis,
run-d528a0cb96f8,succeeded,2026-08-13T14:39:55.549711+00:00,business,,temperature,analysis,
run-bd783939d45e,succeeded,2026-08-13T14:39:55.357972+00:00,business,,wind-field,analysis,
run-c978d29f117d,succeeded,2026-08-13T14:39:55.214751+00:00,business,,visibility,analysis,
run-57c6c8d27b0c,succeeded,2026-08-13T14:39:54.955996+00:00,business,,humidity,analysis,
run-b76378974b27,succeeded,2026-08-13T14:39:54.793690+00:00,business,,pressure,analysis,
run-43a0274ebccb,succeeded,2026-08-13T14:39:54.644671+00:00,business,,precipitation,analysis,
run-de2b0d859c6a,succeeded,2026-08-13T14:39:54.355993+00:00,business,,temperature,analysis,
run-ac5f2eb434e8,succeeded,2026-08-13T14:39:53.900548+00:00,business,,wind-field,analysis,
run-a777a6148f43,failed,2026-08-13T14:34:29.475142+00:00,business,,wind-field,custom,
run-fca4664b49c2,succeeded,2026-08-13T14:34:28.361078+00:00,business,,wind-field,custom,
run-9a0724cc79ea,succeeded,2026-08-13T14:34:27.896383+00:00,business,,wind-field,custom,
run-a9c59b768ed5,succeeded,2026-08-13T14:34:27.532324+00:00,business,,wind-field,custom,
run-bd0a0b13e5d6,succeeded,2026-08-13T14:34:27.179781+00:00,business,,wind-field,custom,
run-a84f192d55d3,succeeded,2026-08-13T14:34:26.823418+00:00,business,,wind-field,custom,
run-b9343bf5c801,failed,2026-08-13T14:33:36.546732+00:00,business,,wind-field,custom,
run-7bc8a41e735e,failed,2026-08-13T14:33:36.518509+00:00,business,,wind-field,custom,
run-a62ffbec87de,failed,2026-08-13T14:33:36.477188+00:00,business,,wind-field,custom,
run-73283773662a,failed,2026-08-13T14:33:36.411819+00:00,business,,wind-field,custom,
run-330fa86a9356,failed,2026-08-13T14:33:36.353984+00:00,business,,wind-field,custom,
run-564e6c5343ea,failed,2026-08-13T14:33:36.097602+00:00,business,,wind-field,custom,
run-cba2339a18d8,failed,2026-08-13T14:31:52.562040+00:00,business,,wind-field,custom,
run-c34280482553,failed,2026-08-13T14:31:51.474179+00:00,business,,wind-field,custom,
run-d2a25737207e,failed,2026-08-13T14:31:51.397759+00:00,business,,wind-field,custom,
run-c899171dc468,failed,2026-08-13T14:31:51.352962+00:00,business,,wind-field,custom,
run-8c050bd2288c,failed,2026-08-13T14:31:51.278123+00:00,business,,wind-field,custom,
run-13c0882e1248,failed,2026-08-13T14:31:51.213693+00:00,business,,wind-field,custom,
run-38a57ddbbec0,succeeded,2026-08-13T14:31:49.794414+00:00,business,,visibility,analysis,
run-2696147f18e5,succeeded,2026-08-13T14:31:49.572893+00:00,business,,humidity,analysis,
run-5c37eba955fc,succeeded,2026-08-13T14:31:49.359583+00:00,business,,pressure,analysis,
run-463647183e58,succeeded,2026-08-13T14:31:49.055320+00:00,business,,precipitation,analysis,
run-5650e8c6baed,succeeded,2026-08-13T14:31:48.769359+00:00,business,,temperature,analysis,
run-b27f90c7c490,succeeded,2026-08-13T14:31:48.435863+00:00,business,,wind-field,analysis,
run-bf49bff24618,succeeded,2026-08-13T14:31:48.130861+00:00,business,,visibility,analysis,
run-09ec0b3bdafe,succeeded,2026-08-13T14:31:47.865769+00:00,business,,humidity,analysis,
run-bbbc2f519066,succeeded,2026-08-13T14:31:47.542020+00:00,business,,pressure,analysis,
run-8de4374ba885,succeeded,2026-08-13T14:31:46.937812+00:00,business,,precipitation,analysis,
run-d1654fbfa4e8,succeeded,2026-08-13T14:31:46.523389+00:00,business,,temperature,analysis,
run-1296b3f95f57,succeeded,2026-08-13T14:31:45.696170+00:00,business,,wind-field,analysis,
run-5de1bcf70db3,failed,2026-08-13T14:11:51.660474+00:00,business,,wind-field,custom,
run-54b0f6184d63,failed,2026-08-13T14:11:51.594542+00:00,business,,wind-field,custom,
run-0e9231f333fe,failed,2026-08-13T14:11:51.569562+00:00,business,,wind-field,custom,
run-1f7b98f5c1e1,failed,2026-08-13T14:11:50.598106+00:00,business,,wind-field,custom,
run-3922e170ae90,failed,2026-08-13T14:11:50.582540+00:00,business,,wind-field,custom,
run-eb10965a582e,failed,2026-08-13T14:11:50.570923+00:00,business,,wind-field,custom,
run-b4801aa67f23,succeeded,2026-08-13T14:11:50.319970+00:00,business,,visibility,analysis,
run-9a21a09826a4,succeeded,2026-08-13T14:11:50.167054+00:00,business,,humidity,analysis,
run-47d483b24e12,succeeded,2026-08-13T14:11:50.062475+00:00,business,,pressure,analysis,
run-39d48d655871,succeeded,2026-08-13T14:11:49.917646+00:00,business,,precipitation,analysis,
run-c97388daa99f,succeeded,2026-08-13T14:11:49.528024+00:00,business,,temperature,analysis,
run-a730783f3ef8,succeeded,2026-08-13T14:11:49.201143+00:00,business,,wind-field,analysis,
run-e934d5699e58,succeeded,2026-08-13T14:11:49.002623+00:00,business,,visibility,analysis,
run-b14aef6fa056,succeeded,2026-08-13T14:11:48.814835+00:00,business,,humidity,analysis,
run-54b043f6958d,succeeded,2026-08-13T14:11:48.674452+00:00,business,,pressure,analysis,
run-0bab68e27d9e,succeeded,2026-08-13T14:11:48.560656+00:00,business,,precipitation,analysis,
run-78cbbda2b4ef,succeeded,2026-08-13T14:11:48.185721+00:00,business,,temperature,analysis,
run-88f81e053590,succeeded,2026-08-13T14:11:47.915313+00:00,business,,wind-field,analysis,
run-234a507575a1,failed,2026-08-13T13:55:19.109942+00:00,business,,wind-field,custom,
run-736d76940dde,failed,2026-08-13T13:55:19.057018+00:00,business,,wind-field,custom,
run-4b8fa5d9d116,failed,2026-08-13T13:55:18.975358+00:00,business,,wind-field,custom,
run-5b9d73f2901b,failed,2026-08-13T13:55:18.945049+00:00,business,,wind-field,custom,
run-8a1cf4f32cf9,failed,2026-08-13T13:55:18.864906+00:00,business,,wind-field,custom,
run-38f4d3078b37,failed,2026-08-13T13:55:18.805681+00:00,business,,wind-field,custom,
run-14d8339b7ce4,succeeded,2026-08-13T13:55:17.522852+00:00,business,,visibility,analysis,
run-1f4a8630510e,succeeded,2026-08-13T13:55:17.376621+00:00,business,,humidity,analysis,
run-8129c776d092,succeeded,2026-08-13T13:55:17.214533+00:00,business,,pressure,analysis,
run-a6ba1750eb78,succeeded,2026-08-13T13:55:17.019849+00:00,business,,precipitation,analysis,
run-9c845b5f6acc,succeeded,2026-08-13T13:55:16.674419+00:00,business,,temperature,analysis,
run-52b2848c2d8e,succeeded,2026-08-13T13:55:16.239616+00:00,business,,wind-field,analysis,
run-474219ffd9f3,succeeded,2026-08-13T13:55:15.993521+00:00,business,,visibility,analysis,
run-28ff5b816cff,succeeded,2026-08-13T13:54:24.930279+00:00,business,,humidity,analysis,
run-55cf445ce039,succeeded,2026-08-13T13:54:24.408965+00:00,business,,pressure,analysis,
run-728e6c6b41a7,succeeded,2026-08-13T13:54:23.668798+00:00,business,,precipitation,analysis,
run-b4b5d4969849,succeeded,2026-08-13T13:54:23.100635+00:00,business,,temperature,analysis,
run-2fb840e2d989,succeeded,2026-08-13T13:54:22.731206+00:00,business,,wind-field,analysis,
run-b02ca5b8d49e,succeeded,2026-08-13T13:48:15.799674+00:00,business,,temperature,analysis,
run-b331c7bb36aa,succeeded,2026-08-13T13:48:13.295811+00:00,business,,wind-field,analysis,
run-63b2a0e938b3,failed,2026-08-13T12:03:56.490648+00:00,business,,wind-field,analysis,
run-20884c21243e,failed,2026-08-13T12:03:44.239833+00:00,business,,visibility,analysis,
run-e0ebc55b1ffc,failed,2026-08-13T12:03:31.653437+00:00,business,,humidity,analysis,
run-19158a9702ca,failed,2026-08-13T12:03:19.502543+00:00,business,,pressure,analysis,
run-db0a78b519ee,failed,2026-08-13T12:03:07.214683+00:00,business,,precipitation,analysis,
run-b9607b8826d9,failed,2026-08-13T12:02:54.287468+00:00,business,,temperature,analysis,
run-6989999967c4,failed,2026-08-13T12:02:42.687415+00:00,business,,wind-field,analysis,
run-56a5bb427f43,failed,2026-08-13T12:02:26.302598+00:00,business,,wind-field,custom,
run-9207ddff0108,failed,2026-08-13T12:02:26.244302+00:00,business,,wind-field,custom,
run-c26cf30f9447,failed,2026-08-13T12:02:26.167135+00:00,business,,wind-field,custom,
run-32db6a103da4,failed,2026-08-13T12:02:26.147359+00:00,business,,wind-field,custom,
run-c9153b7bd220,failed,2026-08-13T12:02:26.069450+00:00,business,,wind-field,custom,
run-4324683f6f66,failed,2026-08-13T12:02:26.059385+00:00,business,,wind-field,custom,
run-d1e9642abcd4,succeeded,2026-08-13T01:48:07.657050+00:00,business,,wind-field,custom,
run-2c4bc447b436,succeeded,2026-08-13T01:48:07.243899+00:00,business,,wind-field,custom,
run-8d12ef3810f5,succeeded,2026-08-13T01:48:06.544963+00:00,business,,wind-field,custom,
run-71379796c05c,succeeded,2026-08-13T01:48:06.138895+00:00,business,,wind-field,custom,
run-f6b4551cd5fd,failed,2026-08-13T01:48:05.700893+00:00,business,,wind-field,custom,
run-9dab05f4e186,succeeded,2026-08-13T01:48:04.531832+00:00,business,,wind-field,custom,
run-a3596519f1be,succeeded,2026-08-13T01:48:03.791128+00:00,business,,wind-field,analysis,
run-4437d4342a29,succeeded,2026-08-13T01:48:03.610740+00:00,business,,visibility,analysis,
run-b2f410e00884,succeeded,2026-08-13T01:47:17.675719+00:00,business,,temperature,analysis,
run-71a83e10f0b3,succeeded,2026-08-13T01:47:17.303995+00:00,business,,pressure,analysis,
run-840486304ae7,succeeded,2026-08-13T01:47:16.695904+00:00,business,,precipitation,analysis,
run-6a06f4b4c556,succeeded,2026-08-13T01:47:15.551508+00:00,business,,humidity,analysis,
run-c19798ff851d,succeeded,2026-08-13T01:47:14.790343+00:00,business,,visibility,analysis,
run-58be1a663e8f,succeeded,2026-08-13T01:47:13.827926+00:00,business,,humidity,analysis,
run-9bc0ab7b8965,succeeded,2026-08-13T01:47:13.073599+00:00,business,,pressure,analysis,
run-6ed81b372e97,succeeded,2026-08-13T01:47:11.994437+00:00,business,,precipitation,analysis,
run-1aa0d51230e7,succeeded,2026-08-13T01:47:11.090256+00:00,business,,temperature,analysis,
run-61d087a513bc,succeeded,2026-08-13T01:47:09.409736+00:00,business,,wind-field,analysis,
run-738251b17fc7,succeeded,2026-08-11T17:08:42.904768+00:00,business,,wind-field,analysis,
run-ca00061ea1bb,succeeded,2026-08-11T17:08:42.553384+00:00,business,,visibility,analysis,
run-e34a0eee010b,succeeded,2026-08-11T17:08:42.391123+00:00,business,,temperature,analysis,
run-403ad8a269c8,succeeded,2026-08-11T17:08:42.168807+00:00,business,,pressure,analysis,
run-b9a6ea87ce4b,succeeded,2026-08-11T17:08:42.061452+00:00,business,,precipitation,analysis,
run-b64d3976daf4,succeeded,2026-08-11T17:08:41.816426+00:00,business,,humidity,analysis,
run-4132e6356ac2,succeeded,2026-08-11T17:08:40.539256+00:00,business,,visibility,analysis,
run-8cbd8eff61ee,succeeded,2026-08-11T17:08:40.412852+00:00,business,,humidity,analysis,
run-65ae564454d2,succeeded,2026-08-11T17:08:40.225796+00:00,business,,pressure,analysis,
run-e41314a81864,succeeded,2026-08-11T17:08:40.100311+00:00,business,,precipitation,analysis,
run-2d4cf3c85474,succeeded,2026-08-11T17:08:39.887168+00:00,business,,temperature,analysis,
run-fb9b8eb99ae6,succeeded,2026-08-11T17:08:39.542989+00:00,business,,wind-field,analysis,
run-fcbec75486e2,succeeded,2026-08-11T16:31:26.688067+00:00,business,,method-fy-omega-doy-dynamic,analysis,
run-351edaf28694,failed,2026-08-11T12:45:00.009606+00:00,business,,method-fy-omega-doy-dynamic,analysis,
run-bfbb138650c3,cancelled,2026-08-11T09:49:06.788118+00:00,business,,method-smap-omega-doy-dynamic,analysis,
run-92731cb8a540,succeeded,2026-08-11T00:06:11.822552+00:00,business,,wind-field,custom,
run-70e038947c2d,succeeded,2026-08-11T00:06:11.573111+00:00,business,,wind-field,custom,
run-9b68a0dfe7ca,succeeded,2026-08-11T00:06:10.290606+00:00,business,,wind-field,custom,
run-00674552ea81,succeeded,2026-08-11T00:06:09.516671+00:00,business,,wind-field,custom,
run-ed13de5c5ce6,failed,2026-08-11T00:06:08.636260+00:00,business,,wind-field,custom,
run-de98ca795160,succeeded,2026-08-11T00:06:08.511787+00:00,business,,wind-field,custom,
run-fc935f517f9a,succeeded,2026-08-11T00:06:07.929024+00:00,business,,wind-field,analysis,
run-805830888464,succeeded,2026-08-11T00:06:07.786313+00:00,business,,visibility,analysis,
run-f03043352c18,succeeded,2026-08-11T00:06:07.658624+00:00,business,,temperature,analysis,
run-72fdd2af7e99,succeeded,2026-08-11T00:06:07.503440+00:00,business,,pressure,analysis,
run-794d4682265a,succeeded,2026-08-11T00:06:07.316223+00:00,business,,precipitation,analysis,
run-0ea5fe5e3c2f,succeeded,2026-08-11T00:06:07.039136+00:00,business,,humidity,analysis,
run-eb756893e965,succeeded,2026-08-11T00:06:06.891410+00:00,business,,visibility,analysis,
run-8c771f56ed43,succeeded,2026-08-11T00:06:06.749577+00:00,business,,humidity,analysis,
run-afe161f4f2d0,succeeded,2026-08-11T00:06:06.574092+00:00,business,,pressure,analysis,
run-a4c4e793c3b2,succeeded,2026-08-11T00:06:06.372629+00:00,business,,precipitation,analysis,
run-d43596b27ddf,succeeded,2026-08-11T00:06:06.066706+00:00,business,,temperature,analysis,
run-5f7166a4d6ec,succeeded,2026-08-11T00:06:05.010375+00:00,business,,wind-field,analysis,
run-c5cb3cc944b0,succeeded,2026-08-10T22:58:27.822874+00:00,business,,wind-field,custom,
run-25d44c0220f8,succeeded,2026-08-10T22:58:27.511578+00:00,business,,wind-field,custom,
run-8aaa1f1b9e35,succeeded,2026-08-10T22:58:27.196224+00:00,business,,wind-field,custom,
run-99bd724fef39,succeeded,2026-08-10T22:58:26.813022+00:00,business,,wind-field,custom,
run-ba6741af1016,failed,2026-08-10T22:58:26.604193+00:00,business,,wind-field,custom,
run-fee1894f0096,succeeded,2026-08-10T22:58:26.509477+00:00,business,,wind-field,custom,
run-7ae220231582,succeeded,2026-08-10T22:58:26.081565+00:00,business,,wind-field,analysis,
run-f0836142d002,succeeded,2026-08-10T22:58:25.923216+00:00,business,,visibility,analysis,
run-31fbf67a963e,succeeded,2026-08-10T22:58:25.810631+00:00,business,,temperature,analysis,
run-0bb12225a05d,succeeded,2026-08-10T22:58:24.823669+00:00,business,,pressure,analysis,
run-e5fc7f709e23,succeeded,2026-08-10T22:58:24.732550+00:00,business,,precipitation,analysis,
run-7706154fa81b,succeeded,2026-08-10T22:58:24.582445+00:00,business,,humidity,analysis,
run-3bc0423fbe20,succeeded,2026-08-10T22:58:24.459570+00:00,business,,visibility,analysis,
run-29c2efca746a,succeeded,2026-08-10T22:58:24.344651+00:00,business,,humidity,analysis,
run-9a4f8fc69828,succeeded,2026-08-10T22:58:24.175812+00:00,business,,pressure,analysis,
run-60fa1408a25c,succeeded,2026-08-10T22:58:24.084762+00:00,business,,precipitation,analysis,
run-4951b75a7286,succeeded,2026-08-10T22:58:23.880243+00:00,business,,temperature,analysis,
run-c186da9f06f9,succeeded,2026-08-10T22:58:23.616697+00:00,business,,wind-field,analysis,
run-ad79f0a17696,succeeded,2026-08-10T22:47:04.704128+00:00,business,,method-smap-omega-doy-dynamic,analysis,
run-57241f8e4c2f,succeeded,2026-08-10T22:35:49.936432+00:00,business,,wind-field,custom,
run-adb5acc33368,succeeded,2026-08-10T22:35:49.396358+00:00,business,,wind-field,custom,
run-b13e052056d8,succeeded,2026-08-10T22:35:47.968300+00:00,business,,wind-field,custom,
run-cfd5001310de,succeeded,2026-08-10T22:35:47.522549+00:00,business,,wind-field,custom,
run-e2d0417442c0,failed,2026-08-10T22:35:47.212913+00:00,business,,wind-field,custom,
run-9cb8c83c6065,succeeded,2026-08-10T22:35:47.091379+00:00,business,,wind-field,custom,
run-46b764410758,succeeded,2026-08-10T22:35:46.382756+00:00,business,,wind-field,analysis,
run-e10777fcb917,succeeded,2026-08-10T22:35:46.250987+00:00,business,,visibility,analysis,
run-0fb6afcbf992,succeeded,2026-08-10T22:35:46.088297+00:00,business,,temperature,analysis,
run-ccdca01a412d,succeeded,2026-08-10T22:35:45.862836+00:00,business,,pressure,analysis,
run-cad5a988649e,succeeded,2026-08-10T22:35:45.726340+00:00,business,,precipitation,analysis,
run-8b3dbf5582bf,succeeded,2026-08-10T22:35:45.426324+00:00,business,,humidity,analysis,
run-753acf54badf,succeeded,2026-08-10T22:35:45.245463+00:00,business,,visibility,analysis,
run-7d680b026fe0,succeeded,2026-08-10T22:35:45.090621+00:00,business,,humidity,analysis,
run-448109e19d1f,succeeded,2026-08-10T22:35:44.943839+00:00,business,,pressure,analysis,
run-28f984233e2f,succeeded,2026-08-10T22:35:44.723711+00:00,business,,precipitation,analysis,
run-4178c83f9bfb,succeeded,2026-08-10T22:35:44.495734+00:00,business,,temperature,analysis,
run-5a726afe4231,succeeded,2026-08-10T22:35:44.208154+00:00,business,,wind-field,analysis,
run-3217bf27998d,succeeded,2026-08-10T22:30:29.310041+00:00,business,,wind-field,custom,
run-dc09ebd57262,succeeded,2026-08-10T22:30:28.996066+00:00,business,,wind-field,custom,
run-ae24a1e562a6,succeeded,2026-08-10T22:30:28.607824+00:00,business,,wind-field,custom,
run-350f9ffab4cb,succeeded,2026-08-10T22:30:28.043952+00:00,business,,wind-field,custom,
run-eb096aae7231,failed,2026-08-10T22:30:27.691171+00:00,business,,wind-field,custom,
run-2ed158b98198,succeeded,2026-08-10T22:30:27.572984+00:00,business,,wind-field,custom,
run-ecead95e81ac,succeeded,2026-08-10T22:30:26.981804+00:00,business,,wind-field,analysis,
run-732c3f39a7a2,succeeded,2026-08-10T22:30:26.820277+00:00,business,,visibility,analysis,
run-7683520d2342,succeeded,2026-08-10T22:30:26.631625+00:00,business,,temperature,analysis,
run-69fa9d2176aa,succeeded,2026-08-10T22:30:25.254453+00:00,business,,pressure,analysis,
run-fccb339c14ac,succeeded,2026-08-10T22:30:25.042574+00:00,business,,precipitation,analysis,
run-0b87c4a00e14,succeeded,2026-08-10T22:30:24.829673+00:00,business,,humidity,analysis,
run-5537c6c54f8a,succeeded,2026-08-10T22:30:24.649327+00:00,business,,visibility,analysis,
run-f8fd084f9f7d,succeeded,2026-08-10T22:30:24.416184+00:00,business,,humidity,analysis,
run-18fa1429f399,succeeded,2026-08-10T22:30:24.142989+00:00,business,,pressure,analysis,
run-a51ed43c0eff,succeeded,2026-08-10T22:30:23.838148+00:00,business,,precipitation,analysis,
run-e8cbc8961eb1,succeeded,2026-08-10T22:30:23.472799+00:00,business,,temperature,analysis,
run-fab9af58e3fa,succeeded,2026-08-10T22:30:23.037161+00:00,business,,wind-field,analysis,
run-ad0d21c3fc92,succeeded,2026-08-10T22:18:03.793685+00:00,business,,wind-field,custom,
run-181cd6f848f7,succeeded,2026-08-10T22:18:03.450584+00:00,business,,wind-field,custom,
run-57c8aa46af1c,succeeded,2026-08-10T22:18:03.093087+00:00,business,,wind-field,custom,
run-7a94d3a7dc54,succeeded,2026-08-10T22:18:01.680699+00:00,business,,wind-field,custom,
run-726fcab3ac93,failed,2026-08-10T22:18:01.010999+00:00,business,,wind-field,custom,
run-c065d8271b35,succeeded,2026-08-10T22:18:00.843226+00:00,business,,wind-field,custom,
run-3fb620761469,succeeded,2026-08-10T22:18:00.333152+00:00,business,,wind-field,analysis,
run-a0b27ba2d4d0,succeeded,2026-08-10T22:18:00.132780+00:00,business,,visibility,analysis,
run-865075d9c617,succeeded,2026-08-10T22:17:59.855650+00:00,business,,temperature,analysis,
run-410380a5ea42,succeeded,2026-08-10T22:17:59.479268+00:00,business,,pressure,analysis,
run-ebe50bec9de8,succeeded,2026-08-10T22:17:59.289433+00:00,business,,precipitation,analysis,
run-afa8b3ec277f,succeeded,2026-08-10T22:17:58.994748+00:00,business,,humidity,analysis,
run-c4d4494246c3,succeeded,2026-08-10T22:17:58.772573+00:00,business,,visibility,analysis,
run-18087225b8cb,succeeded,2026-08-10T22:17:58.544827+00:00,business,,humidity,analysis,
run-9e41e740e521,succeeded,2026-08-10T22:17:58.169021+00:00,business,,pressure,analysis,
run-b18088478aee,succeeded,2026-08-10T22:17:57.897927+00:00,business,,precipitation,analysis,
run-be3f4a7415a1,succeeded,2026-08-10T22:17:57.590554+00:00,business,,temperature,analysis,
run-5923cea1b214,succeeded,2026-08-10T22:17:57.103401+00:00,business,,wind-field,analysis,
run-38819832765c,cancelled,2026-08-10T20:50:24.466109+00:00,business,,method-smap-omega-doy-dynamic,analysis,
run-bbf69b3a9ab7,succeeded,2026-08-10T20:39:46.111809+00:00,business,,,analysis,
run-8105c8bfb4a2,succeeded,2026-08-10T20:35:38.620736+00:00,business,,,analysis,
run-bbb6f44d4ddb,succeeded,2026-08-10T19:41:46.778086+00:00,business,,,analysis,
run-f957cf83dbe1,succeeded,2026-08-10T19:39:31.013225+00:00,business,,,analysis,
run-1e1fe6740c20,failed,2026-08-10T19:36:39.810652+00:00,business,,,analysis,
run-83dd4d66acac,failed,2026-08-10T19:36:39.019255+00:00,business,,,analysis,
run-d10543f6c859,failed,2026-08-10T19:35:28.916894+00:00,business,,,analysis,
run-a958d8b44183,failed,2026-08-10T19:35:19.304434+00:00,business,,,analysis,
run-b4948267974e,succeeded,2026-08-10T19:32:56.495205+00:00,business,,wind-field,custom,
run-dbe1ca5e3953,succeeded,2026-08-10T19:32:56.277883+00:00,business,,wind-field,custom,
run-5094589a8631,succeeded,2026-08-10T19:32:55.916850+00:00,business,,wind-field,custom,
run-3f152a1315ce,succeeded,2026-08-10T19:32:54.618723+00:00,business,,wind-field,custom,
run-bbc2dcb7853d,failed,2026-08-10T19:32:54.357046+00:00,business,,wind-field,custom,
run-b2e5a9e761e6,succeeded,2026-08-10T19:32:54.218556+00:00,business,,wind-field,custom,
run-09f8897472a9,succeeded,2026-08-10T19:32:53.746436+00:00,business,,wind-field,analysis,
run-04575b3a3c4f,succeeded,2026-08-10T19:32:53.652263+00:00,business,,visibility,analysis,
run-db2738006801,succeeded,2026-08-10T19:32:53.524245+00:00,business,,temperature,analysis,
run-bbbee865c811,succeeded,2026-08-10T19:32:53.361307+00:00,business,,pressure,analysis,
run-111b5ecf3ba1,succeeded,2026-08-10T19:32:53.293506+00:00,business,,precipitation,analysis,
run-dac3f45f30e1,succeeded,2026-08-10T19:32:53.146466+00:00,business,,humidity,analysis,
run-b7d0e814088a,succeeded,2026-08-10T19:32:53.079248+00:00,business,,visibility,analysis,
run-c18002092a4e,succeeded,2026-08-10T19:32:52.972159+00:00,business,,humidity,analysis,
run-cd1a76de3946,succeeded,2026-08-10T19:32:52.901927+00:00,business,,pressure,analysis,
run-5a1f52662514,succeeded,2026-08-10T19:32:52.793458+00:00,business,,precipitation,analysis,
run-320188c54f3c,succeeded,2026-08-10T19:32:52.668851+00:00,business,,temperature,analysis,
run-aa56dacfac0c,succeeded,2026-08-10T19:32:52.435500+00:00,business,,wind-field,analysis,
run-b4fc9aac9d8b,succeeded,2026-08-10T19:28:21.817038+00:00,business,,wind-field,custom,
run-854839788773,succeeded,2026-08-10T19:28:20.518248+00:00,business,,wind-field,custom,
run-783d5c831ce8,succeeded,2026-08-10T19:28:20.279069+00:00,business,,wind-field,custom,
run-85c33b3404ad,succeeded,2026-08-10T19:28:20.047191+00:00,business,,wind-field,custom,
run-9af99fd4c447,failed,2026-08-10T19:28:19.725346+00:00,business,,wind-field,custom,
run-ebea07c52670,succeeded,2026-08-10T19:28:19.675922+00:00,business,,wind-field,custom,
run-cb41922cfdb5,succeeded,2026-08-10T19:28:19.176621+00:00,business,,wind-field,analysis,
run-564938627282,succeeded,2026-08-10T19:28:19.118199+00:00,business,,visibility,analysis,
run-5801ec2856cf,succeeded,2026-08-10T19:28:19.059744+00:00,business,,temperature,analysis,
run-21ef5a73cb31,succeeded,2026-08-10T19:28:18.947937+00:00,business,,pressure,analysis,
run-63e3743b1d65,succeeded,2026-08-10T19:28:18.853329+00:00,business,,precipitation,analysis,
run-66d312939867,succeeded,2026-08-10T19:28:18.676870+00:00,business,,humidity,analysis,
run-276c1f8a9d93,succeeded,2026-08-10T19:28:18.579346+00:00,business,,visibility,analysis,
run-871d97f8eaf9,succeeded,2026-08-10T19:28:17.713194+00:00,business,,humidity,analysis,
run-51a1c5341e2f,succeeded,2026-08-10T19:28:17.609750+00:00,business,,pressure,analysis,
run-c54b451954c8,succeeded,2026-08-10T19:28:17.504019+00:00,business,,precipitation,analysis,
run-57940810fc88,succeeded,2026-08-10T19:28:17.293263+00:00,business,,temperature,analysis,
run-76ae94cb624f,succeeded,2026-08-10T19:28:17.053332+00:00,business,,wind-field,analysis,
run-8b17571b4245,cancelled,2026-08-10T18:36:10.818981+00:00,business,,method-smap-omega-doy-dynamic,analysis,
run-8c2e55160bf1,succeeded,2026-08-10T18:13:08.688450+00:00,business,,method-smap-omega-doy-dynamic,analysis,
run-ccf65a851177,failed,2026-08-10T18:09:10.896598+00:00,business,,method-smap-omega-doy-dynamic,analysis,
run-00be6d67adc5,failed,2026-08-10T18:04:53.463175+00:00,business,,method-smap-omega-doy-dynamic,analysis,
run-d392f8826941,failed,2026-08-10T18:04:05.575690+00:00,business,,method-smap-omega-doy-dynamic,analysis,
run-8199aea514e7,failed,2026-08-10T18:00:32.607316+00:00,business,,method-smap-omega-doy-dynamic,analysis,
run-1a761f1dc79f,failed,2026-08-10T17:55:13.314563+00:00,business,,method-smap-omega-doy-dynamic,analysis,
run-c5ad80e653ab,failed,2026-08-10T17:48:18.962479+00:00,business,,method-smap-omega-doy-dynamic,analysis,
run-c2a38631bd5e,failed,2026-08-10T17:48:01.852669+00:00,business,,method-smap-omega-doy-dynamic,analysis,
run-217e0cc495c6,succeeded,2026-08-10T16:55:26.690850+00:00,business,,method-smap-omega-doy-dynamic,analysis,
run-4c1ba90bb54d,succeeded,2026-08-10T16:01:57.291078+00:00,business,,wind-field,custom,
run-87fd69cd0c82,succeeded,2026-08-10T16:01:56.955932+00:00,business,,wind-field,custom,
run-0d0e75e45837,succeeded,2026-08-10T16:01:55.738403+00:00,business,,wind-field,custom,
run-194cc8ec0547,succeeded,2026-08-10T16:01:55.449172+00:00,business,,wind-field,custom,
run-cb7a7ab4e6cf,failed,2026-08-10T16:01:55.222898+00:00,business,,wind-field,custom,
run-8bf0e804b340,succeeded,2026-08-10T16:01:55.189650+00:00,business,,wind-field,custom,
run-53fe413b733c,succeeded,2026-08-10T16:01:54.661486+00:00,business,,wind-field,analysis,
run-f9e6e8507d9d,succeeded,2026-08-10T16:01:54.577602+00:00,business,,visibility,analysis,
run-2c4d6154ba41,succeeded,2026-08-10T16:01:54.448352+00:00,business,,temperature,analysis,
run-05b294cbd23d,succeeded,2026-08-10T16:01:54.238705+00:00,business,,pressure,analysis,
run-c2fa7c9541d5,succeeded,2026-08-10T16:01:54.105857+00:00,business,,precipitation,analysis,
run-c62dca9574c4,succeeded,2026-08-10T16:01:53.898482+00:00,business,,humidity,analysis,
run-d6b28b6802b9,succeeded,2026-08-10T16:01:53.780205+00:00,business,,visibility,analysis,
run-ca7a3acb8f0b,succeeded,2026-08-10T16:01:53.651091+00:00,business,,humidity,analysis,
run-cc6d095d2461,succeeded,2026-08-10T16:01:53.506840+00:00,business,,pressure,analysis,
run-e8f966321e98,succeeded,2026-08-10T16:01:53.419128+00:00,business,,precipitation,analysis,
run-277665d620a2,succeeded,2026-08-10T16:01:53.254444+00:00,business,,temperature,analysis,
run-85dc1e78cc9b,succeeded,2026-08-10T16:01:53.047241+00:00,business,,wind-field,analysis,
run-36329cf230e0,succeeded,2026-08-10T15:35:47.093311+00:00,business,,wind-field,custom,
run-a0c34cc8c2ec,succeeded,2026-08-10T15:35:46.606623+00:00,business,,wind-field,custom,
run-cf705daa1aaa,succeeded,2026-08-10T15:35:46.341532+00:00,business,,wind-field,custom,
run-8d62f3675780,succeeded,2026-08-10T15:35:46.104344+00:00,business,,wind-field,custom,
run-18b0d0ff765b,failed,2026-08-10T15:35:45.885803+00:00,business,,wind-field,custom,
run-ffb16cc3f0b2,succeeded,2026-08-10T15:35:45.848913+00:00,business,,wind-field,custom,
run-e16c0285adef,succeeded,2026-08-10T15:35:45.442351+00:00,business,,wind-field,analysis,
run-07df9793eeb3,succeeded,2026-08-10T15:35:45.354311+00:00,business,,visibility,analysis,
run-84e581c9cd21,succeeded,2026-08-10T15:35:45.261963+00:00,business,,temperature,analysis,
run-e0247f981ec3,succeeded,2026-08-10T15:35:45.094626+00:00,business,,pressure,analysis,
run-cf77c819cf26,succeeded,2026-08-10T15:35:44.987856+00:00,business,,precipitation,analysis,
run-5615f3497274,succeeded,2026-08-10T15:35:43.820445+00:00,business,,humidity,analysis,
run-b42f9c2ef0d8,succeeded,2026-08-10T15:35:43.712123+00:00,business,,visibility,analysis,
run-74302ecc2a98,succeeded,2026-08-10T15:35:43.601090+00:00,business,,humidity,analysis,
run-2d20c2ef6f05,succeeded,2026-08-10T15:35:43.533904+00:00,business,,pressure,analysis,
run-d38bef432c5e,succeeded,2026-08-10T15:35:43.470146+00:00,business,,precipitation,analysis,
run-4893ad613532,succeeded,2026-08-10T15:35:43.360723+00:00,business,,temperature,analysis,
run-9014d7dfa14a,succeeded,2026-08-10T15:35:43.147072+00:00,business,,wind-field,analysis,
run-5c4d1db0af71,succeeded,2026-08-10T15:31:15.984714+00:00,business,,wind-field,custom,
run-930f07c5f02d,succeeded,2026-08-10T15:31:15.679856+00:00,business,,wind-field,custom,
run-f91041e7d2d0,succeeded,2026-08-10T15:31:15.374283+00:00,business,,wind-field,custom,
run-ae70451a4c7c,succeeded,2026-08-10T15:31:15.108893+00:00,business,,wind-field,custom,
run-715b08626cfd,failed,2026-08-10T15:31:14.800199+00:00,business,,wind-field,custom,
run-6b89fb70c492,succeeded,2026-08-10T15:31:13.732946+00:00,business,,wind-field,custom,
run-cf2ac830e12c,succeeded,2026-08-10T15:31:13.305695+00:00,business,,wind-field,analysis,
run-baa14cad884b,succeeded,2026-08-10T15:31:13.207555+00:00,business,,visibility,analysis,
run-f03bebd73e43,succeeded,2026-08-10T15:31:13.146421+00:00,business,,temperature,analysis,
run-75105ff8ca86,succeeded,2026-08-10T15:31:13.021083+00:00,business,,pressure,analysis,
run-ec2a9629c3c9,succeeded,2026-08-10T15:31:12.886513+00:00,business,,precipitation,analysis,
run-a24dd27f5778,succeeded,2026-08-10T15:31:12.733453+00:00,business,,humidity,analysis,
run-0235048d335a,succeeded,2026-08-10T15:31:12.633585+00:00,business,,visibility,analysis,
run-9f7d79089189,succeeded,2026-08-10T15:31:12.541468+00:00,business,,humidity,analysis,
run-6d95a517a0e7,succeeded,2026-08-10T15:31:12.430516+00:00,business,,pressure,analysis,
run-29520bce6bb5,succeeded,2026-08-10T15:31:12.370587+00:00,business,,precipitation,analysis,
run-31261be71a95,succeeded,2026-08-10T15:31:12.264413+00:00,business,,temperature,analysis,
run-fb79fb1b72d6,succeeded,2026-08-10T15:31:12.083582+00:00,business,,wind-field,analysis,
run-94907cded9d1,succeeded,2026-08-10T15:16:51.150582+00:00,business,,wind-field,custom,
run-57aba448b54b,succeeded,2026-08-10T15:16:50.861449+00:00,business,,wind-field,custom,
run-5e6671e5e873,succeeded,2026-08-10T15:16:49.623909+00:00,business,,wind-field,custom,
run-a45272f94240,succeeded,2026-08-10T15:16:49.130883+00:00,business,,wind-field,custom,
run-6dded6c83f80,failed,2026-08-10T15:16:48.748961+00:00,business,,wind-field,custom,
run-62fe4ccb4968,succeeded,2026-08-10T15:16:48.692835+00:00,business,,wind-field,custom,
run-304e9659a01e,succeeded,2026-08-10T15:16:48.214960+00:00,business,,wind-field,analysis,
run-fc2fd9ef96e2,succeeded,2026-08-10T15:16:47.989205+00:00,business,,visibility,analysis,
run-17e37f6ea2dd,succeeded,2026-08-10T15:16:47.892660+00:00,business,,temperature,analysis,
run-9ca710228788,succeeded,2026-08-10T15:16:47.776622+00:00,business,,pressure,analysis,
run-e14e230fbd9a,succeeded,2026-08-10T15:16:47.679232+00:00,business,,precipitation,analysis,
run-29c9606ebd6f,succeeded,2026-08-10T15:16:47.523711+00:00,business,,humidity,analysis,
run-5ff3944469cc,succeeded,2026-08-10T15:16:47.419886+00:00,business,,visibility,analysis,
run-672ef8a9a884,succeeded,2026-08-10T15:16:47.318138+00:00,business,,humidity,analysis,
run-ede39d69d1e4,succeeded,2026-08-10T15:16:47.222453+00:00,business,,pressure,analysis,
run-fb413340b03a,succeeded,2026-08-10T15:16:47.101493+00:00,business,,precipitation,analysis,
run-179f369e2f99,succeeded,2026-08-10T15:16:46.958441+00:00,business,,temperature,analysis,
run-c67c0675db1b,succeeded,2026-08-10T15:16:45.995885+00:00,business,,wind-field,analysis,
run-5c6785b13896,succeeded,2026-08-10T15:12:28.175145+00:00,business,,wind-field,custom,
run-c65beaa90ff8,succeeded,2026-08-10T15:12:27.731856+00:00,business,,wind-field,custom,
run-24e5466fafe0,succeeded,2026-08-10T15:12:27.498617+00:00,business,,wind-field,custom,
run-16a8d21dd9ab,succeeded,2026-08-10T15:12:27.189821+00:00,business,,wind-field,custom,
run-1443d4716251,failed,2026-08-10T15:12:26.899508+00:00,business,,wind-field,custom,
run-e29395ec0101,succeeded,2026-08-10T15:12:26.822378+00:00,business,,wind-field,custom,
run-106e4b0f3318,succeeded,2026-08-10T15:12:26.279191+00:00,business,,wind-field,analysis,
run-cf2fac82095b,succeeded,2026-08-10T15:12:26.105339+00:00,business,,visibility,analysis,
run-ae28c404fcba,succeeded,2026-08-10T15:12:26.002432+00:00,business,,temperature,analysis,
run-d5a2b4714607,succeeded,2026-08-10T15:12:25.820817+00:00,business,,pressure,analysis,
run-23a906c73302,succeeded,2026-08-10T15:12:24.570580+00:00,business,,precipitation,analysis,
run-aeccace20db6,succeeded,2026-08-10T15:12:24.330367+00:00,business,,humidity,analysis,
run-c585f0ca4048,succeeded,2026-08-10T15:12:24.206024+00:00,business,,visibility,analysis,
run-fe991b5811d4,succeeded,2026-08-10T15:12:24.077305+00:00,business,,humidity,analysis,
run-44a3afdb446e,succeeded,2026-08-10T15:12:23.895571+00:00,business,,pressure,analysis,
run-d573985eea42,succeeded,2026-08-10T15:12:23.670987+00:00,business,,precipitation,analysis,
run-c87aaf334a3d,succeeded,2026-08-10T15:12:23.362112+00:00,business,,temperature,analysis,
run-02134dbc9ef5,succeeded,2026-08-10T15:12:22.996070+00:00,business,,wind-field,analysis,
run-e486ddcd8d77,succeeded,2026-08-10T14:20:21.568668+00:00,business,,,analysis,
run-d08a47e0dc96,succeeded,2026-08-10T14:20:18.843298+00:00,business,,,analysis,
run-49996c68970b,succeeded,2026-08-10T14:20:18.217797+00:00,business,,,analysis,
run-d47c1289c164,succeeded,2026-08-10T14:20:15.518315+00:00,business,,,analysis,
run-c657ffb73f53,succeeded,2026-08-10T14:08:47.896315+00:00,business,,,analysis,
run-12285b93d720,succeeded,2026-08-10T14:08:46.466202+00:00,business,,,analysis,
run-9dfb2a66263d,succeeded,2026-08-10T14:08:43.551213+00:00,business,,,analysis,
run-0932ce1ef5a8,succeeded,2026-08-10T14:08:42.344759+00:00,business,,,analysis,
run-1da1932393e7,succeeded,2026-08-10T14:08:39.187055+00:00,business,,,analysis,
run-8b3eb93148f8,succeeded,2026-08-10T14:08:32.376891+00:00,business,,,analysis,
run-1471b4479b2b,succeeded,2026-08-10T14:06:34.575500+00:00,business,,,analysis,
run-2438b9c43a4b,succeeded,2026-08-10T14:06:33.157368+00:00,business,,,analysis,
run-06463fa5c24d,failed,2026-08-10T14:06:32.001032+00:00,business,,,analysis,
run-bd91e78e2f0f,succeeded,2026-08-10T14:06:25.727245+00:00,business,,,analysis,
run-932114438675,succeeded,2026-08-10T14:06:22.769004+00:00,business,,,analysis,
run-58993c2a6a74,succeeded,2026-08-10T13:05:49.041707+00:00,business,,,analysis,
run-14bd7605aa00,succeeded,2026-08-10T13:05:46.842192+00:00,business,,,analysis,
run-b734305fa23a,succeeded,2026-08-10T13:05:44.626090+00:00,business,,,analysis,
run-3768ace758fa,succeeded,2026-08-10T13:05:43.068796+00:00,business,,,analysis,
run-7787899bd785,succeeded,2026-08-10T13:05:40.145001+00:00,business,,,analysis,
run-0699b0513e05,succeeded,2026-08-10T13:05:33.093778+00:00,business,,,analysis,
run-d1ce8fbf9b91,succeeded,2026-08-10T13:04:32.895982+00:00,business,,,analysis,
run-8fc8f1aa5301,succeeded,2026-08-10T13:04:30.197233+00:00,business,,,analysis,
run-cd09cbf8dedb,succeeded,2026-08-10T13:04:27.931361+00:00,business,,,analysis,
run-665da22f2d53,succeeded,2026-08-10T13:04:26.642681+00:00,business,,,analysis,
run-0cb4a3ed09bb,failed,2026-08-10T13:04:23.984663+00:00,business,,,analysis,
run-3f3151a817f5,succeeded,2026-08-10T12:57:28.549233+00:00,business,,,analysis,
run-5fe649f1bcf7,failed,2026-08-10T12:57:26.336061+00:00,business,,,analysis,
run-1a1e978ee68c,failed,2026-08-10T12:57:18.696326+00:00,business,,,analysis,
run-cd9853ce79a7,succeeded,2026-08-10T12:57:11.022501+00:00,business,,,analysis,
run-c2e40b6ada1a,failed,2026-08-10T12:57:07.814761+00:00,business,,,analysis,
run-5ba5d125a74e,succeeded,2026-08-10T11:33:22.355480+00:00,business,,wind-field,custom,
run-b0214606a9c8,succeeded,2026-08-10T11:33:21.954392+00:00,business,,wind-field,custom,
run-990c37297c14,succeeded,2026-08-10T11:33:21.559668+00:00,business,,wind-field,custom,
run-f9f600a5d761,succeeded,2026-08-10T11:33:21.267615+00:00,business,,wind-field,custom,
run-3acaf0b79b4c,failed,2026-08-10T11:33:20.958738+00:00,business,,wind-field,custom,
run-71514922e2ee,succeeded,2026-08-10T11:33:20.016842+00:00,business,,wind-field,custom,
run-0be23480d29e,succeeded,2026-08-10T11:33:19.353820+00:00,business,,wind-field,analysis,
run-3a17f597cc7f,succeeded,2026-08-10T11:33:19.200610+00:00,business,,visibility,analysis,
run-eb6a942ecb94,succeeded,2026-08-10T11:33:19.017663+00:00,business,,temperature,analysis,
run-b10219def199,succeeded,2026-08-10T11:33:18.701521+00:00,business,,pressure,analysis,
run-54f7804a87a3,succeeded,2026-08-10T11:33:18.495078+00:00,business,,precipitation,analysis,
run-072b9da94c87,succeeded,2026-08-10T11:33:18.162643+00:00,business,,humidity,analysis,
run-40a3d79e0324,succeeded,2026-08-10T11:33:17.947728+00:00,business,,visibility,analysis,
run-2e1215bb8313,succeeded,2026-08-10T11:33:17.614568+00:00,business,,humidity,analysis,
run-89efbd7593f5,succeeded,2026-08-10T11:33:17.360391+00:00,business,,pressure,analysis,
run-a1929d0f8ced,succeeded,2026-08-10T11:33:17.126169+00:00,business,,precipitation,analysis,
run-c4b0060b2a1a,succeeded,2026-08-10T11:33:16.839287+00:00,business,,temperature,analysis,
run-a52506b94522,succeeded,2026-08-10T11:33:16.332829+00:00,business,,wind-field,analysis,
run-cbbd564bb819,succeeded,2026-08-10T11:28:42.955218+00:00,business,,wind-field,custom,
run-79668054133d,succeeded,2026-08-10T11:28:42.435912+00:00,business,,wind-field,custom,
run-e8235724a324,succeeded,2026-08-10T11:28:41.223517+00:00,business,,wind-field,custom,
run-7846efe21dd8,succeeded,2026-08-10T11:28:40.793383+00:00,business,,wind-field,custom,
run-caf2fcadd7d2,failed,2026-08-10T11:28:40.489312+00:00,business,,wind-field,custom,
run-99b37d5013cf,succeeded,2026-08-10T11:28:40.380051+00:00,business,,wind-field,custom,
run-22feacbabf16,succeeded,2026-08-10T11:28:38.768846+00:00,business,,wind-field,analysis,
run-ad4a5dde0590,succeeded,2026-08-10T11:28:38.197731+00:00,business,,visibility,analysis,
run-8d393ea6d2b8,succeeded,2026-08-10T11:28:37.761029+00:00,business,,temperature,analysis,
run-da88a23ea649,succeeded,2026-08-10T11:28:37.454054+00:00,business,,pressure,analysis,
run-51edcb05a15b,succeeded,2026-08-10T11:28:37.147676+00:00,business,,precipitation,analysis,
run-a75456fe182b,succeeded,2026-08-10T11:28:36.790406+00:00,business,,humidity,analysis,
run-831419a260ff,succeeded,2026-08-10T11:28:35.744574+00:00,business,,visibility,analysis,
run-2da62e19d91e,succeeded,2026-08-10T11:28:35.513517+00:00,business,,humidity,analysis,
run-4b9fd26d7025,succeeded,2026-08-10T11:28:35.249384+00:00,business,,pressure,analysis,
run-7ceaa86db813,succeeded,2026-08-10T11:28:35.080363+00:00,business,,precipitation,analysis,
run-1a68ab97e617,succeeded,2026-08-10T11:28:33.907554+00:00,business,,temperature,analysis,
run-da0cdececae0,succeeded,2026-08-10T11:28:33.612632+00:00,business,,wind-field,analysis,
run-0a24f5130470,succeeded,2026-08-10T11:25:16.383493+00:00,business,,wind-field,custom,
run-e124efad09c0,succeeded,2026-08-10T11:25:16.085578+00:00,business,,wind-field,custom,
run-5ececd38db3c,succeeded,2026-08-10T11:25:15.812349+00:00,business,,wind-field,custom,
run-84cc44a81933,succeeded,2026-08-10T11:25:15.453559+00:00,business,,wind-field,custom,
run-618c0703d7ec,failed,2026-08-10T11:25:15.199848+00:00,business,,wind-field,custom,
run-681c12d05810,succeeded,2026-08-10T11:25:15.151830+00:00,business,,wind-field,custom,
run-517711d9c87b,succeeded,2026-08-10T11:25:14.771780+00:00,business,,wind-field,analysis,
run-3ece0d42ae0a,succeeded,2026-08-10T11:25:14.686583+00:00,business,,visibility,analysis,
run-35771f2551f2,succeeded,2026-08-10T11:25:13.770144+00:00,business,,temperature,analysis,
run-797e2073d942,succeeded,2026-08-10T11:25:13.605999+00:00,business,,pressure,analysis,
run-329ac24fed04,succeeded,2026-08-10T11:25:13.485896+00:00,business,,precipitation,analysis,
run-34b8d379ac5e,succeeded,2026-08-10T11:25:13.355414+00:00,business,,humidity,analysis,
run-43354af31429,succeeded,2026-08-10T11:25:13.267877+00:00,business,,visibility,analysis,
run-4dc81e8368f6,succeeded,2026-08-10T11:25:13.133592+00:00,business,,humidity,analysis,
run-14f275fc29be,succeeded,2026-08-10T11:25:13.064026+00:00,business,,pressure,analysis,
run-7ed5ae73dfe1,succeeded,2026-08-10T11:25:12.912012+00:00,business,,precipitation,analysis,
run-d8a07080c535,succeeded,2026-08-10T11:25:12.601963+00:00,business,,temperature,analysis,
run-40149701bac2,succeeded,2026-08-10T11:25:12.411708+00:00,business,,wind-field,analysis,
run-70bcb9aba9f6,succeeded,2026-08-10T11:19:33.509868+00:00,business,,lab-output,analysis,
run-127cb250c0f5,succeeded,2026-08-10T07:01:33.277478+00:00,business,,wind-field,custom,
run-1e3af4e53e6c,succeeded,2026-08-10T07:01:32.777820+00:00,business,,wind-field,custom,
run-3e98fcc44e6b,succeeded,2026-08-10T07:01:32.369037+00:00,business,,wind-field,custom,
run-d79d1d509b17,succeeded,2026-08-10T07:01:31.260855+00:00,business,,wind-field,custom,
run-e9ef2b6f335c,failed,2026-08-10T07:01:30.712743+00:00,business,,wind-field,custom,
run-adeca0ac26b1,succeeded,2026-08-10T07:01:30.677564+00:00,business,,wind-field,custom,
run-de79eb05470d,succeeded,2026-08-10T07:01:30.103000+00:00,business,,wind-field,analysis,
run-be6bf65c0215,succeeded,2026-08-10T07:01:29.970055+00:00,business,,visibility,analysis,
run-fbcb1323d2fe,succeeded,2026-08-10T07:01:29.878646+00:00,business,,temperature,analysis,
run-ca4948b345e3,succeeded,2026-08-10T07:01:29.694719+00:00,business,,pressure,analysis,
run-1e46cbd535c1,succeeded,2026-08-10T07:01:29.603251+00:00,business,,precipitation,analysis,
run-c145ff85ee7d,succeeded,2026-08-10T07:01:29.311372+00:00,business,,humidity,analysis,
run-b189c70fc5ce,succeeded,2026-08-10T07:01:29.211647+00:00,business,,visibility,analysis,
run-37549551aebc,succeeded,2026-08-10T07:01:29.061743+00:00,business,,humidity,analysis,
run-a86d693f61d0,succeeded,2026-08-10T07:01:28.961636+00:00,business,,pressure,analysis,
run-951ec75233c7,succeeded,2026-08-10T07:01:28.861604+00:00,business,,precipitation,analysis,
run-c5d88edd5b72,succeeded,2026-08-10T07:01:28.678457+00:00,business,,temperature,analysis,
run-1dcecfaf4d62,succeeded,2026-08-10T07:01:28.437426+00:00,business,,wind-field,analysis,
run-7c7a3bae99fe,succeeded,2026-08-10T07:01:07.078766+00:00,business,,lab-output,analysis,
run-e737962f7103,succeeded,2026-08-09T22:14:05.554328+00:00,business,,wind-field,custom,
run-77a4bdde0154,succeeded,2026-08-09T22:14:05.162505+00:00,business,,wind-field,custom,
run-9d8effbb1093,succeeded,2026-08-09T22:14:04.188643+00:00,business,,wind-field,custom,
run-4c5387e9a337,succeeded,2026-08-09T22:14:03.187566+00:00,business,,wind-field,custom,
run-b262bd118e44,failed,2026-08-09T22:14:02.482936+00:00,business,,wind-field,custom,
run-d14dd1d7daa3,succeeded,2026-08-09T22:14:02.438286+00:00,business,,wind-field,custom,
run-39091a945f40,succeeded,2026-08-09T22:14:01.905378+00:00,business,,wind-field,analysis,
run-44251f841600,succeeded,2026-08-09T22:14:01.788755+00:00,business,,visibility,analysis,
run-c996186f92c3,succeeded,2026-08-09T22:14:01.680398+00:00,business,,temperature,analysis,
run-1be0b026a06e,succeeded,2026-08-09T22:14:01.396975+00:00,business,,pressure,analysis,
run-1b9629d468c4,succeeded,2026-08-09T22:14:01.280304+00:00,business,,precipitation,analysis,
run-3007107ecd8a,succeeded,2026-08-09T22:14:00.265171+00:00,business,,humidity,analysis,
run-e4cfc2e28d30,succeeded,2026-08-09T22:14:00.139142+00:00,business,,visibility,analysis,
run-bc737d9da238,succeeded,2026-08-09T22:13:59.996924+00:00,business,,humidity,analysis,
run-b3c9a5246675,succeeded,2026-08-09T22:13:59.854972+00:00,business,,pressure,analysis,
run-e39914f537e0,succeeded,2026-08-09T22:13:59.754756+00:00,business,,precipitation,analysis,
run-713868e71f99,succeeded,2026-08-09T22:13:59.513354+00:00,business,,temperature,analysis,
run-947da7ab4c46,succeeded,2026-08-09T22:13:59.280770+00:00,business,,wind-field,analysis,
run-9eb0a4bb2b63,succeeded,2026-08-09T22:13:39.597329+00:00,business,,lab-output,analysis,
run-df3342a15051,succeeded,2026-08-09T22:09:27.267080+00:00,business,,wind-field,custom,
run-c8008dabd011,succeeded,2026-08-09T22:09:26.908296+00:00,business,,wind-field,custom,
run-58c2e1cdc93b,succeeded,2026-08-09T22:09:26.486355+00:00,business,,wind-field,custom,
run-d217536381ee,succeeded,2026-08-09T22:09:26.077243+00:00,business,,wind-field,custom,
run-19afd5fbea9d,failed,2026-08-09T22:09:25.622904+00:00,business,,wind-field,custom,
run-75a5730b269d,succeeded,2026-08-09T22:09:24.642424+00:00,business,,wind-field,custom,
run-ac48727020ac,succeeded,2026-08-09T22:09:24.010897+00:00,business,,wind-field,analysis,
run-aee57ab39a76,succeeded,2026-08-09T22:09:23.885136+00:00,business,,visibility,analysis,
run-e200a8f76755,succeeded,2026-08-09T22:09:23.690558+00:00,business,,temperature,analysis,
run-3669381d8d4c,succeeded,2026-08-09T22:09:23.380171+00:00,business,,pressure,analysis,
run-bebf8a6d5cab,succeeded,2026-08-09T22:09:23.206178+00:00,business,,precipitation,analysis,
run-cb95127108d4,succeeded,2026-08-09T22:09:22.963835+00:00,business,,humidity,analysis,
run-9b9618c583c7,succeeded,2026-08-09T22:09:22.812057+00:00,business,,visibility,analysis,
run-849c7741a900,succeeded,2026-08-09T22:09:21.021745+00:00,business,,humidity,analysis,
run-9e2a07637cb8,succeeded,2026-08-09T22:09:20.905080+00:00,business,,pressure,analysis,
run-c390e4075178,succeeded,2026-08-09T22:09:20.796738+00:00,business,,precipitation,analysis,
run-38fa72ea3415,succeeded,2026-08-09T22:09:20.563307+00:00,business,,temperature,analysis,
run-d1546ed14541,succeeded,2026-08-09T22:09:20.280062+00:00,business,,wind-field,analysis,
run-2434bef66fc0,succeeded,2026-08-09T22:08:59.231251+00:00,business,,lab-output,analysis,
run-f7f2ed909f8f,succeeded,2026-08-09T22:02:19.062066+00:00,business,,wind-field,custom,
run-eac6392fe1d0,succeeded,2026-08-09T22:02:18.721325+00:00,business,,wind-field,custom,
run-033576b13007,succeeded,2026-08-09T22:02:17.146432+00:00,business,,wind-field,custom,
run-e88c11430125,succeeded,2026-08-09T22:02:16.521315+00:00,business,,wind-field,custom,
run-24efb8b8da3e,failed,2026-08-09T22:02:16.091556+00:00,business,,wind-field,custom,
run-4c7934f1a6ba,succeeded,2026-08-09T22:02:16.057662+00:00,business,,wind-field,custom,
run-bfaaaeb00271,succeeded,2026-08-09T22:02:15.499955+00:00,business,,wind-field,analysis,
run-e2e734996af3,succeeded,2026-08-09T22:02:15.400086+00:00,business,,visibility,analysis,
run-8488347894d1,succeeded,2026-08-09T22:02:15.142098+00:00,business,,temperature,analysis,
run-37ccfaa5801a,succeeded,2026-08-09T22:02:14.891731+00:00,business,,pressure,analysis,
run-b5dfa6c500c0,succeeded,2026-08-09T22:02:14.757900+00:00,business,,precipitation,analysis,
run-b08df7e69e36,succeeded,2026-08-09T22:02:14.540931+00:00,business,,humidity,analysis,
run-4cf32676b20a,succeeded,2026-08-09T22:02:14.441100+00:00,business,,visibility,analysis,
run-412842de9738,succeeded,2026-08-09T22:02:14.340850+00:00,business,,humidity,analysis,
run-c10f72ce25ae,succeeded,2026-08-09T22:02:14.240648+00:00,business,,pressure,analysis,
run-2902cb190292,succeeded,2026-08-09T22:02:14.124013+00:00,business,,precipitation,analysis,
run-0144feeb9f1d,succeeded,2026-08-09T22:02:13.867080+00:00,business,,temperature,analysis,
run-d4f23f96dc52,succeeded,2026-08-09T22:02:13.573197+00:00,business,,wind-field,analysis,
run-d10a09af88f7,succeeded,2026-08-09T22:01:53.257305+00:00,business,,lab-output,analysis,
run-dc765274b182,succeeded,2026-08-09T21:39:23.821652+00:00,business,,wind-field,custom,
run-c9bbec24ab60,succeeded,2026-08-09T21:39:22.162338+00:00,business,,wind-field,custom,
run-676a6b07005f,succeeded,2026-08-09T21:39:21.744859+00:00,business,,wind-field,custom,
run-a4c4d55ea195,succeeded,2026-08-09T21:39:21.336552+00:00,business,,wind-field,custom,
run-48973fbd1ab5,failed,2026-08-09T21:39:20.852524+00:00,business,,wind-field,custom,
run-35ddfbbacbf8,succeeded,2026-08-09T21:39:20.819194+00:00,business,,wind-field,custom,
run-0919f3958530,succeeded,2026-08-09T21:39:20.178361+00:00,business,,wind-field,analysis,
run-30bee74a0559,succeeded,2026-08-09T21:39:20.053423+00:00,business,,visibility,analysis,
run-6b58db772a03,succeeded,2026-08-09T21:39:19.895038+00:00,business,,temperature,analysis,
run-344ed5355d80,succeeded,2026-08-09T21:39:19.570918+00:00,business,,pressure,analysis,
run-741bdb293a85,succeeded,2026-08-09T21:39:19.403558+00:00,business,,precipitation,analysis,
run-af0f9f38ba15,succeeded,2026-08-09T21:39:19.130615+00:00,business,,humidity,analysis,
run-6a4137e032f2,succeeded,2026-08-09T21:39:19.003574+00:00,business,,visibility,analysis,
run-246d8d039c9d,succeeded,2026-08-09T21:39:18.845525+00:00,business,,humidity,analysis,
run-2797bbc0b200,succeeded,2026-08-09T21:39:18.711909+00:00,business,,pressure,analysis,
run-aa1a0e29ffc9,succeeded,2026-08-09T21:39:17.771581+00:00,business,,precipitation,analysis,
run-ad60590ef919,succeeded,2026-08-09T21:39:17.503616+00:00,business,,temperature,analysis,
run-e89fd1ea80ce,succeeded,2026-08-09T21:39:17.196125+00:00,business,,wind-field,analysis,
run-b93440fd0aa3,succeeded,2026-08-09T21:38:55.647042+00:00,business,,lab-output,analysis,
run-5cf6e443eb53,succeeded,2026-08-09T21:05:12.207814+00:00,business,,wind-field,custom,
run-f7633db3274e,succeeded,2026-08-09T21:05:11.841156+00:00,business,,wind-field,custom,
run-30c394353174,succeeded,2026-08-09T21:05:11.099573+00:00,business,,wind-field,custom,
run-e4077f74c1f0,succeeded,2026-08-09T21:05:10.707038+00:00,business,,wind-field,custom,
run-177c996a1408,failed,2026-08-09T21:05:10.353026+00:00,business,,wind-field,custom,
run-007495c03dba,succeeded,2026-08-09T21:05:10.320526+00:00,business,,wind-field,custom,
run-a567e10e735e,succeeded,2026-08-09T21:05:09.753917+00:00,business,,wind-field,analysis,
run-a81a0ae7c15f,succeeded,2026-08-09T21:05:08.828862+00:00,business,,visibility,analysis,
run-7b926389423f,succeeded,2026-08-09T21:05:08.678853+00:00,business,,temperature,analysis,
run-b3feb97391fd,succeeded,2026-08-09T21:05:08.387181+00:00,business,,pressure,analysis,
run-440417838b99,succeeded,2026-08-09T21:05:08.262279+00:00,business,,precipitation,analysis,
run-1615d8da9005,succeeded,2026-08-09T21:05:08.062033+00:00,business,,humidity,analysis,
run-583311fc85b5,succeeded,2026-08-09T21:05:07.953330+00:00,business,,visibility,analysis,
run-c05e346adebb,succeeded,2026-08-09T21:05:07.853741+00:00,business,,humidity,analysis,
run-7b7f0c1a0b4a,succeeded,2026-08-09T21:05:07.711028+00:00,business,,pressure,analysis,
run-593d29803246,succeeded,2026-08-09T21:05:07.586318+00:00,business,,precipitation,analysis,
run-d92336a9c797,succeeded,2026-08-09T21:05:07.328166+00:00,business,,temperature,analysis,
run-5cd6ff3ea9db,succeeded,2026-08-09T21:05:07.019423+00:00,business,,wind-field,analysis,
run-8ab192cdd14a,succeeded,2026-08-09T21:04:45.928274+00:00,business,,lab-output,analysis,
run-c922f401df6c,succeeded,2026-08-09T19:41:03.782515+00:00,business,,wind-field,custom,
run-869bab855338,succeeded,2026-08-09T19:41:03.424855+00:00,business,,wind-field,custom,
run-0028bbae03ac,succeeded,2026-08-09T19:41:03.032449+00:00,business,,wind-field,custom,
run-8d75bbdc12f5,succeeded,2026-08-09T19:41:01.841175+00:00,business,,wind-field,custom,
run-d893929e0516,failed,2026-08-09T19:41:01.346142+00:00,business,,wind-field,custom,
run-935a7fd303fc,succeeded,2026-08-09T19:41:01.315677+00:00,business,,wind-field,custom,
run-2e8356d5255d,succeeded,2026-08-09T19:41:00.683182+00:00,business,,wind-field,analysis,
run-ff6379980ab0,succeeded,2026-08-09T19:41:00.574609+00:00,business,,visibility,analysis,
run-470c74f9b074,succeeded,2026-08-09T19:41:00.457816+00:00,business,,temperature,analysis,
run-ed8da391171c,succeeded,2026-08-09T19:41:00.190470+00:00,business,,pressure,analysis,
run-d4907df3bd70,succeeded,2026-08-09T19:41:00.033177+00:00,business,,precipitation,analysis,
run-d778f6a3c94c,succeeded,2026-08-09T19:40:59.841294+00:00,business,,humidity,analysis,
run-a593eae8d036,succeeded,2026-08-09T19:40:59.733060+00:00,business,,visibility,analysis,
run-9d9d339a6bfa,succeeded,2026-08-09T19:40:59.616318+00:00,business,,humidity,analysis,
run-4cf1df5f0285,succeeded,2026-08-09T19:40:59.500317+00:00,business,,pressure,analysis,
run-7c588bf8dd7d,succeeded,2026-08-09T19:40:59.357578+00:00,business,,precipitation,analysis,
run-f34384265cd4,succeeded,2026-08-09T19:40:59.126243+00:00,business,,temperature,analysis,
run-dec2fe21c911,succeeded,2026-08-09T19:40:58.747052+00:00,business,,wind-field,analysis,
run-529441fef324,succeeded,2026-08-09T19:40:37.617606+00:00,business,,lab-output,analysis,
run-e6f88c4089c8,succeeded,2026-08-08T21:00:07.540450+00:00,business,,wind-field,custom,
run-6c8280aefb01,succeeded,2026-08-08T21:00:07.095245+00:00,business,,wind-field,custom,
run-04f17fbc8cb5,succeeded,2026-08-08T21:00:05.522546+00:00,business,,wind-field,custom,
run-4ad73811b2bf,succeeded,2026-08-08T21:00:05.026973+00:00,business,,wind-field,custom,
run-b9ad3a9c2017,failed,2026-08-08T21:00:04.589805+00:00,business,,wind-field,custom,
run-7e20571360ac,succeeded,2026-08-08T21:00:04.429007+00:00,business,,wind-field,custom,
run-87cea17c63f4,succeeded,2026-08-08T21:00:03.845845+00:00,business,,wind-field,analysis,
run-6d8d5cf75b60,succeeded,2026-08-08T21:00:03.719397+00:00,business,,visibility,analysis,
run-05320615b4a1,succeeded,2026-08-08T21:00:03.430950+00:00,business,,temperature,analysis,
run-88114decf15e,succeeded,2026-08-08T21:00:02.921040+00:00,business,,pressure,analysis,
run-c976a3b5487c,succeeded,2026-08-08T21:00:02.749247+00:00,business,,precipitation,analysis,
run-0bed2864e457,succeeded,2026-08-08T21:00:02.437242+00:00,business,,humidity,analysis,
run-7b3e3d142e3c,succeeded,2026-08-08T21:00:02.201711+00:00,business,,visibility,analysis,
run-5ccc81fdac39,succeeded,2026-08-08T21:00:01.974701+00:00,business,,humidity,analysis,
run-d5dbaec2a9ff,succeeded,2026-08-08T21:00:01.770738+00:00,business,,pressure,analysis,
run-77a16fd071e9,succeeded,2026-08-08T21:00:01.570638+00:00,business,,precipitation,analysis,
run-f65dfdb81601,succeeded,2026-08-08T21:00:01.247619+00:00,business,,temperature,analysis,
run-380f1c5ac001,succeeded,2026-08-08T21:00:00.752520+00:00,business,,wind-field,analysis,
run-268a545fc745,succeeded,2026-08-08T20:59:54.597792+00:00,business,,lab-output,analysis,
run-ea7e8b022321,succeeded,2026-08-08T19:46:40.271148+00:00,business,,wind-field,custom,
run-4dec0719b2e4,succeeded,2026-08-08T19:46:40.003295+00:00,business,,wind-field,custom,
run-0ffadeff8258,succeeded,2026-08-08T19:46:39.760581+00:00,business,,wind-field,custom,
run-da7eb99922cb,succeeded,2026-08-08T19:46:39.555006+00:00,business,,wind-field,custom,
run-0618f3b2cd06,failed,2026-08-08T19:46:39.254656+00:00,business,,wind-field,custom,
run-0d0f647d063b,succeeded,2026-08-08T19:46:39.203274+00:00,business,,wind-field,custom,
run-6ea012729916,succeeded,2026-08-08T19:46:38.779728+00:00,business,,wind-field,analysis,
run-177aa0b0d866,succeeded,2026-08-08T19:46:38.691084+00:00,business,,visibility,analysis,
run-454903a3d047,succeeded,2026-08-08T19:46:38.582773+00:00,business,,temperature,analysis,
run-afd45f530e7a,succeeded,2026-08-08T19:46:38.336394+00:00,business,,pressure,analysis,
run-97252ca604c7,succeeded,2026-08-08T19:46:38.228160+00:00,business,,precipitation,analysis,
run-57abcd80f4ca,succeeded,2026-08-08T19:46:38.081842+00:00,business,,humidity,analysis,
run-de87300fc8c0,succeeded,2026-08-08T19:46:37.160842+00:00,business,,visibility,analysis,
run-9fe9a35c1ee7,succeeded,2026-08-08T19:46:37.053545+00:00,business,,humidity,analysis,
run-805d48998d89,succeeded,2026-08-08T19:46:36.953343+00:00,business,,pressure,analysis,
run-d9f890255ddf,succeeded,2026-08-08T19:46:36.838389+00:00,business,,precipitation,analysis,
run-12bbd08663fb,succeeded,2026-08-08T19:46:36.646277+00:00,business,,temperature,analysis,
run-1bb935e0829a,succeeded,2026-08-08T19:46:36.383713+00:00,business,,wind-field,analysis,
run-c07bf7296070,succeeded,2026-08-08T19:46:27.701306+00:00,business,,lab-output,analysis,
run-9fd156cd6045,succeeded,2026-08-08T19:45:14.897202+00:00,business,,wind-field,custom,
run-be5c578a37df,succeeded,2026-08-08T19:45:14.658601+00:00,business,,wind-field,custom,
run-94114c1368a3,succeeded,2026-08-08T19:45:14.386960+00:00,business,,wind-field,custom,
run-ba4d2721011d,succeeded,2026-08-08T19:45:14.157793+00:00,business,,wind-field,custom,
run-f86e40a3f4f9,failed,2026-08-08T19:45:13.939513+00:00,business,,wind-field,custom,
run-b38552f509a5,succeeded,2026-08-08T19:45:12.952163+00:00,business,,wind-field,custom,
run-41b622c145f9,succeeded,2026-08-08T19:45:12.527280+00:00,business,,wind-field,analysis,
run-731c0af4d2f6,succeeded,2026-08-08T19:45:12.399392+00:00,business,,visibility,analysis,
run-83574e8222fd,succeeded,2026-08-08T19:45:12.251768+00:00,business,,temperature,analysis,
run-af9ded79154f,succeeded,2026-08-08T19:45:12.018078+00:00,business,,pressure,analysis,
run-003b2d607d39,succeeded,2026-08-08T19:45:11.884847+00:00,business,,precipitation,analysis,
run-ae7f17b8d34a,succeeded,2026-08-08T19:45:11.549686+00:00,business,,humidity,analysis,
run-08fac2b4860b,succeeded,2026-08-08T19:45:11.375111+00:00,business,,visibility,analysis,
run-14c6dd9b05c3,succeeded,2026-08-08T19:45:11.175128+00:00,business,,humidity,analysis,
run-938998721514,succeeded,2026-08-08T19:45:11.025146+00:00,business,,pressure,analysis,
run-aef01f241caf,succeeded,2026-08-08T19:45:10.882555+00:00,business,,precipitation,analysis,
run-7ab8d535294e,succeeded,2026-08-08T19:45:10.688889+00:00,business,,temperature,analysis,
run-b184e69c06a7,succeeded,2026-08-08T19:45:10.283756+00:00,business,,wind-field,analysis,
run-3701e803460c,succeeded,2026-08-08T19:45:07.730991+00:00,business,,lab-output,analysis,
run-00456b3d25a6,succeeded,2026-08-08T19:25:30.614076+00:00,business,,wind-field,custom,
run-48d06c483986,succeeded,2026-08-08T19:25:30.338071+00:00,business,,wind-field,custom,
run-a4c4f7613a57,succeeded,2026-08-08T19:25:29.077582+00:00,business,,wind-field,custom,
run-b44a59712cdd,succeeded,2026-08-08T19:25:28.705978+00:00,business,,wind-field,custom,
run-a8dc05ee3c89,failed,2026-08-08T19:25:28.449365+00:00,business,,wind-field,custom,
run-cfed0280baa0,succeeded,2026-08-08T19:25:28.366936+00:00,business,,wind-field,custom,
run-12ab009223f8,succeeded,2026-08-08T19:25:27.762078+00:00,business,,wind-field,analysis,
run-7afd7387fdc3,succeeded,2026-08-08T19:25:27.630738+00:00,business,,visibility,analysis,
run-be0e4d51cf60,succeeded,2026-08-08T19:25:27.416570+00:00,business,,temperature,analysis,
run-693492fb7c8f,succeeded,2026-08-08T19:25:27.251235+00:00,business,,pressure,analysis,
run-3758106a6890,succeeded,2026-08-08T19:25:27.160663+00:00,business,,precipitation,analysis,
run-18c89b3cc240,succeeded,2026-08-08T19:25:26.895116+00:00,business,,humidity,analysis,
run-ef3b150a29a2,succeeded,2026-08-08T19:25:26.772100+00:00,business,,visibility,analysis,
run-1eaca1954f77,succeeded,2026-08-08T19:25:26.664045+00:00,business,,humidity,analysis,
run-db083821815e,succeeded,2026-08-08T19:25:26.544726+00:00,business,,pressure,analysis,
run-80925c0377af,succeeded,2026-08-08T19:25:26.345063+00:00,business,,precipitation,analysis,
run-e59a01166065,succeeded,2026-08-08T19:25:25.072626+00:00,business,,temperature,analysis,
run-ab0df0ccd5c7,succeeded,2026-08-08T19:25:24.834494+00:00,business,,wind-field,analysis,
run-8c2b217ad90a,succeeded,2026-08-08T19:25:18.805958+00:00,business,,lab-output,analysis,
run-9e1f8df5a613,succeeded,2026-08-08T13:21:09.351443+00:00,business,,wind-field,custom,
run-05066bde59f7,succeeded,2026-08-08T13:21:09.115009+00:00,business,,wind-field,custom,
run-c446b50a02a5,succeeded,2026-08-08T13:21:08.840563+00:00,business,,wind-field,custom,
run-ab52e599bff0,succeeded,2026-08-08T13:21:08.284421+00:00,business,,wind-field,custom,
run-ecf3abbd0972,failed,2026-08-08T13:21:08.016458+00:00,business,,wind-field,custom,
run-f93fbb8c0041,succeeded,2026-08-08T13:21:07.984767+00:00,business,,wind-field,custom,
run-2be57c9e6f1d,succeeded,2026-08-08T13:21:07.589793+00:00,business,,wind-field,analysis,
run-daca8811b697,succeeded,2026-08-08T13:21:07.552799+00:00,business,,visibility,analysis,
run-3bd00ec17ef3,succeeded,2026-08-08T13:21:06.414198+00:00,business,,temperature,analysis,
run-4078bc1dc3cf,succeeded,2026-08-08T13:21:06.302342+00:00,business,,pressure,analysis,
run-e37b745afa2b,succeeded,2026-08-08T13:21:06.245774+00:00,business,,precipitation,analysis,
run-6b73b4bf688a,succeeded,2026-08-08T13:21:06.106483+00:00,business,,humidity,analysis,
run-5be365d1d0d0,succeeded,2026-08-08T13:21:06.004200+00:00,business,,visibility,analysis,
run-d510db8d49b8,succeeded,2026-08-08T13:21:05.956898+00:00,business,,humidity,analysis,
run-e5da2cb8035b,succeeded,2026-08-08T13:21:05.900605+00:00,business,,pressure,analysis,
run-a30bd54ac336,succeeded,2026-08-08T13:21:05.857367+00:00,business,,precipitation,analysis,
run-ea99d7774eb1,succeeded,2026-08-08T13:21:05.712664+00:00,business,,temperature,analysis,
run-5bc8c43dc3d6,succeeded,2026-08-08T13:21:05.508594+00:00,business,,wind-field,analysis,
run-d6251b42b4d5,succeeded,2026-08-08T13:20:59.629740+00:00,business,,lab-output,analysis,
run-c99bf75166b6,succeeded,2026-08-08T10:23:40.081323+00:00,business,,wind-field,custom,
run-0fe598ed6c70,succeeded,2026-08-08T10:23:39.794032+00:00,business,,wind-field,custom,
run-2680cd6418ce,succeeded,2026-08-08T10:23:39.543188+00:00,business,,wind-field,custom,
run-fc837700dddf,succeeded,2026-08-08T10:23:38.337603+00:00,business,,wind-field,custom,
run-a0586d720529,failed,2026-08-08T10:23:38.117036+00:00,business,,wind-field,custom,
run-ca7d8afbdbdb,succeeded,2026-08-08T10:23:38.089578+00:00,business,,wind-field,custom,
run-cbe96aec8a3e,succeeded,2026-08-08T10:23:37.653036+00:00,business,,wind-field,analysis,
run-22600f49268e,succeeded,2026-08-08T10:23:37.589940+00:00,business,,visibility,analysis,
run-41d34f6f84f6,succeeded,2026-08-08T10:23:37.493126+00:00,business,,temperature,analysis,
run-8a3d42083bed,succeeded,2026-08-08T10:23:37.254551+00:00,business,,pressure,analysis,
run-008bb6a61129,succeeded,2026-08-08T10:23:37.197613+00:00,business,,precipitation,analysis,
run-3189a07bc788,succeeded,2026-08-08T10:23:37.050815+00:00,business,,humidity,analysis,
run-5d8f82999cf8,succeeded,2026-08-08T10:23:36.981237+00:00,business,,visibility,analysis,
run-db7757b2082d,succeeded,2026-08-08T10:23:36.883443+00:00,business,,humidity,analysis,
run-b1eedf1999a0,succeeded,2026-08-08T10:23:36.814617+00:00,business,,pressure,analysis,
run-e2c796d90ab6,succeeded,2026-08-08T10:23:36.747540+00:00,business,,precipitation,analysis,
run-02d9ac233bd3,succeeded,2026-08-08T10:23:36.532662+00:00,business,,temperature,analysis,
run-f4784b767332,succeeded,2026-08-08T10:23:36.363504+00:00,business,,wind-field,analysis,
run-ac171e38d1ee,succeeded,2026-08-08T10:23:29.634096+00:00,business,,lab-output,analysis,
run-12a98e6bf2f5,succeeded,2026-08-08T10:21:36.820629+00:00,business,,wind-field,custom,
run-85e6cc19869b,succeeded,2026-08-08T10:21:36.561865+00:00,business,,wind-field,custom,
run-08a2c948ef23,succeeded,2026-08-08T10:21:36.283313+00:00,business,,wind-field,custom,
run-31281de61c48,succeeded,2026-08-08T10:21:36.002364+00:00,business,,wind-field,custom,
run-422b06070397,failed,2026-08-08T10:21:35.612815+00:00,business,,wind-field,custom,
run-90c4c9265b16,succeeded,2026-08-08T10:21:35.586664+00:00,business,,wind-field,custom,
run-fb2f4238fe6f,succeeded,2026-08-08T10:21:35.153461+00:00,business,,wind-field,analysis,
run-66cf4674d9e8,succeeded,2026-08-08T10:21:34.953604+00:00,business,,visibility,analysis,
run-c02e63c6c89a,succeeded,2026-08-08T10:21:34.795164+00:00,business,,temperature,analysis,
run-c86b89fefad4,succeeded,2026-08-08T10:21:34.612074+00:00,business,,pressure,analysis,
run-373fffed4a16,succeeded,2026-08-08T10:21:34.458276+00:00,business,,precipitation,analysis,
run-ac812278d45e,succeeded,2026-08-08T10:21:34.275869+00:00,business,,humidity,analysis,
run-c7f2bb197a65,succeeded,2026-08-08T10:21:33.268061+00:00,business,,visibility,analysis,
run-df3678beaf4e,succeeded,2026-08-08T10:21:33.123242+00:00,business,,humidity,analysis,
run-29fd7803860b,succeeded,2026-08-08T10:21:32.945057+00:00,business,,pressure,analysis,
run-691868a82319,succeeded,2026-08-08T10:21:32.754046+00:00,business,,precipitation,analysis,
run-3cddb2fe53fe,succeeded,2026-08-08T10:21:32.504377+00:00,business,,temperature,analysis,
run-c99fbb2e8761,succeeded,2026-08-08T10:21:32.129905+00:00,business,,wind-field,analysis,
run-55519cc32aff,succeeded,2026-08-08T10:21:29.740149+00:00,business,,lab-output,analysis,
run-016f3fdec01e,succeeded,2026-08-08T08:51:18.596084+00:00,business,,wind-field,custom,
run-4740010dbbb2,succeeded,2026-08-08T08:51:18.358712+00:00,business,,wind-field,custom,
run-3f79834d79fa,succeeded,2026-08-08T08:51:18.133652+00:00,business,,wind-field,custom,
run-b7df24a960bd,succeeded,2026-08-08T08:51:17.892209+00:00,business,,wind-field,custom,
run-f16bd1567a23,failed,2026-08-08T08:51:17.677316+00:00,business,,wind-field,custom,
run-ef26c36238d2,succeeded,2026-08-08T08:51:16.856025+00:00,business,,wind-field,custom,
run-9788cd565c85,succeeded,2026-08-08T08:51:16.301828+00:00,business,,wind-field,analysis,
run-1600894e4508,succeeded,2026-08-08T08:51:16.240189+00:00,business,,visibility,analysis,
run-f768225dfb48,succeeded,2026-08-08T08:51:16.150199+00:00,business,,temperature,analysis,
run-8106961ea028,succeeded,2026-08-08T08:51:15.999975+00:00,business,,pressure,analysis,
run-d05f2602e51c,succeeded,2026-08-08T08:51:15.939773+00:00,business,,precipitation,analysis,
run-475f26174498,succeeded,2026-08-08T08:51:15.764994+00:00,business,,humidity,analysis,
run-db87b7f8208d,succeeded,2026-08-08T08:51:15.701907+00:00,business,,visibility,analysis,
run-f9419b5b685a,succeeded,2026-08-08T08:51:15.602517+00:00,business,,humidity,analysis,
run-ef7d92505e20,succeeded,2026-08-08T08:51:15.543232+00:00,business,,pressure,analysis,
run-6c1e35ec7505,succeeded,2026-08-08T08:51:15.489269+00:00,business,,precipitation,analysis,
run-dee885283815,succeeded,2026-08-08T08:51:15.316033+00:00,business,,temperature,analysis,
run-1d1049c13500,succeeded,2026-08-08T08:51:15.062366+00:00,business,,wind-field,analysis,
run-e46f86ce1285,succeeded,2026-08-08T08:51:07.829173+00:00,business,,lab-output,analysis,
run-2c103c9dd2f6,succeeded,2026-08-07T21:38:56.451993+00:00,business,,omega-sf-fenkuai,analysis,
run-464e51a0bce3,succeeded,2026-08-07T20:31:16.474607+00:00,business,,wind-field,custom,
run-1a8dd05cfea9,succeeded,2026-08-07T20:31:16.172453+00:00,business,,wind-field,custom,
run-06ee917916ad,succeeded,2026-08-07T20:31:15.889395+00:00,business,,wind-field,custom,
run-5394b18da87a,succeeded,2026-08-07T20:31:14.641975+00:00,business,,wind-field,custom,
run-58a21b0ab1d3,failed,2026-08-07T20:31:14.429446+00:00,business,,wind-field,custom,
run-6b99b2eec4b0,succeeded,2026-08-07T20:31:14.305084+00:00,business,,wind-field,custom,
run-8b965de86b2f,succeeded,2026-08-07T20:31:13.702178+00:00,business,,wind-field,analysis,
run-84d103784c66,succeeded,2026-08-07T20:31:13.503359+00:00,business,,visibility,analysis,
run-35d982d30c91,succeeded,2026-08-07T20:31:13.262889+00:00,business,,temperature,analysis,
run-9e27a683d9aa,succeeded,2026-08-07T20:31:12.946345+00:00,business,,pressure,analysis,
run-b10eb7f30311,succeeded,2026-08-07T20:31:12.795187+00:00,business,,precipitation,analysis,
run-14d620c992bb,succeeded,2026-08-07T20:31:12.553657+00:00,business,,humidity,analysis,
run-41e40d317444,succeeded,2026-08-07T20:31:12.381101+00:00,business,,visibility,analysis,
run-488d842f6c1c,succeeded,2026-08-07T20:31:12.200809+00:00,business,,humidity,analysis,
run-37f4073ffe9c,succeeded,2026-08-07T20:31:12.054714+00:00,business,,pressure,analysis,
run-b35e1e38572f,succeeded,2026-08-07T20:31:11.877295+00:00,business,,precipitation,analysis,
run-6d2cee69cb24,succeeded,2026-08-07T20:31:11.660047+00:00,business,,temperature,analysis,
run-74b46e6681fc,succeeded,2026-08-07T20:31:11.451149+00:00,business,,wind-field,analysis,
run-50e26c0325f1,succeeded,2026-08-07T20:30:58.775436+00:00,business,,lab-output,analysis,
run-a56708d5e538,succeeded,2026-08-07T16:49:46.428649+00:00,business,,wind-field,custom,
run-000db03ced7c,succeeded,2026-08-07T16:49:46.211591+00:00,business,,wind-field,custom,
run-56393d35912e,succeeded,2026-08-07T16:49:46.000367+00:00,business,,wind-field,custom,
run-73841c55b0c8,succeeded,2026-08-07T16:49:45.744959+00:00,business,,wind-field,custom,
run-226287a877e4,failed,2026-08-07T16:49:44.523895+00:00,business,,wind-field,custom,
run-82ee0a86b877,succeeded,2026-08-07T16:49:44.474788+00:00,business,,wind-field,custom,
run-b13f3b4aa153,succeeded,2026-08-07T16:49:44.029353+00:00,business,,wind-field,analysis,
run-c928b834af8b,succeeded,2026-08-07T16:49:43.949460+00:00,business,,visibility,analysis,
run-584b7ea00aa3,succeeded,2026-08-07T16:49:43.879365+00:00,business,,temperature,analysis,
run-ffc4ec5e01b6,succeeded,2026-08-07T16:49:43.695773+00:00,business,,pressure,analysis,
run-a52ee36178a6,succeeded,2026-08-07T16:49:43.591934+00:00,business,,precipitation,analysis,
run-fd9539c2bdde,succeeded,2026-08-07T16:49:43.409775+00:00,business,,humidity,analysis,
run-e4f1f4b4b391,succeeded,2026-08-07T16:49:43.349393+00:00,business,,visibility,analysis,
run-6f6af9083d41,succeeded,2026-08-07T16:49:43.257951+00:00,business,,humidity,analysis,
run-0950da0ac71c,succeeded,2026-08-07T16:49:43.197105+00:00,business,,pressure,analysis,
run-02136a887124,succeeded,2026-08-07T16:49:43.124889+00:00,business,,precipitation,analysis,
run-dc5996ac3fc8,succeeded,2026-08-07T16:49:42.977229+00:00,business,,temperature,analysis,
run-630fc5c465a9,succeeded,2026-08-07T16:49:42.799546+00:00,business,,wind-field,analysis,
run-091ad5e6c427,succeeded,2026-08-07T16:49:35.115571+00:00,business,,lab-output,analysis,
run-f46197e9d9e4,succeeded,2026-08-07T16:16:41.654585+00:00,business,,wind-field,custom,
run-d108c58bb7f0,succeeded,2026-08-07T16:16:40.422061+00:00,business,,wind-field,custom,
run-f5af38902a68,succeeded,2026-08-07T16:16:40.146505+00:00,business,,wind-field,custom,
run-459361069a48,succeeded,2026-08-07T16:16:39.861809+00:00,business,,wind-field,custom,
run-c123fa8b55a9,failed,2026-08-07T16:16:39.643512+00:00,business,,wind-field,custom,
run-24a07da0b148,succeeded,2026-08-07T16:16:39.595254+00:00,business,,wind-field,custom,
run-702c8802dd0c,succeeded,2026-08-07T16:16:39.029440+00:00,business,,wind-field,analysis,
run-48da75c51eae,succeeded,2026-08-07T16:16:38.930483+00:00,business,,visibility,analysis,
run-fce4b05aac3e,succeeded,2026-08-07T16:16:38.846111+00:00,business,,temperature,analysis,
run-9a278e073e9a,succeeded,2026-08-07T16:16:38.654553+00:00,business,,pressure,analysis,
run-63e348299344,succeeded,2026-08-07T16:16:38.555483+00:00,business,,precipitation,analysis,
run-683681d72274,succeeded,2026-08-07T16:16:38.363349+00:00,business,,humidity,analysis,
run-d4477151d5e4,succeeded,2026-08-07T16:16:38.270289+00:00,business,,visibility,analysis,
run-aa4c7bef849a,succeeded,2026-08-07T16:16:38.171066+00:00,business,,humidity,analysis,
run-dba9af4136b4,succeeded,2026-08-07T16:16:38.036069+00:00,business,,pressure,analysis,
run-d6fcc1a195c0,succeeded,2026-08-07T16:16:37.271590+00:00,business,,precipitation,analysis,
run-32f209038ed3,succeeded,2026-08-07T16:16:37.093325+00:00,business,,temperature,analysis,
run-40e5678ceebd,succeeded,2026-08-07T16:16:36.813013+00:00,business,,wind-field,analysis,
run-5878e235f1db,succeeded,2026-08-07T16:16:29.251906+00:00,business,,lab-output,analysis,
run-c1fb51f5ad4a,succeeded,2026-08-07T15:15:50.065398+00:00,business,,omega-sf-fenkuai,analysis,
run-7334df93c4ca,succeeded,2026-08-07T08:34:51.601690+00:00,business,,omega-sf-fenkuai,analysis,
run-4dc8073507d6,cancelled,2026-08-07T06:15:03.718574+00:00,business,,omega-sf-fenkuai,analysis,
run-102916adba00,failed,2026-08-06T23:41:22.048252+00:00,business,,omega-sf-fenkuai,analysis,
run-b30f015be110,succeeded,2026-08-06T23:39:32.236074+00:00,business,,omega-sf-fenkuai,analysis,
run-bdbf05e8acc4,failed,2026-08-06T20:20:57.980510+00:00,business,,temperature,custom,
run-b1aac56cd180,succeeded,2026-08-06T18:38:00.954235+00:00,business,,wind-field,custom,
run-d4c70a74891a,succeeded,2026-08-06T18:38:00.693967+00:00,business,,wind-field,custom,
run-8aa7aa6757cd,succeeded,2026-08-06T18:38:00.386980+00:00,business,,wind-field,custom,
run-d7bfbab03904,succeeded,2026-08-06T18:37:59.861935+00:00,business,,wind-field,custom,
run-fe0020b4d69a,failed,2026-08-06T18:37:59.634559+00:00,business,,wind-field,custom,
run-724e4f2867e2,succeeded,2026-08-06T18:37:59.601795+00:00,business,,wind-field,custom,
run-cf734915fee1,succeeded,2026-08-06T18:37:59.158881+00:00,business,,wind-field,analysis,
run-7c364000e797,succeeded,2026-08-06T18:37:59.061748+00:00,business,,visibility,analysis,
run-f646d653badf,succeeded,2026-08-06T18:37:57.929354+00:00,business,,temperature,analysis,
run-2336289f7ed8,succeeded,2026-08-06T18:37:57.804291+00:00,business,,pressure,analysis,
run-aeaa6be65977,succeeded,2026-08-06T18:37:57.725236+00:00,business,,precipitation,analysis,
run-473de353420f,succeeded,2026-08-06T18:37:57.584225+00:00,business,,humidity,analysis,
run-62a888ea82d2,succeeded,2026-08-06T18:37:57.479837+00:00,business,,visibility,analysis,
run-f6d353374880,succeeded,2026-08-06T18:37:57.386560+00:00,business,,humidity,analysis,
run-37852f94fa24,succeeded,2026-08-06T18:37:57.309065+00:00,business,,pressure,analysis,
run-7168fcec7bd5,succeeded,2026-08-06T18:37:57.222954+00:00,business,,precipitation,analysis,
run-581a48c9c5e1,succeeded,2026-08-06T18:37:57.088948+00:00,business,,temperature,analysis,
run-7a3c21e5d741,succeeded,2026-08-06T18:37:56.895916+00:00,business,,wind-field,analysis,
run-acd309dc09bf,succeeded,2026-08-06T18:37:44.725121+00:00,business,,lab-output,analysis,
run-68c418b9de9e,succeeded,2026-08-06T18:11:10.517569+00:00,business,,wind-field,custom,
run-f08e798e89f3,succeeded,2026-08-06T18:11:10.280007+00:00,business,,wind-field,custom,
run-7cc6d315ae43,succeeded,2026-08-06T18:11:10.032067+00:00,business,,wind-field,custom,
run-e038fc62033a,succeeded,2026-08-06T18:11:08.726030+00:00,business,,wind-field,custom,
run-b00a5e54ff59,failed,2026-08-06T18:11:08.265558+00:00,business,,wind-field,custom,
run-50cde983b29e,succeeded,2026-08-06T18:11:08.226053+00:00,business,,wind-field,custom,
run-6e72ad75c00d,succeeded,2026-08-06T18:11:07.774416+00:00,business,,wind-field,analysis,
run-341f937d96d7,succeeded,2026-08-06T18:11:07.582234+00:00,business,,visibility,analysis,
run-5127f8088215,succeeded,2026-08-06T18:11:07.389835+00:00,business,,temperature,analysis,
run-d0cf24d8db81,succeeded,2026-08-06T18:11:07.112529+00:00,business,,pressure,analysis,
run-9dcb4026f2fa,succeeded,2026-08-06T18:11:06.868932+00:00,business,,precipitation,analysis,
run-c0d0cae10ad6,succeeded,2026-08-06T18:11:06.640517+00:00,business,,humidity,analysis,
run-7a5a41b71967,succeeded,2026-08-06T18:11:06.521736+00:00,business,,visibility,analysis,
run-6382cc96ba6d,succeeded,2026-08-06T18:11:06.384326+00:00,business,,humidity,analysis,
run-0526beacb5ec,succeeded,2026-08-06T18:11:06.293025+00:00,business,,pressure,analysis,
run-7c1dfbbe8fee,succeeded,2026-08-06T18:11:06.160657+00:00,business,,precipitation,analysis,
run-ff666e8ba247,succeeded,2026-08-06T18:11:06.015778+00:00,business,,temperature,analysis,
run-9ad8cd4cce49,succeeded,2026-08-06T18:11:05.802172+00:00,business,,wind-field,analysis,
run-683852da7513,succeeded,2026-08-06T18:10:52.026461+00:00,business,,lab-output,analysis,
run-cc396923c38d,succeeded,2026-08-06T18:07:54.088856+00:00,business,,wind-field,custom,
run-85f5799ebb44,succeeded,2026-08-06T18:07:53.638444+00:00,business,,wind-field,custom,
run-0c63288bd1a3,succeeded,2026-08-06T18:07:53.383678+00:00,business,,wind-field,custom,
run-fa01f3906a27,succeeded,2026-08-06T18:07:53.150771+00:00,business,,wind-field,custom,
run-f62987b6b200,failed,2026-08-06T18:07:52.915185+00:00,business,,wind-field,custom,
run-dd68c7018c16,succeeded,2026-08-06T18:07:52.873225+00:00,business,,wind-field,custom,
run-c83cd45a3bf2,succeeded,2026-08-06T18:07:52.188496+00:00,business,,wind-field,analysis,
run-148d79ff6567,succeeded,2026-08-06T18:07:51.948422+00:00,business,,visibility,analysis,
run-7ad9b537a324,succeeded,2026-08-06T18:07:51.814092+00:00,business,,temperature,analysis,
run-7606ddbc7731,succeeded,2026-08-06T18:07:51.508774+00:00,business,,pressure,analysis,
run-8e8da0142200,succeeded,2026-08-06T18:07:51.364607+00:00,business,,precipitation,analysis,
run-faf217971e53,succeeded,2026-08-06T18:07:50.338515+00:00,business,,humidity,analysis,
run-c26f140fe5a9,succeeded,2026-08-06T18:07:50.244570+00:00,business,,visibility,analysis,
run-f136766df3b7,succeeded,2026-08-06T18:07:50.154519+00:00,business,,humidity,analysis,
run-47a10019cf0d,succeeded,2026-08-06T18:07:50.049563+00:00,business,,pressure,analysis,
run-f3d251c258fd,succeeded,2026-08-06T18:07:49.936847+00:00,business,,precipitation,analysis,
run-1d6f6ee20101,succeeded,2026-08-06T18:07:49.794753+00:00,business,,temperature,analysis,
run-163d7c625c6a,succeeded,2026-08-06T18:07:49.636317+00:00,business,,wind-field,analysis,
run-1d6cc2287fb8,succeeded,2026-08-06T18:07:37.078397+00:00,business,,lab-output,analysis,
run-f509b8673f45,succeeded,2026-08-06T17:50:40.515325+00:00,business,,wind-field,custom,
run-2af423919e3c,succeeded,2026-08-06T17:50:40.307375+00:00,business,,wind-field,custom,
run-af9e5c85b13a,succeeded,2026-08-06T17:50:40.064342+00:00,business,,wind-field,custom,
run-ec10128bc4cd,succeeded,2026-08-06T17:50:39.798675+00:00,business,,wind-field,custom,
run-be83b9a58752,failed,2026-08-06T17:50:39.602443+00:00,business,,wind-field,custom,
run-bbf684261bf7,succeeded,2026-08-06T17:50:38.763395+00:00,business,,wind-field,custom,
run-e06ccfdc41c6,succeeded,2026-08-06T17:50:38.256670+00:00,business,,wind-field,analysis,
run-2ee0cd1f9d56,succeeded,2026-08-06T17:50:38.051238+00:00,business,,visibility,analysis,
run-51a9ef00b0c8,succeeded,2026-08-06T17:50:37.914607+00:00,business,,temperature,analysis,
run-513dad889158,succeeded,2026-08-06T17:50:37.751576+00:00,business,,pressure,analysis,
run-949c46b41418,succeeded,2026-08-06T17:50:37.655695+00:00,business,,precipitation,analysis,
run-8edb7b8038c6,succeeded,2026-08-06T17:50:37.516101+00:00,business,,humidity,analysis,
run-7fab50528100,succeeded,2026-08-06T17:50:37.374391+00:00,business,,visibility,analysis,
run-977dd5557a39,succeeded,2026-08-06T17:50:37.262258+00:00,business,,humidity,analysis,
run-e9b0e554ea55,succeeded,2026-08-06T17:50:37.174364+00:00,business,,pressure,analysis,
run-84dce6fa303c,succeeded,2026-08-06T17:50:37.088998+00:00,business,,precipitation,analysis,
run-597be7bac1bb,succeeded,2026-08-06T17:50:36.951206+00:00,business,,temperature,analysis,
run-bc287e87daa7,succeeded,2026-08-06T17:50:36.814138+00:00,business,,wind-field,analysis,
run-9ef3486cecc7,succeeded,2026-08-06T17:50:24.722921+00:00,business,,lab-output,analysis,
run-badd58750590,failed,2026-08-06T17:45:00.029908+00:00,business,,,analysis,
run-627ab7640726,succeeded,2026-08-06T17:07:58.569608+00:00,business,,wind-field,custom,
run-a2f701485cae,succeeded,2026-08-06T17:07:58.305119+00:00,business,,wind-field,custom,
run-7d99de711d77,succeeded,2026-08-06T17:07:56.808057+00:00,business,,wind-field,custom,
run-2af152744781,succeeded,2026-08-06T17:07:56.532559+00:00,business,,wind-field,custom,
run-3e506a11ca58,failed,2026-08-06T17:07:56.321021+00:00,business,,wind-field,custom,
run-e2bc83af4f77,succeeded,2026-08-06T17:07:56.282260+00:00,business,,wind-field,custom,
run-c87c4cc5bb0a,succeeded,2026-08-06T17:07:55.861653+00:00,business,,wind-field,analysis,
run-c204e0188eb9,succeeded,2026-08-06T17:07:55.760019+00:00,business,,visibility,analysis,
run-4ef58fb6ce08,succeeded,2026-08-06T17:07:55.676727+00:00,business,,temperature,analysis,
run-76c0953325fe,succeeded,2026-08-06T17:07:55.543041+00:00,business,,pressure,analysis,
run-a8ce8f638d14,succeeded,2026-08-06T17:07:55.472976+00:00,business,,precipitation,analysis,
run-753804428517,succeeded,2026-08-06T17:07:55.280872+00:00,business,,humidity,analysis,
run-41ccef509009,succeeded,2026-08-06T17:07:55.214580+00:00,business,,visibility,analysis,
run-caffa745e229,succeeded,2026-08-06T17:07:55.121929+00:00,business,,humidity,analysis,
run-bc5082462fe3,succeeded,2026-08-06T17:07:55.047010+00:00,business,,pressure,analysis,
run-2bb0c50df04e,succeeded,2026-08-06T17:07:54.970694+00:00,business,,precipitation,analysis,
run-3fd94db5cbdf,succeeded,2026-08-06T17:07:54.844361+00:00,business,,temperature,analysis,
run-42e908eb6de9,succeeded,2026-08-06T17:07:54.720880+00:00,business,,wind-field,analysis,
run-c4db88b7c116,succeeded,2026-08-06T17:07:44.346847+00:00,business,,lab-output,analysis,
run-dae6ef115339,succeeded,2026-08-06T17:03:55.863487+00:00,business,,wind-field,custom,
run-7491ca130e91,succeeded,2026-08-06T17:03:55.621962+00:00,business,,wind-field,custom,
run-dc565e3f3cae,succeeded,2026-08-06T17:03:55.388200+00:00,business,,wind-field,custom,
run-578c2ac0e896,succeeded,2026-08-06T17:03:54.880519+00:00,business,,wind-field,custom,
run-f1972a70f016,failed,2026-08-06T17:03:54.658790+00:00,business,,wind-field,custom,
run-ee07f24ecd14,succeeded,2026-08-06T17:03:54.628128+00:00,business,,wind-field,custom,
run-d6f16ae21912,succeeded,2026-08-06T17:03:54.250302+00:00,business,,wind-field,analysis,
run-a64442dba3f8,succeeded,2026-08-06T17:03:54.174759+00:00,business,,visibility,analysis,
run-3fa915c367ae,succeeded,2026-08-06T17:03:54.087579+00:00,business,,temperature,analysis,
run-0541703fc7de,succeeded,2026-08-06T17:03:53.955389+00:00,business,,pressure,analysis,
run-52dead8dd21d,succeeded,2026-08-06T17:03:53.815311+00:00,business,,precipitation,analysis,
run-8026474bb7a0,succeeded,2026-08-06T17:03:52.954632+00:00,business,,humidity,analysis,
run-51be985dcf7a,succeeded,2026-08-06T17:03:52.877717+00:00,business,,visibility,analysis,
run-e653e2975a4d,succeeded,2026-08-06T17:03:52.800201+00:00,business,,humidity,analysis,
run-77d1ce0b0d9e,succeeded,2026-08-06T17:03:52.685866+00:00,business,,pressure,analysis,
run-0e7020cba0a7,succeeded,2026-08-06T17:03:52.608924+00:00,business,,precipitation,analysis,
run-fef29a7d030a,succeeded,2026-08-06T17:03:52.478669+00:00,business,,temperature,analysis,
run-485274bc9b16,succeeded,2026-08-06T17:03:52.344701+00:00,business,,wind-field,analysis,
run-dc634bd78a19,succeeded,2026-08-06T17:03:40.806707+00:00,business,,lab-output,analysis,
run-34b10958e834,succeeded,2026-08-06T16:40:34.697165+00:00,business,,wind-field,custom,
run-f4fa5e808044,succeeded,2026-08-06T16:40:34.491990+00:00,business,,wind-field,custom,
run-812fd5851a7a,succeeded,2026-08-06T16:40:34.227884+00:00,business,,wind-field,custom,
run-f774c52c5a57,succeeded,2026-08-06T16:40:33.987700+00:00,business,,wind-field,custom,
run-12145625c4fc,failed,2026-08-06T16:40:32.843427+00:00,business,,wind-field,custom,
run-51e89fef25c0,succeeded,2026-08-06T16:40:32.799244+00:00,business,,wind-field,custom,
run-bedacea20e21,succeeded,2026-08-06T16:40:32.371421+00:00,business,,wind-field,analysis,
run-8997fa465b08,succeeded,2026-08-06T16:40:32.250083+00:00,business,,visibility,analysis,
run-41038a4cab60,succeeded,2026-08-06T16:40:32.135895+00:00,business,,temperature,analysis,
run-db31a189adcd,succeeded,2026-08-06T16:40:31.987877+00:00,business,,pressure,analysis,
run-38930bb5a6dc,succeeded,2026-08-06T16:40:31.906306+00:00,business,,precipitation,analysis,
run-edcbea04f14f,succeeded,2026-08-06T16:40:31.756853+00:00,business,,humidity,analysis,
run-f404b10fe084,succeeded,2026-08-06T16:40:31.674428+00:00,business,,visibility,analysis,
run-45f51c186075,succeeded,2026-08-06T16:40:31.595810+00:00,business,,humidity,analysis,
run-9df3e6994e54,succeeded,2026-08-06T16:40:31.508569+00:00,business,,pressure,analysis,
run-c6951839b36f,succeeded,2026-08-06T16:40:31.373972+00:00,business,,precipitation,analysis,
run-ddcdf0cd0253,succeeded,2026-08-06T16:40:31.239067+00:00,business,,temperature,analysis,
run-9dce6e3d7b7a,succeeded,2026-08-06T16:40:31.085035+00:00,business,,wind-field,analysis,
run-54ff96205055,succeeded,2026-08-06T16:40:20.355351+00:00,business,,lab-output,analysis,
run-c4b28b59fc8e,succeeded,2026-08-06T16:21:46.570988+00:00,business,,,analysis,
run-e0cb044c63aa,succeeded,2026-08-06T16:20:06.540563+00:00,business,,,analysis,
run-8d202f15fa7e,succeeded,2026-08-06T16:18:32.285576+00:00,business,,,analysis,
run-dae33bc7a16e,succeeded,2026-08-06T16:16:54.864297+00:00,business,,,analysis,
run-05a932a80060,succeeded,2026-08-06T16:15:17.819679+00:00,business,,,analysis,
run-1852dd31b9e9,succeeded,2026-08-06T16:13:41.216676+00:00,business,,,analysis,
run-861b6b696ef6,failed,2026-08-06T16:11:42.395769+00:00,business,,,analysis,
run-3a59f59e24d7,failed,2026-08-06T16:11:42.260736+00:00,business,,,analysis,
run-ebda2953191e,failed,2026-08-06T16:11:41.054857+00:00,business,,,analysis,
run-9e8b65f713c8,succeeded,2026-08-06T16:11:35.689982+00:00,business,,,analysis,
run-4468ebdffdc9,succeeded,2026-08-06T16:08:50.880970+00:00,business,,,analysis,
run-815c08977eaa,succeeded,2026-08-06T16:06:12.521235+00:00,business,,,analysis,
run-75da6a8d1733,succeeded,2026-08-06T16:04:55.692189+00:00,business,,,analysis,
run-19710f0b8890,succeeded,2026-08-06T16:02:24.297046+00:00,business,,,analysis,
run-80c3184887ef,succeeded,2026-08-06T16:01:06.779668+00:00,business,,,analysis,
run-b52c5ba614fa,succeeded,2026-08-06T15:59:48.357571+00:00,business,,,analysis,
run-f4d96a1d839d,succeeded,2026-08-06T15:58:25.618389+00:00,business,,,analysis,
run-e3e66b30f938,succeeded,2026-08-06T15:56:58.951016+00:00,business,,,analysis,
run-252870bf0eb0,succeeded,2026-08-06T15:49:47.720735+00:00,business,,,analysis,
run-121ad668e6b0,succeeded,2026-08-06T15:48:31.364817+00:00,business,,,analysis,
run-2d4e5fb9282f,succeeded,2026-08-06T15:45:16.507940+00:00,business,,,analysis,
run-94c7a772ce72,succeeded,2026-08-06T15:44:58.209749+00:00,business,,,analysis,
run-99999c95af45,succeeded,2026-08-06T15:44:45.802031+00:00,business,,,analysis,
run-08743c0be2a8,succeeded,2026-08-06T15:44:45.031645+00:00,business,,,analysis,
run-4724c886a65f,succeeded,2026-08-06T15:44:41.443654+00:00,business,,,analysis,
run-662c2b9892a9,succeeded,2026-08-06T15:44:39.242475+00:00,business,,,analysis,
run-356b07e2daef,succeeded,2026-08-06T15:44:36.914323+00:00,business,,wind-field,custom,
run-62d634036929,succeeded,2026-08-06T15:42:06.302803+00:00,business,,,analysis,
run-25aabf65d8b8,succeeded,2026-08-06T15:41:51.037024+00:00,business,,,analysis,
run-360de044f4b6,succeeded,2026-08-06T15:41:38.137654+00:00,business,,,analysis,
run-3f74860ef15d,succeeded,2026-08-06T15:41:36.054677+00:00,business,,,analysis,
run-72d4ff56a2b4,succeeded,2026-08-06T15:41:35.010504+00:00,business,,,analysis,
run-81b608ab6117,succeeded,2026-08-06T15:41:32.914898+00:00,business,,,analysis,
run-ee1601bb0d3d,succeeded,2026-08-06T15:41:29.346530+00:00,business,,wind-field,custom,
run-f82e43b4f3ab,succeeded,2026-08-06T15:41:27.359228+00:00,business,,temperature,custom,
run-8181991fcc99,succeeded,2026-08-06T15:34:29.130198+00:00,business,,,analysis,
run-15dd625db193,failed,2026-08-06T15:32:21.160934+00:00,business,,,analysis,
run-594982b19543,failed,2026-08-06T15:30:12.792719+00:00,business,,,analysis,
run-9990b498c93b,failed,2026-08-06T15:26:15.497100+00:00,business,,,analysis,
run-42038cf12a79,succeeded,2026-08-06T15:25:11.371611+00:00,business,,,analysis,
run-1aa13b1cc19b,failed,2026-08-06T15:24:55.200633+00:00,business,,,analysis,
run-de9763a6c0a2,succeeded,2026-08-06T15:24:39.351657+00:00,business,,,analysis,
run-58b438675b59,succeeded,2026-08-06T15:24:36.318870+00:00,business,,,analysis,
run-4ffa210913d8,succeeded,2026-08-06T15:24:34.615564+00:00,business,,,analysis,
run-b771749bd8f0,succeeded,2026-08-06T15:24:31.793437+00:00,business,,,analysis,
run-cbe51ba50297,succeeded,2026-08-06T15:24:27.091993+00:00,business,,wind-field,custom,
run-a59b84f7db82,succeeded,2026-08-06T15:24:07.440459+00:00,business,,temperature,custom,
run-e503f4028da1,succeeded,2026-08-06T13:37:05.866937+00:00,business,,,analysis,
run-5ac4e82b6c18,succeeded,2026-08-06T13:27:55.237279+00:00,business,,,analysis,
run-af306580f609,succeeded,2026-08-06T13:22:07.578606+00:00,business,,,analysis,
run-28890d9441bd,succeeded,2026-08-06T13:09:58.046914+00:00,business,,,analysis,
run-8571efadec08,failed,2026-08-06T13:07:06.185042+00:00,business,,,analysis,
run-1456e607422f,succeeded,2026-08-06T12:58:08.606927+00:00,business,,,analysis,
run-e1486b27a771,succeeded,2026-08-06T12:47:13.402154+00:00,business,,,analysis,
run-3e80dbc627b0,succeeded,2026-08-06T11:49:19.596262+00:00,business,,,analysis,
run-6282727a40e4,succeeded,2026-08-06T11:30:32.812124+00:00,business,,,analysis,
run-f0c898557890,succeeded,2026-08-06T11:27:49.250164+00:00,business,,,analysis,
run-3d0b4fb3d4cf,failed,2026-08-06T10:45:00.025124+00:00,business,,,analysis,
run-b9a3c7c10d8d,succeeded,2026-08-06T09:31:34.665973+00:00,business,,,analysis,
run-351e857609a8,succeeded,2026-08-06T09:28:59.971242+00:00,business,,,analysis,
run-5c0099cd1a4b,succeeded,2026-08-06T09:26:24.722047+00:00,business,,,analysis,
run-cb752ed5d209,succeeded,2026-08-06T09:25:02.027611+00:00,business,,,analysis,
run-e3b2d07b0c78,succeeded,2026-08-06T09:23:32.771092+00:00,business,,,analysis,
run-f77bb4733b97,succeeded,2026-08-06T09:22:52.196880+00:00,business,,,analysis,
run-571c5c0e0a11,succeeded,2026-08-06T09:22:49.807436+00:00,business,,,analysis,
run-6b9c3196811e,succeeded,2026-08-06T09:22:47.776304+00:00,business,,,analysis,
run-86f2ec750288,succeeded,2026-08-06T09:22:46.482784+00:00,business,,,analysis,
run-4c0c036b1de1,succeeded,2026-08-06T09:22:41.248032+00:00,business,,wind-field,custom,
run-22c807c8f5f3,succeeded,2026-08-06T09:22:36.704221+00:00,business,,temperature,custom,
run-62282101c647,succeeded,2026-08-06T09:22:07.265953+00:00,business,,,analysis,
run-8fe374d64fdb,succeeded,2026-08-06T09:19:33.743579+00:00,business,,,analysis,
run-26fa8d6f6e79,succeeded,2026-08-06T09:17:01.818629+00:00,business,,,analysis,
run-4ceefabef26f,succeeded,2026-08-06T09:15:39.471579+00:00,business,,,analysis,
run-d478ac5b06ba,succeeded,2026-08-06T09:01:35.983917+00:00,business,,,analysis,
run-118765e5b034,succeeded,2026-08-06T08:58:52.964926+00:00,business,,,analysis,
run-1c10af3b74c4,cancelled,2026-08-06T08:55:21.023686+00:00,business,,,analysis,
run-1b89852f1d2f,succeeded,2026-08-06T08:15:50.360404+00:00,business,,,analysis,
run-d56b679730af,succeeded,2026-08-06T08:00:30.310044+00:00,business,,,analysis,
run-b49073a2fc3b,failed,2026-08-06T07:41:56.682889+00:00,business,,,analysis,
run-16df1b61ebd5,succeeded,2026-08-06T07:32:42.563711+00:00,business,,,analysis,
run-b201374492c0,succeeded,2026-08-06T07:23:09.008988+00:00,business,,,analysis,
run-4ab2ded0e14b,failed,2026-08-06T07:18:42.039856+00:00,business,,,analysis,
run-7222e03d6368,failed,2026-08-06T06:49:20.869693+00:00,business,,,analysis,
run-725d5cacf558,failed,2026-08-06T06:49:09.305255+00:00,business,,,analysis,
run-85a147278795,cancelled,2026-08-06T06:44:41.399728+00:00,business,,,analysis,
run-c4b1b52e2ba1,failed,2026-08-06T06:44:25.135843+00:00,business,,,analysis,
run-498f51dcbfa1,failed,2026-08-06T06:38:21.437041+00:00,business,,,analysis,
run-be00a867c8d6,succeeded,2026-08-06T06:26:48.484317+00:00,business,,,analysis,
run-02cbf2fd4bfa,failed,2026-08-06T06:26:12.451074+00:00,business,,,analysis,
run-316422b9f758,failed,2026-08-06T06:25:42.810142+00:00,business,,,analysis,
run-cf982048377e,failed,2026-08-06T06:25:24.403671+00:00,business,,,analysis,
run-c1d618bd6b0b,failed,2026-08-06T06:25:23.445652+00:00,business,,,analysis,
run-d7ab24631494,failed,2026-08-06T06:25:06.130539+00:00,business,,,analysis,
run-090e63f463fc,failed,2026-08-06T06:25:04.064510+00:00,business,,,analysis,
run-6419ba646916,failed,2026-08-06T06:24:51.509820+00:00,business,,,analysis,
run-c9be68bc62b2,failed,2026-08-06T06:24:49.433103+00:00,business,,,analysis,
run-a9ca5ed9fef5,failed,2026-08-06T06:24:18.853900+00:00,business,,,analysis,
run-d72227ce3f77,succeeded,2026-08-06T06:22:28.147679+00:00,business,,,analysis,
run-36eca09f8d6b,succeeded,2026-08-06T06:22:23.582386+00:00,business,,,analysis,
run-44d86a0d233a,succeeded,2026-08-06T06:22:23.097454+00:00,business,,,analysis,
run-3065136647dc,succeeded,2026-08-06T06:22:20.013539+00:00,business,,,analysis,
run-6b42b6c35c0a,succeeded,2026-08-06T06:22:18.307860+00:00,business,,wind-field,custom,
run-a467e3644ee0,succeeded,2026-08-06T06:22:04.890142+00:00,business,,temperature,custom,
run-fc1cfde645c7,succeeded,2026-08-06T06:21:58.379974+00:00,business,,wind-field,analysis,
run-a5e37e4218bc,succeeded,2026-08-06T06:21:58.276949+00:00,business,,visibility,analysis,
run-82fa214a3684,succeeded,2026-08-06T06:21:58.216565+00:00,business,,temperature,analysis,
run-06bc4a327d60,succeeded,2026-08-06T06:21:58.091209+00:00,business,,pressure,analysis,
run-749215cd4bc3,succeeded,2026-08-06T06:21:58.033889+00:00,business,,precipitation,analysis,
run-198653f1143f,succeeded,2026-08-06T06:21:57.925565+00:00,business,,humidity,analysis,
run-48cb2adaad06,succeeded,2026-08-06T06:21:57.874905+00:00,business,,visibility,analysis,
run-ff3efd7e4257,succeeded,2026-08-06T06:21:57.818996+00:00,business,,humidity,analysis,
run-a294d4582f92,succeeded,2026-08-06T06:21:57.759968+00:00,business,,pressure,analysis,
run-db3e14ba57fa,succeeded,2026-08-06T06:21:57.700284+00:00,business,,precipitation,analysis,
run-993d5767c78e,succeeded,2026-08-06T06:21:57.599949+00:00,business,,temperature,analysis,
run-c0cea1a69618,succeeded,2026-08-06T06:21:57.209251+00:00,business,,wind-field,analysis,
run-6858465ee319,succeeded,2026-08-06T06:21:57.132859+00:00,business,,wind-field,custom,
run-68141d6e1da0,succeeded,2026-08-06T06:21:55.715463+00:00,business,,wind-field,custom,
run-d50037055d17,succeeded,2026-08-06T06:21:55.509680+00:00,business,,wind-field,custom,
run-115265c1d864,succeeded,2026-08-06T06:21:55.282711+00:00,business,,wind-field,custom,
run-6f00a26cf963,failed,2026-08-06T06:21:55.086896+00:00,business,,wind-field,custom,
run-305702041ce4,succeeded,2026-08-06T06:21:55.050184+00:00,business,,wind-field,custom,
run-8f3ab8d24461,succeeded,2026-08-06T05:58:50.742586+00:00,business,,,analysis,
run-3069f1c24780,failed,2026-08-06T05:58:01.195955+00:00,business,,,analysis,
run-41667e202bb5,failed,2026-08-06T05:57:53.786677+00:00,business,,,analysis,
run-4103bb5b268d,failed,2026-08-06T05:57:45.498328+00:00,business,,,analysis,
run-bd015c0f5ff3,succeeded,2026-08-06T05:57:37.272659+00:00,business,,,analysis,
run-d177d7449377,succeeded,2026-08-06T05:56:50.300101+00:00,business,,,analysis,
run-bc8518237eb2,succeeded,2026-08-06T05:56:46.119665+00:00,business,,,analysis,
run-309e094a746b,failed,2026-08-06T05:56:44.665971+00:00,business,,,analysis,
run-be28e7b42c47,failed,2026-08-06T00:30:00.027830+00:00,business,,omega-sf-fenkuai,analysis,
run-ee77ae5749f0,failed,2026-08-05T23:45:00.026772+00:00,business,,omega-sf-fenkuai,analysis,
run-c02d48369b68,succeeded,2026-08-05T22:13:58.281993+00:00,business,,wind-field,analysis,
run-909e4d4a2dc6,succeeded,2026-08-05T22:13:58.225612+00:00,business,,visibility,analysis,
run-afc64a23834a,succeeded,2026-08-05T22:13:58.173570+00:00,business,,temperature,analysis,
run-879e2bcb1037,succeeded,2026-08-05T22:13:58.073689+00:00,business,,pressure,analysis,
run-3ce6f2b8a3d0,succeeded,2026-08-05T22:13:58.015410+00:00,business,,precipitation,analysis,
run-be509a32a8a9,succeeded,2026-08-05T22:13:57.910973+00:00,business,,humidity,analysis,
run-30715d913a85,succeeded,2026-08-05T22:13:57.858807+00:00,business,,visibility,analysis,
run-e0b34396efb5,succeeded,2026-08-05T22:13:56.930496+00:00,business,,humidity,analysis,
run-540c3847c37b,succeeded,2026-08-05T22:13:56.878815+00:00,business,,pressure,analysis,
run-0dea56c09d91,succeeded,2026-08-05T22:13:56.826878+00:00,business,,precipitation,analysis,
run-056740923fc1,succeeded,2026-08-05T22:13:56.723781+00:00,business,,temperature,analysis,
run-8ce2192ccd0f,succeeded,2026-08-05T22:13:56.441138+00:00,business,,wind-field,analysis,
run-81c96c352bf2,succeeded,2026-08-05T22:13:56.146755+00:00,business,,wind-field,custom,
run-4fc68a2f0d79,succeeded,2026-08-05T22:13:55.957904+00:00,business,,wind-field,custom,
run-ce7fc8385282,succeeded,2026-08-05T22:13:55.746365+00:00,business,,wind-field,custom,
run-d2951e0aba5e,succeeded,2026-08-05T22:13:55.439693+00:00,business,,wind-field,custom,
run-49e25785fcee,failed,2026-08-05T22:13:55.222206+00:00,business,,wind-field,custom,
run-61f7e75c0091,succeeded,2026-08-05T22:13:55.185653+00:00,business,,wind-field,custom,
run-5b5cae03fd62,failed,2026-08-05T22:13:39.471241+00:00,business,,,analysis,
run-1f7797b10d59,failed,2026-08-05T22:13:39.235040+00:00,business,,,analysis,
run-083aca828894,failed,2026-08-05T22:13:39.111328+00:00,business,,,analysis,
run-a682d4ca5983,failed,2026-08-05T22:13:36.936237+00:00,business,,,analysis,
run-90d41f463085,failed,2026-08-05T22:13:35.743458+00:00,business,,,analysis,
run-2fc246c7ce42,failed,2026-08-05T22:13:34.378321+00:00,business,,,analysis,
run-4bf6f0ba09e8,failed,2026-08-05T22:13:26.547934+00:00,business,,,analysis,
run-b3ae37e02e7f,failed,2026-08-05T22:13:18.639030+00:00,business,,,analysis,
run-605fe388b1d8,succeeded,2026-08-05T22:13:11.545796+00:00,business,,,analysis,
run-e959247f0831,succeeded,2026-08-05T22:13:07.776778+00:00,business,,wind-field,custom,
run-6a083478da17,succeeded,2026-08-05T22:13:05.668280+00:00,business,,temperature,custom,
run-115c4af7e328,succeeded,2026-08-05T22:12:31.288474+00:00,business,,wind-field,custom,
run-b6b16393d0db,succeeded,2026-08-05T22:12:28.474710+00:00,business,,temperature,custom,
run-27b523a0d02d,failed,2026-08-05T22:11:29.376867+00:00,business,,,analysis,
run-3fa49dd56742,failed,2026-08-05T22:11:29.239334+00:00,business,,,analysis,
run-c12458f7c8f7,failed,2026-08-05T22:11:27.101886+00:00,business,,,analysis,
run-a69179f2d3d0,failed,2026-08-05T22:11:25.922369+00:00,business,,,analysis,
run-d797a50acafe,failed,2026-08-05T22:11:24.865518+00:00,business,,,analysis,
run-5aa5640615b4,failed,2026-08-05T22:11:24.364530+00:00,business,,,analysis,
run-e3bfcaf68ce7,failed,2026-08-05T22:11:16.688086+00:00,business,,,analysis,
run-386efdeb6b4f,failed,2026-08-05T22:11:08.572739+00:00,business,,,analysis,
run-770cf46913ea,succeeded,2026-08-05T22:11:04.039424+00:00,business,,wind-field,analysis,
run-8ce1f6f16ae7,succeeded,2026-08-05T22:11:03.978061+00:00,business,,visibility,analysis,
run-e0bbdacb153a,succeeded,2026-08-05T22:11:03.746666+00:00,business,,temperature,analysis,
run-136da4b9b414,succeeded,2026-08-05T22:11:03.640955+00:00,business,,pressure,analysis,
run-c3bb4e7e848d,succeeded,2026-08-05T22:11:03.578087+00:00,business,,precipitation,analysis,
run-872509cd91b6,succeeded,2026-08-05T22:11:03.473479+00:00,business,,humidity,analysis,
run-f4d0af982082,succeeded,2026-08-05T22:11:03.420652+00:00,business,,visibility,analysis,
run-37da9c2e3c7f,succeeded,2026-08-05T22:11:03.363536+00:00,business,,humidity,analysis,
run-ba4dd9aa3eb8,succeeded,2026-08-05T22:11:03.315260+00:00,business,,pressure,analysis,
run-dec302e47f7b,succeeded,2026-08-05T22:11:03.242939+00:00,business,,precipitation,analysis,
run-08df80b72f49,succeeded,2026-08-05T22:11:03.118014+00:00,business,,temperature,analysis,
run-fda03d95efb5,succeeded,2026-08-05T22:11:02.788660+00:00,business,,wind-field,analysis,
run-d1bc03d3f914,succeeded,2026-08-05T22:11:02.413000+00:00,business,,wind-field,custom,
run-e1eb3e7990f8,succeeded,2026-08-05T22:11:01.985791+00:00,business,,wind-field,custom,
run-37c1ce38df95,succeeded,2026-08-05T22:11:00.828304+00:00,business,,wind-field,custom,
run-3df5627c3db7,succeeded,2026-08-05T22:11:00.515486+00:00,business,,,analysis,
run-a3a05a12b47d,succeeded,2026-08-05T22:11:00.513925+00:00,business,,wind-field,custom,
run-1f5583121861,failed,2026-08-05T22:11:00.167576+00:00,business,,wind-field,custom,
run-44b87e131106,succeeded,2026-08-05T22:11:00.131932+00:00,business,,wind-field,custom,
run-db98c664b1fb,failed,2026-08-05T22:10:59.838443+00:00,business,,wind-field,custom,
run-dc2452c6e037,failed,2026-08-05T22:10:57.687901+00:00,business,,temperature,custom,
run-2d3c87011b38,failed,2026-08-05T22:10:48.016970+00:00,business,,,analysis,
run-f6bf8ac4024f,succeeded,2026-08-05T22:10:39.854674+00:00,business,,,analysis,
run-89f5997c9cea,failed,2026-08-05T22:10:37.438823+00:00,business,,wind-field,custom,
run-1010507f6bf9,failed,2026-08-05T22:10:35.310712+00:00,business,,temperature,custom,
run-f7c70be5a045,failed,2026-08-05T22:09:51.319588+00:00,business,,,analysis,
run-5afcdc222e48,failed,2026-08-05T22:09:49.184118+00:00,business,,,analysis,
run-16bf5104b88b,failed,2026-08-05T22:09:47.026719+00:00,business,,,analysis,
run-b1f4407c269f,failed,2026-08-05T22:09:44.833927+00:00,business,,,analysis,
run-c7065039db8d,failed,2026-08-05T22:09:44.719086+00:00,business,,,analysis,
run-a55c500adfb1,failed,2026-08-05T22:09:42.521743+00:00,business,,,analysis,
run-90d0df131143,failed,2026-08-05T22:09:35.014641+00:00,business,,,analysis,
run-3d27b9ceba85,failed,2026-08-05T22:09:27.678079+00:00,business,,,analysis,
run-b8470e82a911,failed,2026-08-05T22:09:19.136689+00:00,business,,,analysis,
run-449abcbddb29,failed,2026-08-05T22:09:19.027278+00:00,business,,wind-field,custom,
run-5ad5ec794ce9,failed,2026-08-05T22:09:18.871115+00:00,business,,temperature,custom,
run-27209abceb5d,failed,2026-08-05T22:08:31.014475+00:00,business,,,analysis,
run-69570b30f81a,failed,2026-08-05T22:08:28.871805+00:00,business,,,analysis,
run-51cbb59ab900,failed,2026-08-05T22:08:28.786803+00:00,business,,,analysis,
run-19a66bbc37c5,failed,2026-08-05T22:08:28.691167+00:00,business,,,analysis,
run-a3bbc27b7553,failed,2026-08-05T22:08:27.506742+00:00,business,,,analysis,
run-53b196258803,failed,2026-08-05T22:08:26.398412+00:00,business,,,analysis,
run-5bccebd14c5e,failed,2026-08-05T22:08:24.784712+00:00,business,,,analysis,
run-1f44558aa4f5,failed,2026-08-05T22:08:16.231164+00:00,business,,,analysis,
run-40aca92b2e06,failed,2026-08-05T22:08:08.721974+00:00,business,,,analysis,
run-1a91a28b7289,failed,2026-08-05T22:08:05.587373+00:00,business,,wind-field,custom,
run-2395896424be,failed,2026-08-05T22:08:03.455007+00:00,business,,temperature,custom,
run-0e50188a6394,failed,2026-08-05T22:05:11.964660+00:00,business,,,analysis,
run-a8641cb750cc,failed,2026-08-05T22:05:11.867334+00:00,business,,,analysis,
run-8118df479713,failed,2026-08-05T22:05:11.742978+00:00,business,,,analysis,
run-7da699fc7797,failed,2026-08-05T22:05:09.641216+00:00,business,,,analysis,
run-ef9ef7a41d66,failed,2026-08-05T22:05:09.330756+00:00,business,,,analysis,
run-bc833f53c689,failed,2026-08-05T22:05:09.221868+00:00,business,,,analysis,
run-b36d477737f5,failed,2026-08-05T22:05:09.101933+00:00,business,,,analysis,
run-5b95fc524782,failed,2026-08-05T22:05:02.622814+00:00,business,,,analysis,
run-ddde28844948,failed,2026-08-05T22:05:02.600876+00:00,business,,,analysis,
run-7b0da352d960,failed,2026-08-05T22:02:43.154925+00:00,business,,,analysis,
run-690110759dc4,failed,2026-08-05T22:02:42.568178+00:00,business,,,analysis,
run-6559459874ee,failed,2026-08-05T22:02:35.175543+00:00,business,,,analysis,
run-9379a20cdcf2,failed,2026-08-05T22:02:26.432580+00:00,business,,,analysis,
run-dc19cb22a413,failed,2026-08-05T22:02:24.233664+00:00,business,,wind-field,custom,
run-bcce31f8a820,failed,2026-08-05T22:02:23.160443+00:00,business,,temperature,custom,
run-8a81ff131eab,cancelled,2026-08-05T22:01:33.020287+00:00,business,,,analysis,
run-5afc7031079a,failed,2026-08-05T22:00:23.965824+00:00,business,,,analysis,
run-2990c215c9a8,failed,2026-08-05T22:00:21.828076+00:00,business,,,analysis,
run-90a55c5731de,failed,2026-08-05T22:00:19.713528+00:00,business,,,analysis,
run-b4b1ecc0c667,failed,2026-08-05T22:00:17.440805+00:00,business,,,analysis,
run-301a155bc636,failed,2026-08-05T22:00:15.206974+00:00,business,,wind-field,custom,
run-eb513bbd2b29,failed,2026-08-05T22:00:12.963688+00:00,business,,temperature,custom,
run-be064b1afcbe,cancelled,2026-08-05T21:59:08.561168+00:00,business,,omega-sf-fenkuai,analysis,
run-bb695f857dc7,cancelled,2026-08-05T21:59:08.277661+00:00,business,,omega-sf-fenkuai,analysis,
run-e23dc5ff0718,failed,2026-08-05T21:38:56.317297+00:00,business,,,analysis,
run-e20b339fe46c,failed,2026-08-05T21:38:54.130302+00:00,business,,,analysis,
run-97e4f4c4104b,failed,2026-08-05T21:38:51.947525+00:00,business,,,analysis,
run-a124cdd74623,failed,2026-08-05T21:38:49.701483+00:00,business,,wind-field,analysis,
run-7a2a7eed80be,failed,2026-08-05T21:38:47.572110+00:00,business,,temperature,analysis,
run-4ee5947eeba4,failed,2026-08-05T21:20:58.792961+00:00,business,,,analysis,
run-d65ad87852d3,failed,2026-08-05T21:20:56.612531+00:00,business,,,analysis,
run-55482f7b2355,failed,2026-08-05T21:20:56.289973+00:00,business,,,analysis,
run-04e83b725d95,succeeded,2026-08-05T07:31:23.530578+00:00,business,,wind-field,custom,
run-46c73de97241,succeeded,2026-08-05T07:31:23.248634+00:00,business,,wind-field,custom,
run-70decfa62a33,succeeded,2026-08-05T07:31:23.015134+00:00,business,,wind-field,custom,
run-75aa42150236,succeeded,2026-08-05T07:31:22.733134+00:00,business,,wind-field,custom,
run-03b086335556,failed,2026-08-05T07:31:22.468020+00:00,business,,wind-field,custom,
run-f724c0a6443b,succeeded,2026-08-05T07:31:22.430457+00:00,business,,wind-field,custom,
run-1b12154080e6,succeeded,2026-08-05T07:31:21.905840+00:00,business,,wind-field,analysis,
run-059ebfd3b5aa,succeeded,2026-08-05T07:31:21.181137+00:00,business,,visibility,analysis,
run-b5cbe91a8b26,succeeded,2026-08-05T07:31:21.078028+00:00,business,,temperature,analysis,
run-c9a7ae835ea4,succeeded,2026-08-05T07:31:20.687715+00:00,business,,pressure,analysis,
run-f7d7c7840e5e,succeeded,2026-08-05T07:31:20.634156+00:00,business,,precipitation,analysis,
run-abf2f5d0534e,succeeded,2026-08-05T07:31:20.438766+00:00,business,,humidity,analysis,
run-6f357b4a3b55,succeeded,2026-08-05T07:31:20.381483+00:00,business,,visibility,analysis,
run-a53713b95064,succeeded,2026-08-05T07:31:20.291216+00:00,business,,humidity,analysis,
run-0c4f731c4b1a,succeeded,2026-08-05T07:31:20.206758+00:00,business,,pressure,analysis,
run-561e5e954cfa,succeeded,2026-08-05T07:31:20.159089+00:00,business,,precipitation,analysis,
run-67ac6dc301f8,succeeded,2026-08-05T07:31:20.015446+00:00,business,,temperature,analysis,
run-d565d664a4d2,succeeded,2026-08-05T07:31:19.871452+00:00,business,,wind-field,analysis,
run-52e7d0b2ca6d,succeeded,2026-08-05T07:31:14.999621+00:00,business,,lab-output,analysis,
run-5f342ca3e08e,succeeded,2026-08-05T07:26:33.269869+00:00,business,,wind-field,custom,
run-76be49aa4c6e,succeeded,2026-08-05T07:26:33.019587+00:00,business,,wind-field,custom,
run-78835a5abd87,succeeded,2026-08-05T07:26:32.686081+00:00,business,,wind-field,custom,
run-2d6d43493c14,succeeded,2026-08-05T07:26:31.693942+00:00,business,,wind-field,custom,
run-7938be4d2ecd,failed,2026-08-05T07:26:31.298968+00:00,business,,wind-field,custom,
run-81ebde8e13fb,succeeded,2026-08-05T07:26:31.166767+00:00,business,,wind-field,custom,
run-746410bbe65f,succeeded,2026-08-05T07:26:30.607034+00:00,business,,wind-field,analysis,
run-5aefad2546df,succeeded,2026-08-05T07:26:30.486789+00:00,business,,visibility,analysis,
run-d29e36fbef27,succeeded,2026-08-05T07:26:30.336252+00:00,business,,temperature,analysis,
run-4a7db91be5ca,succeeded,2026-08-05T07:26:30.027027+00:00,business,,pressure,analysis,
run-da2a567fdc43,succeeded,2026-08-05T07:26:29.895649+00:00,business,,precipitation,analysis,
run-9a4f5407c11e,succeeded,2026-08-05T07:26:29.727091+00:00,business,,humidity,analysis,
run-7d9c53ba3bc4,succeeded,2026-08-05T07:26:29.606548+00:00,business,,visibility,analysis,
run-0db151c8a523,succeeded,2026-08-05T07:26:29.495099+00:00,business,,humidity,analysis,
run-bace1d784465,succeeded,2026-08-05T07:26:29.295958+00:00,business,,pressure,analysis,
run-6ed3d568f798,succeeded,2026-08-05T07:26:29.197567+00:00,business,,precipitation,analysis,
run-2be820089061,succeeded,2026-08-05T07:26:28.987242+00:00,business,,temperature,analysis,
run-45357d7f4a4c,succeeded,2026-08-05T07:26:28.681041+00:00,business,,wind-field,analysis,
run-e2e9ca3a9ad5,succeeded,2026-08-05T07:26:23.758807+00:00,business,,lab-output,analysis,
run-9103361f385d,succeeded,2026-08-04T17:44:43.785121+00:00,business,,wind-field,custom,
run-78f4456d2187,succeeded,2026-08-04T17:44:43.573932+00:00,business,,wind-field,custom,
run-021aff642f86,succeeded,2026-08-04T17:44:43.323286+00:00,business,,wind-field,custom,
run-b7bc78f5d8cd,succeeded,2026-08-04T17:44:42.784818+00:00,business,,wind-field,custom,
run-a35b39b675ad,failed,2026-08-04T17:44:42.614664+00:00,business,,wind-field,custom,
run-f5e2d4e3493c,succeeded,2026-08-04T17:44:42.579540+00:00,business,,wind-field,custom,
run-ce33ed0f6fb1,succeeded,2026-08-04T17:44:42.169540+00:00,business,,wind-field,analysis,
run-84724d19be30,succeeded,2026-08-04T17:44:42.114889+00:00,business,,visibility,analysis,
run-08b206173433,succeeded,2026-08-04T17:44:42.017782+00:00,business,,temperature,analysis,
run-1568a9b6f52b,succeeded,2026-08-04T17:44:41.911631+00:00,business,,pressure,analysis,
run-7090c65a24f1,succeeded,2026-08-04T17:44:41.862000+00:00,business,,precipitation,analysis,
run-84e8ea44f00e,succeeded,2026-08-04T17:44:41.706335+00:00,business,,humidity,analysis,
run-197c011fb0d6,succeeded,2026-08-04T17:44:40.948518+00:00,business,,visibility,analysis,
run-d643deb425ac,succeeded,2026-08-04T17:44:40.852916+00:00,business,,humidity,analysis,
run-ead5cf22ca12,succeeded,2026-08-04T17:44:40.754837+00:00,business,,pressure,analysis,
run-9ac5fb3b8b78,succeeded,2026-08-04T17:44:40.653985+00:00,business,,precipitation,analysis,
run-35254c92e720,succeeded,2026-08-04T17:44:40.441110+00:00,business,,temperature,analysis,
run-17e0facbef69,succeeded,2026-08-04T17:44:40.190047+00:00,business,,wind-field,analysis,
run-0fee24b48435,succeeded,2026-08-04T17:44:34.511695+00:00,business,,lab-output,analysis,
run-25056bd2db76,succeeded,2026-08-04T17:13:42.640993+00:00,business,,wind-field,custom,
run-b6d95bab1f3e,succeeded,2026-08-04T17:13:42.405688+00:00,business,,wind-field,custom,
run-7366ffa24011,succeeded,2026-08-04T17:13:42.171700+00:00,business,,wind-field,custom,
run-281bd9f8071a,succeeded,2026-08-04T17:13:41.745235+00:00,business,,wind-field,custom,
run-d6a0b9874f3c,failed,2026-08-04T17:13:41.519533+00:00,business,,wind-field,custom,
run-1a5516d70b18,succeeded,2026-08-04T17:13:40.832904+00:00,business,,wind-field,custom,
run-134306fc890d,succeeded,2026-08-04T17:13:40.312308+00:00,business,,wind-field,analysis,
run-9aa15b9ea671,succeeded,2026-08-04T17:13:40.244606+00:00,business,,visibility,analysis,
run-6e0214b21de3,succeeded,2026-08-04T17:13:40.177168+00:00,business,,temperature,analysis,
run-f2b732b5789f,succeeded,2026-08-04T17:13:40.072391+00:00,business,,pressure,analysis,
run-6a0cd7d850be,succeeded,2026-08-04T17:13:40.009006+00:00,business,,precipitation,analysis,
run-601f03b7df86,succeeded,2026-08-04T17:13:39.906258+00:00,business,,humidity,analysis,
run-b5f59cfb850a,succeeded,2026-08-04T17:13:39.838882+00:00,business,,visibility,analysis,
run-82405cde0d35,succeeded,2026-08-04T17:13:39.779836+00:00,business,,humidity,analysis,
run-3a4c6eaff8c9,succeeded,2026-08-04T17:13:39.728621+00:00,business,,pressure,analysis,
run-25b3380b8dc9,succeeded,2026-08-04T17:13:39.663502+00:00,business,,precipitation,analysis,
run-85aa97dcf9ba,succeeded,2026-08-04T17:13:39.546200+00:00,business,,temperature,analysis,
run-288147068a2d,succeeded,2026-08-04T17:13:39.382913+00:00,business,,wind-field,analysis,
run-435709ce2093,succeeded,2026-08-04T17:13:33.675762+00:00,business,,lab-output,analysis,
run-92ff2d741128,succeeded,2026-08-04T15:54:32.617818+00:00,business,,wind-field,custom,
run-8bc213b74948,succeeded,2026-08-04T15:54:32.422246+00:00,business,,wind-field,custom,
run-5fe6176e1b90,succeeded,2026-08-04T15:54:31.322161+00:00,business,,wind-field,custom,
run-2392525c6b38,succeeded,2026-08-04T15:54:31.121122+00:00,business,,wind-field,custom,
run-171b8ef84487,failed,2026-08-04T15:54:30.907658+00:00,business,,wind-field,custom,
run-7946a9e8b17d,succeeded,2026-08-04T15:54:30.880151+00:00,business,,wind-field,custom,
run-e54904278cd3,succeeded,2026-08-04T15:54:30.436543+00:00,business,,wind-field,analysis,
run-9ee24abe3d8f,succeeded,2026-08-04T15:54:30.382462+00:00,business,,visibility,analysis,
run-d32b79e9ccb4,succeeded,2026-08-04T15:54:30.330364+00:00,business,,temperature,analysis,
run-00bd0461954f,succeeded,2026-08-04T15:54:30.229720+00:00,business,,pressure,analysis,
run-4cbe139bc55a,succeeded,2026-08-04T15:54:30.167821+00:00,business,,precipitation,analysis,
run-86c07184f43f,succeeded,2026-08-04T15:54:30.075885+00:00,business,,humidity,analysis,
run-ef99c3fcc193,succeeded,2026-08-04T15:54:30.014335+00:00,business,,visibility,analysis,
run-850d4583f1be,succeeded,2026-08-04T15:54:29.955627+00:00,business,,humidity,analysis,
run-ed12594cb669,succeeded,2026-08-04T15:54:29.899635+00:00,business,,pressure,analysis,
run-513dfce7c77a,succeeded,2026-08-04T15:54:29.776943+00:00,business,,precipitation,analysis,
run-671a041f1d4a,succeeded,2026-08-04T15:54:29.667514+00:00,business,,temperature,analysis,
run-24651229638d,succeeded,2026-08-04T15:54:29.554279+00:00,business,,wind-field,analysis,
run-450b31443844,succeeded,2026-08-04T15:54:24.184134+00:00,business,,lab-output,analysis,
run-f31dedcba339,succeeded,2026-08-04T13:38:06.148195+00:00,business,,wind-field,custom,
run-cf289088fe74,succeeded,2026-08-04T13:38:05.919117+00:00,business,,wind-field,custom,
run-55811a514a87,succeeded,2026-08-04T13:38:05.660087+00:00,business,,wind-field,custom,
run-31063a91d420,succeeded,2026-08-04T13:38:05.407547+00:00,business,,wind-field,custom,
run-2cfc35fcd229,failed,2026-08-04T13:38:05.003178+00:00,business,,wind-field,custom,
run-0c198452b7c5,succeeded,2026-08-04T13:38:04.964889+00:00,business,,wind-field,custom,
run-1ff53ff7e25c,succeeded,2026-08-04T13:38:04.567946+00:00,business,,wind-field,analysis,
run-d11e30968dda,succeeded,2026-08-04T13:38:04.488788+00:00,business,,visibility,analysis,
run-f4c97140b4d6,succeeded,2026-08-04T13:38:04.405027+00:00,business,,temperature,analysis,
run-b1cfa1191d4e,succeeded,2026-08-04T13:38:04.268019+00:00,business,,pressure,analysis,
run-f1c41286a009,succeeded,2026-08-04T13:38:04.177223+00:00,business,,precipitation,analysis,
run-0faf08d980d3,succeeded,2026-08-04T13:38:04.042344+00:00,business,,humidity,analysis,
run-34da3d68b162,succeeded,2026-08-04T13:38:03.962015+00:00,business,,visibility,analysis,
run-e12a984a1705,succeeded,2026-08-04T13:38:03.222623+00:00,business,,humidity,analysis,
run-d9a3c0e847d9,succeeded,2026-08-04T13:38:03.138200+00:00,business,,pressure,analysis,
run-14dabe2fb279,succeeded,2026-08-04T13:38:03.060396+00:00,business,,precipitation,analysis,
run-6502624e3de2,succeeded,2026-08-04T13:38:02.924363+00:00,business,,temperature,analysis,
run-84ae50497207,succeeded,2026-08-04T13:38:02.769664+00:00,business,,wind-field,analysis,
run-e41a1535c3cf,succeeded,2026-08-04T13:37:56.781399+00:00,business,,lab-output,analysis,
run-82af4f38e578,succeeded,2026-08-04T12:50:38.249700+00:00,business,,wind-field,custom,
run-77f098faee50,succeeded,2026-08-04T12:50:38.037907+00:00,business,,wind-field,custom,
run-8a260f7dfff2,succeeded,2026-08-04T12:50:37.810772+00:00,business,,wind-field,custom,
run-ea2949290c21,succeeded,2026-08-04T12:50:37.579041+00:00,business,,wind-field,custom,
run-234ef2e969dc,failed,2026-08-04T12:50:37.396769+00:00,business,,wind-field,custom,
run-a7cd4d50671a,succeeded,2026-08-04T12:50:36.580009+00:00,business,,wind-field,custom,
run-2ab008c1dc45,succeeded,2026-08-04T12:50:36.120531+00:00,business,,wind-field,analysis,
run-0ec247782774,succeeded,2026-08-04T12:50:36.030525+00:00,business,,visibility,analysis,
run-b7dfbce4a116,succeeded,2026-08-04T12:50:35.879918+00:00,business,,temperature,analysis,
run-d1a6086020d9,succeeded,2026-08-04T12:50:35.719612+00:00,business,,pressure,analysis,
run-672d55f1b63a,succeeded,2026-08-04T12:50:35.639230+00:00,business,,precipitation,analysis,
run-27baa5dadcf9,succeeded,2026-08-04T12:50:35.469388+00:00,business,,humidity,analysis,
run-b7f0e423dc48,succeeded,2026-08-04T12:50:35.392978+00:00,business,,visibility,analysis,
run-fbb3f3e1e127,succeeded,2026-08-04T12:50:35.296266+00:00,business,,humidity,analysis,
run-139ae775c6bf,succeeded,2026-08-04T12:50:35.199895+00:00,business,,pressure,analysis,
run-a6e87b38dffb,succeeded,2026-08-04T12:50:35.116174+00:00,business,,precipitation,analysis,
run-a4ea0850ae16,succeeded,2026-08-04T12:50:34.950754+00:00,business,,temperature,analysis,
run-29d352249190,succeeded,2026-08-04T12:50:34.754498+00:00,business,,wind-field,analysis,
run-4a9241348157,succeeded,2026-08-04T12:50:28.836180+00:00,business,,lab-output,analysis,
run-4b0fb11b8b6e,succeeded,2026-08-04T12:21:24.129691+00:00,business,,wind-field,custom,
run-7db504871e5c,succeeded,2026-08-04T12:21:23.923457+00:00,business,,wind-field,custom,
run-8ce590b56581,succeeded,2026-08-04T12:21:22.941978+00:00,business,,wind-field,custom,
run-1e7ef0342ed2,succeeded,2026-08-04T12:21:22.739041+00:00,business,,wind-field,custom,
run-3d0a7a98b9fa,failed,2026-08-04T12:21:22.539042+00:00,business,,wind-field,custom,
run-1876313fe254,succeeded,2026-08-04T12:21:22.416027+00:00,business,,wind-field,custom,
run-70f218b3f015,succeeded,2026-08-04T12:21:21.858139+00:00,business,,wind-field,analysis,
run-f73672cab0e2,succeeded,2026-08-04T12:21:21.782631+00:00,business,,visibility,analysis,
run-abe477550608,succeeded,2026-08-04T12:21:21.716179+00:00,business,,temperature,analysis,
run-34cdaa5030c4,succeeded,2026-08-04T12:21:21.565849+00:00,business,,pressure,analysis,
run-f70201b2ba7f,succeeded,2026-08-04T12:21:21.496718+00:00,business,,precipitation,analysis,
run-27de25992db3,succeeded,2026-08-04T12:21:21.353930+00:00,business,,humidity,analysis,
run-6a8a5d14fb36,succeeded,2026-08-04T12:21:21.268991+00:00,business,,visibility,analysis,
run-99c17a5d7d4d,succeeded,2026-08-04T12:21:21.202671+00:00,business,,humidity,analysis,
run-a6a4549b67fb,succeeded,2026-08-04T12:21:21.126670+00:00,business,,pressure,analysis,
run-45c79dd4f32e,succeeded,2026-08-04T12:21:21.041638+00:00,business,,precipitation,analysis,
run-8cbaf3cac836,succeeded,2026-08-04T12:21:20.923911+00:00,business,,temperature,analysis,
run-7824745c6c83,succeeded,2026-08-04T12:21:20.749112+00:00,business,,wind-field,analysis,
run-6e1e6fda27bc,succeeded,2026-08-04T12:21:15.016113+00:00,business,,lab-output,analysis,
run-8e84e16a9ca8,succeeded,2026-08-04T11:05:44.954069+00:00,business,,wind-field,custom,
run-9ec25605df0f,succeeded,2026-08-04T11:05:44.455629+00:00,business,,wind-field,custom,
run-24e6c558b6b3,succeeded,2026-08-04T11:05:44.189262+00:00,business,,wind-field,custom,
run-95fa1dc5044d,succeeded,2026-08-04T11:05:43.968059+00:00,business,,wind-field,custom,
run-42c9b549488f,failed,2026-08-04T11:05:43.762982+00:00,business,,wind-field,custom,
run-94aa28d5cd83,succeeded,2026-08-04T11:05:43.609801+00:00,business,,wind-field,custom,
run-34fd0663f99b,succeeded,2026-08-04T11:05:43.160868+00:00,business,,wind-field,analysis,
run-727978a55f29,succeeded,2026-08-04T11:05:43.053506+00:00,business,,visibility,analysis,
run-20b22684878e,succeeded,2026-08-04T11:05:42.932134+00:00,business,,temperature,analysis,
run-c33cbfb52830,succeeded,2026-08-04T11:05:42.808872+00:00,business,,pressure,analysis,
run-2496b53139f4,succeeded,2026-08-04T11:05:42.721506+00:00,business,,precipitation,analysis,
run-a994d650812b,succeeded,2026-08-04T11:05:41.913172+00:00,business,,humidity,analysis,
run-8bc0ec82ac49,succeeded,2026-08-04T11:05:41.794050+00:00,business,,visibility,analysis,
run-3f1a199ecad9,succeeded,2026-08-04T11:05:41.724465+00:00,business,,humidity,analysis,
run-eb31dc817b2a,succeeded,2026-08-04T11:05:41.631817+00:00,business,,pressure,analysis,
run-d2c770409c04,succeeded,2026-08-04T11:05:41.529144+00:00,business,,precipitation,analysis,
run-ec75bf9240f3,succeeded,2026-08-04T11:05:41.317651+00:00,business,,temperature,analysis,
run-9928b1b658ee,succeeded,2026-08-04T11:05:41.097393+00:00,business,,wind-field,analysis,
run-9da472362033,succeeded,2026-08-04T11:05:33.453181+00:00,business,,lab-output,analysis,
run-4429cb48991e,succeeded,2026-08-04T10:06:59.009977+00:00,business,,wind-field,custom,
run-e61db3370e97,succeeded,2026-08-04T10:06:58.637484+00:00,business,,wind-field,custom,
run-a5e75709c909,succeeded,2026-08-04T10:06:58.371716+00:00,business,,wind-field,custom,
run-b003cfc19e3f,succeeded,2026-08-04T10:06:58.096766+00:00,business,,wind-field,custom,
run-fd152df68c96,failed,2026-08-04T10:06:57.809780+00:00,business,,wind-field,custom,
run-6097a4439c73,succeeded,2026-08-04T10:06:57.033383+00:00,business,,wind-field,custom,
run-24d1bd66518c,succeeded,2026-08-04T10:06:56.562339+00:00,business,,wind-field,analysis,
run-f9ce961f4410,succeeded,2026-08-04T10:06:56.511988+00:00,business,,visibility,analysis,
run-8c42db802a7d,succeeded,2026-08-04T10:06:56.437298+00:00,business,,temperature,analysis,
run-a2aa65ae388b,succeeded,2026-08-04T10:06:56.340598+00:00,business,,pressure,analysis,
run-331862ffc55e,succeeded,2026-08-04T10:06:56.286138+00:00,business,,precipitation,analysis,
run-9cb4a01d5c20,succeeded,2026-08-04T10:06:56.040604+00:00,business,,humidity,analysis,
run-06e1d1e0b44c,succeeded,2026-08-04T10:06:55.987499+00:00,business,,visibility,analysis,
run-3ecde2e10e92,succeeded,2026-08-04T10:06:55.937012+00:00,business,,humidity,analysis,
run-8d4ecbd3ce00,succeeded,2026-08-04T10:06:55.889049+00:00,business,,pressure,analysis,
run-3845498eb0b9,succeeded,2026-08-04T10:06:55.837400+00:00,business,,precipitation,analysis,
run-71a69c7a3563,succeeded,2026-08-04T10:06:55.706738+00:00,business,,temperature,analysis,
run-4076504f1c26,succeeded,2026-08-04T10:06:55.570828+00:00,business,,wind-field,analysis,
run-0227b669b314,succeeded,2026-08-04T10:06:50.195633+00:00,business,,lab-output,analysis,
run-de4c7aff8379,succeeded,2026-08-04T10:02:44.965881+00:00,business,,wind-field,custom,
run-3ae7fbc0288e,succeeded,2026-08-04T10:02:44.727389+00:00,business,,wind-field,custom,
run-190756323a67,succeeded,2026-08-04T10:02:43.774045+00:00,business,,wind-field,custom,
run-d32568a53976,succeeded,2026-08-04T10:02:43.520184+00:00,business,,wind-field,custom,
run-8da7abfe9004,failed,2026-08-04T10:02:43.293551+00:00,business,,wind-field,custom,
run-44ab702ca4a0,succeeded,2026-08-04T10:02:43.255870+00:00,business,,wind-field,custom,
run-f8427825758f,succeeded,2026-08-04T10:02:42.826936+00:00,business,,wind-field,analysis,
run-b18b889c19dd,succeeded,2026-08-04T10:02:42.511169+00:00,business,,visibility,analysis,
run-114aea1e67f0,succeeded,2026-08-04T10:02:42.461639+00:00,business,,temperature,analysis,
run-d42170f7490c,succeeded,2026-08-04T10:02:42.335906+00:00,business,,pressure,analysis,
run-ae432eef944a,succeeded,2026-08-04T10:02:42.282664+00:00,business,,precipitation,analysis,
run-2ca1f1ef9f2b,succeeded,2026-08-04T10:02:42.177492+00:00,business,,humidity,analysis,
run-ef090086f4cd,succeeded,2026-08-04T10:02:42.093659+00:00,business,,visibility,analysis,
run-8839ed0adbf4,succeeded,2026-08-04T10:02:42.010745+00:00,business,,humidity,analysis,
run-dcc84a1ed684,succeeded,2026-08-04T10:02:41.894115+00:00,business,,pressure,analysis,
run-ba367ad4a874,succeeded,2026-08-04T10:02:41.842302+00:00,business,,precipitation,analysis,
run-af41f076e20a,succeeded,2026-08-04T10:02:41.737989+00:00,business,,temperature,analysis,
run-065b1f40a73a,succeeded,2026-08-04T10:02:40.967982+00:00,business,,wind-field,analysis,
run-d9d9e5497a3e,succeeded,2026-08-04T10:02:36.252474+00:00,business,,lab-output,analysis,
run-59a5910c6af5,succeeded,2026-08-04T09:58:10.685104+00:00,business,,wind-field,custom,
run-28eb3dc5522b,succeeded,2026-08-04T09:58:10.428365+00:00,business,,wind-field,custom,
run-8f9bfc935c0c,succeeded,2026-08-04T09:58:10.143026+00:00,business,,wind-field,custom,
run-a293af9574ae,succeeded,2026-08-04T09:58:09.885950+00:00,business,,wind-field,custom,
run-93c76e3f8108,failed,2026-08-04T09:58:09.658851+00:00,business,,wind-field,custom,
run-dc8297ee765f,succeeded,2026-08-04T09:58:09.597365+00:00,business,,wind-field,custom,
run-3af0758a3854,succeeded,2026-08-04T09:58:09.052320+00:00,business,,wind-field,analysis,
run-346627b093b1,succeeded,2026-08-04T09:58:08.885563+00:00,business,,visibility,analysis,
run-bae2e5cfefaf,succeeded,2026-08-04T09:58:08.746524+00:00,business,,temperature,analysis,
run-2a194f808a83,succeeded,2026-08-04T09:58:07.973459+00:00,business,,pressure,analysis,
run-466b7f1ce0f6,succeeded,2026-08-04T09:58:07.895454+00:00,business,,precipitation,analysis,
run-44c2fb8834c5,succeeded,2026-08-04T09:58:07.770575+00:00,business,,humidity,analysis,
run-1630f90df653,succeeded,2026-08-04T09:58:07.644415+00:00,business,,visibility,analysis,
run-ba81e8ffb29f,succeeded,2026-08-04T09:58:07.549310+00:00,business,,humidity,analysis,
run-095e317bc719,succeeded,2026-08-04T09:58:07.455836+00:00,business,,pressure,analysis,
run-de40d1e4fdec,succeeded,2026-08-04T09:58:07.373558+00:00,business,,precipitation,analysis,
run-9d420d4594e2,succeeded,2026-08-04T09:58:07.166731+00:00,business,,temperature,analysis,
run-93ed0234189c,succeeded,2026-08-04T09:58:06.806608+00:00,business,,wind-field,analysis,
run-5f35f2a79ac4,succeeded,2026-08-04T09:58:00.483650+00:00,business,,lab-output,analysis,
run-56f936398806,failed,2026-08-04T09:28:54.671371+00:00,business,,omega-sf-fenkuai,analysis,
run-d1f167fbaec4,succeeded,2026-08-04T09:27:13.730257+00:00,business,,omega-sf-fenkuai,analysis,
run-29eb0a0e2e67,failed,2026-08-04T09:24:21.915391+00:00,business,,omega-sf-fenkuai,analysis,
run-461a954f9754,failed,2026-08-04T09:03:51.176012+00:00,business,,omega-sf-fenkuai,analysis,
run-441acc6b0757,succeeded,2026-08-04T07:14:10.860435+00:00,business,,wind-field,custom,
run-162cb5e4f8ac,succeeded,2026-08-04T07:14:10.663140+00:00,business,,wind-field,custom,
run-00efe98534ac,succeeded,2026-08-04T07:14:10.416900+00:00,business,,wind-field,custom,
run-78b2a2d46043,succeeded,2026-08-04T07:14:09.560168+00:00,business,,wind-field,custom,
run-f04901266982,failed,2026-08-04T07:14:09.355968+00:00,business,,wind-field,custom,
run-1fea4767affd,succeeded,2026-08-04T07:14:09.314902+00:00,business,,wind-field,custom,
run-c3c0c12c1bfb,succeeded,2026-08-04T07:14:08.715576+00:00,business,,wind-field,analysis,
run-9a55d8f5fc6f,succeeded,2026-08-04T07:14:08.620416+00:00,business,,visibility,analysis,
run-2629a05aa60e,succeeded,2026-08-04T07:14:08.535293+00:00,business,,temperature,analysis,
run-c6c1df7c7cba,succeeded,2026-08-04T07:14:08.343150+00:00,business,,pressure,analysis,
run-6d289c60a3a4,succeeded,2026-08-04T07:14:08.259138+00:00,business,,precipitation,analysis,
run-288cd93b2143,succeeded,2026-08-04T07:14:08.083505+00:00,business,,humidity,analysis,
run-93a81869c28e,succeeded,2026-08-04T07:14:08.009516+00:00,business,,visibility,analysis,
run-5d87d528b64e,succeeded,2026-08-04T07:14:07.935261+00:00,business,,humidity,analysis,
run-54eacb2930a4,succeeded,2026-08-04T07:14:07.875987+00:00,business,,pressure,analysis,
run-acf4ba28f2a4,succeeded,2026-08-04T07:14:07.777147+00:00,business,,precipitation,analysis,
run-883b7a658960,succeeded,2026-08-04T07:14:07.618167+00:00,business,,temperature,analysis,
run-f7e47f6efe30,succeeded,2026-08-04T07:14:07.434867+00:00,business,,wind-field,analysis,
run-e8f318ce0f94,succeeded,2026-08-04T07:14:00.914206+00:00,business,,lab-output,analysis,
run-ed0fa036732f,succeeded,2026-08-04T07:12:41.720766+00:00,business,,lab-output,analysis,
run-ce80ce48c94c,succeeded,2026-08-04T07:10:01.007725+00:00,business,,lab-output,analysis,
run-c69820711b67,failed,2026-08-04T06:59:04.400275+00:00,business,,lab-output,analysis,
run-ce082946a5ad,succeeded,2026-08-04T06:45:39.980288+00:00,business,,wind-field,custom,
run-566b1fb79cdd,succeeded,2026-08-04T06:45:39.772309+00:00,business,,wind-field,custom,
run-8729c54ff6ea,succeeded,2026-08-04T06:45:38.939078+00:00,business,,wind-field,custom,
run-dccae0f8a1ee,succeeded,2026-08-04T06:45:38.708457+00:00,business,,wind-field,custom,
run-a732515afae1,failed,2026-08-04T06:45:38.524467+00:00,business,,wind-field,custom,
run-2dd2809ffd92,succeeded,2026-08-04T06:45:38.493540+00:00,business,,wind-field,custom,
run-547a1a28d657,succeeded,2026-08-04T06:45:38.100163+00:00,business,,wind-field,analysis,
run-ecbf782e656b,succeeded,2026-08-04T06:45:37.895689+00:00,business,,visibility,analysis,
run-b402cf00a3d3,succeeded,2026-08-04T06:45:37.824809+00:00,business,,temperature,analysis,
run-fec6d3bd7ecb,succeeded,2026-08-04T06:45:37.711994+00:00,business,,pressure,analysis,
run-bd6c3d4ac91d,succeeded,2026-08-04T06:45:37.645585+00:00,business,,precipitation,analysis,
run-d19f64e5bbb0,succeeded,2026-08-04T06:45:37.511668+00:00,business,,humidity,analysis,
run-d44e6670dc19,succeeded,2026-08-04T06:45:37.441626+00:00,business,,visibility,analysis,
run-a0f58578f6c4,succeeded,2026-08-04T06:45:37.368843+00:00,business,,humidity,analysis,
run-df4278500cfa,succeeded,2026-08-04T06:45:37.300481+00:00,business,,pressure,analysis,
run-b6ecbbe9e706,succeeded,2026-08-04T06:45:37.230682+00:00,business,,precipitation,analysis,
run-a20768169c0c,succeeded,2026-08-04T06:45:37.103058+00:00,business,,temperature,analysis,
run-b7cb1ee10619,succeeded,2026-08-04T06:45:36.870109+00:00,business,,wind-field,analysis,
run-ebedde248266,failed,2026-08-04T06:45:30.209000+00:00,business,,lab-output,analysis,
run-2157a43adbcd,succeeded,2026-08-03T20:23:33.012763+00:00,business,,wind-field,custom,
run-10d9b1351341,succeeded,2026-08-03T20:23:32.640467+00:00,business,,wind-field,custom,
run-a254e5630174,succeeded,2026-08-03T20:23:32.435417+00:00,business,,wind-field,custom,
run-01c7322c89e4,succeeded,2026-08-03T20:23:32.254740+00:00,business,,wind-field,custom,
run-0a99f4b9dbfa,failed,2026-08-03T20:23:32.070091+00:00,business,,wind-field,custom,
run-332d1beca490,succeeded,2026-08-03T20:23:32.037223+00:00,business,,wind-field,custom,
run-22b45be31f87,succeeded,2026-08-03T20:23:31.635443+00:00,business,,wind-field,analysis,
run-fb82e95445b6,succeeded,2026-08-03T20:23:31.567004+00:00,business,,visibility,analysis,
run-84bb1c96e716,succeeded,2026-08-03T20:23:31.497426+00:00,business,,temperature,analysis,
run-1f316554a909,succeeded,2026-08-03T20:23:31.363281+00:00,business,,pressure,analysis,
run-27702cdfb0b5,succeeded,2026-08-03T20:23:30.749801+00:00,business,,precipitation,analysis,
run-14915f11ff3a,succeeded,2026-08-03T20:23:30.642478+00:00,business,,humidity,analysis,
run-697434c70392,succeeded,2026-08-03T20:23:30.575153+00:00,business,,visibility,analysis,
run-661586dd0668,succeeded,2026-08-03T20:23:30.512656+00:00,business,,humidity,analysis,
run-a3b12801bb6e,succeeded,2026-08-03T20:23:30.454738+00:00,business,,pressure,analysis,
run-1cdd9ed21996,succeeded,2026-08-03T20:23:30.391932+00:00,business,,precipitation,analysis,
run-e10a47c38c81,succeeded,2026-08-03T20:23:30.260552+00:00,business,,temperature,analysis,
run-427757247590,succeeded,2026-08-03T20:23:30.031622+00:00,business,,wind-field,analysis,
run-f2830ed3a9c9,failed,2026-08-03T20:23:23.874494+00:00,business,,lab-output,analysis,
run-8efbec7b6ffc,succeeded,2026-08-03T19:53:41.635244+00:00,business,,wind-field,custom,
run-5f6e2f4e4d21,succeeded,2026-08-03T19:53:41.424999+00:00,business,,wind-field,custom,
run-af3504b64ae0,succeeded,2026-08-03T19:53:41.062108+00:00,business,,wind-field,custom,
run-969ca48d4c32,succeeded,2026-08-03T19:53:40.819330+00:00,business,,wind-field,custom,
run-68e6266448ec,failed,2026-08-03T19:53:40.149246+00:00,business,,wind-field,custom,
run-e6e165595c75,succeeded,2026-08-03T19:53:40.102781+00:00,business,,wind-field,custom,
run-39f8d639217f,succeeded,2026-08-03T19:53:39.771388+00:00,business,,wind-field,analysis,
run-a875fa2a37fb,succeeded,2026-08-03T19:53:39.694756+00:00,business,,visibility,analysis,
run-71a02ed702a6,succeeded,2026-08-03T19:53:39.610621+00:00,business,,temperature,analysis,
run-d3dec280d57e,succeeded,2026-08-03T19:53:39.497480+00:00,business,,pressure,analysis,
run-91510dd75e89,succeeded,2026-08-03T19:53:39.430268+00:00,business,,precipitation,analysis,
run-5159241c6235,succeeded,2026-08-03T19:53:39.318278+00:00,business,,humidity,analysis,
run-bd096aabceb2,succeeded,2026-08-03T19:53:39.242985+00:00,business,,visibility,analysis,
run-2d40a5972c4e,succeeded,2026-08-03T19:53:39.183745+00:00,business,,humidity,analysis,
run-1d69a6b26a54,succeeded,2026-08-03T19:53:39.126366+00:00,business,,pressure,analysis,
run-5ae0d08e609a,succeeded,2026-08-03T19:53:39.052243+00:00,business,,precipitation,analysis,
run-d6fe7deb778e,succeeded,2026-08-03T19:53:38.902464+00:00,business,,temperature,analysis,
run-9d7b0785d4d8,succeeded,2026-08-03T19:53:38.618991+00:00,business,,wind-field,analysis,
run-87c661f20781,failed,2026-08-03T19:53:32.389956+00:00,business,,lab-output,analysis,
run-f96c6543d011,failed,2026-08-03T18:32:01.217348+00:00,business,,omega-sf-fenkuai,analysis,
run-099649fb32ce,failed,2026-08-03T18:22:49.425350+00:00,business,,omega-sf-fenkuai,analysis,
run-b7b75a49ffe0,failed,2026-08-03T18:22:49.425350+00:00,business,,omega-sf-fenkuai,analysis,
run-0e1780091eb4,cancelled,2026-08-03T12:29:24.760458+00:00,business,,omega-sf-fenkuai,analysis,
run-1b72c91b6275,cancelled,2026-08-03T11:47:05.758668+00:00,business,,omega-sf-fenkuai,analysis,
run-f06569a08df1,cancelled,2026-08-03T11:35:03.024154+00:00,business,,omega-sf-fenkuai,analysis,
run-c9ac376fef9b,cancelled,2026-08-03T09:07:19.698234+00:00,business,,omega-avg-daily,analysis,
run-6a4477248e33,cancelled,2026-08-03T09:03:13.121204+00:00,business,,omega-avg-daily,analysis,
run-0180bd0b982c,succeeded,2026-08-03T08:29:04.557485+00:00,business,,omega-sf-fenkuai,analysis,
run-68206201fa7e,succeeded,2026-08-02T20:15:47.490503+00:00,business,,omega-avg-daily,analysis,
run-ac67fccac3c9,cancelled,2026-08-02T19:31:26.166009+00:00,business,,omega-avg-daily,analysis,
run-983e0dd5008c,succeeded,2026-08-02T19:30:50.998121+00:00,business,,omega-avg-daily,analysis,
run-cee7a30072dd,failed,2026-08-02T19:18:14.669097+00:00,business,,omega-avg-daily,analysis,
run-9c8fe4171435,failed,2026-08-02T19:13:18.354014+00:00,business,,omega-avg-daily,analysis,
run-39deaf60472b,succeeded,2026-08-02T18:59:33.226593+00:00,business,,omega-sf-fenkuai,analysis,
run-c98e4d61dae0,succeeded,2026-08-02T17:05:33.343830+00:00,business,,omega-sf-fenkuai,analysis,
run-d2a1b26d670e,succeeded,2026-08-02T17:03:02.482856+00:00,business,,omega-sf-fenkuai,analysis,
run-936f1bfffbd2,succeeded,2026-08-02T15:01:02.925329+00:00,business,,omega-sf-fenkuai,analysis,
run-abcfad6d48db,succeeded,2026-08-02T10:51:16.045742+00:00,business,,omega-sf-fenkuai,analysis,
run-13f4da5d1576,succeeded,2026-08-02T09:26:08.320648+00:00,business,,omega-sf-fenkuai,analysis,
run-60321b67fadb,failed,2026-08-02T08:58:19.295771+00:00,business,,omega-sf-fenkuai,analysis,
run-89d4e21a8715,succeeded,2026-08-02T08:09:25.426273+00:00,business,,omega-sf-fenkuai,analysis,
run-6e2c106f335f,failed,2026-08-02T06:00:05.432775+00:00,business,,omega-sf-fenkuai,analysis,
run-7dffc3ab3f01,failed,2026-08-02T05:25:24.975980+00:00,business,,omega-sf-fenkuai,analysis,
run-8c4a2bda2e89,failed,2026-08-02T05:22:11.218816+00:00,business,,omega-sf-fenkuai,analysis,
run-de3764f5c627,failed,2026-08-02T05:21:24.367011+00:00,business,,omega-sf-fenkuai,analysis,
run-c483223a2053,failed,2026-08-02T05:20:53.031973+00:00,business,,omega-sf-fenkuai,analysis,
run-10b12bd80ec9,failed,2026-08-02T05:19:02.014565+00:00,business,,omega-sf-fenkuai,analysis,
run-e72d119a2086,succeeded,2026-08-01T21:34:49.486520+00:00,business,,omega-sf-fenkuai,analysis,
run-ec309fdb8b30,succeeded,2026-08-01T20:15:21.462158+00:00,business,,omega-sf-fenkuai,analysis,
run-98fbb5a3a603,cancelled,2026-08-01T19:40:20.396753+00:00,business,,omega-sf-fenkuai,analysis,
run-944e31aa016a,cancelled,2026-08-01T19:40:20.209761+00:00,business,,omega-sf-fenkuai,analysis,
run-5d31768eb95e,succeeded,2026-08-01T19:07:19.824209+00:00,business,,omega-sf-fenkuai,analysis,
run-d3cdced4505e,succeeded,2026-08-01T19:02:58.246686+00:00,business,,omega-sf-fenkuai,analysis,
run-e51fd0539276,failed,2026-08-01T18:54:04.501875+00:00,business,,omega-sf-fenkuai,analysis,
run-b806ad01b957,succeeded,2026-08-01T18:42:07.905104+00:00,business,,omega-sf-fenkuai,analysis,
run-4369d9598f9a,succeeded,2026-08-01T18:32:49.624500+00:00,business,,omega-sf-fenkuai,analysis,
run-abddaae70503,failed,2026-08-01T18:23:34.317721+00:00,business,,omega-sf-fenkuai,analysis,
run-35770cbbed20,succeeded,2026-08-01T18:07:52.078358+00:00,business,,omega-sf-fenkuai,analysis,
run-815f8bdec6b2,failed,2026-08-01T18:03:44.362759+00:00,business,,omega-sf-fenkuai,analysis,
run-965e0a35aa81,failed,2026-08-01T16:31:34.750002+00:00,business,,omega-sf-fenkuai,analysis,
run-9596aa09293f,succeeded,2026-08-01T16:29:11.078303+00:00,business,,omega-sf-fenkuai,analysis,
run-51ad97fe6181,failed,2026-08-01T16:26:47.330340+00:00,business,,omega-sf-fenkuai,analysis,
run-4255012df135,failed,2026-08-01T16:26:27.568768+00:00,business,,omega-sf-fenkuai,analysis,
run-0ea3d429a68e,failed,2026-08-01T16:25:40.293065+00:00,business,,omega-sf-fenkuai,analysis,
run-7a415707a260,failed,2026-08-01T15:12:16.376753+00:00,business,,omega-sf-fenkuai,analysis,
run-5b3cba0e7eac,failed,2026-08-01T15:12:16.376753+00:00,business,,omega-sf-fenkuai,analysis,
run-326931506774,failed,2026-08-01T15:12:16.376753+00:00,business,,omega-sf-fenkuai,analysis,
run-cae0660aedcf,cancelled,2026-08-01T15:09:57.788493+00:00,business,,omega-sf-fenkuai,analysis,
run-06555c203a3b,cancelled,2026-08-01T15:09:57.153978+00:00,business,,omega-sf-fenkuai,analysis,
run-733224059c22,cancelled,2026-08-01T15:09:55.201988+00:00,business,,omega-sf-fenkuai,analysis,
run-24bb50843a55,cancelled,2026-08-01T15:09:51.497885+00:00,business,,omega-sf-fenkuai,analysis,
run-0a4846bbb488,cancelled,2026-08-01T15:09:45.238453+00:00,business,,omega-sf-fenkuai,analysis,
run-d96c9ff9d84b,cancelled,2026-08-01T15:09:42.555601+00:00,business,,omega-sf-fenkuai,analysis,
run-0d55fec2a5ae,cancelled,2026-08-01T15:09:41.047315+00:00,business,,omega-sf-fenkuai,analysis,
run-68629b24f44b,cancelled,2026-08-01T15:09:38.174474+00:00,business,,omega-sf-fenkuai,analysis,
run-80f18ba34535,cancelled,2026-08-01T15:09:31.126089+00:00,business,,omega-sf-fenkuai,analysis,
run-61afc7323f15,succeeded,2026-08-01T15:05:20.385820+00:00,business,,omega-sf-fenkuai,analysis,
run-e49b06233f45,cancelled,2026-08-01T14:58:22.672824+00:00,business,,omega-sf-fenkuai,analysis,
run-725062b70765,cancelled,2026-08-01T14:58:21.824724+00:00,business,,omega-sf-fenkuai,analysis,
run-7ab5f20ad330,cancelled,2026-08-01T14:58:20.343295+00:00,business,,omega-sf-fenkuai,analysis,
run-944893f92f17,cancelled,2026-08-01T14:58:16.221987+00:00,business,,omega-sf-fenkuai,analysis,
run-447d4638d80c,succeeded,2026-08-01T14:57:04.510166+00:00,business,,omega-sf-fenkuai,analysis,
run-d96e4ab101e6,cancelled,2026-08-01T14:54:06.562751+00:00,business,,omega-sf-fenkuai,analysis,
run-93a82639e9f0,cancelled,2026-08-01T14:52:49.216214+00:00,business,,omega-sf-fenkuai,analysis,
run-1df7958c4191,succeeded,2026-08-01T14:50:06.166188+00:00,business,,omega-sf-fenkuai,analysis,
run-0b38240ced32,cancelled,2026-08-01T14:46:54.129322+00:00,business,,omega-sf-fenkuai,analysis,
run-f8c643cbe01b,cancelled,2026-08-01T14:38:28.802364+00:00,business,,omega-sf-fenkuai,analysis,
run-3aae05e8dd7f,cancelled,2026-08-01T14:38:28.765341+00:00,business,,omega-sf-fenkuai,analysis,
run-8ccea2deb479,cancelled,2026-08-01T14:33:22.370547+00:00,business,,omega-sf-fenkuai,analysis,
run-52cca0275159,cancelled,2026-08-01T14:18:53.995917+00:00,business,,omega-sf-fenkuai,analysis,
run-c471e59c4376,cancelled,2026-08-01T14:06:00.794941+00:00,business,,omega-sf-fenkuai,analysis,
run-789ceef0aaea,succeeded,2026-08-01T13:51:48.011601+00:00,business,,omega-sf-fenkuai,analysis,
run-478a26af7c1c,failed,2026-08-01T13:35:35.758970+00:00,business,,,,
run-5982d44920d5,failed,2026-08-01T13:35:34.917853+00:00,business,,,,
run-5e7b47b984f5,failed,2026-08-01T13:35:33.993344+00:00,business,,,,
run-438c68c47326,failed,2026-08-01T13:35:32.905644+00:00,business,,,,
run-00a9d4619d08,failed,2026-08-01T13:35:31.837775+00:00,business,,,,
run-998e7ec4c291,failed,2026-08-01T13:35:30.866761+00:00,business,,,,
run-7dab294c297c,failed,2026-08-01T13:35:29.557094+00:00,business,,,,
run-cbc5b47faeab,failed,2026-08-01T13:35:27.675313+00:00,business,,,,
run-d7529c5dba47,failed,2026-08-01T13:35:26.029216+00:00,business,,,,
run-37b10896f964,failed,2026-08-01T13:35:25.094887+00:00,business,,,,
run-29ac8e7f5b02,failed,2026-08-01T13:35:24.022802+00:00,business,,,,
run-a31d12f908e0,failed,2026-08-01T13:35:23.062669+00:00,business,,,,
run-9b43c7982647,failed,2026-08-01T13:35:08.265532+00:00,business,,omega-sf-fenkuai,analysis,
run-2485e864d6ea,failed,2026-08-01T13:35:08.265532+00:00,business,,omega-sf-fenkuai,analysis,
run-3b4f18bbf0c0,failed,2026-08-01T13:35:08.265532+00:00,business,,omega-sf-fenkuai,analysis,
run-8487bb02f346,failed,2026-08-01T13:35:08.265532+00:00,business,,omega-sf-fenkuai,analysis,
run-30f60e3c7497,failed,2026-08-01T13:35:08.265532+00:00,business,,omega-sf-fenkuai,analysis,
run-932f6f45b6ca,failed,2026-08-01T13:35:08.265532+00:00,business,,omega-sf-fenkuai,analysis,
run-9ce0baf2bace,cancelled,2026-08-01T13:33:18.828594+00:00,business,,omega-sf-fenkuai,analysis,
run-28adc9386ec7,cancelled,2026-08-01T13:29:40.815486+00:00,business,,omega-sf-fenkuai,analysis,
run-7aa4873aa945,cancelled,2026-08-01T13:29:31.305788+00:00,business,,omega-sf-fenkuai,analysis,
run-82b1319246e8,cancelled,2026-08-01T13:24:19.545618+00:00,business,,omega-sf-fenkuai,analysis,
run-ff238c6d0f1b,cancelled,2026-08-01T13:21:34.946024+00:00,business,,omega-sf-fenkuai,analysis,
run-adab35f067e8,cancelled,2026-08-01T13:20:45.358821+00:00,business,,omega-sf-fenkuai,analysis,
run-4df297a12e0d,cancelled,2026-08-01T12:50:54.180982+00:00,business,,omega-sf-fenkuai,analysis,
run-d78ae4c310c5,cancelled,2026-08-01T12:48:54.894889+00:00,business,,omega-sf-fenkuai,analysis,
run-7c9396144928,cancelled,2026-08-01T12:47:00.421119+00:00,business,,omega-sf-fenkuai,analysis,
run-f0c34be83f68,cancelled,2026-08-01T12:43:36.665625+00:00,business,,omega-sf-fenkuai,analysis,
run-fa9b631d3799,cancelled,2026-08-01T12:41:26.556474+00:00,business,,omega-sf-fenkuai,analysis,
run-4f01ab2c6ed1,failed,2026-08-01T12:21:46.883272+00:00,business,,,,
run-471c7d95d17e,failed,2026-08-01T12:21:46.719903+00:00,business,,,,
run-3624609a3a8e,failed,2026-08-01T12:21:46.015991+00:00,business,,,,
run-d30aa6b8db36,failed,2026-08-01T12:21:45.874670+00:00,business,,,,
run-0efb9450c0f4,failed,2026-08-01T12:21:45.722956+00:00,business,,,,
run-c83d6274c723,failed,2026-08-01T12:21:45.457214+00:00,business,,,,
run-99301ccc33e6,failed,2026-08-01T12:21:45.285778+00:00,business,,,,
run-e69a704bfad4,failed,2026-08-01T12:21:45.176619+00:00,business,,,,
run-1909113a394d,failed,2026-08-01T12:21:45.050690+00:00,business,,,,
run-e4cf8a900b9a,failed,2026-08-01T12:21:44.949832+00:00,business,,,,
run-a4f9008fb07b,failed,2026-08-01T12:21:44.810231+00:00,business,,,,
run-1f3694926958,failed,2026-08-01T12:21:44.659815+00:00,business,,,,
run-90a747436a34,failed,2026-08-01T12:21:44.559605+00:00,business,,,,
run-1703649944a7,failed,2026-08-01T12:21:44.392342+00:00,business,,,,
run-bec04b80069b,failed,2026-08-01T12:21:44.276092+00:00,business,,,,
run-504f07654304,failed,2026-08-01T12:21:44.068737+00:00,business,,,,
run-20f044ab34f3,failed,2026-08-01T12:21:43.926515+00:00,business,,,,
run-1e376cd6d4a9,failed,2026-08-01T12:21:43.816903+00:00,business,,,,
run-54a36e372fb0,failed,2026-08-01T12:21:43.710090+00:00,business,,,,
run-c56043b20a57,failed,2026-08-01T12:21:43.568994+00:00,business,,,,
run-51c6441e29e5,failed,2026-08-01T12:21:43.434688+00:00,business,,,,
run-65949962325f,failed,2026-08-01T12:21:43.302959+00:00,business,,,,
run-93760e3ea9c5,failed,2026-08-01T12:21:43.179828+00:00,business,,,,
run-e08ef1b68861,failed,2026-08-01T12:21:43.028907+00:00,business,,,,
run-11819cda0dba,failed,2026-08-01T12:21:42.878032+00:00,business,,,,
run-f3a56fd8a120,failed,2026-08-01T12:21:42.710403+00:00,business,,,,
run-cfb115e161e6,failed,2026-08-01T12:21:42.571967+00:00,business,,,,
run-6183f816c3e6,failed,2026-08-01T12:21:42.455016+00:00,business,,,,
run-b760cf8da371,failed,2026-08-01T12:21:42.297963+00:00,business,,,,
run-684685774c64,failed,2026-08-01T12:21:42.167866+00:00,business,,,,
run-2f3c5a45bd91,failed,2026-08-01T12:21:42.035297+00:00,business,,,,
run-69ad5912c322,failed,2026-08-01T12:21:41.887378+00:00,business,,,,
run-b3b79425c480,failed,2026-08-01T12:21:41.772384+00:00,business,,,,
run-71cc55050ce5,failed,2026-08-01T12:21:41.595184+00:00,business,,,,
run-8f3ea1c2d679,failed,2026-08-01T12:21:40.827099+00:00,business,,,,
run-9c44916a2c93,failed,2026-08-01T12:21:40.704349+00:00,business,,,,
run-44ed947d5419,failed,2026-08-01T12:21:40.570572+00:00,business,,,,
run-d469f0676ea5,failed,2026-08-01T12:21:40.312014+00:00,business,,,,
run-f5357cbd0d9a,cancelled,2026-08-01T12:20:30.062770+00:00,business,,omega-sf-fenkuai,analysis,
run-7dc82ffe47bc,cancelled,2026-08-01T12:16:25.949635+00:00,business,,omega-sf-fenkuai,analysis,
run-a3e1119c6e70,cancelled,2026-08-01T12:14:49.595789+00:00,business,,omega-sf-fenkuai,analysis,
run-7a35890331a4,cancelled,2026-08-01T12:12:48.243416+00:00,business,,omega-sf-fenkuai,analysis,
run-d4904e07f785,cancelled,2026-08-01T12:12:38.016836+00:00,business,,omega-sf-fenkuai,analysis,
run-6060f6d4e326,cancelled,2026-08-01T12:10:05.903461+00:00,business,,omega-sf-fenkuai,analysis,
run-af35acb803aa,cancelled,2026-08-01T12:07:34.323231+00:00,business,,omega-sf-fenkuai,analysis,
run-36b0a12cabb4,cancelled,2026-08-01T11:59:28.404332+00:00,business,,omega-sf-fenkuai,analysis,
run-14b785e93002,cancelled,2026-08-01T11:45:31.103612+00:00,business,,omega-sf-fenkuai,analysis,
run-f03890700a71,cancelled,2026-08-01T11:39:49.908620+00:00,business,,omega-sf-fenkuai,analysis,
run-5d40f602c87b,failed,2026-08-01T11:08:43.964202+00:00,business,,omega-sf-fenkuai,analysis,
run-560ae475928e,failed,2026-08-01T11:02:32.244748+00:00,business,,omega-sf-fenkuai,analysis,
run-1e8311ad3db9,failed,2026-08-01T10:53:46.823707+00:00,business,,omega-sf-fenkuai,analysis,
run-19473910da67,failed,2026-08-01T10:43:43.797145+00:00,business,,omega-sf-fenkuai,analysis,
run-9677d47ff93e,succeeded,2026-08-01T10:05:24.936926+00:00,business,,omega-sf-fenkuai,analysis,
run-b981d3a372cc,failed,2026-08-01T09:38:09.354114+00:00,business,,omega-sf-fenkuai,analysis,
run-860a9b447178,failed,2026-08-01T09:18:35.223677+00:00,business,,omega-sf-fenkuai,analysis,
run-38e4e935d21d,failed,2026-08-01T09:02:22.290390+00:00,business,,omega-sf-fenkuai,analysis,
run-abd4005cd586,failed,2026-08-01T09:01:58.777187+00:00,business,,omega-sf-fenkuai,analysis,
run-36c71a03c1fe,failed,2026-08-01T09:00:47.022171+00:00,business,,omega-sf-fenkuai,analysis,
run-2ee74b6edcdc,failed,2026-08-01T08:50:40.986513+00:00,business,,omega-sf-fenkuai,analysis,
run-29a15393459e,failed,2026-08-01T08:38:55.292455+00:00,business,,omega-sf-fenkuai,analysis,
run-e8b000fced5c,failed,2026-08-01T08:10:03.577008+00:00,business,,omega-sf-fenkuai,analysis,
run-06c95263b6af,cancelled,2026-08-01T07:26:10.424531+00:00,business,,omega-sf-fenkuai,analysis,
run-a9caa56771ff,cancelled,2026-08-01T06:57:28.224977+00:00,business,,omega-sf-fenkuai,analysis,
run-aba35f0d8220,cancelled,2026-08-01T06:25:22.632203+00:00,business,,omega-sf-fenkuai,analysis,
run-2f08d0294063,cancelled,2026-08-01T06:07:07.040802+00:00,business,,omega-sf-fenkuai,analysis,
run-02e4d8f3940c,cancelled,2026-08-01T05:52:42.410508+00:00,business,,omega-sf-fenkuai,analysis,
run-05f0911d2b64,cancelled,2026-08-01T05:47:45.494990+00:00,business,,omega-sf-fenkuai,analysis,
run-c6c8ef51d29f,failed,2026-08-01T05:39:50.227969+00:00,business,,omega-sf-fenkuai,analysis,
run-3786b16d97f0,failed,2026-08-01T05:34:52.944182+00:00,business,,omega-sf-fenkuai,analysis,
run-fd85747c7d60,failed,2026-08-01T05:33:34.105551+00:00,business,,omega-sf-fenkuai,analysis,
run-715162abd000,failed,2026-08-01T05:31:29.871608+00:00,business,,omega-sf-fenkuai,analysis,
run-75bd732a8f02,failed,2026-08-01T05:20:22.850827+00:00,business,,omega-sf-fenkuai,analysis,
run-090b32333c16,failed,2026-08-01T05:18:55.832781+00:00,business,,omega-sf-fenkuai,analysis,
run-b4fd65d4134e,failed,2026-08-01T05:16:19.093086+00:00,business,,omega-sf-fenkuai,analysis,
run-1675b658c553,failed,2026-08-01T05:04:53.794689+00:00,business,,omega-sf-fenkuai,analysis,
run-50aeea41cdf0,failed,2026-08-01T05:04:07.303298+00:00,business,,omega-sf-fenkuai,analysis,
run-068228dc9b20,failed,2026-08-01T05:03:03.372815+00:00,business,,omega-sf-fenkuai,analysis,
run-9a1de88b9f44,failed,2026-08-01T05:02:32.354184+00:00,business,,omega-sf-fenkuai,analysis,
run-64ad81bf23ec,cancelled,2026-07-31T12:50:25.235419+00:00,business,,omega-sf-fenkuai,analysis,
run-cc5e8960544d,cancelled,2026-07-31T12:46:31.171114+00:00,business,,omega-sf-fenkuai,analysis,
run-b5865665c035,cancelled,2026-07-31T12:46:28.822555+00:00,business,,omega-sf-fenkuai,analysis,
run-f8531c2c40e9,failed,2026-07-31T10:49:41.709710+00:00,business,,omega-sf-fenkuai,analysis,
run-73b1f24d7196,failed,2026-07-31T10:38:42.525482+00:00,business,,omega-sf-fenkuai,analysis,
run-d96aa9c8ea3b,failed,2026-07-31T10:36:06.565142+00:00,business,,omega-sf-fenkuai,analysis,
run-428f45e38816,failed,2026-07-31T10:34:33.755047+00:00,business,,omega-sf-fenkuai,analysis,
run-4f4202540420,failed,2026-07-31T10:31:19.577462+00:00,business,,omega-sf-fenkuai,analysis,
run-0252b5988657,failed,2026-07-31T10:29:48.735293+00:00,business,,omega-sf-fenkuai,analysis,
run-85a2228b9555,failed,2026-07-31T10:28:22.256535+00:00,business,,omega-sf-fenkuai,analysis,
run-053654e50e98,failed,2026-07-31T10:24:43.885704+00:00,business,,omega-sf-fenkuai,analysis,
run-65f61589672c,failed,2026-07-31T10:20:43.355989+00:00,business,,omega-sf-fenkuai,analysis,
run-f61fc47b41c9,failed,2026-07-31T10:17:59.234414+00:00,business,,omega-sf-fenkuai,analysis,
run-88981c08b049,failed,2026-07-31T10:11:36.304748+00:00,business,,omega-sf-fenkuai,analysis,
run-c73d28204aac,failed,2026-07-31T09:38:19.295871+00:00,business,,omega-sf-fenkuai,analysis,
run-d38b9f66d5b2,failed,2026-07-31T09:37:27.385723+00:00,business,,omega-sf-fenkuai,analysis,
run-5bf5b57c5719,cancelled,2026-07-31T09:36:27.260832+00:00,business,,omega-sf-fenkuai,analysis,
run-1b933b0c9f60,cancelled,2026-07-31T09:34:51.233177+00:00,business,,omega-sf-fenkuai,analysis,
run-0736e3ebbcb5,cancelled,2026-07-31T09:31:49.749569+00:00,business,,omega-sf-fenkuai,analysis,
run-7919010fe477,cancelled,2026-07-31T09:27:42.478496+00:00,business,,omega-sf-fenkuai,analysis,
run-cde08ce72d0c,cancelled,2026-07-31T09:25:28.273208+00:00,business,,omega-sf-fenkuai,analysis,
run-8d18e5487048,cancelled,2026-07-31T09:06:21.342503+00:00,business,,omega-sf-fenkuai,analysis,
run-49f2a31c9744,succeeded,2026-07-29T09:46:40.817903+00:00,business,,omega-sf-fenkuai-fy-online,analysis,
run-ff322d697380,failed,2026-07-29T09:07:44.177392+00:00,business,,omega-sf-fenkuai-fy-online,analysis,
run-32722b062b14,succeeded,2026-07-29T09:04:47.573071+00:00,business,,omega-sf-fenkuai-fy-online,analysis,
run-bb241f84ebfc,succeeded,2026-07-29T07:35:30.775897+00:00,business,,lab-output,analysis,
run-33cf33c59573,succeeded,2026-07-29T07:34:12.121539+00:00,business,,lab-output,analysis,
run-14821fff3fe1,succeeded,2026-07-29T07:32:26.194326+00:00,business,,lab-output,analysis,
run-b015f8878bb5,succeeded,2026-07-29T01:09:58.620682+00:00,business,,omega-sf-fenkuai-fy-online,analysis,
run-2a9363e5c32a,cancelled,2026-07-29T00:45:43.457911+00:00,business,,omega-sf-fenkuai-fy-online,analysis,
run-1f1c87b29e22,cancelled,2026-07-29T00:41:47.046386+00:00,business,,omega-sf-fenkuai-fy-online,analysis,
run-879b6fe2274a,cancelled,2026-07-29T00:36:06.212066+00:00,business,,omega-sf-fenkuai-fy-online,analysis,
run-1a5a9e934383,succeeded,2026-07-29T00:22:41.456642+00:00,business,,omega-sf-fenkuai-smap-online,analysis,
run-89858bff2029,cancelled,2026-07-28T23:38:30.335087+00:00,business,,omega-sf-fenkuai-smap-online,analysis,
run-f324a9a080c7,failed,2026-07-28T22:27:25.477526+00:00,business,,omega-sf-fenkuai-smap-online,analysis,
run-669e30a76fe5,failed,2026-07-28T20:36:32.643550+00:00,business,,omega-sf-fenkuai-smap-online,analysis,
run-9fbfb0949971,failed,2026-07-28T20:30:18.500513+00:00,business,,omega-sf-fenkuai-smap-online,analysis,
run-9c921a8ae0ca,succeeded,2026-07-28T20:15:05.167797+00:00,business,,wind-field,custom,
run-a899a846fa2d,succeeded,2026-07-28T20:15:04.526816+00:00,business,,wind-field,custom,
run-e74ce8040c78,succeeded,2026-07-28T20:15:03.710312+00:00,business,,wind-field,custom,
run-b8d7ae0bcd51,succeeded,2026-07-28T20:15:03.059709+00:00,business,,wind-field,custom,
run-b6044a0266c9,failed,2026-07-28T20:15:02.267233+00:00,business,,wind-field,custom,
run-07f85e4ce04b,succeeded,2026-07-28T20:15:02.168624+00:00,business,,wind-field,custom,
run-af7aff69d8d1,succeeded,2026-07-28T20:15:01.349200+00:00,business,,wind-field,analysis,
run-19f99703198c,succeeded,2026-07-28T20:15:01.253063+00:00,business,,visibility,analysis,
run-91f40bb80c14,succeeded,2026-07-28T20:15:01.135531+00:00,business,,temperature,analysis,
run-409341078f87,succeeded,2026-07-28T20:15:00.393916+00:00,business,,pressure,analysis,
run-7f106a553ccd,succeeded,2026-07-28T20:15:00.285739+00:00,business,,precipitation,analysis,
run-8e5f30735964,succeeded,2026-07-28T20:14:59.977231+00:00,business,,humidity,analysis,
run-aa0e84a6e821,succeeded,2026-07-28T20:14:59.869320+00:00,business,,visibility,analysis,
run-95b071e713c8,succeeded,2026-07-28T20:14:59.751952+00:00,business,,humidity,analysis,
run-98655cb10a62,succeeded,2026-07-28T20:14:59.677404+00:00,business,,pressure,analysis,
run-3e941d4555ce,succeeded,2026-07-28T20:14:59.585181+00:00,business,,precipitation,analysis,
run-b0dff59510fb,succeeded,2026-07-28T20:14:59.402361+00:00,business,,temperature,analysis,
run-b47f383c1f55,succeeded,2026-07-28T20:14:59.201410+00:00,business,,wind-field,analysis,
run-f3dd7837dec1,succeeded,2026-07-28T20:14:58.014975+00:00,business,,lab-output,analysis,
run-390111ebf443,succeeded,2026-07-28T20:13:55.189405+00:00,business,,wind-field,custom,
run-28fb3b53b9a6,succeeded,2026-07-28T20:13:54.533562+00:00,business,,wind-field,custom,
run-2373b0a2afac,succeeded,2026-07-28T20:13:53.480383+00:00,business,,wind-field,custom,
run-8953d5ed7e21,succeeded,2026-07-28T20:13:52.814446+00:00,business,,wind-field,custom,
run-de402aa010ba,failed,2026-07-28T20:13:51.585286+00:00,business,,wind-field,custom,
run-5c600d77bdee,succeeded,2026-07-28T20:13:51.489354+00:00,business,,wind-field,custom,
run-c295ba40f4c2,succeeded,2026-07-28T20:13:50.740091+00:00,business,,wind-field,analysis,
run-81f0504f1e6a,succeeded,2026-07-28T20:13:50.631152+00:00,business,,visibility,analysis,
run-d0592e7e5a41,succeeded,2026-07-28T20:13:50.522775+00:00,business,,temperature,analysis,
run-f7e1911ba3ae,succeeded,2026-07-28T20:13:50.116755+00:00,business,,pressure,analysis,
run-a1c9c4db3db9,succeeded,2026-07-28T20:13:50.015077+00:00,business,,precipitation,analysis,
run-5435ab291280,succeeded,2026-07-28T20:13:49.830433+00:00,business,,humidity,analysis,
run-cc2bd1849fce,succeeded,2026-07-28T20:13:49.731327+00:00,business,,visibility,analysis,
run-9f5ac2f1cf9b,succeeded,2026-07-28T20:13:49.624534+00:00,business,,humidity,analysis,
run-9d31223c3854,succeeded,2026-07-28T20:13:49.522913+00:00,business,,pressure,analysis,
run-a9ebeb4a5693,succeeded,2026-07-28T20:13:49.407644+00:00,business,,precipitation,analysis,
run-c3053bebe2bd,succeeded,2026-07-28T20:13:49.214701+00:00,business,,temperature,analysis,
run-698d7f7c5121,succeeded,2026-07-28T20:13:49.007008+00:00,business,,wind-field,analysis,
run-fb9e07679f2d,succeeded,2026-07-28T20:13:47.697460+00:00,business,,lab-output,analysis,
run-bf380d0a3ded,succeeded,2026-07-28T20:12:46.968322+00:00,business,,wind-field,custom,
run-623a9c389480,succeeded,2026-07-28T20:12:45.845252+00:00,business,,wind-field,custom,
run-93cd9f4434dd,succeeded,2026-07-28T20:12:45.193557+00:00,business,,wind-field,custom,
run-13253b2f70e1,succeeded,2026-07-28T20:12:44.376882+00:00,business,,wind-field,custom,
run-b7e9d554f96b,failed,2026-07-28T20:12:43.475360+00:00,business,,wind-field,custom,
run-5bd41a9e65c6,succeeded,2026-07-28T20:12:43.351513+00:00,business,,wind-field,custom,
run-48cb7065aff1,succeeded,2026-07-28T20:12:42.560709+00:00,business,,wind-field,analysis,
run-eaaa6b8e0720,succeeded,2026-07-28T20:12:42.443958+00:00,business,,visibility,analysis,
run-60d42c702b7a,succeeded,2026-07-28T20:12:42.293601+00:00,business,,temperature,analysis,
run-dd95dca1e99b,succeeded,2026-07-28T20:12:41.959931+00:00,business,,pressure,analysis,
run-19f27f42b9af,succeeded,2026-07-28T20:12:41.835276+00:00,business,,precipitation,analysis,
run-081d90133b29,succeeded,2026-07-28T20:12:41.635323+00:00,business,,humidity,analysis,
run-1ccb77e009cb,succeeded,2026-07-28T20:12:41.518599+00:00,business,,visibility,analysis,
run-38f6b68d90b0,succeeded,2026-07-28T20:12:41.376868+00:00,business,,humidity,analysis,
run-8a8310fe7ff7,succeeded,2026-07-28T20:12:41.252100+00:00,business,,pressure,analysis,
run-cab280489b07,succeeded,2026-07-28T20:12:41.139089+00:00,business,,precipitation,analysis,
run-6126e0f6456f,succeeded,2026-07-28T20:12:40.852209+00:00,business,,temperature,analysis,
run-02c0bfd1a0bf,succeeded,2026-07-28T20:12:40.068878+00:00,business,,wind-field,analysis,
run-84fcedb5ed17,succeeded,2026-07-28T20:12:38.251667+00:00,business,,lab-output,analysis,
run-79ddea24cc20,succeeded,2026-07-28T17:18:11.263489+00:00,business,,omega-sf-fenkuai,analysis,
run-21016f5763d3,succeeded,2026-07-28T16:09:19.366296+00:00,business,,omega-sf-fenkuai,analysis,
run-b1dd8badf30e,succeeded,2026-07-28T15:32:35.678627+00:00,business,,omega-sf-fenkuai,analysis,
run-9f73b4dd466f,succeeded,2026-07-28T15:32:34.666706+00:00,business,,omega-sf-fenkuai,analysis,
run-bbea9c44276f,succeeded,2026-07-28T15:32:32.972080+00:00,business,,omega-sf-fenkuai,analysis,
run-4fc04d655fdd,cancelled,2026-07-28T15:32:32.734001+00:00,business,,omega-sf-fenkuai,analysis,
run-960edeb5eb98,succeeded,2026-07-28T15:31:48.691157+00:00,business,,omega-sf-fenkuai,analysis,
run-afc9bcffb82b,succeeded,2026-07-28T15:02:51.316308+00:00,business,,omega-sf-fenkuai,analysis,
run-3ed693b3009c,cancelled,2026-07-28T14:59:41.799894+00:00,business,,omega-sf-fenkuai,analysis,
run-2a3ad64122ac,succeeded,2026-07-28T14:41:28.129687+00:00,business,,omega-sf-fenkuai,analysis,
run-50291b9c13f6,failed,2026-07-28T13:40:35.434877+00:00,business,,omega-sf-fenkuai,analysis,
run-32b7e8596095,cancelled,2026-07-28T13:30:45.347344+00:00,business,,omega-sf-fenkuai,analysis,
run-56be7ecfccff,cancelled,2026-07-28T13:30:44.798801+00:00,business,,omega-sf-fenkuai,analysis,
run-be8b0b5af142,cancelled,2026-07-28T13:30:44.012012+00:00,business,,omega-sf-fenkuai,analysis,
run-c89cd5051a5b,cancelled,2026-07-28T13:30:42.630469+00:00,business,,omega-sf-fenkuai,analysis,
run-2a709e471ab5,cancelled,2026-07-28T13:30:41.320716+00:00,business,,omega-sf-fenkuai,analysis,
run-6abbc9d9330f,cancelled,2026-07-28T13:30:40.068824+00:00,business,,omega-sf-fenkuai,analysis,
run-379aa3a3934d,cancelled,2026-07-28T13:30:39.254169+00:00,business,,omega-sf-fenkuai,analysis,
run-924e5c7e93b9,cancelled,2026-07-28T13:30:37.832493+00:00,business,,omega-sf-fenkuai,analysis,
run-8560b06921a5,cancelled,2026-07-28T13:30:30.652323+00:00,business,,omega-sf-fenkuai,analysis,
run-1180f46d9fc8,cancelled,2026-07-28T13:30:17.172340+00:00,business,,omega-sf-fenkuai,analysis,
run-7ced0b722ac1,cancelled,2026-07-28T13:30:04.127617+00:00,business,,omega-sf-fenkuai,analysis,
run-f9f008f9c96c,cancelled,2026-07-28T13:30:03.527735+00:00,business,,omega-sf-fenkuai,analysis,
run-c80e45bc1752,cancelled,2026-07-28T13:30:02.676965+00:00,business,,omega-sf-fenkuai,analysis,
run-dad7f9b56dd7,cancelled,2026-07-28T13:29:59.594855+00:00,business,,omega-sf-fenkuai,analysis,
run-768d073340d8,cancelled,2026-07-28T13:29:59.081081+00:00,business,,omega-sf-fenkuai,analysis,
run-39d856115764,cancelled,2026-07-28T13:29:58.345806+00:00,business,,omega-sf-fenkuai,analysis,
run-8a4ca7ba3261,cancelled,2026-07-28T13:29:44.477998+00:00,business,,omega-sf-fenkuai,analysis,
run-42c3336208ef,cancelled,2026-07-28T13:29:43.943741+00:00,business,,omega-sf-fenkuai,analysis,
run-60268aa1992e,cancelled,2026-07-28T13:29:28.821093+00:00,business,,omega-sf-fenkuai,analysis,
run-1ced43ee481a,cancelled,2026-07-28T13:29:26.689257+00:00,business,,omega-sf-fenkuai,analysis,
run-ec740281a7b5,cancelled,2026-07-28T13:29:24.544225+00:00,business,,omega-sf-fenkuai,analysis,
run-578bf1d0da0d,cancelled,2026-07-28T13:29:22.522040+00:00,business,,omega-sf-fenkuai,analysis,
run-f39db8aa2f6a,cancelled,2026-07-28T13:29:20.085375+00:00,business,,omega-sf-fenkuai,analysis,
run-ffc7171b192a,cancelled,2026-07-28T10:23:23.731101+00:00,business,,omega-sf-fenkuai,analysis,
run-2756a5ce70f8,succeeded,2026-07-28T09:52:52.897342+00:00,business,,omega-sf-fenkuai,analysis,
run-6eff2c11d2c3,succeeded,2026-07-28T09:32:02.880585+00:00,business,,omega-sf-fenkuai,analysis,
run-2e703f99115c,succeeded,2026-07-28T09:02:18.000223+00:00,business,,omega-sf-fenkuai,analysis,
run-a3221876610d,succeeded,2026-07-28T07:55:50.570742+00:00,business,,omega-sf-fenkuai,analysis,
run-ddf07092b647,failed,2026-07-28T07:12:31.732583+00:00,business,,omega-sf-fenkuai,analysis,
run-cd8710d6d70b,failed,2026-07-28T06:49:09.547751+00:00,business,,omega-sf-fenkuai,analysis,
run-50d45532852d,failed,2026-07-28T06:33:00.973310+00:00,business,,omega-sf-fenkuai,analysis,
run-f7161e36eb6c,failed,2026-07-28T05:50:54.168743+00:00,business,,omega-sf-fenkuai,analysis,
run-16218575d319,cancelled,2026-07-28T05:28:57.018120+00:00,business,,omega-sf-fenkuai,analysis,
run-87304b57e714,cancelled,2026-07-28T05:28:56.269056+00:00,business,,omega-sf-fenkuai,analysis,
run-5521e4b4b451,cancelled,2026-07-28T05:28:51.836631+00:00,business,,omega-sf-fenkuai,analysis,
run-5df8e9934423,cancelled,2026-07-28T05:28:51.073575+00:00,business,,omega-sf-fenkuai,analysis,
run-406e0c582db3,cancelled,2026-07-28T05:28:50.055167+00:00,business,,omega-sf-fenkuai,analysis,
run-42f1b505def7,cancelled,2026-07-28T05:28:48.861271+00:00,business,,omega-sf-fenkuai,analysis,
run-18aeadb0e0df,cancelled,2026-07-28T05:28:48.179495+00:00,business,,omega-sf-fenkuai,analysis,
run-3e2fa8c585c9,succeeded,2026-07-28T05:20:29.040328+00:00,business,,omega-sf-fenkuai,analysis,
run-edbad8cf77f9,succeeded,2026-07-28T03:40:21.136724+00:00,business,,omega-sf-fenkuai,analysis,
run-8dc8a9a1f23e,cancelled,2026-07-28T03:39:02.858564+00:00,business,,omega-sf-fenkuai,analysis,
run-a008873c09cf,succeeded,2026-07-28T03:31:42.392524+00:00,business,,omega-sf-fenkuai,analysis,
run-b6499ac4fa10,succeeded,2026-07-28T03:11:22.805910+00:00,business,,omega-sf-fenkuai,analysis,
run-17bf320b7a36,failed,2026-07-28T02:33:29.092192+00:00,business,,omega-sf-fenkuai,analysis,
run-e8343a3c9736,failed,2026-07-28T02:33:29.092192+00:00,business,,omega-sf-fenkuai,analysis,
run-4db1cbf8a023,cancelled,2026-07-28T02:21:10.852842+00:00,business,,omega-sf-fenkuai,analysis,
run-e8e6d6b73085,cancelled,2026-07-28T02:09:45.281523+00:00,business,,omega-sf-fenkuai,analysis,
run-d5cc6caed45a,cancelled,2026-07-28T02:09:23.233238+00:00,business,,omega-sf-fenkuai,analysis,
run-75788f0d9414,cancelled,2026-07-27T18:53:09.130955+00:00,business,,omega-sf-fenkuai,analysis,
run-80a6605f744a,cancelled,2026-07-27T18:38:39.970207+00:00,business,,omega-sf-fenkuai,analysis,
run-8f97b1944886,failed,2026-07-27T18:26:34.514655+00:00,business,,omega-sf-fenkuai,analysis,
run-934f0c6c94a8,failed,2026-07-27T18:01:50.224281+00:00,business,,omega-sf-fenkuai,analysis,
run-923ab1319388,failed,2026-07-27T15:26:11.867933+00:00,business,,,analysis,
run-3f263e3727c9,failed,2026-07-27T15:25:29.938643+00:00,business,,,analysis,
run-cdbccb26d079,failed,2026-07-27T14:18:00.493458+00:00,business,,,analysis,
run-58ff6f25033b,failed,2026-07-27T14:15:43.054310+00:00,business,,omega-sf-fenkuai,analysis,
run-87ec909cf03e,failed,2026-07-27T14:12:59.348503+00:00,business,,omega-sf-fenkuai,analysis,
run-6aee0144ba17,failed,2026-07-27T12:14:06.378508+00:00,business,,omega-sf-fenkuai,analysis,
run-82a8be5571e9,failed,2026-07-27T10:26:15.229533+00:00,business,,omega-sf-fenkuai,analysis,
run-4b7d0e93a7e3,failed,2026-07-27T10:08:19.915295+00:00,business,,omega-sf-fenkuai,analysis,
run-b73c95be5e1d,failed,2026-07-27T10:07:04.033446+00:00,business,,omega-sf-fenkuai,analysis,
run-bae226a889fe,failed,2026-07-27T09:47:34.011092+00:00,business,,omega-sf-fenkuai,analysis,
run-998e96d09518,failed,2026-07-27T09:10:33.688625+00:00,business,,omega-sf-fenkuai,analysis,
run-6479beba4042,failed,2026-07-27T09:08:50.131120+00:00,business,,omega-sf-fenkuai,analysis,
run-4b0272c58e9c,failed,2026-07-27T08:49:27.706302+00:00,business,,omega-sf-fenkuai,analysis,
run-6f56cf2e8526,failed,2026-07-27T08:49:16.353162+00:00,business,,omega-sf-fenkuai,analysis,
run-2dee1da6c7d3,failed,2026-07-27T08:26:21.856891+00:00,business,,omega-sf-fenkuai,analysis,
run-f81aa6b54a23,failed,2026-07-27T08:13:11.903814+00:00,business,,omega-sf-fenkuai,analysis,
run-8858b2c94aca,failed,2026-07-27T07:53:34.550295+00:00,business,,omega-sf-fenkuai,analysis,
run-0ae361fac46a,failed,2026-07-27T07:30:26.090095+00:00,business,,omega-sf-fenkuai,analysis,
run-3e3cc1dcc36c,cancelled,2026-07-27T07:23:20.705810+00:00,business,,omega-sf-fenkuai,analysis,
run-f32436051de9,cancelled,2026-07-27T07:12:59.463425+00:00,business,,omega-sf-fenkuai,analysis,
run-8cba24bf2cd0,cancelled,2026-07-27T07:09:29.432727+00:00,business,,omega-sf-fenkuai,analysis,
run-17a3160bd7ba,cancelled,2026-07-27T07:09:27.207548+00:00,business,,omega-sf-fenkuai,analysis,
run-1e8ad5bf4a3a,failed,2026-07-27T06:36:07.865938+00:00,business,,omega-sf-fenkuai,analysis,
run-70e8cd5615ce,failed,2026-07-27T06:18:14.338535+00:00,business,,omega-sf-fenkuai,analysis,
run-d93b7b0407c0,failed,2026-07-27T06:04:27.625605+00:00,business,,omega-sf-fenkuai,analysis,
run-3175fc2f4b38,failed,2026-07-27T05:53:05.911406+00:00,business,,omega-sf-fenkuai,analysis,
run-4772875dcb38,failed,2026-07-27T05:48:32.325982+00:00,business,,omega-sf-fenkuai,analysis,
run-e80f63e2c22d,failed,2026-07-27T05:30:48.491396+00:00,business,,omega-sf-fenkuai,analysis,
run-b1fc2a2d42f6,failed,2026-07-27T05:02:03.927111+00:00,business,,omega-sf-fenkuai,analysis,
run-40a8e0c9a87e,failed,2026-07-27T04:54:23.179536+00:00,business,,omega-sf-fenkuai,analysis,
run-dcd443e8cc38,failed,2026-07-26T12:31:39.685921+00:00,business,,omega-sf-fenkuai,analysis,
run-441bfdb2bc00,failed,2026-07-26T12:10:58.015315+00:00,business,,omega-sf-fenkuai,analysis,
run-7b243a965615,failed,2026-07-26T11:47:17.183610+00:00,business,,omega-sf-fenkuai,analysis,
run-5d4504256761,failed,2026-07-26T11:44:53.013481+00:00,business,,omega-sf-fenkuai,analysis,
run-0877a4fd9f68,failed,2026-07-26T11:42:01.615012+00:00,business,,,,
run-c395b21534ce,failed,2026-07-26T11:41:57.273800+00:00,business,,,,
run-88b54bfc75ea,failed,2026-07-26T11:41:53.271460+00:00,business,,,,
run-aa2bdad3ce04,failed,2026-07-26T11:41:49.200060+00:00,business,,,,
run-7d509dd38013,failed,2026-07-26T11:41:45.335234+00:00,business,,,,
run-32a9c1d4e40e,failed,2026-07-26T11:41:41.074464+00:00,business,,,,
run-8bbc1b9d49e4,failed,2026-07-26T11:41:36.592011+00:00,business,,,,
run-6cae690d3992,failed,2026-07-26T11:41:32.249408+00:00,business,,,,
run-0ac7e6161a73,failed,2026-07-26T09:03:00.094294+00:00,business,,,,
run-611cc06a0da1,failed,2026-07-26T09:02:59.270849+00:00,business,,,,
run-999103da3975,failed,2026-07-26T09:02:58.544444+00:00,business,,,,
run-3552f862c55d,failed,2026-07-26T09:02:58.133077+00:00,business,,,,
run-edeb60235844,failed,2026-07-26T09:02:57.672600+00:00,business,,,,
run-0f42cf88ac3c,failed,2026-07-26T09:02:52.632918+00:00,business,,,,
run-e9cfa7d4a3e0,succeeded,2026-07-26T09:02:51.638206+00:00,business,,,,
run-c25c93a18e7f,failed,2026-07-26T09:01:07.982200+00:00,business,,,,
run-3043d4350114,failed,2026-07-26T09:01:07.583820+00:00,business,,,,
run-5208ca3412b0,failed,2026-07-26T09:01:06.947191+00:00,business,,,,
run-abfe359489ea,failed,2026-07-26T09:01:06.723573+00:00,business,,,,
run-1f8af3f7cca7,failed,2026-07-26T09:01:06.587362+00:00,business,,,,
run-c7410c9a7de0,failed,2026-07-26T09:01:01.714330+00:00,business,,,,
run-332d01a676b6,succeeded,2026-07-26T09:01:00.122541+00:00,business,,,,
run-8bde38c3de75,failed,2026-07-26T08:54:50.612596+00:00,business,,,,
run-9ef8c94cd6cb,failed,2026-07-26T08:54:49.678051+00:00,business,,,,
run-3429d3b9a0e3,failed,2026-07-26T08:54:49.651374+00:00,business,,,,
run-6d9db8862b7a,failed,2026-07-26T08:54:49.602927+00:00,business,,,,
run-e2318adc07f4,failed,2026-07-26T08:54:49.514282+00:00,business,,,,
run-df23c7984232,failed,2026-07-26T08:54:43.542703+00:00,business,,,,
run-342b2c7aaf71,succeeded,2026-07-26T08:54:42.354167+00:00,business,,,,
run-82045fe164c7,failed,2026-07-26T08:52:52.223328+00:00,business,,,,
run-998e9baed648,failed,2026-07-26T08:52:51.116246+00:00,business,,,,
run-42e8bf5c2a20,failed,2026-07-26T08:52:50.569475+00:00,business,,,,
run-85f00143d4c2,failed,2026-07-26T08:52:49.850792+00:00,business,,,,
run-8062a3fda70b,failed,2026-07-26T08:52:49.553454+00:00,business,,,,
run-0493d2389d0b,failed,2026-07-26T08:52:45.005092+00:00,business,,,,
run-62ce27104548,succeeded,2026-07-26T08:52:44.809019+00:00,business,,,,
run-9dea63266cc5,failed,2026-07-26T08:36:54.896804+00:00,business,,omega-sf-fenkuai,analysis,
run-2126f95b8b8f,succeeded,2026-07-26T08:34:54.066278+00:00,business,,omega-sf-fenkuai,analysis,
run-3188b6d3ba08,succeeded,2026-07-26T08:23:29.657484+00:00,business,,,,
run-5903a6833045,failed,2026-07-26T07:58:27.430901+00:00,business,,,,
run-ae3be01daf8c,cancelled,2026-07-26T03:26:52.920880+00:00,business,,omega-sf-fenkuai,analysis,
run-9507399ae51d,cancelled,2026-07-26T03:01:31.628971+00:00,business,,omega-sf-fenkuai,analysis,
run-9ad03149afe9,cancelled,2026-07-26T02:53:38.912185+00:00,business,,omega-sf-fenkuai,analysis,
run-fc820b312270,cancelled,2026-07-26T02:48:43.296261+00:00,business,,omega-sf-fenkuai,analysis,
run-16daabf0276a,succeeded,2026-07-25T17:34:20.454733+00:00,business,,omega-sf-fenkuai,analysis,
run-6ceaa30ae640,failed,2026-07-25T16:38:42.802321+00:00,business,,omega-sf-fenkuai,analysis,
run-7aae48089931,failed,2026-07-25T16:38:42.802321+00:00,business,,omega-sf-fenkuai,analysis,
run-9ad63e46fdd4,failed,2026-07-25T16:35:23.743043+00:00,business,,,,
run-23234ffb322d,cancelled,2026-07-25T16:12:18.903892+00:00,business,,omega-sf-fenkuai,analysis,
run-753de936cb53,cancelled,2026-07-25T16:08:30.198476+00:00,business,,omega-sf-fenkuai,analysis,
run-0a5164adbeeb,failed,2026-07-25T15:49:24.141118+00:00,business,,,,
run-50d5cf8c6538,failed,2026-07-25T11:24:22.770905+00:00,business,,omega-avg-daily,analysis,
run-5291f36124dd,failed,2026-07-25T11:11:59.387834+00:00,business,,omega-avg-daily,analysis,
run-403aacd9e3a0,failed,2026-07-25T03:55:38.276711+00:00,business,,omega-avg-daily,analysis,
